"id;""pesid"";""data_inversa"";""dia_semana"";""horario"";""uf"";""br"";""km"";""municipio"";""causa_principal"";""causa_acidente"";""ordem_tipo_acidente"";""tipo_acidente"";""classificacao_acidente"";""fase_dia"";""sentido_via"";""condicao_metereologica"";""tipo_pista"";""tracado_via"";""uso_solo"";""id_veiculo"";""tipo_veiculo"";""marca"";""ano_fabricacao_veiculo"";""tipo_envolvido"";""estado_fisico"";""idade"";""sexo"";""ilesos"";""feridos_leves"";""feridos_graves"";""mortos"";""latitude"";""longitude"";""regional"";""delegacia"";""uop""",,,
"260096;580505;2020-01-01;""quarta"";""08:10:00"";""CE"";116;26","6;""AQUIRAZ"";""Não"";""Velocidade Incompatível"";2;""Colisão com objeto estático"";""Com Vítimas Feridas"";""Pleno dia"";""Decrescente"";""Chuva"";""Dupla"";""Não Informado"";""Não"";464253;""Automóvel"";""HONDA/FIT LXL FLEX"";2010;""Condutor"";""Lesões Leves"";23;""Masculino"";0;1;0;0;-3",9827375;-38,"51451302;""SR-CE"";""DEL16/1"";""UOP02/CE"""
"260096;580519;2020-01-01;""quarta"";""08:10:00"";""CE"";116;26","6;""AQUIRAZ"";""Não"";""Velocidade Incompatível"";2;""Colisão com objeto estático"";""Com Vítimas Feridas"";""Pleno dia"";""Decrescente"";""Chuva"";""Dupla"";""Não Informado"";""Não"";464253;""Automóvel"";""HONDA/FIT LXL FLEX"";2010;""Passageiro"";""Lesões Leves"";22;""Masculino"";0;1;0;0;-3",9827375;-38,"51451302;""SR-CE"";""DEL16/1"";""UOP02/CE"""
"260096;580505;2020-01-01;""quarta"";""08:10:00"";""CE"";116;26","6;""AQUIRAZ"";""Não"";""Velocidade Incompatível"";1;""Saída de leito carroçável"";""Com Vítimas Feridas"";""Pleno dia"";""Decrescente"";""Chuva"";""Dupla"";""Não Informado"";""Não"";464253;""Automóvel"";""HONDA/FIT LXL FLEX"";2010;""Condutor"";""Lesões Leves"";23;""Masculino"";0;1;0;0;-3",9827375;-38,"51451302;""SR-CE"";""DEL16/1"";""UOP02/CE"""
"260096;580519;2020-01-01;""quarta"";""08:10:00"";""CE"";116;26","6;""AQUIRAZ"";""Não"";""Velocidade Incompatível"";1;""Saída de leito carroçável"";""Com Vítimas Feridas"";""Pleno dia"";""Decrescente"";""Chuva"";""Dupla"";""Não Informado"";""Não"";464253;""Automóvel"";""HONDA/FIT LXL FLEX"";2010;""Passageiro"";""Lesões Leves"";22;""Masculino"";0;1;0;0;-3",9827375;-38,"51451302;""SR-CE"";""DEL16/1"";""UOP02/CE"""
"260098;580687;2020-01-01;""quarta"";""07:40:00"";""GO"";153;499","5;""GOIANIA"";""Sim"";""Ingestão de Álcool"";1;""Colisão com objeto estático"";""Sem Vítimas"";""Pleno dia"";""Decrescente"";""Céu Claro"";""Dupla"";""Reta"";""Não"";464192;""Automóvel"";""PEUGEOT/206 14 PRESENC"";2004;""Condutor"";""Ileso"";26;""Masculino"";1;0;0;0;-16",7033;-49,"2311;""SR-GO"";""DEL1/1"";""UOP01/GO"""
"260099;579350;2020-01-01;""quarta"";""07:20:00"";""RJ"";116;173;""BELFORD ROXO"";""Sim"";""Ingestão de Álcool"";1;""Colisão com objeto estático"";""Sem Vítimas"";""Pleno dia"";""Crescente"";""Céu Claro"";""Dupla"";""Reta"";""Sim"";464185;""Automóvel"";""HONDA/CIVIC LXS FLEX"";2007;""Condutor"";""Ileso"";30;""Masculino"";1;0;0;0;-22",77521866;-43,"39978695;""SR-RJ"";""DEL5/1"";""UOP02/RJ""",
"260100;580462;2020-01-01;""quarta"";""06:30:00"";""RO"";364;331;""JI-PARANA"";""Sim"";""Falta de Atenção à Condução"";1;""Tombamento"";""Com Vítimas Feridas"";""Pleno dia"";""Crescente"";""Nublado"";""Simples"";""Reta"";""Não"";464172;""Motoneta"";""HONDA/BIZ 125 ES"";2008;""Condutor"";""Lesões Graves"";25;""Feminino"";0;0;1;0;-10",95469871;-61,"91979918;""SR-RO"";""DEL21/2"";""UOP01/RO""",
"260100;580462;2020-01-01;""quarta"";""06:30:00"";""RO"";364;331;""JI-PARANA"";""Sim"";""Falta de Atenção à Condução"";2;""Queda de ocupante de veículo"";""Com Vítimas Feridas"";""Pleno dia"";""Crescente"";""Nublado"";""Simples"";""Reta"";""Não"";464172;""Motoneta"";""HONDA/BIZ 125 ES"";2008;""Condutor"";""Lesões Graves"";25;""Feminino"";0;0;1;0;-10",95469871;-61,"91979918;""SR-RO"";""DEL21/2"";""UOP01/RO""",
"260100;580462;2020-01-01;""quarta"";""06:30:00"";""RO"";364;331;""JI-PARANA"";""Não"";""Velocidade Incompatível"";1;""Tombamento"";""Com Vítimas Feridas"";""Pleno dia"";""Crescente"";""Nublado"";""Simples"";""Reta"";""Não"";464172;""Motoneta"";""HONDA/BIZ 125 ES"";2008;""Condutor"";""Lesões Graves"";25;""Feminino"";0;0;1;0;-10",95469871;-61,"91979918;""SR-RO"";""DEL21/2"";""UOP01/RO""",
"260100;580462;2020-01-01;""quarta"";""06:30:00"";""RO"";364;331;""JI-PARANA"";""Não"";""Velocidade Incompatível"";2;""Queda de ocupante de veículo"";""Com Vítimas Feridas"";""Pleno dia"";""Crescente"";""Nublado"";""Simples"";""Reta"";""Não"";464172;""Motoneta"";""HONDA/BIZ 125 ES"";2008;""Condutor"";""Lesões Graves"";25;""Feminino"";0;0;1;0;-10",95469871;-61,"91979918;""SR-RO"";""DEL21/2"";""UOP01/RO""",
"260101;578567;2020-01-01;""quarta"";""08:40:00"";""MG"";381;489","1;""BETIM"";""Sim"";""Velocidade Incompatível"";1;""Colisão com objeto estático"";""Com Vítimas Feridas"";""Pleno dia"";""Crescente"";""Sol"";""Dupla"";""Reta"";""Sim"";464183;""Automóvel"";""VW/VOYAGE CL"";1993;""Condutor"";""Lesões Leves"";19;""Masculino"";0;1;0;0;-19",96245618;-44,"16455495;""SR-MG"";""DEL4/1"";""UOP03/MG"""
"260101;578567;2020-01-01;""quarta"";""08:40:00"";""MG"";381;489","1;""BETIM"";""Sim"";""Velocidade Incompatível"";2;""Capotamento"";""Com Vítimas Feridas"";""Pleno dia"";""Crescente"";""Sol"";""Dupla"";""Reta"";""Sim"";464183;""Automóvel"";""VW/VOYAGE CL"";1993;""Condutor"";""Lesões Leves"";19;""Masculino"";0;1;0;0;-19",96245618;-44,"16455495;""SR-MG"";""DEL4/1"";""UOP03/MG"""
"260103;578985;2020-01-01;""quarta"";""08:15:00"";""GO"";40;88","7;""CRISTALINA"";""Não"";""Velocidade Incompatível"";1;""Saída de leito carroçável"";""Com Vítimas Feridas"";""Pleno dia"";""Decrescente"";""Nublado"";""Simples"";""Rotatória"";""Não"";464197;""Caminhonete"";""VW/SAVEIRO CE CROSS MA"";2015;""Passageiro"";""Lesões Leves"";20;""Masculino"";0;1;0;0;-16",716902;-47,"660862;""SR-DF"";""UOP02/DF"";"""""
"260103;578983;2020-01-01;""quarta"";""08:15:00"";""GO"";40;88","7;""CRISTALINA"";""Não"";""Velocidade Incompatível"";1;""Saída de leito carroçável"";""Com Vítimas Feridas"";""Pleno dia"";""Decrescente"";""Nublado"";""Simples"";""Rotatória"";""Não"";464197;""Caminhonete"";""VW/SAVEIRO CE CROSS MA"";2015;""Condutor"";""Lesões Leves"";32;""Masculino"";0;1;0;0;-16",716902;-47,"660862;""SR-DF"";""UOP02/DF"";"""""
"260103;578985;2020-01-01;""quarta"";""08:15:00"";""GO"";40;88","7;""CRISTALINA"";""Não"";""Velocidade Incompatível"";2;""Capotamento"";""Com Vítimas Feridas"";""Pleno dia"";""Decrescente"";""Nublado"";""Simples"";""Rotatória"";""Não"";464197;""Caminhonete"";""VW/SAVEIRO CE CROSS MA"";2015;""Passageiro"";""Lesões Leves"";20;""Masculino"";0;1;0;0;-16",716902;-47,"660862;""SR-DF"";""UOP02/DF"";"""""
"260103;578983;2020-01-01;""quarta"";""08:15:00"";""GO"";40;88","7;""CRISTALINA"";""Não"";""Velocidade Incompatível"";2;""Capotamento"";""Com Vítimas Feridas"";""Pleno dia"";""Decrescente"";""Nublado"";""Simples"";""Rotatória"";""Não"";464197;""Caminhonete"";""VW/SAVEIRO CE CROSS MA"";2015;""Condutor"";""Lesões Leves"";32;""Masculino"";0;1;0;0;-16",716902;-47,"660862;""SR-DF"";""UOP02/DF"";"""""
"260103;578985;2020-01-01;""quarta"";""08:15:00"";""GO"";40;88","7;""CRISTALINA"";""Sim"";""Falta de Atenção à Condução"";1;""Saída de leito carroçável"";""Com Vítimas Feridas"";""Pleno dia"";""Decrescente"";""Nublado"";""Simples"";""Rotatória"";""Não"";464197;""Caminhonete"";""VW/SAVEIRO CE CROSS MA"";2015;""Passageiro"";""Lesões Leves"";20;""Masculino"";0;1;0;0;-16",716902;-47,"660862;""SR-DF"";""UOP02/DF"";"""""
"260103;578983;2020-01-01;""quarta"";""08:15:00"";""GO"";40;88","7;""CRISTALINA"";""Sim"";""Falta de Atenção à Condução"";1;""Saída de leito carroçável"";""Com Vítimas Feridas"";""Pleno dia"";""Decrescente"";""Nublado"";""Simples"";""Rotatória"";""Não"";464197;""Caminhonete"";""VW/SAVEIRO CE CROSS MA"";2015;""Condutor"";""Lesões Leves"";32;""Masculino"";0;1;0;0;-16",716902;-47,"660862;""SR-DF"";""UOP02/DF"";"""""
"260103;578985;2020-01-01;""quarta"";""08:15:00"";""GO"";40;88","7;""CRISTALINA"";""Sim"";""Falta de Atenção à Condução"";2;""Capotamento"";""Com Vítimas Feridas"";""Pleno dia"";""Decrescente"";""Nublado"";""Simples"";""Rotatória"";""Não"";464197;""Caminhonete"";""VW/SAVEIRO CE CROSS MA"";2015;""Passageiro"";""Lesões Leves"";20;""Masculino"";0;1;0;0;-16",716902;-47,"660862;""SR-DF"";""UOP02/DF"";"""""
"260103;578983;2020-01-01;""quarta"";""08:15:00"";""GO"";40;88","7;""CRISTALINA"";""Sim"";""Falta de Atenção à Condução"";2;""Capotamento"";""Com Vítimas Feridas"";""Pleno dia"";""Decrescente"";""Nublado"";""Simples"";""Rotatória"";""Não"";464197;""Caminhonete"";""VW/SAVEIRO CE CROSS MA"";2015;""Condutor"";""Lesões Leves"";32;""Masculino"";0;1;0;0;-16",716902;-47,"660862;""SR-DF"";""UOP02/DF"";"""""
"260105;578616;2020-01-01;""quarta"";""08:00:00"";""RS"";470;329","4;""TRIUNFO"";""Sim"";""Velocidade Incompatível"";1;""Saída de leito carroçável"";""Com Vítimas Feridas"";""Pleno dia"";""Crescente"";""Nublado"";""Simples"";""Não Informado"";""Não"";464210;""Motocicleta"";""HONDA/CB 300R"";2009;""Passageiro"";""Lesões Graves"";22;""Masculino"";0;0;1;0;-29",833622;-51,"68580892;""SR-RS"";""DEL9/4"";""UOP02/RS"""
"260105;578606;2020-01-01;""quarta"";""08:00:00"";""RS"";470;329","4;""TRIUNFO"";""Sim"";""Velocidade Incompatível"";1;""Saída de leito carroçável"";""Com Vítimas Feridas"";""Pleno dia"";""Crescente"";""Nublado"";""Simples"";""Não Informado"";""Não"";464210;""Motocicleta"";""HONDA/CB 300R"";2009;""Condutor"";""Lesões Graves"";23;""Masculino"";0;0;1;0;-29",833622;-51,"68580892;""SR-RS"";""DEL9/4"";""UOP02/RS"""
"260107;578556;2020-01-01;""quarta"";""09:05:00"";""PR"";153;42","9;""SANTO ANTONIO DA PLATINA"";""Sim"";""Avarias e/ou desgaste excessivo no pneu"";1;""Queda de ocupante de veículo"";""Com Vítimas Feridas"";""Pleno dia"";""Crescente"";""Céu Claro"";""Dupla"";""Reta"";""Sim"";464187;""Motocicleta"";""HONDA/CG 150 TITAN KS"";2008;""Condutor"";""Lesões Leves"";33;""Masculino"";0;1;0;0;-23",29512144;-50,"06578041;""SR-PR"";""DEL7/7"";""UOP07/PR"""
"260108;578811;2020-01-01;""quarta"";""05:30:00"";""MG"";459;94","8;""POUSO ALEGRE"";""Não"";""Não guardar distância de segurança"";1;""Colisão traseira"";""Com Vítimas Feridas"";""Amanhecer"";""Crescente"";""Nublado"";""Simples"";""Reta"";""Não"";464332;""Automóvel"";"""";NA;""Condutor"";""Ileso"";NA;""Ignorado"";1;0;0;0;-22",184677;-45,"988678;""SR-MG"";""DEL09"";""UOP04/MG"""
"260108;578658;2020-01-01;""quarta"";""05:30:00"";""MG"";459;94","8;""POUSO ALEGRE"";""Não"";""Não guardar distância de segurança"";1;""Colisão traseira"";""Com Vítimas Feridas"";""Amanhecer"";""Crescente"";""Nublado"";""Simples"";""Reta"";""Não"";464225;""Automóvel"";""I/CHEVROLET AGILE LT"";2011;""Condutor"";""Lesões Leves"";43;""Masculino"";0;1;0;0;-22",184677;-45,"988678;""SR-MG"";""DEL09"";""UOP04/MG"""
"260108;578811;2020-01-01;""quarta"";""05:30:00"";""MG"";459;94","8;""POUSO ALEGRE"";""Não"";""Não guardar distância de segurança"";2;""Colisão com objeto estático"";""Com Vítimas Feridas"";""Amanhecer"";""Crescente"";""Nublado"";""Simples"";""Reta"";""Não"";464332;""Automóvel"";"""";NA;""Condutor"";""Ileso"";NA;""Ignorado"";1;0;0;0;-22",184677;-45,"988678;""SR-MG"";""DEL09"";""UOP04/MG"""
"260108;578658;2020-01-01;""quarta"";""05:30:00"";""MG"";459;94","8;""POUSO ALEGRE"";""Não"";""Não guardar distância de segurança"";2;""Colisão com objeto estático"";""Com Vítimas Feridas"";""Amanhecer"";""Crescente"";""Nublado"";""Simples"";""Reta"";""Não"";464225;""Automóvel"";""I/CHEVROLET AGILE LT"";2011;""Condutor"";""Lesões Leves"";43;""Masculino"";0;1;0;0;-22",184677;-45,"988678;""SR-MG"";""DEL09"";""UOP04/MG"""
"260108;578811;2020-01-01;""quarta"";""05:30:00"";""MG"";459;94","8;""POUSO ALEGRE"";""Sim"";""Velocidade Incompatível"";1;""Colisão traseira"";""Com Vítimas Feridas"";""Amanhecer"";""Crescente"";""Nublado"";""Simples"";""Reta"";""Não"";464332;""Automóvel"";"""";NA;""Condutor"";""Ileso"";NA;""Ignorado"";1;0;0;0;-22",184677;-45,"988678;""SR-MG"";""DEL09"";""UOP04/MG"""
"260108;578658;2020-01-01;""quarta"";""05:30:00"";""MG"";459;94","8;""POUSO ALEGRE"";""Sim"";""Velocidade Incompatível"";1;""Colisão traseira"";""Com Vítimas Feridas"";""Amanhecer"";""Crescente"";""Nublado"";""Simples"";""Reta"";""Não"";464225;""Automóvel"";""I/CHEVROLET AGILE LT"";2011;""Condutor"";""Lesões Leves"";43;""Masculino"";0;1;0;0;-22",184677;-45,"988678;""SR-MG"";""DEL09"";""UOP04/MG"""
"260108;578811;2020-01-01;""quarta"";""05:30:00"";""MG"";459;94","8;""POUSO ALEGRE"";""Sim"";""Velocidade Incompatível"";2;""Colisão com objeto estático"";""Com Vítimas Feridas"";""Amanhecer"";""Crescente"";""Nublado"";""Simples"";""Reta"";""Não"";464332;""Automóvel"";"""";NA;""Condutor"";""Ileso"";NA;""Ignorado"";1;0;0;0;-22",184677;-45,"988678;""SR-MG"";""DEL09"";""UOP04/MG"""
"260108;578658;2020-01-01;""quarta"";""05:30:00"";""MG"";459;94","8;""POUSO ALEGRE"";""Sim"";""Velocidade Incompatível"";2;""Colisão com objeto estático"";""Com Vítimas Feridas"";""Amanhecer"";""Crescente"";""Nublado"";""Simples"";""Reta"";""Não"";464225;""Automóvel"";""I/CHEVROLET AGILE LT"";2011;""Condutor"";""Lesões Leves"";43;""Masculino"";0;1;0;0;-22",184677;-45,"988678;""SR-MG"";""DEL09"";""UOP04/MG"""
"260110;578590;2020-01-01;""quarta"";""09:20:00"";""PR"";277;31;""MORRETES"";""Sim"";""Falta de Atenção à Condução"";1;""Queda de ocupante de veículo"";""Com Vítimas Feridas"";""Pleno dia"";""Decrescente"";""Sol"";""Dupla"";""Desvio Temporário"";""Não"";464204;""Motocicleta"";""YAMAHA/YZF R3 ABS"";2019;""Condutor"";""Lesões Leves"";23;""Masculino"";0;1;0;0;-25",52874613;-48,"73512603;""SR-PR"";""DEL7/1"";""UOP07/PR""",
"260112;579515;2020-01-01;""quarta"";""05:30:00"";""MT"";163;1061;""GUARANTA DO NORTE"";""Sim"";""Desobediência às normas de trânsito pelo condutor"";1;""Colisão transversal"";""Com Vítimas Feridas"";""Amanhecer"";""Crescente"";""Chuva"";""Simples"";""Reta"";""Não"";464252;""Automóvel"";""VW/GOL 1000"";1994;""Condutor"";""Não Informado"";NA;""Não Informado"";0;0;0;0;-9",99815903;-54,"90723858;""SR-MT"";""DEL2/6"";""UOP02/MT""",
"260112;579514;2020-01-01;""quarta"";""05:30:00"";""MT"";163;1061;""GUARANTA DO NORTE"";""Sim"";""Desobediência às normas de trânsito pelo condutor"";1;""Colisão transversal"";""Com Vítimas Feridas"";""Amanhecer"";""Crescente"";""Chuva"";""Simples"";""Reta"";""Não"";464251;""Motocicleta"";""HONDA/CG 125 FAN"";2007;""Passageiro"";""Lesões Leves"";21;""Masculino"";0;1;0;0;-9",99815903;-54,"90723858;""SR-MT"";""DEL2/6"";""UOP02/MT""",
"260112;579513;2020-01-01;""quarta"";""05:30:00"";""MT"";163;1061;""GUARANTA DO NORTE"";""Sim"";""Desobediência às normas de trânsito pelo condutor"";1;""Colisão transversal"";""Com Vítimas Feridas"";""Amanhecer"";""Crescente"";""Chuva"";""Simples"";""Reta"";""Não"";464251;""Motocicleta"";""HONDA/CG 125 FAN"";2007;""Condutor"";""Lesões Graves"";24;""Masculino"";0;0;1;0;-9",99815903;-54,"90723858;""SR-MT"";""DEL2/6"";""UOP02/MT""",
"260113;578970;2020-01-01;""quarta"";""07:30:00"";""RO"";364;716;""PORTO VELHO"";""Sim"";""Avarias e/ou desgaste excessivo no pneu"";1;""Tombamento"";""Com Vítimas Feridas"";""Pleno dia"";""Crescente"";""Garoa/Chuvisco"";""Dupla"";""Reta"";""Não"";464247;""Motocicleta"";""HONDA/CG150 FAN ESDI"";2013;""Condutor"";""Lesões Graves"";28;""Masculino"";0;0;1;0;-8",78573785;-63,"89817015;""SR-RO"";""DEL21/1"";""UOP01/RO""",
"260114;578848;2020-01-01;""quarta"";""10:05:00"";""DF"";40;2;""BRASILIA"";""Sim"";""Condutor Dormindo"";1;""Saída de leito carroçável"";""Com Vítimas Feridas"";""Pleno dia"";""Crescente"";""Céu Claro"";""Dupla"";""Reta"";""Sim"";464381;""Motocicleta"";""HONDA/CG 160 FAN ESDI"";2015;""Condutor"";""Lesões Leves"";43;""Feminino"";0;1;0;0;-15",99435;-47,"985947;""SR-DF"";""UOP01/DF"";""""",
"260114;578848;2020-01-01;""quarta"";""10:05:00"";""DF"";40;2;""BRASILIA"";""Sim"";""Condutor Dormindo"";2;""Queda de ocupante de veículo"";""Com Vítimas Feridas"";""Pleno dia"";""Crescente"";""Céu Claro"";""Dupla"";""Reta"";""Sim"";464381;""Motocicleta"";""HONDA/CG 160 FAN ESDI"";2015;""Condutor"";""Lesões Leves"";43;""Feminino"";0;1;0;0;-15",99435;-47,"985947;""SR-DF"";""UOP01/DF"";""""",
"260115;578692;2020-01-01;""quarta"";""09:50:00"";""MG"";40;714","9;""BARBACENA"";""Sim"";""Velocidade Incompatível"";2;""Queda de ocupante de veículo"";""Com Vítimas Feridas"";""Pleno dia"";""Decrescente"";""Céu Claro"";""Dupla"";""Reta"";""Não"";464265;""Motocicleta"";""HONDA/CG 150 TITAN ESD"";2007;""Condutor"";""Lesões Leves"";24;""Masculino"";0;1;0;0;-21",24829882;-43,"67987366;""SR-MG"";""DEL5"";""UOP01/MG"""
"260115;578692;2020-01-01;""quarta"";""09:50:00"";""MG"";40;714","9;""BARBACENA"";""Sim"";""Velocidade Incompatível"";1;""Saída de leito carroçável"";""Com Vítimas Feridas"";""Pleno dia"";""Decrescente"";""Céu Claro"";""Dupla"";""Reta"";""Não"";464265;""Motocicleta"";""HONDA/CG 150 TITAN ESD"";2007;""Condutor"";""Lesões Leves"";24;""Masculino"";0;1;0;0;-21",24829882;-43,"67987366;""SR-MG"";""DEL5"";""UOP01/MG"""
"260116;578657;2020-01-01;""quarta"";""10:08:00"";""SP"";116;71;""APARECIDA"";""Não"";""Falta de Atenção à Condução"";1;""Colisão traseira"";""Com Vítimas Feridas"";""Pleno dia"";""Crescente"";""Sol"";""Dupla"";""Reta"";""Sim"";464201;""Caminhão"";""VW/24.280 CRM 6X2"";2015;""Condutor"";""Ileso"";57;""Masculino"";1;0;0;0;-22",85651665;-45,"23114328;""SR-SP"";""DEL6/8"";""UOP02/SP""",
"260116;578656;2020-01-01;""quarta"";""10:08:00"";""SP"";116;71;""APARECIDA"";""Não"";""Falta de Atenção à Condução"";1;""Colisão traseira"";""Com Vítimas Feridas"";""Pleno dia"";""Crescente"";""Sol"";""Dupla"";""Reta"";""Sim"";464200;""Automóvel"";""FIAT/PALIO FIRE"";2014;""Passageiro"";""Lesões Leves"";54;""Feminino"";0;1;0;0;-22",85651665;-45,"23114328;""SR-SP"";""DEL6/8"";""UOP02/SP""",
"260116;578654;2020-01-01;""quarta"";""10:08:00"";""SP"";116;71;""APARECIDA"";""Não"";""Falta de Atenção à Condução"";1;""Colisão traseira"";""Com Vítimas Feridas"";""Pleno dia"";""Crescente"";""Sol"";""Dupla"";""Reta"";""Sim"";464200;""Automóvel"";""FIAT/PALIO FIRE"";2014;""Condutor"";""Lesões Leves"";68;""Feminino"";0;1;0;0;-22",85651665;-45,"23114328;""SR-SP"";""DEL6/8"";""UOP02/SP""",
"260116;578657;2020-01-01;""quarta"";""10:08:00"";""SP"";116;71;""APARECIDA"";""Sim"";""Não guardar distância de segurança"";1;""Colisão traseira"";""Com Vítimas Feridas"";""Pleno dia"";""Crescente"";""Sol"";""Dupla"";""Reta"";""Sim"";464201;""Caminhão"";""VW/24.280 CRM 6X2"";2015;""Condutor"";""Ileso"";57;""Masculino"";1;0;0;0;-22",85651665;-45,"23114328;""SR-SP"";""DEL6/8"";""UOP02/SP""",
"260116;578656;2020-01-01;""quarta"";""10:08:00"";""SP"";116;71;""APARECIDA"";""Sim"";""Não guardar distância de segurança"";1;""Colisão traseira"";""Com Vítimas Feridas"";""Pleno dia"";""Crescente"";""Sol"";""Dupla"";""Reta"";""Sim"";464200;""Automóvel"";""FIAT/PALIO FIRE"";2014;""Passageiro"";""Lesões Leves"";54;""Feminino"";0;1;0;0;-22",85651665;-45,"23114328;""SR-SP"";""DEL6/8"";""UOP02/SP""",
"260116;578654;2020-01-01;""quarta"";""10:08:00"";""SP"";116;71;""APARECIDA"";""Sim"";""Não guardar distância de segurança"";1;""Colisão traseira"";""Com Vítimas Feridas"";""Pleno dia"";""Crescente"";""Sol"";""Dupla"";""Reta"";""Sim"";464200;""Automóvel"";""FIAT/PALIO FIRE"";2014;""Condutor"";""Lesões Leves"";68;""Feminino"";0;1;0;0;-22",85651665;-45,"23114328;""SR-SP"";""DEL6/8"";""UOP02/SP""",
"260117;582007;2020-01-01;""quarta"";""05:00:00"";""PA"";308;172","7;""TRACUATEUA"";""Sim"";""Deficiência ou não Acionamento do Sistema de Iluminação/Sinalização do Veículo"";2;""Queda de ocupante de veículo"";""Com Vítimas Fatais"";""Plena Noite"";""Decrescente"";""Nublado"";""Simples"";""Não Informado"";""Não"";464227;""Automóvel"";""I/GM CLASSIC SPIRIT"";2008;""Condutor"";""Ileso"";20;""Masculino"";1;0;0;0;-1",17932312;-47,"00270886;""SR-PA"";""DEL19/1"";""UOP03/PA"""
"260117;582025;2020-01-01;""quarta"";""05:00:00"";""PA"";308;172","7;""TRACUATEUA"";""Sim"";""Deficiência ou não Acionamento do Sistema de Iluminação/Sinalização do Veículo"";2;""Queda de ocupante de veículo"";""Com Vítimas Fatais"";""Plena Noite"";""Decrescente"";""Nublado"";""Simples"";""Não Informado"";""Não"";464226;""Motocicleta"";""HONDA/NXR150 BROS ESD"";2012;""Passageiro"";""Lesões Leves"";NA;""Masculino"";0;1;0;0;-1",17932312;-47,"00270886;""SR-PA"";""DEL19/1"";""UOP03/PA"""
"260117;578635;2020-01-01;""quarta"";""05:00:00"";""PA"";308;172","7;""TRACUATEUA"";""Sim"";""Deficiência ou não Acionamento do Sistema de Iluminação/Sinalização do Veículo"";2;""Queda de ocupante de veículo"";""Com Vítimas Fatais"";""Plena Noite"";""Decrescente"";""Nublado"";""Simples"";""Não Informado"";""Não"";464226;""Motocicleta"";""HONDA/NXR150 BROS ESD"";2012;""Condutor"";""Óbito"";NA;""Masculino"";0;0;0;1;-1",17932312;-47,"00270886;""SR-PA"";""DEL19/1"";""UOP03/PA"""
"260117;578634;2020-01-01;""quarta"";""05:00:00"";""PA"";308;172","7;""TRACUATEUA"";""Sim"";""Deficiência ou não Acionamento do Sistema de Iluminação/Sinalização do Veículo"";2;""Queda de ocupante de veículo"";""Com Vítimas Fatais"";""Plena Noite"";""Decrescente"";""Nublado"";""Simples"";""Não Informado"";""Não"";464226;""Motocicleta"";""HONDA/NXR150 BROS ESD"";2012;""Passageiro"";""Óbito"";22;""Masculino"";0;0;0;1;-1",17932312;-47,"00270886;""SR-PA"";""DEL19/1"";""UOP03/PA"""
"260117;582007;2020-01-01;""quarta"";""05:00:00"";""PA"";308;172","7;""TRACUATEUA"";""Sim"";""Deficiência ou não Acionamento do Sistema de Iluminação/Sinalização do Veículo"";1;""Colisão traseira"";""Com Vítimas Fatais"";""Plena Noite"";""Decrescente"";""Nublado"";""Simples"";""Não Informado"";""Não"";464227;""Automóvel"";""I/GM CLASSIC SPIRIT"";2008;""Condutor"";""Ileso"";20;""Masculino"";1;0;0;0;-1",17932312;-47,"00270886;""SR-PA"";""DEL19/1"";""UOP03/PA"""
"260117;582025;2020-01-01;""quarta"";""05:00:00"";""PA"";308;172","7;""TRACUATEUA"";""Sim"";""Deficiência ou não Acionamento do Sistema de Iluminação/Sinalização do Veículo"";1;""Colisão traseira"";""Com Vítimas Fatais"";""Plena Noite"";""Decrescente"";""Nublado"";""Simples"";""Não Informado"";""Não"";464226;""Motocicleta"";""HONDA/NXR150 BROS ESD"";2012;""Passageiro"";""Lesões Leves"";NA;""Masculino"";0;1;0;0;-1",17932312;-47,"00270886;""SR-PA"";""DEL19/1"";""UOP03/PA"""
"260117;578635;2020-01-01;""quarta"";""05:00:00"";""PA"";308;172","7;""TRACUATEUA"";""Sim"";""Deficiência ou não Acionamento do Sistema de Iluminação/Sinalização do Veículo"";1;""Colisão traseira"";""Com Vítimas Fatais"";""Plena Noite"";""Decrescente"";""Nublado"";""Simples"";""Não Informado"";""Não"";464226;""Motocicleta"";""HONDA/NXR150 BROS ESD"";2012;""Condutor"";""Óbito"";NA;""Masculino"";0;0;0;1;-1",17932312;-47,"00270886;""SR-PA"";""DEL19/1"";""UOP03/PA"""
"260117;578634;2020-01-01;""quarta"";""05:00:00"";""PA"";308;172","7;""TRACUATEUA"";""Sim"";""Deficiência ou não Acionamento do Sistema de Iluminação/Sinalização do Veículo"";1;""Colisão traseira"";""Com Vítimas Fatais"";""Plena Noite"";""Decrescente"";""Nublado"";""Simples"";""Não Informado"";""Não"";464226;""Motocicleta"";""HONDA/NXR150 BROS ESD"";2012;""Passageiro"";""Óbito"";22;""Masculino"";0;0;0;1;-1",17932312;-47,"00270886;""SR-PA"";""DEL19/1"";""UOP03/PA"""