"id;""pesid"";""data_inversa"";""dia_semana"";""horario"";""uf"";""br"";""km"";""municipio"";""causa_principal"";""causa_acidente"";""ordem_tipo_acidente"";""tipo_acidente"";""classificacao_acidente"";""fase_dia"";""sentido_via"";""condicao_metereologica"";""tipo_pista"";""tracado_via"";""uso_solo"";""id_veiculo"";""tipo_veiculo"";""marca"";""ano_fabricacao_veiculo"";""tipo_envolvido"";""estado_fisico"";""idade"";""sexo"";""ilesos"";""feridos_leves"";""feridos_graves"";""mortos"";""latitude"";""longitude"";""regional"";""delegacia"";""uop""",,,
"260117;582007;2020-01-01;""quarta"";""05:00:00"";""PA"";308;172","7;""TRACUATEUA"";""Não"";""Falta de Atenção à Condução"";2;""Queda de ocupante de veículo"";""Com Vítimas Fatais"";""Plena Noite"";""Decrescente"";""Nublado"";""Simples"";""Não Informado"";""Não"";464227;""Automóvel"";""I/GM CLASSIC SPIRIT"";2008;""Condutor"";""Ileso"";20;""Masculino"";1;0;0;0;-1",17932312;-47,"00270886;""SR-PA"";""DEL19/1"";""UOP03/PA"""
"260117;582025;2020-01-01;""quarta"";""05:00:00"";""PA"";308;172","7;""TRACUATEUA"";""Não"";""Falta de Atenção à Condução"";2;""Queda de ocupante de veículo"";""Com Vítimas Fatais"";""Plena Noite"";""Decrescente"";""Nublado"";""Simples"";""Não Informado"";""Não"";464226;""Motocicleta"";""HONDA/NXR150 BROS ESD"";2012;""Passageiro"";""Lesões Leves"";NA;""Masculino"";0;1;0;0;-1",17932312;-47,"00270886;""SR-PA"";""DEL19/1"";""UOP03/PA"""
"260117;578635;2020-01-01;""quarta"";""05:00:00"";""PA"";308;172","7;""TRACUATEUA"";""Não"";""Falta de Atenção à Condução"";2;""Queda de ocupante de veículo"";""Com Vítimas Fatais"";""Plena Noite"";""Decrescente"";""Nublado"";""Simples"";""Não Informado"";""Não"";464226;""Motocicleta"";""HONDA/NXR150 BROS ESD"";2012;""Condutor"";""Óbito"";NA;""Masculino"";0;0;0;1;-1",17932312;-47,"00270886;""SR-PA"";""DEL19/1"";""UOP03/PA"""
"260117;578634;2020-01-01;""quarta"";""05:00:00"";""PA"";308;172","7;""TRACUATEUA"";""Não"";""Falta de Atenção à Condução"";2;""Queda de ocupante de veículo"";""Com Vítimas Fatais"";""Plena Noite"";""Decrescente"";""Nublado"";""Simples"";""Não Informado"";""Não"";464226;""Motocicleta"";""HONDA/NXR150 BROS ESD"";2012;""Passageiro"";""Óbito"";22;""Masculino"";0;0;0;1;-1",17932312;-47,"00270886;""SR-PA"";""DEL19/1"";""UOP03/PA"""
"260117;582007;2020-01-01;""quarta"";""05:00:00"";""PA"";308;172","7;""TRACUATEUA"";""Não"";""Falta de Atenção à Condução"";1;""Colisão traseira"";""Com Vítimas Fatais"";""Plena Noite"";""Decrescente"";""Nublado"";""Simples"";""Não Informado"";""Não"";464227;""Automóvel"";""I/GM CLASSIC SPIRIT"";2008;""Condutor"";""Ileso"";20;""Masculino"";1;0;0;0;-1",17932312;-47,"00270886;""SR-PA"";""DEL19/1"";""UOP03/PA"""
"260117;582025;2020-01-01;""quarta"";""05:00:00"";""PA"";308;172","7;""TRACUATEUA"";""Não"";""Falta de Atenção à Condução"";1;""Colisão traseira"";""Com Vítimas Fatais"";""Plena Noite"";""Decrescente"";""Nublado"";""Simples"";""Não Informado"";""Não"";464226;""Motocicleta"";""HONDA/NXR150 BROS ESD"";2012;""Passageiro"";""Lesões Leves"";NA;""Masculino"";0;1;0;0;-1",17932312;-47,"00270886;""SR-PA"";""DEL19/1"";""UOP03/PA"""
"260117;578635;2020-01-01;""quarta"";""05:00:00"";""PA"";308;172","7;""TRACUATEUA"";""Não"";""Falta de Atenção à Condução"";1;""Colisão traseira"";""Com Vítimas Fatais"";""Plena Noite"";""Decrescente"";""Nublado"";""Simples"";""Não Informado"";""Não"";464226;""Motocicleta"";""HONDA/NXR150 BROS ESD"";2012;""Condutor"";""Óbito"";NA;""Masculino"";0;0;0;1;-1",17932312;-47,"00270886;""SR-PA"";""DEL19/1"";""UOP03/PA"""
"260117;578634;2020-01-01;""quarta"";""05:00:00"";""PA"";308;172","7;""TRACUATEUA"";""Não"";""Falta de Atenção à Condução"";1;""Colisão traseira"";""Com Vítimas Fatais"";""Plena Noite"";""Decrescente"";""Nublado"";""Simples"";""Não Informado"";""Não"";464226;""Motocicleta"";""HONDA/NXR150 BROS ESD"";2012;""Passageiro"";""Óbito"";22;""Masculino"";0;0;0;1;-1",17932312;-47,"00270886;""SR-PA"";""DEL19/1"";""UOP03/PA"""
"260118;578587;2020-01-01;""quarta"";""09:30:00"";""RJ"";101;100;""CAMPOS DOS GOYTACAZES"";""Sim"";""Condutor Dormindo"";1;""Colisão com objeto estático"";""Com Vítimas Feridas"";""Pleno dia"";""Decrescente"";""Céu Claro"";""Dupla"";""Curva"";""Sim"";464198;""Automóvel"";""FORD/KA SE 1.0 HA C"";2019;""Condutor"";""Lesões Leves"";32;""Masculino"";0;1;0;0;-21",88111458;-41,"59066116;""SR-RJ"";""DEL5/8"";""UOP02/RJ""",
"260119;580168;2020-01-01;""quarta"";""09:50:00"";""SP"";101;25","1;""UBATUBA"";""Sim"";""Ingestão de Álcool"";1;""Colisão traseira"";""Com Vítimas Feridas"";""Pleno dia"";""Decrescente"";""Céu Claro"";""Simples"";""Reta"";""Não"";464263;""Automóvel"";""VW/NOVO GOL TL MBV"";2017;""Passageiro"";""Ileso"";35;""Feminino"";1;0;0;0;-23",36185032;-44,"94821999;""SR-SP"";""DEL6"";""UOP03/SP"""
"260119;580166;2020-01-01;""quarta"";""09:50:00"";""SP"";101;25","1;""UBATUBA"";""Sim"";""Ingestão de Álcool"";1;""Colisão traseira"";""Com Vítimas Feridas"";""Pleno dia"";""Decrescente"";""Céu Claro"";""Simples"";""Reta"";""Não"";464263;""Automóvel"";""VW/NOVO GOL TL MBV"";2017;""Condutor"";""Lesões Leves"";34;""Masculino"";0;1;0;0;-23",36185032;-44,"94821999;""SR-SP"";""DEL6"";""UOP03/SP"""
"260119;580163;2020-01-01;""quarta"";""09:50:00"";""SP"";101;25","1;""UBATUBA"";""Sim"";""Ingestão de Álcool"";1;""Colisão traseira"";""Com Vítimas Feridas"";""Pleno dia"";""Decrescente"";""Céu Claro"";""Simples"";""Reta"";""Não"";464262;""Automóvel"";""VW/GOL MI"";1998;""Passageiro"";""Ileso"";37;""Masculino"";1;0;0;0;-23",36185032;-44,"94821999;""SR-SP"";""DEL6"";""UOP03/SP"""
"260119;580161;2020-01-01;""quarta"";""09:50:00"";""SP"";101;25","1;""UBATUBA"";""Sim"";""Ingestão de Álcool"";1;""Colisão traseira"";""Com Vítimas Feridas"";""Pleno dia"";""Decrescente"";""Céu Claro"";""Simples"";""Reta"";""Não"";464262;""Automóvel"";""VW/GOL MI"";1998;""Condutor"";""Lesões Leves"";32;""Masculino"";0;1;0;0;-23",36185032;-44,"94821999;""SR-SP"";""DEL6"";""UOP03/SP"""
"260120;578641;2020-01-01;""quarta"";""09:20:00"";""MA"";10;275","9;""IMPERATRIZ"";""Sim"";""Ingestão de Álcool"";1;""Colisão traseira"";""Com Vítimas Feridas"";""Pleno dia"";""Decrescente"";""Nublado"";""Simples"";""Não Informado"";""Não"";464223;""Automóvel"";""VW/VIRTUS MF"";2018;""Passageiro"";""Ileso"";49;""Masculino"";1;0;0;0;-5",33002;-47,"4902;""SR-MA"";""DEL18/4"";""UOP01/MA"""
"260120;578631;2020-01-01;""quarta"";""09:20:00"";""MA"";10;275","9;""IMPERATRIZ"";""Sim"";""Ingestão de Álcool"";1;""Colisão traseira"";""Com Vítimas Feridas"";""Pleno dia"";""Decrescente"";""Nublado"";""Simples"";""Não Informado"";""Não"";464223;""Automóvel"";""VW/VIRTUS MF"";2018;""Condutor"";""Ileso"";61;""Masculino"";1;0;0;0;-5",33002;-47,"4902;""SR-MA"";""DEL18/4"";""UOP01/MA"""
"260120;578630;2020-01-01;""quarta"";""09:20:00"";""MA"";10;275","9;""IMPERATRIZ"";""Sim"";""Ingestão de Álcool"";1;""Colisão traseira"";""Com Vítimas Feridas"";""Pleno dia"";""Decrescente"";""Nublado"";""Simples"";""Não Informado"";""Não"";464222;""Motocicleta"";""HONDA/NXR150 BROS ES"";2012;""Passageiro"";""Lesões Graves"";52;""Feminino"";0;0;1;0;-5",33002;-47,"4902;""SR-MA"";""DEL18/4"";""UOP01/MA"""
"260120;578628;2020-01-01;""quarta"";""09:20:00"";""MA"";10;275","9;""IMPERATRIZ"";""Sim"";""Ingestão de Álcool"";1;""Colisão traseira"";""Com Vítimas Feridas"";""Pleno dia"";""Decrescente"";""Nublado"";""Simples"";""Não Informado"";""Não"";464222;""Motocicleta"";""HONDA/NXR150 BROS ES"";2012;""Condutor"";""Lesões Graves"";51;""Masculino"";0;0;1;0;-5",33002;-47,"4902;""SR-MA"";""DEL18/4"";""UOP01/MA"""
"260120;578641;2020-01-01;""quarta"";""09:20:00"";""MA"";10;275","9;""IMPERATRIZ"";""Sim"";""Ingestão de Álcool"";2;""Tombamento"";""Com Vítimas Feridas"";""Pleno dia"";""Decrescente"";""Nublado"";""Simples"";""Não Informado"";""Não"";464223;""Automóvel"";""VW/VIRTUS MF"";2018;""Passageiro"";""Ileso"";49;""Masculino"";1;0;0;0;-5",33002;-47,"4902;""SR-MA"";""DEL18/4"";""UOP01/MA"""
"260120;578631;2020-01-01;""quarta"";""09:20:00"";""MA"";10;275","9;""IMPERATRIZ"";""Sim"";""Ingestão de Álcool"";2;""Tombamento"";""Com Vítimas Feridas"";""Pleno dia"";""Decrescente"";""Nublado"";""Simples"";""Não Informado"";""Não"";464223;""Automóvel"";""VW/VIRTUS MF"";2018;""Condutor"";""Ileso"";61;""Masculino"";1;0;0;0;-5",33002;-47,"4902;""SR-MA"";""DEL18/4"";""UOP01/MA"""
"260120;578630;2020-01-01;""quarta"";""09:20:00"";""MA"";10;275","9;""IMPERATRIZ"";""Sim"";""Ingestão de Álcool"";2;""Tombamento"";""Com Vítimas Feridas"";""Pleno dia"";""Decrescente"";""Nublado"";""Simples"";""Não Informado"";""Não"";464222;""Motocicleta"";""HONDA/NXR150 BROS ES"";2012;""Passageiro"";""Lesões Graves"";52;""Feminino"";0;0;1;0;-5",33002;-47,"4902;""SR-MA"";""DEL18/4"";""UOP01/MA"""
"260120;578628;2020-01-01;""quarta"";""09:20:00"";""MA"";10;275","9;""IMPERATRIZ"";""Sim"";""Ingestão de Álcool"";2;""Tombamento"";""Com Vítimas Feridas"";""Pleno dia"";""Decrescente"";""Nublado"";""Simples"";""Não Informado"";""Não"";464222;""Motocicleta"";""HONDA/NXR150 BROS ES"";2012;""Condutor"";""Lesões Graves"";51;""Masculino"";0;0;1;0;-5",33002;-47,"4902;""SR-MA"";""DEL18/4"";""UOP01/MA"""
"260121;578813;2020-01-01;""quarta"";""10:55:00"";""PB"";230;83","3;""CALDAS BRANDAO"";""Sim"";""Ingestão de Álcool"";1;""Saída de leito carroçável"";""Com Vítimas Feridas"";""Pleno dia"";""Crescente"";""Sol"";""Dupla"";""Curva"";""Não"";464231;""Caminhonete"";""FIAT/STRADA ADVENT FLEX"";2013;""Condutor"";""Lesões Leves"";34;""Masculino"";0;1;0;0;-7",1669;-35,"3355;""SR-PB"";""DEL14/1"";""UOP02/PB"""
"260122;578682;2020-01-01;""quarta"";""08:30:00"";""GO"";153;508;""APARECIDA DE GOIANIA"";""Sim"";""Condutor Dormindo"";2;""Saída de leito carroçável"";""Sem Vítimas"";""Pleno dia"";""Decrescente"";""Céu Claro"";""Dupla"";""Não Informado"";""Sim"";464208;""Camioneta"";""FORD/ECOSPORT FSL1.6FLEX"";2010;""Condutor"";""Ileso"";33;""Masculino"";1;0;0;0;-16",7804;-49,"2371;""SR-GO"";""DEL1/1"";""UOP03/GO""",
"260122;578682;2020-01-01;""quarta"";""08:30:00"";""GO"";153;508;""APARECIDA DE GOIANIA"";""Sim"";""Condutor Dormindo"";1;""Colisão com objeto estático"";""Sem Vítimas"";""Pleno dia"";""Decrescente"";""Céu Claro"";""Dupla"";""Não Informado"";""Sim"";464208;""Camioneta"";""FORD/ECOSPORT FSL1.6FLEX"";2010;""Condutor"";""Ileso"";33;""Masculino"";1;0;0;0;-16",7804;-49,"2371;""SR-GO"";""DEL1/1"";""UOP03/GO""",
"260123;578922;2020-01-01;""quarta"";""11:40:00"";""MG"";262;382;""MATEUS LEME"";""Sim"";""Ingestão de álcool e/ou substâncias psicoativas pelo pedestre"";1;""Saída de leito carroçável"";""Com Vítimas Feridas"";""Pleno dia"";""Decrescente"";""Sol"";""Dupla"";""Não Informado"";""Não"";464244;""Motocicleta"";""HONDA/CG 160 START"";2019;""Passageiro"";""Lesões Graves"";16;""Feminino"";0;0;1;0;-19",933956;-44,"393574;""SR-MG"";""DEL4/1"";""UOP03/MG""",
"260123;578675;2020-01-01;""quarta"";""11:40:00"";""MG"";262;382;""MATEUS LEME"";""Sim"";""Ingestão de álcool e/ou substâncias psicoativas pelo pedestre"";1;""Saída de leito carroçável"";""Com Vítimas Feridas"";""Pleno dia"";""Decrescente"";""Sol"";""Dupla"";""Não Informado"";""Não"";464244;""Motocicleta"";""HONDA/CG 160 START"";2019;""Condutor"";""Lesões Graves"";22;""Masculino"";0;0;1;0;-19",933956;-44,"393574;""SR-MG"";""DEL4/1"";""UOP03/MG""",
"260123;578922;2020-01-01;""quarta"";""11:40:00"";""MG"";262;382;""MATEUS LEME"";""Sim"";""Ingestão de álcool e/ou substâncias psicoativas pelo pedestre"";4;""Queda de ocupante de veículo"";""Com Vítimas Feridas"";""Pleno dia"";""Decrescente"";""Sol"";""Dupla"";""Não Informado"";""Não"";464244;""Motocicleta"";""HONDA/CG 160 START"";2019;""Passageiro"";""Lesões Graves"";16;""Feminino"";0;0;1;0;-19",933956;-44,"393574;""SR-MG"";""DEL4/1"";""UOP03/MG""",
"260123;578675;2020-01-01;""quarta"";""11:40:00"";""MG"";262;382;""MATEUS LEME"";""Sim"";""Ingestão de álcool e/ou substâncias psicoativas pelo pedestre"";4;""Queda de ocupante de veículo"";""Com Vítimas Feridas"";""Pleno dia"";""Decrescente"";""Sol"";""Dupla"";""Não Informado"";""Não"";464244;""Motocicleta"";""HONDA/CG 160 START"";2019;""Condutor"";""Lesões Graves"";22;""Masculino"";0;0;1;0;-19",933956;-44,"393574;""SR-MG"";""DEL4/1"";""UOP03/MG""",
"260123;578922;2020-01-01;""quarta"";""11:40:00"";""MG"";262;382;""MATEUS LEME"";""Sim"";""Ingestão de álcool e/ou substâncias psicoativas pelo pedestre"";2;""Colisão com objeto estático"";""Com Vítimas Feridas"";""Pleno dia"";""Decrescente"";""Sol"";""Dupla"";""Não Informado"";""Não"";464244;""Motocicleta"";""HONDA/CG 160 START"";2019;""Passageiro"";""Lesões Graves"";16;""Feminino"";0;0;1;0;-19",933956;-44,"393574;""SR-MG"";""DEL4/1"";""UOP03/MG""",
"260123;578675;2020-01-01;""quarta"";""11:40:00"";""MG"";262;382;""MATEUS LEME"";""Sim"";""Ingestão de álcool e/ou substâncias psicoativas pelo pedestre"";2;""Colisão com objeto estático"";""Com Vítimas Feridas"";""Pleno dia"";""Decrescente"";""Sol"";""Dupla"";""Não Informado"";""Não"";464244;""Motocicleta"";""HONDA/CG 160 START"";2019;""Condutor"";""Lesões Graves"";22;""Masculino"";0;0;1;0;-19",933956;-44,"393574;""SR-MG"";""DEL4/1"";""UOP03/MG""",
"260123;578922;2020-01-01;""quarta"";""11:40:00"";""MG"";262;382;""MATEUS LEME"";""Sim"";""Ingestão de álcool e/ou substâncias psicoativas pelo pedestre"";3;""Tombamento"";""Com Vítimas Feridas"";""Pleno dia"";""Decrescente"";""Sol"";""Dupla"";""Não Informado"";""Não"";464244;""Motocicleta"";""HONDA/CG 160 START"";2019;""Passageiro"";""Lesões Graves"";16;""Feminino"";0;0;1;0;-19",933956;-44,"393574;""SR-MG"";""DEL4/1"";""UOP03/MG""",
"260123;578675;2020-01-01;""quarta"";""11:40:00"";""MG"";262;382;""MATEUS LEME"";""Sim"";""Ingestão de álcool e/ou substâncias psicoativas pelo pedestre"";3;""Tombamento"";""Com Vítimas Feridas"";""Pleno dia"";""Decrescente"";""Sol"";""Dupla"";""Não Informado"";""Não"";464244;""Motocicleta"";""HONDA/CG 160 START"";2019;""Condutor"";""Lesões Graves"";22;""Masculino"";0;0;1;0;-19",933956;-44,"393574;""SR-MG"";""DEL4/1"";""UOP03/MG""",
"260124;578665;2020-01-01;""quarta"";""11:50:00"";""CE"";222;206","5;""FORQUILHA"";""Sim"";""Velocidade Incompatível"";1;""Colisão lateral"";""Com Vítimas Feridas"";""Pleno dia"";""Decrescente"";""Céu Claro"";""Simples"";""Curva"";""Não"";464240;""Motocicleta"";""HONDA/CG 160 TITAN EX"";2016;""Passageiro"";""Lesões Leves"";26;""Masculino"";0;1;0;0;-3",78502295;-40,"23752899;""SR-CE"";""DEL16/4"";""UOP01/CE"""
"260124;578663;2020-01-01;""quarta"";""11:50:00"";""CE"";222;206","5;""FORQUILHA"";""Sim"";""Velocidade Incompatível"";1;""Colisão lateral"";""Com Vítimas Feridas"";""Pleno dia"";""Decrescente"";""Céu Claro"";""Simples"";""Curva"";""Não"";464240;""Motocicleta"";""HONDA/CG 160 TITAN EX"";2016;""Condutor"";""Lesões Leves"";27;""Masculino"";0;1;0;0;-3",78502295;-40,"23752899;""SR-CE"";""DEL16/4"";""UOP01/CE"""
"260124;578660;2020-01-01;""quarta"";""11:50:00"";""CE"";222;206","5;""FORQUILHA"";""Sim"";""Velocidade Incompatível"";1;""Colisão lateral"";""Com Vítimas Feridas"";""Pleno dia"";""Decrescente"";""Céu Claro"";""Simples"";""Curva"";""Não"";464239;""Automóvel"";""HONDA/CITY LX FLEX"";2012;""Passageiro"";""Ileso"";25;""Masculino"";1;0;0;0;-3",78502295;-40,"23752899;""SR-CE"";""DEL16/4"";""UOP01/CE"""
"260124;578659;2020-01-01;""quarta"";""11:50:00"";""CE"";222;206","5;""FORQUILHA"";""Sim"";""Velocidade Incompatível"";1;""Colisão lateral"";""Com Vítimas Feridas"";""Pleno dia"";""Decrescente"";""Céu Claro"";""Simples"";""Curva"";""Não"";464239;""Automóvel"";""HONDA/CITY LX FLEX"";2012;""Condutor"";""Ileso"";31;""Masculino"";1;0;0;0;-3",78502295;-40,"23752899;""SR-CE"";""DEL16/4"";""UOP01/CE"""
"260125;578646;2020-01-01;""quarta"";""12:10:00"";""SP"";381;27;""ATIBAIA"";""Sim"";""Velocidade Incompatível"";1;""Colisão com objeto estático"";""Com Vítimas Feridas"";""Pleno dia"";""Crescente"";""Céu Claro"";""Dupla"";""Reta"";""Não"";464229;""Automóvel"";""CHEVROLET/ONIX 1.0MT LT"";2013;""Passageiro"";""Lesões Leves"";67;""Feminino"";0;1;0;0;-23",03325858;-46,"54275266;""SR-SP"";""DEL6/3"";""UOP02/SP""",
"260125;578644;2020-01-01;""quarta"";""12:10:00"";""SP"";381;27;""ATIBAIA"";""Sim"";""Velocidade Incompatível"";1;""Colisão com objeto estático"";""Com Vítimas Feridas"";""Pleno dia"";""Crescente"";""Céu Claro"";""Dupla"";""Reta"";""Não"";464229;""Automóvel"";""CHEVROLET/ONIX 1.0MT LT"";2013;""Condutor"";""Ileso"";64;""Masculino"";1;0;0;0;-23",03325858;-46,"54275266;""SR-SP"";""DEL6/3"";""UOP02/SP""",
"260126;578733;2020-01-01;""quarta"";""08:40:00"";""PE"";104;69","9;""CARUARU"";""Sim"";""Ingestão de Álcool"";1;""Capotamento"";""Com Vítimas Feridas"";""Pleno dia"";""Decrescente"";""Chuva"";""Dupla"";""Curva"";""Não"";464243;""Automóvel"";""VW/GOL 1.6"";2011;""Condutor"";""Lesões Leves"";31;""Masculino"";0;1;0;0;-8",31962;-35,"991108;""SR-PE"";""DEL11/2"";""UOP01/PE"""
"260128;578748;2020-01-01;""quarta"";""12:00:00"";""PB"";230;44","4;""SANTA RITA"";""Sim"";""Defeito Mecânico no Veículo"";2;""Colisão com objeto estático"";""Com Vítimas Feridas"";""Pleno dia"";""Crescente"";""Nublado"";""Dupla"";""Reta"";""Não"";464228;""Motocicleta"";""HONDA/CG 160 START"";2019;""Passageiro"";""Lesões Graves"";43;""Feminino"";0;0;1;0;-7",1531;-35,"0102;""SR-PB"";""DEL14/1"";""UOP02/PB"""
"260128;578743;2020-01-01;""quarta"";""12:00:00"";""PB"";230;44","4;""SANTA RITA"";""Sim"";""Defeito Mecânico no Veículo"";2;""Colisão com objeto estático"";""Com Vítimas Feridas"";""Pleno dia"";""Crescente"";""Nublado"";""Dupla"";""Reta"";""Não"";464228;""Motocicleta"";""HONDA/CG 160 START"";2019;""Condutor"";""Lesões Leves"";55;""Masculino"";0;1;0;0;-7",1531;-35,"0102;""SR-PB"";""DEL14/1"";""UOP02/PB"""
"260128;578748;2020-01-01;""quarta"";""12:00:00"";""PB"";230;44","4;""SANTA RITA"";""Sim"";""Defeito Mecânico no Veículo"";1;""Saída de leito carroçável"";""Com Vítimas Feridas"";""Pleno dia"";""Crescente"";""Nublado"";""Dupla"";""Reta"";""Não"";464228;""Motocicleta"";""HONDA/CG 160 START"";2019;""Passageiro"";""Lesões Graves"";43;""Feminino"";0;0;1;0;-7",1531;-35,"0102;""SR-PB"";""DEL14/1"";""UOP02/PB"""
"260128;578743;2020-01-01;""quarta"";""12:00:00"";""PB"";230;44","4;""SANTA RITA"";""Sim"";""Defeito Mecânico no Veículo"";1;""Saída de leito carroçável"";""Com Vítimas Feridas"";""Pleno dia"";""Crescente"";""Nublado"";""Dupla"";""Reta"";""Não"";464228;""Motocicleta"";""HONDA/CG 160 START"";2019;""Condutor"";""Lesões Leves"";55;""Masculino"";0;1;0;0;-7",1531;-35,"0102;""SR-PB"";""DEL14/1"";""UOP02/PB"""
"260129;NA;2020-01-01;""quarta"";""12:10:00"";""MG"";262;380","9;""JUATUBA"";""Sim"";""Condutor Dormindo"";2;""Tombamento"";""Com Vítimas Feridas"";""Pleno dia"";""Crescente"";""Céu Claro"";""Dupla"";""Curva"";""Não"";464315;""Semireboque"";""SR/RANDON SR CA"";2011;""Não Informado"";""Não Informado"";NA;""Não Informado"";0;0;0;0;-19",947864;-44,"381226;""SR-MG"";""DEL4/1"";""UOP03/MG"""
"260129;578761;2020-01-01;""quarta"";""12:10:00"";""MG"";262;380","9;""JUATUBA"";""Sim"";""Condutor Dormindo"";2;""Tombamento"";""Com Vítimas Feridas"";""Pleno dia"";""Crescente"";""Céu Claro"";""Dupla"";""Curva"";""Não"";464245;""Caminhão-trator"";""SCANIA/R124 GA4X2NZ 420"";2007;""Condutor"";""Lesões Leves"";54;""Masculino"";0;1;0;0;-19",947864;-44,"381226;""SR-MG"";""DEL4/1"";""UOP03/MG"""
"260129;NA;2020-01-01;""quarta"";""12:10:00"";""MG"";262;380","9;""JUATUBA"";""Sim"";""Condutor Dormindo"";1;""Saída de leito carroçável"";""Com Vítimas Feridas"";""Pleno dia"";""Crescente"";""Céu Claro"";""Dupla"";""Curva"";""Não"";464315;""Semireboque"";""SR/RANDON SR CA"";2011;""Não Informado"";""Não Informado"";NA;""Não Informado"";0;0;0;0;-19",947864;-44,"381226;""SR-MG"";""DEL4/1"";""UOP03/MG"""
"260129;578761;2020-01-01;""quarta"";""12:10:00"";""MG"";262;380","9;""JUATUBA"";""Sim"";""Condutor Dormindo"";1;""Saída de leito carroçável"";""Com Vítimas Feridas"";""Pleno dia"";""Crescente"";""Céu Claro"";""Dupla"";""Curva"";""Não"";464245;""Caminhão-trator"";""SCANIA/R124 GA4X2NZ 420"";2007;""Condutor"";""Lesões Leves"";54;""Masculino"";0;1;0;0;-19",947864;-44,"381226;""SR-MG"";""DEL4/1"";""UOP03/MG"""
"260130;578949;2020-01-01;""quarta"";""12:25:00"";""RS"";116;428","1;""CRISTAL"";""Não"";""Desobediência às normas de trânsito pelo condutor"";1;""Colisão frontal"";""Com Vítimas Feridas"";""Pleno dia"";""Decrescente"";""Nublado"";""Simples"";""Reta"";""Sim"";464356;""Automóvel"";""CHEV/SPIN 1.8L AT ACT"";2018;""Passageiro"";""Lesões Leves"";14;""Masculino"";0;1;0;0;-31",00582612;-52,"05195665;""SR-RS"";""DEL2"";""UOP03/RS"""
"260130;578947;2020-01-01;""quarta"";""12:25:00"";""RS"";116;428","1;""CRISTAL"";""Não"";""Desobediência às normas de trânsito pelo condutor"";1;""Colisão frontal"";""Com Vítimas Feridas"";""Pleno dia"";""Decrescente"";""Nublado"";""Simples"";""Reta"";""Sim"";464356;""Automóvel"";""CHEV/SPIN 1.8L AT ACT"";2018;""Passageiro"";""Lesões Leves"";50;""Feminino"";0;1;0;0;-31",00582612;-52,"05195665;""SR-RS"";""DEL2"";""UOP03/RS"""
"260130;578825;2020-01-01;""quarta"";""12:25:00"";""RS"";116;428","1;""CRISTAL"";""Não"";""Desobediência às normas de trânsito pelo condutor"";1;""Colisão frontal"";""Com Vítimas Feridas"";""Pleno dia"";""Decrescente"";""Nublado"";""Simples"";""Reta"";""Sim"";464356;""Automóvel"";""CHEV/SPIN 1.8L AT ACT"";2018;""Condutor"";""Ileso"";54;""Masculino"";1;0;0;0;-31",00582612;-52,"05195665;""SR-RS"";""DEL2"";""UOP03/RS"""
"260130;578823;2020-01-01;""quarta"";""12:25:00"";""RS"";116;428","1;""CRISTAL"";""Não"";""Desobediência às normas de trânsito pelo condutor"";1;""Colisão frontal"";""Com Vítimas Feridas"";""Pleno dia"";""Decrescente"";""Nublado"";""Simples"";""Reta"";""Sim"";464355;""Automóvel"";""FIAT/UNO MILLE SX YOUNG"";1997;""Condutor"";""Ileso"";27;""Masculino"";1;0;0;0;-31",00582612;-52,"05195665;""SR-RS"";""DEL2"";""UOP03/RS"""
"260130;578949;2020-01-01;""quarta"";""12:25:00"";""RS"";116;428","1;""CRISTAL"";""Sim"";""Falta de Atenção à Condução"";1;""Colisão frontal"";""Com Vítimas Feridas"";""Pleno dia"";""Decrescente"";""Nublado"";""Simples"";""Reta"";""Sim"";464356;""Automóvel"";""CHEV/SPIN 1.8L AT ACT"";2018;""Passageiro"";""Lesões Leves"";14;""Masculino"";0;1;0;0;-31",00582612;-52,"05195665;""SR-RS"";""DEL2"";""UOP03/RS"""
"260130;578947;2020-01-01;""quarta"";""12:25:00"";""RS"";116;428","1;""CRISTAL"";""Sim"";""Falta de Atenção à Condução"";1;""Colisão frontal"";""Com Vítimas Feridas"";""Pleno dia"";""Decrescente"";""Nublado"";""Simples"";""Reta"";""Sim"";464356;""Automóvel"";""CHEV/SPIN 1.8L AT ACT"";2018;""Passageiro"";""Lesões Leves"";50;""Feminino"";0;1;0;0;-31",00582612;-52,"05195665;""SR-RS"";""DEL2"";""UOP03/RS"""
"260130;578825;2020-01-01;""quarta"";""12:25:00"";""RS"";116;428","1;""CRISTAL"";""Sim"";""Falta de Atenção à Condução"";1;""Colisão frontal"";""Com Vítimas Feridas"";""Pleno dia"";""Decrescente"";""Nublado"";""Simples"";""Reta"";""Sim"";464356;""Automóvel"";""CHEV/SPIN 1.8L AT ACT"";2018;""Condutor"";""Ileso"";54;""Masculino"";1;0;0;0;-31",00582612;-52,"05195665;""SR-RS"";""DEL2"";""UOP03/RS"""