"id;""pesid"";""data_inversa"";""dia_semana"";""horario"";""uf"";""br"";""km"";""municipio"";""causa_principal"";""causa_acidente"";""ordem_tipo_acidente"";""tipo_acidente"";""classificacao_acidente"";""fase_dia"";""sentido_via"";""condicao_metereologica"";""tipo_pista"";""tracado_via"";""uso_solo"";""id_veiculo"";""tipo_veiculo"";""marca"";""ano_fabricacao_veiculo"";""tipo_envolvido"";""estado_fisico"";""idade"";""sexo"";""ilesos"";""feridos_leves"";""feridos_graves"";""mortos"";""latitude"";""longitude"";""regional"";""delegacia"";""uop""",,,
"260130;578823;2020-01-01;""quarta"";""12:25:00"";""RS"";116;428","1;""CRISTAL"";""Sim"";""Falta de Atenção à Condução"";1;""Colisão frontal"";""Com Vítimas Feridas"";""Pleno dia"";""Decrescente"";""Nublado"";""Simples"";""Reta"";""Sim"";464355;""Automóvel"";""FIAT/UNO MILLE SX YOUNG"";1997;""Condutor"";""Ileso"";27;""Masculino"";1;0;0;0;-31",00582612;-52,"05195665;""SR-RS"";""DEL2"";""UOP03/RS"""
"260132;578727;2020-01-01;""quarta"";""13:15:00"";""SP"";101;51","5;""UBATUBA"";""Sim"";""Desobediência às normas de trânsito pelo condutor"";1;""Colisão com objeto estático"";""Com Vítimas Feridas"";""Pleno dia"";""Crescente"";""Céu Claro"";""Simples"";""Rotatória"";""Sim"";464281;""Motocicleta"";""HONDA/XRE 300"";2015;""Passageiro"";""Lesões Graves"";40;""Feminino"";0;0;1;0;-23",4623355;-45,"06476561;""SR-SP"";""DEL6"";""UOP03/SP"""
"260132;578717;2020-01-01;""quarta"";""13:15:00"";""SP"";101;51","5;""UBATUBA"";""Sim"";""Desobediência às normas de trânsito pelo condutor"";1;""Colisão com objeto estático"";""Com Vítimas Feridas"";""Pleno dia"";""Crescente"";""Céu Claro"";""Simples"";""Rotatória"";""Sim"";464281;""Motocicleta"";""HONDA/XRE 300"";2015;""Condutor"";""Ileso"";30;""Masculino"";1;0;0;0;-23",4623355;-45,"06476561;""SR-SP"";""DEL6"";""UOP03/SP"""
"260133;578910;2020-01-01;""quarta"";""12:30:00"";""ES"";101;102","3;""SOORETAMA"";""Sim"";""Ultrapassagem Indevida"";1;""Colisão frontal"";""Com Vítimas Feridas"";""Pleno dia"";""Decrescente"";""Sol"";""Simples"";""Não Informado"";""Não"";464440;""Automóvel"";""I/FIAT SIENA EL 1.4 FLEX"";2013;""Condutor"";""Ileso"";52;""Masculino"";1;0;0;0;-18",99655669;-40,"00319452;""SR-ES"";""DEL12/4"";""UOP01/ES"""
"260133;578909;2020-01-01;""quarta"";""12:30:00"";""ES"";101;102","3;""SOORETAMA"";""Sim"";""Ultrapassagem Indevida"";1;""Colisão frontal"";""Com Vítimas Feridas"";""Pleno dia"";""Decrescente"";""Sol"";""Simples"";""Não Informado"";""Não"";464439;""Motocicleta"";""HONDA/CG 150 TITAN EX"";2015;""Condutor"";""Lesões Graves"";36;""Masculino"";0;0;1;0;-18",99655669;-40,"00319452;""SR-ES"";""DEL12/4"";""UOP01/ES"""
"260133;578910;2020-01-01;""quarta"";""12:30:00"";""ES"";101;102","3;""SOORETAMA"";""Sim"";""Ultrapassagem Indevida"";2;""Capotamento"";""Com Vítimas Feridas"";""Pleno dia"";""Decrescente"";""Sol"";""Simples"";""Não Informado"";""Não"";464440;""Automóvel"";""I/FIAT SIENA EL 1.4 FLEX"";2013;""Condutor"";""Ileso"";52;""Masculino"";1;0;0;0;-18",99655669;-40,"00319452;""SR-ES"";""DEL12/4"";""UOP01/ES"""
"260133;578909;2020-01-01;""quarta"";""12:30:00"";""ES"";101;102","3;""SOORETAMA"";""Sim"";""Ultrapassagem Indevida"";2;""Capotamento"";""Com Vítimas Feridas"";""Pleno dia"";""Decrescente"";""Sol"";""Simples"";""Não Informado"";""Não"";464439;""Motocicleta"";""HONDA/CG 150 TITAN EX"";2015;""Condutor"";""Lesões Graves"";36;""Masculino"";0;0;1;0;-18",99655669;-40,"00319452;""SR-ES"";""DEL12/4"";""UOP01/ES"""
"260134;578701;2020-01-01;""quarta"";""13:15:00"";""PE"";232;410","1;""SERRA TALHADA"";""Sim"";""Desobediência às normas de trânsito pelo condutor"";1;""Colisão frontal"";""Com Vítimas Feridas"";""Pleno dia"";""Decrescente"";""Sol"";""Simples"";""Reta"";""Sim"";464236;""Micro-ônibus"";""I/M.BENZ313CDI SPRINTERM"";2007;""Condutor"";""Ileso"";59;""Masculino"";1;0;0;0;-7",98261841;-38,"30039606;""SR-PE"";""DEL11/4"";""UOP01/PE"""
"260134;578669;2020-01-01;""quarta"";""13:15:00"";""PE"";232;410","1;""SERRA TALHADA"";""Sim"";""Desobediência às normas de trânsito pelo condutor"";1;""Colisão frontal"";""Com Vítimas Feridas"";""Pleno dia"";""Decrescente"";""Sol"";""Simples"";""Reta"";""Sim"";464235;""Motocicleta"";""HONDA/CG150 FAN ESDI"";2014;""Condutor"";""Lesões Graves"";45;""Masculino"";0;0;1;0;-7",98261841;-38,"30039606;""SR-PE"";""DEL11/4"";""UOP01/PE"""
"260135;580744;2020-01-01;""quarta"";""13:20:00"";""MG"";381;857","9;""POUSO ALEGRE"";""Sim"";""Falta de Atenção à Condução"";1;""Saída de leito carroçável"";""Com Vítimas Feridas"";""Pleno dia"";""Crescente"";""Céu Claro"";""Dupla"";""Reta"";""Não"";464260;""Automóvel"";""GM/CELTA 2P SPIRIT"";2006;""Passageiro"";""Lesões Leves"";1919;""Feminino"";0;1;0;0;-22",3341773;-45,"92156967;""SR-MG"";""DEL09"";""UOP01/MG"""
"260135;580623;2020-01-01;""quarta"";""13:20:00"";""MG"";381;857","9;""POUSO ALEGRE"";""Sim"";""Falta de Atenção à Condução"";1;""Saída de leito carroçável"";""Com Vítimas Feridas"";""Pleno dia"";""Crescente"";""Céu Claro"";""Dupla"";""Reta"";""Não"";464260;""Automóvel"";""GM/CELTA 2P SPIRIT"";2006;""Condutor"";""Lesões Leves"";54;""Feminino"";0;1;0;0;-22",3341773;-45,"92156967;""SR-MG"";""DEL09"";""UOP01/MG"""
"260136;578876;2020-01-01;""quarta"";""08:48:00"";""MG"";50;180;""UBERABA"";""Sim"";""Ingestão de Álcool"";1;""Saída de leito carroçável"";""Sem Vítimas"";""Pleno dia"";""Crescente"";""Céu Claro"";""Dupla"";""Retorno Regulamentado"";""Não"";464233;""Automóvel"";""VW/POLO 1.6"";2002;""Condutor"";""Não Informado"";NA;""Não Informado"";0;0;0;0;-19",77848216;-47,"92194709;""SR-MG"";""DEL13"";""UOP01/MG""",
"260137;578791;2020-01-01;""quarta"";""12:45:00"";""SP"";381;68;""MAIRIPORA"";""Sim"";""Falta de Atenção à Condução"";1;""Colisão com objeto estático"";""Sem Vítimas"";""Pleno dia"";""Decrescente"";""Céu Claro"";""Dupla"";""Reta"";""Não"";464300;""Automóvel"";""CITROEN/C3 90M TENDANCE"";2014;""Condutor"";""Não Informado"";NA;""Não Informado"";0;0;0;0;-23",34043796;-46,"57433588;""SR-SP"";""DEL6/3"";""UOP02/SP""",
"260139;578790;2020-01-01;""quarta"";""12:00:00"";""MT"";163;729","6;""SORRISO"";""Sim"";""Ingestão de álcool e/ou substâncias psicoativas pelo pedestre"";2;""Capotamento"";""Com Vítimas Feridas"";""Pleno dia"";""Crescente"";""Chuva"";""Simples"";""Reta"";""Não"";464234;""Caminhonete"";""MMC/L200 TRITON HPE D"";2014;""Testemunha"";""Não Informado"";NA;""Não Informado"";0;0;0;0;-12",84559402;-55,"82671994;""SR-MT"";""DEL2/6"";""UOP01/MT"""
"260139;578789;2020-01-01;""quarta"";""12:00:00"";""MT"";163;729","6;""SORRISO"";""Sim"";""Ingestão de álcool e/ou substâncias psicoativas pelo pedestre"";2;""Capotamento"";""Com Vítimas Feridas"";""Pleno dia"";""Crescente"";""Chuva"";""Simples"";""Reta"";""Não"";464234;""Caminhonete"";""MMC/L200 TRITON HPE D"";2014;""Passageiro"";""Lesões Graves"";34;""Masculino"";0;0;1;0;-12",84559402;-55,"82671994;""SR-MT"";""DEL2/6"";""UOP01/MT"""
"260139;578653;2020-01-01;""quarta"";""12:00:00"";""MT"";163;729","6;""SORRISO"";""Sim"";""Ingestão de álcool e/ou substâncias psicoativas pelo pedestre"";2;""Capotamento"";""Com Vítimas Feridas"";""Pleno dia"";""Crescente"";""Chuva"";""Simples"";""Reta"";""Não"";464234;""Caminhonete"";""MMC/L200 TRITON HPE D"";2014;""Condutor"";""Lesões Graves"";41;""Masculino"";0;0;1;0;-12",84559402;-55,"82671994;""SR-MT"";""DEL2/6"";""UOP01/MT"""
"260139;578790;2020-01-01;""quarta"";""12:00:00"";""MT"";163;729","6;""SORRISO"";""Sim"";""Ingestão de álcool e/ou substâncias psicoativas pelo pedestre"";1;""Saída de leito carroçável"";""Com Vítimas Feridas"";""Pleno dia"";""Crescente"";""Chuva"";""Simples"";""Reta"";""Não"";464234;""Caminhonete"";""MMC/L200 TRITON HPE D"";2014;""Testemunha"";""Não Informado"";NA;""Não Informado"";0;0;0;0;-12",84559402;-55,"82671994;""SR-MT"";""DEL2/6"";""UOP01/MT"""
"260139;578789;2020-01-01;""quarta"";""12:00:00"";""MT"";163;729","6;""SORRISO"";""Sim"";""Ingestão de álcool e/ou substâncias psicoativas pelo pedestre"";1;""Saída de leito carroçável"";""Com Vítimas Feridas"";""Pleno dia"";""Crescente"";""Chuva"";""Simples"";""Reta"";""Não"";464234;""Caminhonete"";""MMC/L200 TRITON HPE D"";2014;""Passageiro"";""Lesões Graves"";34;""Masculino"";0;0;1;0;-12",84559402;-55,"82671994;""SR-MT"";""DEL2/6"";""UOP01/MT"""
"260139;578653;2020-01-01;""quarta"";""12:00:00"";""MT"";163;729","6;""SORRISO"";""Sim"";""Ingestão de álcool e/ou substâncias psicoativas pelo pedestre"";1;""Saída de leito carroçável"";""Com Vítimas Feridas"";""Pleno dia"";""Crescente"";""Chuva"";""Simples"";""Reta"";""Não"";464234;""Caminhonete"";""MMC/L200 TRITON HPE D"";2014;""Condutor"";""Lesões Graves"";41;""Masculino"";0;0;1;0;-12",84559402;-55,"82671994;""SR-MT"";""DEL2/6"";""UOP01/MT"""
"260139;578790;2020-01-01;""quarta"";""12:00:00"";""MT"";163;729","6;""SORRISO"";""Não"";""Velocidade Incompatível"";2;""Capotamento"";""Com Vítimas Feridas"";""Pleno dia"";""Crescente"";""Chuva"";""Simples"";""Reta"";""Não"";464234;""Caminhonete"";""MMC/L200 TRITON HPE D"";2014;""Testemunha"";""Não Informado"";NA;""Não Informado"";0;0;0;0;-12",84559402;-55,"82671994;""SR-MT"";""DEL2/6"";""UOP01/MT"""
"260139;578789;2020-01-01;""quarta"";""12:00:00"";""MT"";163;729","6;""SORRISO"";""Não"";""Velocidade Incompatível"";2;""Capotamento"";""Com Vítimas Feridas"";""Pleno dia"";""Crescente"";""Chuva"";""Simples"";""Reta"";""Não"";464234;""Caminhonete"";""MMC/L200 TRITON HPE D"";2014;""Passageiro"";""Lesões Graves"";34;""Masculino"";0;0;1;0;-12",84559402;-55,"82671994;""SR-MT"";""DEL2/6"";""UOP01/MT"""
"260139;578653;2020-01-01;""quarta"";""12:00:00"";""MT"";163;729","6;""SORRISO"";""Não"";""Velocidade Incompatível"";2;""Capotamento"";""Com Vítimas Feridas"";""Pleno dia"";""Crescente"";""Chuva"";""Simples"";""Reta"";""Não"";464234;""Caminhonete"";""MMC/L200 TRITON HPE D"";2014;""Condutor"";""Lesões Graves"";41;""Masculino"";0;0;1;0;-12",84559402;-55,"82671994;""SR-MT"";""DEL2/6"";""UOP01/MT"""
"260139;578790;2020-01-01;""quarta"";""12:00:00"";""MT"";163;729","6;""SORRISO"";""Não"";""Velocidade Incompatível"";1;""Saída de leito carroçável"";""Com Vítimas Feridas"";""Pleno dia"";""Crescente"";""Chuva"";""Simples"";""Reta"";""Não"";464234;""Caminhonete"";""MMC/L200 TRITON HPE D"";2014;""Testemunha"";""Não Informado"";NA;""Não Informado"";0;0;0;0;-12",84559402;-55,"82671994;""SR-MT"";""DEL2/6"";""UOP01/MT"""
"260139;578789;2020-01-01;""quarta"";""12:00:00"";""MT"";163;729","6;""SORRISO"";""Não"";""Velocidade Incompatível"";1;""Saída de leito carroçável"";""Com Vítimas Feridas"";""Pleno dia"";""Crescente"";""Chuva"";""Simples"";""Reta"";""Não"";464234;""Caminhonete"";""MMC/L200 TRITON HPE D"";2014;""Passageiro"";""Lesões Graves"";34;""Masculino"";0;0;1;0;-12",84559402;-55,"82671994;""SR-MT"";""DEL2/6"";""UOP01/MT"""
"260139;578653;2020-01-01;""quarta"";""12:00:00"";""MT"";163;729","6;""SORRISO"";""Não"";""Velocidade Incompatível"";1;""Saída de leito carroçável"";""Com Vítimas Feridas"";""Pleno dia"";""Crescente"";""Chuva"";""Simples"";""Reta"";""Não"";464234;""Caminhonete"";""MMC/L200 TRITON HPE D"";2014;""Condutor"";""Lesões Graves"";41;""Masculino"";0;0;1;0;-12",84559402;-55,"82671994;""SR-MT"";""DEL2/6"";""UOP01/MT"""
"260139;578790;2020-01-01;""quarta"";""12:00:00"";""MT"";163;729","6;""SORRISO"";""Não"";""Fenômenos da Natureza"";2;""Capotamento"";""Com Vítimas Feridas"";""Pleno dia"";""Crescente"";""Chuva"";""Simples"";""Reta"";""Não"";464234;""Caminhonete"";""MMC/L200 TRITON HPE D"";2014;""Testemunha"";""Não Informado"";NA;""Não Informado"";0;0;0;0;-12",84559402;-55,"82671994;""SR-MT"";""DEL2/6"";""UOP01/MT"""
"260139;578789;2020-01-01;""quarta"";""12:00:00"";""MT"";163;729","6;""SORRISO"";""Não"";""Fenômenos da Natureza"";2;""Capotamento"";""Com Vítimas Feridas"";""Pleno dia"";""Crescente"";""Chuva"";""Simples"";""Reta"";""Não"";464234;""Caminhonete"";""MMC/L200 TRITON HPE D"";2014;""Passageiro"";""Lesões Graves"";34;""Masculino"";0;0;1;0;-12",84559402;-55,"82671994;""SR-MT"";""DEL2/6"";""UOP01/MT"""
"260139;578653;2020-01-01;""quarta"";""12:00:00"";""MT"";163;729","6;""SORRISO"";""Não"";""Fenômenos da Natureza"";2;""Capotamento"";""Com Vítimas Feridas"";""Pleno dia"";""Crescente"";""Chuva"";""Simples"";""Reta"";""Não"";464234;""Caminhonete"";""MMC/L200 TRITON HPE D"";2014;""Condutor"";""Lesões Graves"";41;""Masculino"";0;0;1;0;-12",84559402;-55,"82671994;""SR-MT"";""DEL2/6"";""UOP01/MT"""
"260139;578790;2020-01-01;""quarta"";""12:00:00"";""MT"";163;729","6;""SORRISO"";""Não"";""Fenômenos da Natureza"";1;""Saída de leito carroçável"";""Com Vítimas Feridas"";""Pleno dia"";""Crescente"";""Chuva"";""Simples"";""Reta"";""Não"";464234;""Caminhonete"";""MMC/L200 TRITON HPE D"";2014;""Testemunha"";""Não Informado"";NA;""Não Informado"";0;0;0;0;-12",84559402;-55,"82671994;""SR-MT"";""DEL2/6"";""UOP01/MT"""
"260139;578789;2020-01-01;""quarta"";""12:00:00"";""MT"";163;729","6;""SORRISO"";""Não"";""Fenômenos da Natureza"";1;""Saída de leito carroçável"";""Com Vítimas Feridas"";""Pleno dia"";""Crescente"";""Chuva"";""Simples"";""Reta"";""Não"";464234;""Caminhonete"";""MMC/L200 TRITON HPE D"";2014;""Passageiro"";""Lesões Graves"";34;""Masculino"";0;0;1;0;-12",84559402;-55,"82671994;""SR-MT"";""DEL2/6"";""UOP01/MT"""
"260139;578653;2020-01-01;""quarta"";""12:00:00"";""MT"";163;729","6;""SORRISO"";""Não"";""Fenômenos da Natureza"";1;""Saída de leito carroçável"";""Com Vítimas Feridas"";""Pleno dia"";""Crescente"";""Chuva"";""Simples"";""Reta"";""Não"";464234;""Caminhonete"";""MMC/L200 TRITON HPE D"";2014;""Condutor"";""Lesões Graves"";41;""Masculino"";0;0;1;0;-12",84559402;-55,"82671994;""SR-MT"";""DEL2/6"";""UOP01/MT"""
"260140;578787;2020-01-01;""quarta"";""13:55:00"";""PR"";277;28;""MORRETES"";""Sim"";""Velocidade Incompatível"";2;""Capotamento"";""Com Vítimas Feridas"";""Pleno dia"";""Crescente"";""Sol"";""Dupla"";""Curva"";""Não"";464274;""Caminhonete"";""FIAT/FIORINO HD WK E"";2019;""Passageiro"";""Lesões Leves"";40;""Masculino"";0;1;0;0;-25",52874613;-48,"73512603;""SR-PR"";""DEL7/1"";""UOP07/PR""",
"260140;578785;2020-01-01;""quarta"";""13:55:00"";""PR"";277;28;""MORRETES"";""Sim"";""Velocidade Incompatível"";2;""Capotamento"";""Com Vítimas Feridas"";""Pleno dia"";""Crescente"";""Sol"";""Dupla"";""Curva"";""Não"";464274;""Caminhonete"";""FIAT/FIORINO HD WK E"";2019;""Condutor"";""Ileso"";43;""Masculino"";1;0;0;0;-25",52874613;-48,"73512603;""SR-PR"";""DEL7/1"";""UOP07/PR""",
"260140;578787;2020-01-01;""quarta"";""13:55:00"";""PR"";277;28;""MORRETES"";""Sim"";""Velocidade Incompatível"";1;""Saída de leito carroçável"";""Com Vítimas Feridas"";""Pleno dia"";""Crescente"";""Sol"";""Dupla"";""Curva"";""Não"";464274;""Caminhonete"";""FIAT/FIORINO HD WK E"";2019;""Passageiro"";""Lesões Leves"";40;""Masculino"";0;1;0;0;-25",52874613;-48,"73512603;""SR-PR"";""DEL7/1"";""UOP07/PR""",
"260140;578785;2020-01-01;""quarta"";""13:55:00"";""PR"";277;28;""MORRETES"";""Sim"";""Velocidade Incompatível"";1;""Saída de leito carroçável"";""Com Vítimas Feridas"";""Pleno dia"";""Crescente"";""Sol"";""Dupla"";""Curva"";""Não"";464274;""Caminhonete"";""FIAT/FIORINO HD WK E"";2019;""Condutor"";""Ileso"";43;""Masculino"";1;0;0;0;-25",52874613;-48,"73512603;""SR-PR"";""DEL7/1"";""UOP07/PR""",
"260141;578674;2020-01-01;""quarta"";""14:00:00"";""SP"";116;280;""EMBU DAS ARTES"";""Sim"";""Falta de Atenção à Condução"";1;""Queda de ocupante de veículo"";""Com Vítimas Feridas"";""Pleno dia"";""Crescente"";""Céu Claro"";""Dupla"";""Reta"";""Não"";464248;""Motocicleta"";""HONDA/CB 500F"";2015;""Condutor"";""Lesões Leves"";30;""Masculino"";0;1;0;0;-23",66996108;-46,"85590758;""SR-SP"";""DEL6/4"";""UOP01/SP""",
"260142;578808;2020-01-01;""quarta"";""13:30:00"";""MG"";153;25","9;""CENTRALINA"";""Sim"";""Defeito Mecânico no Veículo"";1;""Incêndio"";""Sem Vítimas"";""Pleno dia"";""Crescente"";""Céu Claro"";""Dupla"";""Reta"";""Não"";464350;""Automóvel"";""FORD/FIESTA SEDAN1.6FLEX"";2009;""Passageiro"";""Ileso"";52;""Feminino"";1;0;0;0;-18",63927389;-49,"17907481;""SR-MG"";""DEL4/15"";""UOP03/MG"""
"260142;578807;2020-01-01;""quarta"";""13:30:00"";""MG"";153;25","9;""CENTRALINA"";""Sim"";""Defeito Mecânico no Veículo"";1;""Incêndio"";""Sem Vítimas"";""Pleno dia"";""Crescente"";""Céu Claro"";""Dupla"";""Reta"";""Não"";464350;""Automóvel"";""FORD/FIESTA SEDAN1.6FLEX"";2009;""Condutor"";""Ileso"";54;""Masculino"";1;0;0;0;-18",63927389;-49,"17907481;""SR-MG"";""DEL4/15"";""UOP03/MG"""
"260143;580553;2020-01-01;""quarta"";""14:00:00"";""CE"";222;6","7;""CAUCAIA"";""Sim"";""Falta de Atenção do Pedestre"";1;""Atropelamento de Pedestre"";""Com Vítimas Feridas"";""Pleno dia"";""Decrescente"";""Céu Claro"";""Simples"";""Reta"";""Sim"";464254;""Motocicleta"";""HONDA/CG 160 FAN"";2019;""Pedestre"";""Lesões Leves"";11;""Feminino"";0;1;0;0;-3",736507;-38,"65337;""SR-CE"";""DEL16/1"";""UOP01/CE"""
"260143;578896;2020-01-01;""quarta"";""14:00:00"";""CE"";222;6","7;""CAUCAIA"";""Sim"";""Falta de Atenção do Pedestre"";1;""Atropelamento de Pedestre"";""Com Vítimas Feridas"";""Pleno dia"";""Decrescente"";""Céu Claro"";""Simples"";""Reta"";""Sim"";464254;""Motocicleta"";""HONDA/CG 160 FAN"";2019;""Condutor"";""Ileso"";25;""Masculino"";1;0;0;0;-3",736507;-38,"65337;""SR-CE"";""DEL16/1"";""UOP01/CE"""
"260144;580706;2020-01-01;""quarta"";""14:40:00"";""PR"";376;502;""PONTA GROSSA"";""Sim"";""Condutor Dormindo"";1;""Colisão traseira"";""Com Vítimas Feridas"";""Pleno dia"";""Decrescente"";""Céu Claro"";""Dupla"";""Reta"";""Não"";464366;""Automóvel"";""VW/VOYAGE 1.0"";2009;""Condutor"";""Ileso"";38;""Masculino"";1;0;0;0;-25",21604594;-50,"05797693;""SR-PR"";""DEL7/3"";""UOP03/PR""",
"260144;580705;2020-01-01;""quarta"";""14:40:00"";""PR"";376;502;""PONTA GROSSA"";""Sim"";""Condutor Dormindo"";1;""Colisão traseira"";""Com Vítimas Feridas"";""Pleno dia"";""Decrescente"";""Céu Claro"";""Dupla"";""Reta"";""Não"";464365;""Motocicleta"";""YAMAHA/XJ6 N ABS"";2014;""Condutor"";""Lesões Graves"";28;""Masculino"";0;0;1;0;-25",21604594;-50,"05797693;""SR-PR"";""DEL7/3"";""UOP03/PR""",
"260145;578668;2020-01-01;""quarta"";""13:00:00"";""MS"";163;224","4;""CAARAPO"";""Sim"";""Falta de Atenção à Condução"";1;""Capotamento"";""Com Vítimas Feridas"";""Pleno dia"";""Crescente"";""Céu Claro"";""Simples"";""Reta"";""Não"";464246;""Caminhonete"";""GM/S10 ADVANTAGE D"";2008;""Passageiro"";""Lesões Leves"";11;""Feminino"";0;1;0;0;-22",50919504;-54,"86355345;""SR-MS"";""DEL3/4"";""UOP02/MS"""
"260145;578667;2020-01-01;""quarta"";""13:00:00"";""MS"";163;224","4;""CAARAPO"";""Sim"";""Falta de Atenção à Condução"";1;""Capotamento"";""Com Vítimas Feridas"";""Pleno dia"";""Crescente"";""Céu Claro"";""Simples"";""Reta"";""Não"";464246;""Caminhonete"";""GM/S10 ADVANTAGE D"";2008;""Passageiro"";""Lesões Leves"";53;""Feminino"";0;1;0;0;-22",50919504;-54,"86355345;""SR-MS"";""DEL3/4"";""UOP02/MS"""
"260145;578666;2020-01-01;""quarta"";""13:00:00"";""MS"";163;224","4;""CAARAPO"";""Sim"";""Falta de Atenção à Condução"";1;""Capotamento"";""Com Vítimas Feridas"";""Pleno dia"";""Crescente"";""Céu Claro"";""Simples"";""Reta"";""Não"";464246;""Caminhonete"";""GM/S10 ADVANTAGE D"";2008;""Condutor"";""Ileso"";54;""Masculino"";1;0;0;0;-22",50919504;-54,"86355345;""SR-MS"";""DEL3/4"";""UOP02/MS"""
"260146;578687;2020-01-01;""quarta"";""14:20:00"";""RS"";153;18","5;""SEVERIANO DE ALMEIDA"";""Sim"";""Velocidade Incompatível"";1;""Saída de leito carroçável"";""Com Vítimas Feridas"";""Pleno dia"";""Crescente"";""Chuva"";""Simples"";""Não Informado"";""Não"";464249;""Automóvel"";""I/BMW 320I 3B11"";2013;""Testemunha"";""Não Informado"";NA;""Não Informado"";0;0;0;0;-27",46037538;-52,"0927535;""SR-RS"";""DEL08"";""UOP04/RS"""
"260146;578686;2020-01-01;""quarta"";""14:20:00"";""RS"";153;18","5;""SEVERIANO DE ALMEIDA"";""Sim"";""Velocidade Incompatível"";1;""Saída de leito carroçável"";""Com Vítimas Feridas"";""Pleno dia"";""Crescente"";""Chuva"";""Simples"";""Não Informado"";""Não"";464249;""Automóvel"";""I/BMW 320I 3B11"";2013;""Passageiro"";""Lesões Leves"";68;""Masculino"";0;1;0;0;-27",46037538;-52,"0927535;""SR-RS"";""DEL08"";""UOP04/RS"""
"260146;578685;2020-01-01;""quarta"";""14:20:00"";""RS"";153;18","5;""SEVERIANO DE ALMEIDA"";""Sim"";""Velocidade Incompatível"";1;""Saída de leito carroçável"";""Com Vítimas Feridas"";""Pleno dia"";""Crescente"";""Chuva"";""Simples"";""Não Informado"";""Não"";464249;""Automóvel"";""I/BMW 320I 3B11"";2013;""Passageiro"";""Lesões Leves"";32;""Feminino"";0;1;0;0;-27",46037538;-52,"0927535;""SR-RS"";""DEL08"";""UOP04/RS"""
"260146;578683;2020-01-01;""quarta"";""14:20:00"";""RS"";153;18","5;""SEVERIANO DE ALMEIDA"";""Sim"";""Velocidade Incompatível"";1;""Saída de leito carroçável"";""Com Vítimas Feridas"";""Pleno dia"";""Crescente"";""Chuva"";""Simples"";""Não Informado"";""Não"";464249;""Automóvel"";""I/BMW 320I 3B11"";2013;""Condutor"";""Lesões Graves"";32;""Masculino"";0;0;1;0;-27",46037538;-52,"0927535;""SR-RS"";""DEL08"";""UOP04/RS"""
"260147;NA;2020-01-01;""quarta"";""14:15:00"";""PR"";116;32","1;""CAMPINA GRANDE DO SUL"";""Sim"";""Velocidade Incompatível"";3;""Tombamento"";""Sem Vítimas"";""Pleno dia"";""Decrescente"";""Céu Claro"";""Dupla"";""Não Informado"";""Sim"";464334;""Semireboque"";""SR/NOMA SR3E27 CC"";2011;""Não Informado"";""Não Informado"";NA;""Não Informado"";0;0;0;0;-25",10497579;-48,"83973903;""SR-PR"";""DEL7/1"";""UOP02/PR"""
"260147;578788;2020-01-01;""quarta"";""14:15:00"";""PR"";116;32","1;""CAMPINA GRANDE DO SUL"";""Sim"";""Velocidade Incompatível"";3;""Tombamento"";""Sem Vítimas"";""Pleno dia"";""Decrescente"";""Céu Claro"";""Dupla"";""Não Informado"";""Sim"";464325;""Caminhão-trator"";""SCANIA/R124 LA6X2NA 420"";2007;""Condutor"";""Ileso"";41;""Masculino"";1;0;0;0;-25",10497579;-48,"83973903;""SR-PR"";""DEL7/1"";""UOP02/PR"""
"260147;NA;2020-01-01;""quarta"";""14:15:00"";""PR"";116;32","1;""CAMPINA GRANDE DO SUL"";""Sim"";""Velocidade Incompatível"";1;""Colisão com objeto estático"";""Sem Vítimas"";""Pleno dia"";""Decrescente"";""Céu Claro"";""Dupla"";""Não Informado"";""Sim"";464334;""Semireboque"";""SR/NOMA SR3E27 CC"";2011;""Não Informado"";""Não Informado"";NA;""Não Informado"";0;0;0;0;-25",10497579;-48,"83973903;""SR-PR"";""DEL7/1"";""UOP02/PR"""
"260147;578788;2020-01-01;""quarta"";""14:15:00"";""PR"";116;32","1;""CAMPINA GRANDE DO SUL"";""Sim"";""Velocidade Incompatível"";1;""Colisão com objeto estático"";""Sem Vítimas"";""Pleno dia"";""Decrescente"";""Céu Claro"";""Dupla"";""Não Informado"";""Sim"";464325;""Caminhão-trator"";""SCANIA/R124 LA6X2NA 420"";2007;""Condutor"";""Ileso"";41;""Masculino"";1;0;0;0;-25",10497579;-48,"83973903;""SR-PR"";""DEL7/1"";""UOP02/PR"""
"260147;NA;2020-01-01;""quarta"";""14:15:00"";""PR"";116;32","1;""CAMPINA GRANDE DO SUL"";""Sim"";""Velocidade Incompatível"";2;""Saída de leito carroçável"";""Sem Vítimas"";""Pleno dia"";""Decrescente"";""Céu Claro"";""Dupla"";""Não Informado"";""Sim"";464334;""Semireboque"";""SR/NOMA SR3E27 CC"";2011;""Não Informado"";""Não Informado"";NA;""Não Informado"";0;0;0;0;-25",10497579;-48,"83973903;""SR-PR"";""DEL7/1"";""UOP02/PR"""
"260147;578788;2020-01-01;""quarta"";""14:15:00"";""PR"";116;32","1;""CAMPINA GRANDE DO SUL"";""Sim"";""Velocidade Incompatível"";2;""Saída de leito carroçável"";""Sem Vítimas"";""Pleno dia"";""Decrescente"";""Céu Claro"";""Dupla"";""Não Informado"";""Sim"";464325;""Caminhão-trator"";""SCANIA/R124 LA6X2NA 420"";2007;""Condutor"";""Ileso"";41;""Masculino"";1;0;0;0;-25",10497579;-48,"83973903;""SR-PR"";""DEL7/1"";""UOP02/PR"""