"id;""pesid"";""data_inversa"";""dia_semana"";""horario"";""uf"";""br"";""km"";""municipio"";""causa_principal"";""causa_acidente"";""ordem_tipo_acidente"";""tipo_acidente"";""classificacao_acidente"";""fase_dia"";""sentido_via"";""condicao_metereologica"";""tipo_pista"";""tracado_via"";""uso_solo"";""id_veiculo"";""tipo_veiculo"";""marca"";""ano_fabricacao_veiculo"";""tipo_envolvido"";""estado_fisico"";""idade"";""sexo"";""ilesos"";""feridos_leves"";""feridos_graves"";""mortos"";""latitude"";""longitude"";""regional"";""delegacia"";""uop""",,,
"260148;578697;2020-01-01;""quarta"";""15:20:00"";""TO"";153;679","9;""GURUPI"";""Sim"";""Ultrapassagem Indevida"";1;""Colisão lateral"";""Com Vítimas Feridas"";""Pleno dia"";""Crescente"";""Céu Claro"";""Simples"";""Reta"";""Não"";464271;""Automóvel"";""GM/VECTRA GLS"";1998;""Condutor"";""Ileso"";31;""Masculino"";1;0;0;0;-11",78176489;-49,"11301313;""SR-TO"";""UOP01/TO"";"""""
"260148;578699;2020-01-01;""quarta"";""15:20:00"";""TO"";153;679","9;""GURUPI"";""Sim"";""Ultrapassagem Indevida"";1;""Colisão lateral"";""Com Vítimas Feridas"";""Pleno dia"";""Crescente"";""Céu Claro"";""Simples"";""Reta"";""Não"";464255;""Motoneta"";""HONDA/BIZ 125 MAIS"";2006;""Condutor"";""Lesões Leves"";41;""Masculino"";0;1;0;0;-11",78176489;-49,"11301313;""SR-TO"";""UOP01/TO"";"""""
"260150;580598;2020-01-01;""quarta"";""14:40:00"";""RJ"";356;24;""ITAPERUNA"";""Sim"";""Defeito Mecânico no Veículo"";1;""Colisão frontal"";""Com Vítimas Feridas"";""Pleno dia"";""Decrescente"";""Céu Claro"";""Simples"";""Reta"";""Não"";464372;""Automóvel"";""GM/CORSA WIND"";1998;""Condutor"";""Lesões Leves"";50;""Masculino"";0;1;0;0;-21",17964993;-41,"973627;""SR-RJ"";""DEL5/8"";""UOP03/RJ""",
"260150;580712;2020-01-01;""quarta"";""14:40:00"";""RJ"";356;24;""ITAPERUNA"";""Sim"";""Defeito Mecânico no Veículo"";1;""Colisão frontal"";""Com Vítimas Feridas"";""Pleno dia"";""Decrescente"";""Céu Claro"";""Simples"";""Reta"";""Não"";464374;""Motocicleta"";""KAWASAKI/Z1000 ABS"";2012;""Passageiro"";""Lesões Leves"";39;""Masculino"";0;1;0;0;-21",17964993;-41,"973627;""SR-RJ"";""DEL5/8"";""UOP03/RJ""",
"260150;580711;2020-01-01;""quarta"";""14:40:00"";""RJ"";356;24;""ITAPERUNA"";""Sim"";""Defeito Mecânico no Veículo"";1;""Colisão frontal"";""Com Vítimas Feridas"";""Pleno dia"";""Decrescente"";""Céu Claro"";""Simples"";""Reta"";""Não"";464374;""Motocicleta"";""KAWASAKI/Z1000 ABS"";2012;""Condutor"";""Ileso"";38;""Masculino"";1;0;0;0;-21",17964993;-41,"973627;""SR-RJ"";""DEL5/8"";""UOP03/RJ""",
"260150;580710;2020-01-01;""quarta"";""14:40:00"";""RJ"";356;24;""ITAPERUNA"";""Sim"";""Defeito Mecânico no Veículo"";1;""Colisão frontal"";""Com Vítimas Feridas"";""Pleno dia"";""Decrescente"";""Céu Claro"";""Simples"";""Reta"";""Não"";464373;""Automóvel"";""FORD/KA SE 1.0 HA C"";2019;""Condutor"";""Ileso"";28;""Masculino"";1;0;0;0;-21",17964993;-41,"973627;""SR-RJ"";""DEL5/8"";""UOP03/RJ""",
"260151;578716;2020-01-01;""quarta"";""13:15:00"";""PR"";153;239;""TIBAGI"";""Sim"";""Velocidade Incompatível"";1;""Saída de leito carroçável"";""Com Vítimas Feridas"";""Pleno dia"";""Decrescente"";""Chuva"";""Simples"";""Curva"";""Não"";464276;""Automóvel"";""VW/NOVO GOL TL MCV"";2017;""Condutor"";""Lesões Leves"";34;""Masculino"";0;1;0;0;-24",76604886;-50,"46875267;""SR-PR"";""DEL7/3"";""UOP05/PR""",
"260151;578716;2020-01-01;""quarta"";""13:15:00"";""PR"";153;239;""TIBAGI"";""Sim"";""Velocidade Incompatível"";2;""Colisão com objeto estático"";""Com Vítimas Feridas"";""Pleno dia"";""Decrescente"";""Chuva"";""Simples"";""Curva"";""Não"";464276;""Automóvel"";""VW/NOVO GOL TL MCV"";2017;""Condutor"";""Lesões Leves"";34;""Masculino"";0;1;0;0;-24",76604886;-50,"46875267;""SR-PR"";""DEL7/3"";""UOP05/PR""",
"260152;578711;2020-01-01;""quarta"";""15:00:00"";""SP"";116;555;""BARRA DO TURVO"";""Sim"";""Velocidade Incompatível"";1;""Capotamento"";""Com Vítimas Feridas"";""Pleno dia"";""Crescente"";""Chuva"";""Dupla"";""Curva"";""Não"";464280;""Automóvel"";""HONDA/CITY EX CVT"";2015;""Passageiro"";""Ileso"";29;""Masculino"";1;0;0;0;-24",97447301;-48,"504597;""SR-SP"";""DEL6/5"";""UOP03/SP""",
"260152;578710;2020-01-01;""quarta"";""15:00:00"";""SP"";116;555;""BARRA DO TURVO"";""Sim"";""Velocidade Incompatível"";1;""Capotamento"";""Com Vítimas Feridas"";""Pleno dia"";""Crescente"";""Chuva"";""Dupla"";""Curva"";""Não"";464280;""Automóvel"";""HONDA/CITY EX CVT"";2015;""Passageiro"";""Ileso"";10;""Masculino"";1;0;0;0;-24",97447301;-48,"504597;""SR-SP"";""DEL6/5"";""UOP03/SP""",
"260152;578709;2020-01-01;""quarta"";""15:00:00"";""SP"";116;555;""BARRA DO TURVO"";""Sim"";""Velocidade Incompatível"";1;""Capotamento"";""Com Vítimas Feridas"";""Pleno dia"";""Crescente"";""Chuva"";""Dupla"";""Curva"";""Não"";464280;""Automóvel"";""HONDA/CITY EX CVT"";2015;""Passageiro"";""Ileso"";8;""Feminino"";1;0;0;0;-24",97447301;-48,"504597;""SR-SP"";""DEL6/5"";""UOP03/SP""",
"260152;578708;2020-01-01;""quarta"";""15:00:00"";""SP"";116;555;""BARRA DO TURVO"";""Sim"";""Velocidade Incompatível"";1;""Capotamento"";""Com Vítimas Feridas"";""Pleno dia"";""Crescente"";""Chuva"";""Dupla"";""Curva"";""Não"";464280;""Automóvel"";""HONDA/CITY EX CVT"";2015;""Condutor"";""Lesões Leves"";36;""Feminino"";0;1;0;0;-24",97447301;-48,"504597;""SR-SP"";""DEL6/5"";""UOP03/SP""",
"260153;578691;2020-01-01;""quarta"";""15:10:00"";""PR"";277;431","9;""VIRMOND"";""Sim"";""Velocidade Incompatível"";2;""Colisão com objeto estático"";""Com Vítimas Feridas"";""Pleno dia"";""Decrescente"";""Chuva"";""Simples"";""Curva"";""Não"";464259;""Automóvel"";""FIAT/UNO MILLE FIRE FLEX"";2006;""Passageiro"";""Lesões Leves"";10;""Masculino"";0;1;0;0;-25",37565;-52,"2162;""SR-PR"";""DEL7/4"";""UOP03/PR"""
"260153;578690;2020-01-01;""quarta"";""15:10:00"";""PR"";277;431","9;""VIRMOND"";""Sim"";""Velocidade Incompatível"";2;""Colisão com objeto estático"";""Com Vítimas Feridas"";""Pleno dia"";""Decrescente"";""Chuva"";""Simples"";""Curva"";""Não"";464259;""Automóvel"";""FIAT/UNO MILLE FIRE FLEX"";2006;""Passageiro"";""Ileso"";27;""Feminino"";1;0;0;0;-25",37565;-52,"2162;""SR-PR"";""DEL7/4"";""UOP03/PR"""
"260153;578689;2020-01-01;""quarta"";""15:10:00"";""PR"";277;431","9;""VIRMOND"";""Sim"";""Velocidade Incompatível"";2;""Colisão com objeto estático"";""Com Vítimas Feridas"";""Pleno dia"";""Decrescente"";""Chuva"";""Simples"";""Curva"";""Não"";464259;""Automóvel"";""FIAT/UNO MILLE FIRE FLEX"";2006;""Passageiro"";""Lesões Leves"";31;""Feminino"";0;1;0;0;-25",37565;-52,"2162;""SR-PR"";""DEL7/4"";""UOP03/PR"""
"260153;578688;2020-01-01;""quarta"";""15:10:00"";""PR"";277;431","9;""VIRMOND"";""Sim"";""Velocidade Incompatível"";2;""Colisão com objeto estático"";""Com Vítimas Feridas"";""Pleno dia"";""Decrescente"";""Chuva"";""Simples"";""Curva"";""Não"";464259;""Automóvel"";""FIAT/UNO MILLE FIRE FLEX"";2006;""Condutor"";""Ileso"";20;""Masculino"";1;0;0;0;-25",37565;-52,"2162;""SR-PR"";""DEL7/4"";""UOP03/PR"""
"260153;578691;2020-01-01;""quarta"";""15:10:00"";""PR"";277;431","9;""VIRMOND"";""Sim"";""Velocidade Incompatível"";1;""Saída de leito carroçável"";""Com Vítimas Feridas"";""Pleno dia"";""Decrescente"";""Chuva"";""Simples"";""Curva"";""Não"";464259;""Automóvel"";""FIAT/UNO MILLE FIRE FLEX"";2006;""Passageiro"";""Lesões Leves"";10;""Masculino"";0;1;0;0;-25",37565;-52,"2162;""SR-PR"";""DEL7/4"";""UOP03/PR"""
"260153;578690;2020-01-01;""quarta"";""15:10:00"";""PR"";277;431","9;""VIRMOND"";""Sim"";""Velocidade Incompatível"";1;""Saída de leito carroçável"";""Com Vítimas Feridas"";""Pleno dia"";""Decrescente"";""Chuva"";""Simples"";""Curva"";""Não"";464259;""Automóvel"";""FIAT/UNO MILLE FIRE FLEX"";2006;""Passageiro"";""Ileso"";27;""Feminino"";1;0;0;0;-25",37565;-52,"2162;""SR-PR"";""DEL7/4"";""UOP03/PR"""
"260153;578689;2020-01-01;""quarta"";""15:10:00"";""PR"";277;431","9;""VIRMOND"";""Sim"";""Velocidade Incompatível"";1;""Saída de leito carroçável"";""Com Vítimas Feridas"";""Pleno dia"";""Decrescente"";""Chuva"";""Simples"";""Curva"";""Não"";464259;""Automóvel"";""FIAT/UNO MILLE FIRE FLEX"";2006;""Passageiro"";""Lesões Leves"";31;""Feminino"";0;1;0;0;-25",37565;-52,"2162;""SR-PR"";""DEL7/4"";""UOP03/PR"""
"260153;578688;2020-01-01;""quarta"";""15:10:00"";""PR"";277;431","9;""VIRMOND"";""Sim"";""Velocidade Incompatível"";1;""Saída de leito carroçável"";""Com Vítimas Feridas"";""Pleno dia"";""Decrescente"";""Chuva"";""Simples"";""Curva"";""Não"";464259;""Automóvel"";""FIAT/UNO MILLE FIRE FLEX"";2006;""Condutor"";""Ileso"";20;""Masculino"";1;0;0;0;-25",37565;-52,"2162;""SR-PR"";""DEL7/4"";""UOP03/PR"""
"260154;578751;2020-01-01;""quarta"";""15:40:00"";""PR"";277;129","5;""BALSA NOVA"";""Sim"";""Velocidade Incompatível"";1;""Saída de leito carroçável"";""Com Vítimas Feridas"";""Pleno dia"";""Decrescente"";""Chuva"";""Simples"";""Não Informado"";""Não"";464297;""Automóvel"";""FORD/KA FLEX"";2008;""Condutor"";""Ileso"";53;""Masculino"";1;0;0;0;-25",47926474;-49,"64588642;""SR-PR"";""DEL7/1"";""UOP05/PR"""
"260154;578753;2020-01-01;""quarta"";""15:40:00"";""PR"";277;129","5;""BALSA NOVA"";""Sim"";""Velocidade Incompatível"";1;""Saída de leito carroçável"";""Com Vítimas Feridas"";""Pleno dia"";""Decrescente"";""Chuva"";""Simples"";""Não Informado"";""Não"";464297;""Automóvel"";""FORD/KA FLEX"";2008;""Passageiro"";""Lesões Leves"";48;""Feminino"";0;1;0;0;-25",47926474;-49,"64588642;""SR-PR"";""DEL7/1"";""UOP05/PR"""
"260155;578725;2020-01-01;""quarta"";""13:50:00"";""RO"";319;62;""PORTO VELHO"";""Sim"";""Falta de Atenção à Condução"";1;""Colisão lateral"";""Com Vítimas Feridas"";""Pleno dia"";""Crescente"";""Chuva"";""Múltipla"";""Interseção de vias"";""Sim"";464284;""Automóvel"";""CHEVROLET/CELTA 1.0L LT"";2011;""Condutor"";""Ileso"";34;""Feminino"";1;0;0;0;-8",766685;-63,"884052;""SR-RO"";""DEL21/1"";""UOP01/RO""",
"260155;578721;2020-01-01;""quarta"";""13:50:00"";""RO"";319;62;""PORTO VELHO"";""Sim"";""Falta de Atenção à Condução"";1;""Colisão lateral"";""Com Vítimas Feridas"";""Pleno dia"";""Crescente"";""Chuva"";""Múltipla"";""Interseção de vias"";""Sim"";464283;""Motocicleta"";""HONDA/CG 125 FAN ES"";2010;""Condutor"";""Lesões Leves"";27;""Masculino"";0;1;0;0;-8",766685;-63,"884052;""SR-RO"";""DEL21/1"";""UOP01/RO""",
"260156;578704;2020-01-01;""quarta"";""15:40:00"";""DF"";70;11","9;""BRASILIA"";""Não"";""Velocidade Incompatível"";1;""Saída de leito carroçável"";""Com Vítimas Feridas"";""Pleno dia"";""Decrescente"";""Nublado"";""Dupla"";""Reta"";""Sim"";464268;""Automóvel"";""HYUNDAI/HB20 1.0M COMFOR"";2015;""Passageiro"";""Lesões Leves"";20;""Feminino"";0;1;0;0;-15",789762;-48,"148727;""SR-DF"";""UOP06/DF"";"""""
"260156;578702;2020-01-01;""quarta"";""15:40:00"";""DF"";70;11","9;""BRASILIA"";""Não"";""Velocidade Incompatível"";1;""Saída de leito carroçável"";""Com Vítimas Feridas"";""Pleno dia"";""Decrescente"";""Nublado"";""Dupla"";""Reta"";""Sim"";464268;""Automóvel"";""HYUNDAI/HB20 1.0M COMFOR"";2015;""Passageiro"";""Ileso"";22;""Masculino"";1;0;0;0;-15",789762;-48,"148727;""SR-DF"";""UOP06/DF"";"""""
"260156;578695;2020-01-01;""quarta"";""15:40:00"";""DF"";70;11","9;""BRASILIA"";""Não"";""Velocidade Incompatível"";1;""Saída de leito carroçável"";""Com Vítimas Feridas"";""Pleno dia"";""Decrescente"";""Nublado"";""Dupla"";""Reta"";""Sim"";464268;""Automóvel"";""HYUNDAI/HB20 1.0M COMFOR"";2015;""Condutor"";""Ileso"";22;""Masculino"";1;0;0;0;-15",789762;-48,"148727;""SR-DF"";""UOP06/DF"";"""""
"260156;578704;2020-01-01;""quarta"";""15:40:00"";""DF"";70;11","9;""BRASILIA"";""Não"";""Velocidade Incompatível"";2;""Colisão com objeto estático"";""Com Vítimas Feridas"";""Pleno dia"";""Decrescente"";""Nublado"";""Dupla"";""Reta"";""Sim"";464268;""Automóvel"";""HYUNDAI/HB20 1.0M COMFOR"";2015;""Passageiro"";""Lesões Leves"";20;""Feminino"";0;1;0;0;-15",789762;-48,"148727;""SR-DF"";""UOP06/DF"";"""""
"260156;578702;2020-01-01;""quarta"";""15:40:00"";""DF"";70;11","9;""BRASILIA"";""Não"";""Velocidade Incompatível"";2;""Colisão com objeto estático"";""Com Vítimas Feridas"";""Pleno dia"";""Decrescente"";""Nublado"";""Dupla"";""Reta"";""Sim"";464268;""Automóvel"";""HYUNDAI/HB20 1.0M COMFOR"";2015;""Passageiro"";""Ileso"";22;""Masculino"";1;0;0;0;-15",789762;-48,"148727;""SR-DF"";""UOP06/DF"";"""""
"260156;578695;2020-01-01;""quarta"";""15:40:00"";""DF"";70;11","9;""BRASILIA"";""Não"";""Velocidade Incompatível"";2;""Colisão com objeto estático"";""Com Vítimas Feridas"";""Pleno dia"";""Decrescente"";""Nublado"";""Dupla"";""Reta"";""Sim"";464268;""Automóvel"";""HYUNDAI/HB20 1.0M COMFOR"";2015;""Condutor"";""Ileso"";22;""Masculino"";1;0;0;0;-15",789762;-48,"148727;""SR-DF"";""UOP06/DF"";"""""
"260156;578704;2020-01-01;""quarta"";""15:40:00"";""DF"";70;11","9;""BRASILIA"";""Sim"";""Desobediência às normas de trânsito pelo condutor"";1;""Saída de leito carroçável"";""Com Vítimas Feridas"";""Pleno dia"";""Decrescente"";""Nublado"";""Dupla"";""Reta"";""Sim"";464268;""Automóvel"";""HYUNDAI/HB20 1.0M COMFOR"";2015;""Passageiro"";""Lesões Leves"";20;""Feminino"";0;1;0;0;-15",789762;-48,"148727;""SR-DF"";""UOP06/DF"";"""""
"260156;578702;2020-01-01;""quarta"";""15:40:00"";""DF"";70;11","9;""BRASILIA"";""Sim"";""Desobediência às normas de trânsito pelo condutor"";1;""Saída de leito carroçável"";""Com Vítimas Feridas"";""Pleno dia"";""Decrescente"";""Nublado"";""Dupla"";""Reta"";""Sim"";464268;""Automóvel"";""HYUNDAI/HB20 1.0M COMFOR"";2015;""Passageiro"";""Ileso"";22;""Masculino"";1;0;0;0;-15",789762;-48,"148727;""SR-DF"";""UOP06/DF"";"""""
"260156;578695;2020-01-01;""quarta"";""15:40:00"";""DF"";70;11","9;""BRASILIA"";""Sim"";""Desobediência às normas de trânsito pelo condutor"";1;""Saída de leito carroçável"";""Com Vítimas Feridas"";""Pleno dia"";""Decrescente"";""Nublado"";""Dupla"";""Reta"";""Sim"";464268;""Automóvel"";""HYUNDAI/HB20 1.0M COMFOR"";2015;""Condutor"";""Ileso"";22;""Masculino"";1;0;0;0;-15",789762;-48,"148727;""SR-DF"";""UOP06/DF"";"""""
"260156;578704;2020-01-01;""quarta"";""15:40:00"";""DF"";70;11","9;""BRASILIA"";""Sim"";""Desobediência às normas de trânsito pelo condutor"";2;""Colisão com objeto estático"";""Com Vítimas Feridas"";""Pleno dia"";""Decrescente"";""Nublado"";""Dupla"";""Reta"";""Sim"";464268;""Automóvel"";""HYUNDAI/HB20 1.0M COMFOR"";2015;""Passageiro"";""Lesões Leves"";20;""Feminino"";0;1;0;0;-15",789762;-48,"148727;""SR-DF"";""UOP06/DF"";"""""
"260156;578702;2020-01-01;""quarta"";""15:40:00"";""DF"";70;11","9;""BRASILIA"";""Sim"";""Desobediência às normas de trânsito pelo condutor"";2;""Colisão com objeto estático"";""Com Vítimas Feridas"";""Pleno dia"";""Decrescente"";""Nublado"";""Dupla"";""Reta"";""Sim"";464268;""Automóvel"";""HYUNDAI/HB20 1.0M COMFOR"";2015;""Passageiro"";""Ileso"";22;""Masculino"";1;0;0;0;-15",789762;-48,"148727;""SR-DF"";""UOP06/DF"";"""""
"260156;578695;2020-01-01;""quarta"";""15:40:00"";""DF"";70;11","9;""BRASILIA"";""Sim"";""Desobediência às normas de trânsito pelo condutor"";2;""Colisão com objeto estático"";""Com Vítimas Feridas"";""Pleno dia"";""Decrescente"";""Nublado"";""Dupla"";""Reta"";""Sim"";464268;""Automóvel"";""HYUNDAI/HB20 1.0M COMFOR"";2015;""Condutor"";""Ileso"";22;""Masculino"";1;0;0;0;-15",789762;-48,"148727;""SR-DF"";""UOP06/DF"";"""""
"260157;580625;2020-01-01;""quarta"";""15:30:00"";""SC"";101;138","7;""BALNEARIO CAMBORIU"";""Sim"";""Defeito Mecânico no Veículo"";1;""Colisão frontal"";""Com Vítimas Feridas"";""Pleno dia"";""Crescente"";""Céu Claro"";""Simples"";""Interseção de vias"";""Não"";465593;""Bicicleta"";"""";NA;""Condutor"";""Lesões Leves"";20;""Masculino"";0;1;0;0;-27",02397426;-48,"60761649;""SR-SC"";""DEL8/4"";""UOP03/SC"""
"260157;580627;2020-01-01;""quarta"";""15:30:00"";""SC"";101;138","7;""BALNEARIO CAMBORIU"";""Sim"";""Defeito Mecânico no Veículo"";1;""Colisão frontal"";""Com Vítimas Feridas"";""Pleno dia"";""Crescente"";""Céu Claro"";""Simples"";""Interseção de vias"";""Não"";464250;""Automóvel"";""GM/ZAFIRA EXPRESSION"";2009;""Condutor"";""Ileso"";70;""Masculino"";1;0;0;0;-27",02397426;-48,"60761649;""SR-SC"";""DEL8/4"";""UOP03/SC"""
"260158;578698;2020-01-01;""quarta"";""15:50:00"";""MG"";40;780","6;""JUIZ DE FORA"";""Sim"";""Velocidade Incompatível"";1;""Queda de ocupante de veículo"";""Com Vítimas Feridas"";""Pleno dia"";""Decrescente"";""Nublado"";""Dupla"";""Curva"";""Não"";464264;""Motocicleta"";""YAMAHA/LANDER XTZ250"";2012;""Passageiro"";""Lesões Leves"";23;""Feminino"";0;1;0;0;-21",67939981;-43,"44987329;""SR-MG"";""DEL5"";""UOP01/MG"""
"260158;578696;2020-01-01;""quarta"";""15:50:00"";""MG"";40;780","6;""JUIZ DE FORA"";""Sim"";""Velocidade Incompatível"";1;""Queda de ocupante de veículo"";""Com Vítimas Feridas"";""Pleno dia"";""Decrescente"";""Nublado"";""Dupla"";""Curva"";""Não"";464264;""Motocicleta"";""YAMAHA/LANDER XTZ250"";2012;""Condutor"";""Lesões Leves"";30;""Masculino"";0;1;0;0;-21",67939981;-43,"44987329;""SR-MG"";""DEL5"";""UOP01/MG"""
"260159;578754;2020-01-01;""quarta"";""15:30:00"";""SC"";101;215;""PALHOCA"";""Sim"";""Falta de Atenção à Condução"";2;""Queda de ocupante de veículo"";""Com Vítimas Feridas"";""Pleno dia"";""Decrescente"";""Nublado"";""Dupla"";""Reta"";""Não"";464292;""Motocicleta"";""HONDA/CG 160 TITAN"";2019;""Condutor"";""Lesões Leves"";20;""Masculino"";0;1;0;0;-27",65184843;-48,"67604941;""SR-SC"";""DEL8/1"";""UOP02/SC""",
"260159;578752;2020-01-01;""quarta"";""15:30:00"";""SC"";101;215;""PALHOCA"";""Sim"";""Falta de Atenção à Condução"";2;""Queda de ocupante de veículo"";""Com Vítimas Feridas"";""Pleno dia"";""Decrescente"";""Nublado"";""Dupla"";""Reta"";""Não"";464292;""Motocicleta"";""HONDA/CG 160 TITAN"";2019;""Passageiro"";""Lesões Leves"";18;""Feminino"";0;1;0;0;-27",65184843;-48,"67604941;""SR-SC"";""DEL8/1"";""UOP02/SC""",
"260159;578754;2020-01-01;""quarta"";""15:30:00"";""SC"";101;215;""PALHOCA"";""Sim"";""Falta de Atenção à Condução"";1;""Tombamento"";""Com Vítimas Feridas"";""Pleno dia"";""Decrescente"";""Nublado"";""Dupla"";""Reta"";""Não"";464292;""Motocicleta"";""HONDA/CG 160 TITAN"";2019;""Condutor"";""Lesões Leves"";20;""Masculino"";0;1;0;0;-27",65184843;-48,"67604941;""SR-SC"";""DEL8/1"";""UOP02/SC""",
"260159;578752;2020-01-01;""quarta"";""15:30:00"";""SC"";101;215;""PALHOCA"";""Sim"";""Falta de Atenção à Condução"";1;""Tombamento"";""Com Vítimas Feridas"";""Pleno dia"";""Decrescente"";""Nublado"";""Dupla"";""Reta"";""Não"";464292;""Motocicleta"";""HONDA/CG 160 TITAN"";2019;""Passageiro"";""Lesões Leves"";18;""Feminino"";0;1;0;0;-27",65184843;-48,"67604941;""SR-SC"";""DEL8/1"";""UOP02/SC""",
"260160;578737;2020-01-01;""quarta"";""15:50:00"";""SC"";101;221;""PALHOCA"";""Sim"";""Falta de Atenção à Condução"";1;""Tombamento"";""Com Vítimas Feridas"";""Pleno dia"";""Crescente"";""Garoa/Chuvisco"";""Dupla"";""Reta"";""Sim"";464287;""Motocicleta"";""HONDA/CG 150 TITAN KS"";2006;""Condutor"";""Lesões Graves"";30;""Masculino"";0;0;1;0;-27",70012652;-48,"66021182;""SR-SC"";""DEL8/1"";""UOP02/SC""",
"260161;NA;2020-01-01;""quarta"";""14:25:00"";""MT"";364;59","8;""ALTO GARCAS"";""Sim"";""Defeito Mecânico no Veículo"";1;""Incêndio"";""Sem Vítimas"";""Pleno dia"";""Decrescente"";""Céu Claro"";""Simples"";""Curva"";""Sim"";464269;""Semireboque"";""SR/RANDON SR TQ"";2003;""Não Informado"";""Não Informado"";NA;""Não Informado"";0;0;0;0;-16",93422161;-53,"54225988;""SR-MT"";""DEL2/2"";""UOP04/MT"""
"260161;NA;2020-01-01;""quarta"";""14:25:00"";""MT"";364;59","8;""ALTO GARCAS"";""Sim"";""Defeito Mecânico no Veículo"";1;""Incêndio"";""Sem Vítimas"";""Pleno dia"";""Decrescente"";""Céu Claro"";""Simples"";""Curva"";""Sim"";464272;""Semireboque"";""SR/RANDON SR TQ"";2003;""Não Informado"";""Não Informado"";NA;""Não Informado"";0;0;0;0;-16",93422161;-53,"54225988;""SR-MT"";""DEL2/2"";""UOP04/MT"""
"260161;578694;2020-01-01;""quarta"";""14:25:00"";""MT"";364;59","8;""ALTO GARCAS"";""Sim"";""Defeito Mecânico no Veículo"";1;""Incêndio"";""Sem Vítimas"";""Pleno dia"";""Decrescente"";""Céu Claro"";""Simples"";""Curva"";""Sim"";464256;""Caminhão-trator"";""VOLVO/FH 440 6X2T"";2008;""Condutor"";""Ileso"";31;""Masculino"";1;0;0;0;-16",93422161;-53,"54225988;""SR-MT"";""DEL2/2"";""UOP04/MT"""
"260162;578976;2020-01-01;""quarta"";""14:45:00"";""RJ"";493;2","1;""ITABORAI"";""Sim"";""Falta de Atenção à Condução"";1;""Colisão traseira"";""Com Vítimas Feridas"";""Pleno dia"";""Decrescente"";""Céu Claro"";""Dupla"";""Reta"";""Sim"";464312;""Camioneta"";""FIAT/DOBLO ELX FLEX"";2006;""Condutor"";""Ileso"";48;""Masculino"";1;0;0;0;-22",75950214;-42,"93544822;""SR-RJ"";""DEL5/2"";""UOP01/RJ"""
"260162;578981;2020-01-01;""quarta"";""14:45:00"";""RJ"";493;2","1;""ITABORAI"";""Sim"";""Falta de Atenção à Condução"";1;""Colisão traseira"";""Com Vítimas Feridas"";""Pleno dia"";""Decrescente"";""Céu Claro"";""Dupla"";""Reta"";""Sim"";464313;""Motocicleta"";""HONDA/XRE 300"";2011;""Condutor"";""Lesões Leves"";31;""Masculino"";0;1;0;0;-22",75950214;-42,"93544822;""SR-RJ"";""DEL5/2"";""UOP01/RJ"""
"260163;580701;2020-01-01;""quarta"";""16:20:00"";""RJ"";393;243;""VASSOURAS"";""Sim"";""Falta de Atenção à Condução"";1;""Colisão frontal"";""Com Vítimas Feridas"";""Pleno dia"";""Decrescente"";""Chuva"";""Simples"";""Curva"";""Sim"";464368;""Caminhonete"";""VW/SAVEIRO 1.6"";2000;""Condutor"";""Lesões Leves"";21;""Masculino"";0;1;0;0;-22",43047331;-43,"69980995;""SR-RJ"";""DEL5/5"";""UOP01/RJ""",
"260163;580698;2020-01-01;""quarta"";""16:20:00"";""RJ"";393;243;""VASSOURAS"";""Sim"";""Falta de Atenção à Condução"";1;""Colisão frontal"";""Com Vítimas Feridas"";""Pleno dia"";""Decrescente"";""Chuva"";""Simples"";""Curva"";""Sim"";464367;""Automóvel"";""HONDA/CIVIC LXS FLEX"";2008;""Condutor"";""Ileso"";59;""Masculino"";1;0;0;0;-22",43047331;-43,"69980995;""SR-RJ"";""DEL5/5"";""UOP01/RJ""",
"260164;578862;2020-01-01;""quarta"";""14:30:00"";""MG"";365;65","7;""CLARO DOS POCOES"";""Não"";""Fenômenos da Natureza"";2;""Capotamento"";""Com Vítimas Feridas"";""Pleno dia"";""Decrescente"";""Chuva"";""Simples"";""Reta"";""Não"";464395;""Automóvel"";""FIAT/PALIO FIRE"";2014;""Passageiro"";""Lesões Leves"";24;""Feminino"";0;1;0;0;-17",0424831;-44,"32043986;""SR-MG"";""DEL4/12"";""UOP01/MG"""
"260164;578861;2020-01-01;""quarta"";""14:30:00"";""MG"";365;65","7;""CLARO DOS POCOES"";""Não"";""Fenômenos da Natureza"";2;""Capotamento"";""Com Vítimas Feridas"";""Pleno dia"";""Decrescente"";""Chuva"";""Simples"";""Reta"";""Não"";464395;""Automóvel"";""FIAT/PALIO FIRE"";2014;""Condutor"";""Lesões Leves"";32;""Masculino"";0;1;0;0;-17",0424831;-44,"32043986;""SR-MG"";""DEL4/12"";""UOP01/MG"""
"260164;578862;2020-01-01;""quarta"";""14:30:00"";""MG"";365;65","7;""CLARO DOS POCOES"";""Não"";""Fenômenos da Natureza"";1;""Saída de leito carroçável"";""Com Vítimas Feridas"";""Pleno dia"";""Decrescente"";""Chuva"";""Simples"";""Reta"";""Não"";464395;""Automóvel"";""FIAT/PALIO FIRE"";2014;""Passageiro"";""Lesões Leves"";24;""Feminino"";0;1;0;0;-17",0424831;-44,"32043986;""SR-MG"";""DEL4/12"";""UOP01/MG"""