"id;""pesid"";""data_inversa"";""dia_semana"";""horario"";""uf"";""br"";""km"";""municipio"";""causa_principal"";""causa_acidente"";""ordem_tipo_acidente"";""tipo_acidente"";""classificacao_acidente"";""fase_dia"";""sentido_via"";""condicao_metereologica"";""tipo_pista"";""tracado_via"";""uso_solo"";""id_veiculo"";""tipo_veiculo"";""marca"";""ano_fabricacao_veiculo"";""tipo_envolvido"";""estado_fisico"";""idade"";""sexo"";""ilesos"";""feridos_leves"";""feridos_graves"";""mortos"";""latitude"";""longitude"";""regional"";""delegacia"";""uop""",,,
"260164;578861;2020-01-01;""quarta"";""14:30:00"";""MG"";365;65","7;""CLARO DOS POCOES"";""Não"";""Fenômenos da Natureza"";1;""Saída de leito carroçável"";""Com Vítimas Feridas"";""Pleno dia"";""Decrescente"";""Chuva"";""Simples"";""Reta"";""Não"";464395;""Automóvel"";""FIAT/PALIO FIRE"";2014;""Condutor"";""Lesões Leves"";32;""Masculino"";0;1;0;0;-17",0424831;-44,"32043986;""SR-MG"";""DEL4/12"";""UOP01/MG"""
"260164;578862;2020-01-01;""quarta"";""14:30:00"";""MG"";365;65","7;""CLARO DOS POCOES"";""Sim"";""Avarias e/ou desgaste excessivo no pneu"";2;""Capotamento"";""Com Vítimas Feridas"";""Pleno dia"";""Decrescente"";""Chuva"";""Simples"";""Reta"";""Não"";464395;""Automóvel"";""FIAT/PALIO FIRE"";2014;""Passageiro"";""Lesões Leves"";24;""Feminino"";0;1;0;0;-17",0424831;-44,"32043986;""SR-MG"";""DEL4/12"";""UOP01/MG"""
"260164;578861;2020-01-01;""quarta"";""14:30:00"";""MG"";365;65","7;""CLARO DOS POCOES"";""Sim"";""Avarias e/ou desgaste excessivo no pneu"";2;""Capotamento"";""Com Vítimas Feridas"";""Pleno dia"";""Decrescente"";""Chuva"";""Simples"";""Reta"";""Não"";464395;""Automóvel"";""FIAT/PALIO FIRE"";2014;""Condutor"";""Lesões Leves"";32;""Masculino"";0;1;0;0;-17",0424831;-44,"32043986;""SR-MG"";""DEL4/12"";""UOP01/MG"""
"260164;578862;2020-01-01;""quarta"";""14:30:00"";""MG"";365;65","7;""CLARO DOS POCOES"";""Sim"";""Avarias e/ou desgaste excessivo no pneu"";1;""Saída de leito carroçável"";""Com Vítimas Feridas"";""Pleno dia"";""Decrescente"";""Chuva"";""Simples"";""Reta"";""Não"";464395;""Automóvel"";""FIAT/PALIO FIRE"";2014;""Passageiro"";""Lesões Leves"";24;""Feminino"";0;1;0;0;-17",0424831;-44,"32043986;""SR-MG"";""DEL4/12"";""UOP01/MG"""
"260164;578861;2020-01-01;""quarta"";""14:30:00"";""MG"";365;65","7;""CLARO DOS POCOES"";""Sim"";""Avarias e/ou desgaste excessivo no pneu"";1;""Saída de leito carroçável"";""Com Vítimas Feridas"";""Pleno dia"";""Decrescente"";""Chuva"";""Simples"";""Reta"";""Não"";464395;""Automóvel"";""FIAT/PALIO FIRE"";2014;""Condutor"";""Lesões Leves"";32;""Masculino"";0;1;0;0;-17",0424831;-44,"32043986;""SR-MG"";""DEL4/12"";""UOP01/MG"""
"260165;NA;2020-01-01;""quarta"";""14:50:00"";""MT"";163;605","5;""NOVA MUTUM"";""Sim"";""Falta de Atenção à Condução"";1;""Saída de leito carroçável"";""Com Vítimas Feridas"";""Pleno dia"";""Decrescente"";""Céu Claro"";""Simples"";""Não Informado"";""Não"";464349;""Semireboque"";""SR/RANDON SR CA"";2013;""Não Informado"";""Não Informado"";NA;""Não Informado"";0;0;0;0;-13",75817491;-56,"0531795;""SR-MT"";""DEL2/4"";""UOP01/MT"""
"260165;578817;2020-01-01;""quarta"";""14:50:00"";""MT"";163;605","5;""NOVA MUTUM"";""Sim"";""Falta de Atenção à Condução"";1;""Saída de leito carroçável"";""Com Vítimas Feridas"";""Pleno dia"";""Decrescente"";""Céu Claro"";""Simples"";""Não Informado"";""Não"";464336;""Caminhão-trator"";""SCANIA/R 440 A6X2"";2017;""Passageiro"";""Lesões Leves"";36;""Feminino"";0;1;0;0;-13",75817491;-56,"0531795;""SR-MT"";""DEL2/4"";""UOP01/MT"""
"260165;578818;2020-01-01;""quarta"";""14:50:00"";""MT"";163;605","5;""NOVA MUTUM"";""Sim"";""Falta de Atenção à Condução"";1;""Saída de leito carroçável"";""Com Vítimas Feridas"";""Pleno dia"";""Decrescente"";""Céu Claro"";""Simples"";""Não Informado"";""Não"";464336;""Caminhão-trator"";""SCANIA/R 440 A6X2"";2017;""Passageiro"";""Lesões Leves"";33;""Feminino"";0;1;0;0;-13",75817491;-56,"0531795;""SR-MT"";""DEL2/4"";""UOP01/MT"""
"260165;578819;2020-01-01;""quarta"";""14:50:00"";""MT"";163;605","5;""NOVA MUTUM"";""Sim"";""Falta de Atenção à Condução"";1;""Saída de leito carroçável"";""Com Vítimas Feridas"";""Pleno dia"";""Decrescente"";""Céu Claro"";""Simples"";""Não Informado"";""Não"";464336;""Caminhão-trator"";""SCANIA/R 440 A6X2"";2017;""Passageiro"";""Lesões Leves"";33;""Masculino"";0;1;0;0;-13",75817491;-56,"0531795;""SR-MT"";""DEL2/4"";""UOP01/MT"""
"260165;578815;2020-01-01;""quarta"";""14:50:00"";""MT"";163;605","5;""NOVA MUTUM"";""Sim"";""Falta de Atenção à Condução"";1;""Saída de leito carroçável"";""Com Vítimas Feridas"";""Pleno dia"";""Decrescente"";""Céu Claro"";""Simples"";""Não Informado"";""Não"";464336;""Caminhão-trator"";""SCANIA/R 440 A6X2"";2017;""Condutor"";""Lesões Graves"";60;""Masculino"";0;0;1;0;-13",75817491;-56,"0531795;""SR-MT"";""DEL2/4"";""UOP01/MT"""
"260165;NA;2020-01-01;""quarta"";""14:50:00"";""MT"";163;605","5;""NOVA MUTUM"";""Sim"";""Falta de Atenção à Condução"";2;""Colisão com objeto estático"";""Com Vítimas Feridas"";""Pleno dia"";""Decrescente"";""Céu Claro"";""Simples"";""Não Informado"";""Não"";464349;""Semireboque"";""SR/RANDON SR CA"";2013;""Não Informado"";""Não Informado"";NA;""Não Informado"";0;0;0;0;-13",75817491;-56,"0531795;""SR-MT"";""DEL2/4"";""UOP01/MT"""
"260165;578817;2020-01-01;""quarta"";""14:50:00"";""MT"";163;605","5;""NOVA MUTUM"";""Sim"";""Falta de Atenção à Condução"";2;""Colisão com objeto estático"";""Com Vítimas Feridas"";""Pleno dia"";""Decrescente"";""Céu Claro"";""Simples"";""Não Informado"";""Não"";464336;""Caminhão-trator"";""SCANIA/R 440 A6X2"";2017;""Passageiro"";""Lesões Leves"";36;""Feminino"";0;1;0;0;-13",75817491;-56,"0531795;""SR-MT"";""DEL2/4"";""UOP01/MT"""
"260165;578818;2020-01-01;""quarta"";""14:50:00"";""MT"";163;605","5;""NOVA MUTUM"";""Sim"";""Falta de Atenção à Condução"";2;""Colisão com objeto estático"";""Com Vítimas Feridas"";""Pleno dia"";""Decrescente"";""Céu Claro"";""Simples"";""Não Informado"";""Não"";464336;""Caminhão-trator"";""SCANIA/R 440 A6X2"";2017;""Passageiro"";""Lesões Leves"";33;""Feminino"";0;1;0;0;-13",75817491;-56,"0531795;""SR-MT"";""DEL2/4"";""UOP01/MT"""
"260165;578819;2020-01-01;""quarta"";""14:50:00"";""MT"";163;605","5;""NOVA MUTUM"";""Sim"";""Falta de Atenção à Condução"";2;""Colisão com objeto estático"";""Com Vítimas Feridas"";""Pleno dia"";""Decrescente"";""Céu Claro"";""Simples"";""Não Informado"";""Não"";464336;""Caminhão-trator"";""SCANIA/R 440 A6X2"";2017;""Passageiro"";""Lesões Leves"";33;""Masculino"";0;1;0;0;-13",75817491;-56,"0531795;""SR-MT"";""DEL2/4"";""UOP01/MT"""
"260165;578815;2020-01-01;""quarta"";""14:50:00"";""MT"";163;605","5;""NOVA MUTUM"";""Sim"";""Falta de Atenção à Condução"";2;""Colisão com objeto estático"";""Com Vítimas Feridas"";""Pleno dia"";""Decrescente"";""Céu Claro"";""Simples"";""Não Informado"";""Não"";464336;""Caminhão-trator"";""SCANIA/R 440 A6X2"";2017;""Condutor"";""Lesões Graves"";60;""Masculino"";0;0;1;0;-13",75817491;-56,"0531795;""SR-MT"";""DEL2/4"";""UOP01/MT"""
"260166;578772;2020-01-01;""quarta"";""16:25:00"";""SC"";101;179;""BIGUACU"";""Sim"";""Defeito Mecânico no Veículo"";1;""Tombamento"";""Com Vítimas Feridas"";""Pleno dia"";""Decrescente"";""Nublado"";""Dupla"";""Curva"";""Sim"";464298;""Motocicleta"";""HONDA/CG 160 START"";2017;""Condutor"";""Lesões Leves"";37;""Feminino"";0;1;0;0;-27",37436356;-48,"63253713;""SR-SC"";""DEL8/1"";""UOP01/SC""",
"260166;578772;2020-01-01;""quarta"";""16:25:00"";""SC"";101;179;""BIGUACU"";""Sim"";""Defeito Mecânico no Veículo"";2;""Queda de ocupante de veículo"";""Com Vítimas Feridas"";""Pleno dia"";""Decrescente"";""Nublado"";""Dupla"";""Curva"";""Sim"";464298;""Motocicleta"";""HONDA/CG 160 START"";2017;""Condutor"";""Lesões Leves"";37;""Feminino"";0;1;0;0;-27",37436356;-48,"63253713;""SR-SC"";""DEL8/1"";""UOP01/SC""",
"260167;578821;2020-01-01;""quarta"";""16:30:00"";""MG"";381;895;""CAMBUI"";""Sim"";""Falta de Atenção à Condução"";1;""Colisão traseira"";""Sem Vítimas"";""Pleno dia"";""Crescente"";""Nublado"";""Dupla"";""Reta"";""Não"";464323;""Caminhonete"";""FIAT/STRADA TREK CE FLEX"";2007;""Condutor"";""Ileso"";64;""Masculino"";1;0;0;0;-22",62324893;-46,"07503911;""SR-MG"";""DEL09"";""UOP03/MG""",
"260167;578822;2020-01-01;""quarta"";""16:30:00"";""MG"";381;895;""CAMBUI"";""Sim"";""Falta de Atenção à Condução"";1;""Colisão traseira"";""Sem Vítimas"";""Pleno dia"";""Crescente"";""Nublado"";""Dupla"";""Reta"";""Não"";464322;""Automóvel"";""FIAT/UNO MILLE"";1990;""Condutor"";""Ileso"";NA;""Masculino"";1;0;0;0;-22",62324893;-46,"07503911;""SR-MG"";""DEL09"";""UOP03/MG""",
"260168;578693;2020-01-01;""quarta"";""16:15:00"";""SC"";280;21;""ARAQUARI"";""Sim"";""Falta de Atenção à Condução"";1;""Queda de ocupante de veículo"";""Com Vítimas Feridas"";""Pleno dia"";""Decrescente"";""Chuva"";""Simples"";""Reta"";""Não"";464267;""Motocicleta"";""HONDA/NXR150 BROS MIX ES"";2010;""Condutor"";""Lesões Leves"";56;""Masculino"";0;1;0;0;-26",37043169;-48,"69219602;""SR-SC"";""DEL8/3"";""UOP03/SC""",
"260169;578756;2020-01-01;""quarta"";""16:40:00"";""SC"";282;75;""RANCHO QUEIMADO"";""Sim"";""Velocidade Incompatível"";2;""Colisão com objeto estático"";""Com Vítimas Feridas"";""Pleno dia"";""Decrescente"";""Chuva"";""Simples"";""Curva"";""Não"";464285;""Automóvel"";""I/HYUNDAI I30 2.0"";2010;""Condutor"";""Lesões Graves"";56;""Masculino"";0;0;1;0;-27",690931;-49,"129143;""SR-SC"";""DEL8/1"";""UOP03/SC""",
"260169;578756;2020-01-01;""quarta"";""16:40:00"";""SC"";282;75;""RANCHO QUEIMADO"";""Sim"";""Velocidade Incompatível"";1;""Saída de leito carroçável"";""Com Vítimas Feridas"";""Pleno dia"";""Decrescente"";""Chuva"";""Simples"";""Curva"";""Não"";464285;""Automóvel"";""I/HYUNDAI I30 2.0"";2010;""Condutor"";""Lesões Graves"";56;""Masculino"";0;0;1;0;-27",690931;-49,"129143;""SR-SC"";""DEL8/1"";""UOP03/SC""",
"260170;578734;2020-01-01;""quarta"";""15:00:00"";""GO"";153;517","8;""HIDROLANDIA"";""Sim"";""Falta de Atenção à Condução"";2;""Capotamento"";""Com Vítimas Feridas"";""Pleno dia"";""Crescente"";""Sol"";""Dupla"";""Não Informado"";""Não"";464270;""Automóvel"";""HYUNDAI/HB20S 1.6A COMF"";2015;""Condutor"";""Lesões Leves"";44;""Masculino"";0;1;0;0;-16",8581;-49,"2488;""SR-GO"";""DEL1/1"";""UOP03/GO"""
"260170;578734;2020-01-01;""quarta"";""15:00:00"";""GO"";153;517","8;""HIDROLANDIA"";""Sim"";""Falta de Atenção à Condução"";1;""Saída de leito carroçável"";""Com Vítimas Feridas"";""Pleno dia"";""Crescente"";""Sol"";""Dupla"";""Não Informado"";""Não"";464270;""Automóvel"";""HYUNDAI/HB20S 1.6A COMF"";2015;""Condutor"";""Lesões Leves"";44;""Masculino"";0;1;0;0;-16",8581;-49,"2488;""SR-GO"";""DEL1/1"";""UOP03/GO"""
"260172;578812;2020-01-01;""quarta"";""16:30:00"";""PE"";408;75","4;""PAUDALHO"";""Não"";""Falta de Atenção à Condução"";1;""Colisão traseira"";""Com Vítimas Feridas"";""Anoitecer"";""Decrescente"";""Céu Claro"";""Dupla"";""Reta"";""Não"";464345;""Motocicleta"";""HONDA/NXR150 BROS ES"";2012;""Passageiro"";""Lesões Leves"";38;""Masculino"";0;1;0;0;-7",90594592;-35,"1732636;""SR-PE"";""DEL11/1"";""UOP01/PE"""
"260172;578809;2020-01-01;""quarta"";""16:30:00"";""PE"";408;75","4;""PAUDALHO"";""Não"";""Falta de Atenção à Condução"";1;""Colisão traseira"";""Com Vítimas Feridas"";""Anoitecer"";""Decrescente"";""Céu Claro"";""Dupla"";""Reta"";""Não"";464345;""Motocicleta"";""HONDA/NXR150 BROS ES"";2012;""Condutor"";""Lesões Leves"";35;""Masculino"";0;1;0;0;-7",90594592;-35,"1732636;""SR-PE"";""DEL11/1"";""UOP01/PE"""
"260172;578804;2020-01-01;""quarta"";""16:30:00"";""PE"";408;75","4;""PAUDALHO"";""Não"";""Falta de Atenção à Condução"";1;""Colisão traseira"";""Com Vítimas Feridas"";""Anoitecer"";""Decrescente"";""Céu Claro"";""Dupla"";""Reta"";""Não"";464344;""Automóvel"";""CHEV/SPIN 1.8L MT LT"";2013;""Condutor"";""Ileso"";63;""Masculino"";1;0;0;0;-7",90594592;-35,"1732636;""SR-PE"";""DEL11/1"";""UOP01/PE"""
"260172;578812;2020-01-01;""quarta"";""16:30:00"";""PE"";408;75","4;""PAUDALHO"";""Não"";""Sinalização da via insuficiente ou inadequada"";1;""Colisão traseira"";""Com Vítimas Feridas"";""Anoitecer"";""Decrescente"";""Céu Claro"";""Dupla"";""Reta"";""Não"";464345;""Motocicleta"";""HONDA/NXR150 BROS ES"";2012;""Passageiro"";""Lesões Leves"";38;""Masculino"";0;1;0;0;-7",90594592;-35,"1732636;""SR-PE"";""DEL11/1"";""UOP01/PE"""
"260172;578809;2020-01-01;""quarta"";""16:30:00"";""PE"";408;75","4;""PAUDALHO"";""Não"";""Sinalização da via insuficiente ou inadequada"";1;""Colisão traseira"";""Com Vítimas Feridas"";""Anoitecer"";""Decrescente"";""Céu Claro"";""Dupla"";""Reta"";""Não"";464345;""Motocicleta"";""HONDA/NXR150 BROS ES"";2012;""Condutor"";""Lesões Leves"";35;""Masculino"";0;1;0;0;-7",90594592;-35,"1732636;""SR-PE"";""DEL11/1"";""UOP01/PE"""
"260172;578804;2020-01-01;""quarta"";""16:30:00"";""PE"";408;75","4;""PAUDALHO"";""Não"";""Sinalização da via insuficiente ou inadequada"";1;""Colisão traseira"";""Com Vítimas Feridas"";""Anoitecer"";""Decrescente"";""Céu Claro"";""Dupla"";""Reta"";""Não"";464344;""Automóvel"";""CHEV/SPIN 1.8L MT LT"";2013;""Condutor"";""Ileso"";63;""Masculino"";1;0;0;0;-7",90594592;-35,"1732636;""SR-PE"";""DEL11/1"";""UOP01/PE"""
"260172;578812;2020-01-01;""quarta"";""16:30:00"";""PE"";408;75","4;""PAUDALHO"";""Sim"";""Não guardar distância de segurança"";1;""Colisão traseira"";""Com Vítimas Feridas"";""Anoitecer"";""Decrescente"";""Céu Claro"";""Dupla"";""Reta"";""Não"";464345;""Motocicleta"";""HONDA/NXR150 BROS ES"";2012;""Passageiro"";""Lesões Leves"";38;""Masculino"";0;1;0;0;-7",90594592;-35,"1732636;""SR-PE"";""DEL11/1"";""UOP01/PE"""
"260172;578809;2020-01-01;""quarta"";""16:30:00"";""PE"";408;75","4;""PAUDALHO"";""Sim"";""Não guardar distância de segurança"";1;""Colisão traseira"";""Com Vítimas Feridas"";""Anoitecer"";""Decrescente"";""Céu Claro"";""Dupla"";""Reta"";""Não"";464345;""Motocicleta"";""HONDA/NXR150 BROS ES"";2012;""Condutor"";""Lesões Leves"";35;""Masculino"";0;1;0;0;-7",90594592;-35,"1732636;""SR-PE"";""DEL11/1"";""UOP01/PE"""
"260172;578804;2020-01-01;""quarta"";""16:30:00"";""PE"";408;75","4;""PAUDALHO"";""Sim"";""Não guardar distância de segurança"";1;""Colisão traseira"";""Com Vítimas Feridas"";""Anoitecer"";""Decrescente"";""Céu Claro"";""Dupla"";""Reta"";""Não"";464344;""Automóvel"";""CHEV/SPIN 1.8L MT LT"";2013;""Condutor"";""Ileso"";63;""Masculino"";1;0;0;0;-7",90594592;-35,"1732636;""SR-PE"";""DEL11/1"";""UOP01/PE"""
"260173;579602;2020-01-01;""quarta"";""16:10:00"";""SC"";282;388","9;""JOACABA"";""Sim"";""Falta de Atenção à Condução"";1;""Colisão com objeto estático"";""Sem Vítimas"";""Pleno dia"";""Decrescente"";""Nublado"";""Simples"";""Curva"";""Não"";464331;""Caminhão"";""VW/8.150"";2002;""Condutor"";""Ileso"";55;""Masculino"";1;0;0;0;-27",179003;-51,"531616;""SR-SC"";""DEL7"";""UOP07/SC"""
"260174;578714;2020-01-01;""quarta"";""16:30:00"";""PR"";376;425","3;""TIBAGI"";""Sim"";""Velocidade Incompatível"";1;""Saída de leito carroçável"";""Sem Vítimas"";""Pleno dia"";""Decrescente"";""Nublado"";""Simples"";""Curva"";""Não"";464279;""Automóvel"";""CITROEN/C3 GLX 14 FLEX"";2010;""Condutor"";""Não Informado"";NA;""Não Informado"";0;0;0;0;-24",7589837;-50,"53031553;""SR-PR"";""DEL7/3"";""UOP05/PR"""
"260174;578714;2020-01-01;""quarta"";""16:30:00"";""PR"";376;425","3;""TIBAGI"";""Sim"";""Velocidade Incompatível"";2;""Colisão com objeto estático"";""Sem Vítimas"";""Pleno dia"";""Decrescente"";""Nublado"";""Simples"";""Curva"";""Não"";464279;""Automóvel"";""CITROEN/C3 GLX 14 FLEX"";2010;""Condutor"";""Não Informado"";NA;""Não Informado"";0;0;0;0;-24",7589837;-50,"53031553;""SR-PR"";""DEL7/3"";""UOP05/PR"""
"260175;578764;2020-01-01;""quarta"";""15:30:00"";""PR"";163;180","8;""SANTA TEREZA DO OESTE"";""Sim"";""Avarias e/ou desgaste excessivo no pneu"";1;""Capotamento"";""Com Vítimas Feridas"";""Pleno dia"";""Decrescente"";""Chuva"";""Dupla"";""Não Informado"";""Não"";464299;""Automóvel"";""FIAT/PALIO ELX"";2000;""Passageiro"";""Lesões Leves"";44;""Feminino"";0;1;0;0;-25",17526492;-53,"60316959;""SR-PR"";""DEL7/4"";""UOP06/PR"""
"260175;578762;2020-01-01;""quarta"";""15:30:00"";""PR"";163;180","8;""SANTA TEREZA DO OESTE"";""Sim"";""Avarias e/ou desgaste excessivo no pneu"";1;""Capotamento"";""Com Vítimas Feridas"";""Pleno dia"";""Decrescente"";""Chuva"";""Dupla"";""Não Informado"";""Não"";464299;""Automóvel"";""FIAT/PALIO ELX"";2000;""Condutor"";""Não Informado"";NA;""Não Informado"";0;0;0;0;-25",17526492;-53,"60316959;""SR-PR"";""DEL7/4"";""UOP06/PR"""
"260176;578719;2020-01-01;""quarta"";""16:30:00"";""MA"";135;10;""SAO LUIS"";""Sim"";""Falta de Atenção à Condução"";1;""Colisão lateral"";""Sem Vítimas"";""Pleno dia"";""Crescente"";""Nublado"";""Dupla"";""Curva"";""Sim"";464278;""Automóvel"";""FIAT/UNO MILLE FIRE FLEX"";2007;""Condutor"";""Ileso"";46;""Masculino"";1;0;0;0;-2",655912;-44,"28629098;""SR-MA"";""DEL18/1"";""UOP01/MA""",
"260176;578718;2020-01-01;""quarta"";""16:30:00"";""MA"";135;10;""SAO LUIS"";""Sim"";""Falta de Atenção à Condução"";1;""Colisão lateral"";""Sem Vítimas"";""Pleno dia"";""Crescente"";""Nublado"";""Dupla"";""Curva"";""Sim"";464277;""Automóvel"";""FORD/KA SE 1.0 HA C"";2018;""Condutor"";""Ileso"";32;""Masculino"";1;0;0;0;-2",655912;-44,"28629098;""SR-MA"";""DEL18/1"";""UOP01/MA""",
"260176;578719;2020-01-01;""quarta"";""16:30:00"";""MA"";135;10;""SAO LUIS"";""Sim"";""Falta de Atenção à Condução"";2;""Capotamento"";""Sem Vítimas"";""Pleno dia"";""Crescente"";""Nublado"";""Dupla"";""Curva"";""Sim"";464278;""Automóvel"";""FIAT/UNO MILLE FIRE FLEX"";2007;""Condutor"";""Ileso"";46;""Masculino"";1;0;0;0;-2",655912;-44,"28629098;""SR-MA"";""DEL18/1"";""UOP01/MA""",
"260176;578718;2020-01-01;""quarta"";""16:30:00"";""MA"";135;10;""SAO LUIS"";""Sim"";""Falta de Atenção à Condução"";2;""Capotamento"";""Sem Vítimas"";""Pleno dia"";""Crescente"";""Nublado"";""Dupla"";""Curva"";""Sim"";464277;""Automóvel"";""FORD/KA SE 1.0 HA C"";2018;""Condutor"";""Ileso"";32;""Masculino"";1;0;0;0;-2",655912;-44,"28629098;""SR-MA"";""DEL18/1"";""UOP01/MA""",
"260177;580551;2020-01-01;""quarta"";""13:50:00"";""SC"";163;121;""DIONISIO CERQUEIRA"";""Sim"";""Avarias e/ou desgaste excessivo no pneu"";1;""Saída de leito carroçável"";""Sem Vítimas"";""Pleno dia"";""Decrescente"";""Chuva"";""Simples"";""Curva"";""Não"";464275;""Automóvel"";""I/BMW M5 FV91"";2013;""Passageiro"";""Ileso"";25;""Masculino"";1;0;0;0;-26",320844;-53,"550503;""SR-SC"";""DEL7"";""UOP04/SC""",
"260177;580550;2020-01-01;""quarta"";""13:50:00"";""SC"";163;121;""DIONISIO CERQUEIRA"";""Sim"";""Avarias e/ou desgaste excessivo no pneu"";1;""Saída de leito carroçável"";""Sem Vítimas"";""Pleno dia"";""Decrescente"";""Chuva"";""Simples"";""Curva"";""Não"";464275;""Automóvel"";""I/BMW M5 FV91"";2013;""Passageiro"";""Ileso"";10;""Masculino"";1;0;0;0;-26",320844;-53,"550503;""SR-SC"";""DEL7"";""UOP04/SC""",
"260177;580548;2020-01-01;""quarta"";""13:50:00"";""SC"";163;121;""DIONISIO CERQUEIRA"";""Sim"";""Avarias e/ou desgaste excessivo no pneu"";1;""Saída de leito carroçável"";""Sem Vítimas"";""Pleno dia"";""Decrescente"";""Chuva"";""Simples"";""Curva"";""Não"";464275;""Automóvel"";""I/BMW M5 FV91"";2013;""Passageiro"";""Ileso"";23;""Feminino"";1;0;0;0;-26",320844;-53,"550503;""SR-SC"";""DEL7"";""UOP04/SC""",
"260177;580547;2020-01-01;""quarta"";""13:50:00"";""SC"";163;121;""DIONISIO CERQUEIRA"";""Sim"";""Avarias e/ou desgaste excessivo no pneu"";1;""Saída de leito carroçável"";""Sem Vítimas"";""Pleno dia"";""Decrescente"";""Chuva"";""Simples"";""Curva"";""Não"";464275;""Automóvel"";""I/BMW M5 FV91"";2013;""Condutor"";""Ileso"";46;""Masculino"";1;0;0;0;-26",320844;-53,"550503;""SR-SC"";""DEL7"";""UOP04/SC""",
"260178;578885;2020-01-01;""quarta"";""15:10:00"";""PB"";230;164;""CAMPINA GRANDE"";""Sim"";""Falta de Atenção à Condução"";1;""Saída de leito carroçável"";""Com Vítimas Fatais"";""Pleno dia"";""Crescente"";""Chuva"";""Simples"";""Curva"";""Sim"";464420;""Motocicleta"";""HONDA/XRE 300"";NA;""Condutor"";""Óbito"";26;""Masculino"";0;0;0;1;-7",21058153;-35,"93318939;""SR-PB"";""DEL14/2"";""UOP01/PB""",
"260178;578885;2020-01-01;""quarta"";""15:10:00"";""PB"";230;164;""CAMPINA GRANDE"";""Sim"";""Falta de Atenção à Condução"";2;""Queda de ocupante de veículo"";""Com Vítimas Fatais"";""Pleno dia"";""Crescente"";""Chuva"";""Simples"";""Curva"";""Sim"";464420;""Motocicleta"";""HONDA/XRE 300"";NA;""Condutor"";""Óbito"";26;""Masculino"";0;0;0;1;-7",21058153;-35,"93318939;""SR-PB"";""DEL14/2"";""UOP01/PB""",
"260179;578828;2020-01-01;""quarta"";""16:40:00"";""CE"";20;283","7;""CANINDE"";""Sim"";""Velocidade Incompatível"";1;""Colisão com objeto estático"";""Com Vítimas Feridas"";""Pleno dia"";""Crescente"";""Nublado"";""Simples"";""Reta"";""Não"";464362;""Automóvel"";""FIAT/PALIO FIRE ECONOMY"";2012;""Passageiro"";""Lesões Leves"";27;""Masculino"";0;1;0;0;-4",52856595;-39,"3636788;""SR-CE"";""DEL16/2"";""UOP01/CE"""
"260179;578850;2020-01-01;""quarta"";""16:40:00"";""CE"";20;283","7;""CANINDE"";""Sim"";""Velocidade Incompatível"";1;""Colisão com objeto estático"";""Com Vítimas Feridas"";""Pleno dia"";""Crescente"";""Nublado"";""Simples"";""Reta"";""Não"";464362;""Automóvel"";""FIAT/PALIO FIRE ECONOMY"";2012;""Passageiro"";""Lesões Leves"";32;""Masculino"";0;1;0;0;-4",52856595;-39,"3636788;""SR-CE"";""DEL16/2"";""UOP01/CE"""
"260179;578830;2020-01-01;""quarta"";""16:40:00"";""CE"";20;283","7;""CANINDE"";""Sim"";""Velocidade Incompatível"";1;""Colisão com objeto estático"";""Com Vítimas Feridas"";""Pleno dia"";""Crescente"";""Nublado"";""Simples"";""Reta"";""Não"";464362;""Automóvel"";""FIAT/PALIO FIRE ECONOMY"";2012;""Condutor"";""Lesões Leves"";35;""Masculino"";0;1;0;0;-4",52856595;-39,"3636788;""SR-CE"";""DEL16/2"";""UOP01/CE"""
"260179;578828;2020-01-01;""quarta"";""16:40:00"";""CE"";20;283","7;""CANINDE"";""Sim"";""Velocidade Incompatível"";2;""Capotamento"";""Com Vítimas Feridas"";""Pleno dia"";""Crescente"";""Nublado"";""Simples"";""Reta"";""Não"";464362;""Automóvel"";""FIAT/PALIO FIRE ECONOMY"";2012;""Passageiro"";""Lesões Leves"";27;""Masculino"";0;1;0;0;-4",52856595;-39,"3636788;""SR-CE"";""DEL16/2"";""UOP01/CE"""
"260179;578850;2020-01-01;""quarta"";""16:40:00"";""CE"";20;283","7;""CANINDE"";""Sim"";""Velocidade Incompatível"";2;""Capotamento"";""Com Vítimas Feridas"";""Pleno dia"";""Crescente"";""Nublado"";""Simples"";""Reta"";""Não"";464362;""Automóvel"";""FIAT/PALIO FIRE ECONOMY"";2012;""Passageiro"";""Lesões Leves"";32;""Masculino"";0;1;0;0;-4",52856595;-39,"3636788;""SR-CE"";""DEL16/2"";""UOP01/CE"""
"260179;578830;2020-01-01;""quarta"";""16:40:00"";""CE"";20;283","7;""CANINDE"";""Sim"";""Velocidade Incompatível"";2;""Capotamento"";""Com Vítimas Feridas"";""Pleno dia"";""Crescente"";""Nublado"";""Simples"";""Reta"";""Não"";464362;""Automóvel"";""FIAT/PALIO FIRE ECONOMY"";2012;""Condutor"";""Lesões Leves"";35;""Masculino"";0;1;0;0;-4",52856595;-39,"3636788;""SR-CE"";""DEL16/2"";""UOP01/CE"""