"id;""pesid"";""data_inversa"";""dia_semana"";""horario"";""uf"";""br"";""km"";""municipio"";""causa_principal"";""causa_acidente"";""ordem_tipo_acidente"";""tipo_acidente"";""classificacao_acidente"";""fase_dia"";""sentido_via"";""condicao_metereologica"";""tipo_pista"";""tracado_via"";""uso_solo"";""id_veiculo"";""tipo_veiculo"";""marca"";""ano_fabricacao_veiculo"";""tipo_envolvido"";""estado_fisico"";""idade"";""sexo"";""ilesos"";""feridos_leves"";""feridos_graves"";""mortos"";""latitude"";""longitude"";""regional"";""delegacia"";""uop""",,,
"260180;581115;2020-01-01;""quarta"";""17:30:00"";""PE"";101;186;""PALMARES"";""Sim"";""Desobediência às normas de trânsito pelo condutor"";1;""Colisão transversal"";""Com Vítimas Feridas"";""Anoitecer"";""Decrescente"";""Céu Claro"";""Dupla"";""Reta"";""Não"";464339;""Motocicleta"";""HONDA/CB 250F TWISTER"";2016;""Condutor"";""Lesões Leves"";56;""Masculino"";0;1;0;0;-8",68263674;-35,"57938824;""SR-PE"";""DEL11/1"";""UOP03/PE""",
"260180;581118;2020-01-01;""quarta"";""17:30:00"";""PE"";101;186;""PALMARES"";""Sim"";""Desobediência às normas de trânsito pelo condutor"";1;""Colisão transversal"";""Com Vítimas Feridas"";""Anoitecer"";""Decrescente"";""Céu Claro"";""Dupla"";""Reta"";""Não"";464338;""Automóvel"";""CHEVROLET/CLASSIC LS"";2010;""Condutor"";""Não Informado"";NA;""Não Informado"";0;0;0;0;-8",68263674;-35,"57938824;""SR-PE"";""DEL11/1"";""UOP03/PE""",
"260181;580996;2020-01-01;""quarta"";""14:00:00"";""RJ"";101;491;""ANGRA DOS REIS"";""Sim"";""Desobediência às normas de trânsito pelo condutor"";2;""Saída de leito carroçável"";""Com Vítimas Feridas"";""Pleno dia"";""Crescente"";""Nublado"";""Simples"";""Reta"";""Não"";464343;""Motocicleta"";""HONDA/CG 150 SPORT"";2006;""Passageiro"";""Lesões Leves"";21;""Masculino"";0;1;0;0;-22",95442983;-44,"32193004;""SR-RJ"";""DEL5/3"";""UOP02/RJ""",
"260181;580995;2020-01-01;""quarta"";""14:00:00"";""RJ"";101;491;""ANGRA DOS REIS"";""Sim"";""Desobediência às normas de trânsito pelo condutor"";2;""Saída de leito carroçável"";""Com Vítimas Feridas"";""Pleno dia"";""Crescente"";""Nublado"";""Simples"";""Reta"";""Não"";464343;""Motocicleta"";""HONDA/CG 150 SPORT"";2006;""Condutor"";""Lesões Graves"";23;""Masculino"";0;0;1;0;-22",95442983;-44,"32193004;""SR-RJ"";""DEL5/3"";""UOP02/RJ""",
"260181;580987;2020-01-01;""quarta"";""14:00:00"";""RJ"";101;491;""ANGRA DOS REIS"";""Sim"";""Desobediência às normas de trânsito pelo condutor"";2;""Saída de leito carroçável"";""Com Vítimas Feridas"";""Pleno dia"";""Crescente"";""Nublado"";""Simples"";""Reta"";""Não"";464342;""Automóvel"";""CHEVROLET/CRUZE LT HB"";2013;""Condutor"";""Ileso"";35;""Masculino"";1;0;0;0;-22",95442983;-44,"32193004;""SR-RJ"";""DEL5/3"";""UOP02/RJ""",
"260181;580996;2020-01-01;""quarta"";""14:00:00"";""RJ"";101;491;""ANGRA DOS REIS"";""Sim"";""Desobediência às normas de trânsito pelo condutor"";1;""Colisão transversal"";""Com Vítimas Feridas"";""Pleno dia"";""Crescente"";""Nublado"";""Simples"";""Reta"";""Não"";464343;""Motocicleta"";""HONDA/CG 150 SPORT"";2006;""Passageiro"";""Lesões Leves"";21;""Masculino"";0;1;0;0;-22",95442983;-44,"32193004;""SR-RJ"";""DEL5/3"";""UOP02/RJ""",
"260181;580995;2020-01-01;""quarta"";""14:00:00"";""RJ"";101;491;""ANGRA DOS REIS"";""Sim"";""Desobediência às normas de trânsito pelo condutor"";1;""Colisão transversal"";""Com Vítimas Feridas"";""Pleno dia"";""Crescente"";""Nublado"";""Simples"";""Reta"";""Não"";464343;""Motocicleta"";""HONDA/CG 150 SPORT"";2006;""Condutor"";""Lesões Graves"";23;""Masculino"";0;0;1;0;-22",95442983;-44,"32193004;""SR-RJ"";""DEL5/3"";""UOP02/RJ""",
"260181;580987;2020-01-01;""quarta"";""14:00:00"";""RJ"";101;491;""ANGRA DOS REIS"";""Sim"";""Desobediência às normas de trânsito pelo condutor"";1;""Colisão transversal"";""Com Vítimas Feridas"";""Pleno dia"";""Crescente"";""Nublado"";""Simples"";""Reta"";""Não"";464342;""Automóvel"";""CHEVROLET/CRUZE LT HB"";2013;""Condutor"";""Ileso"";35;""Masculino"";1;0;0;0;-22",95442983;-44,"32193004;""SR-RJ"";""DEL5/3"";""UOP02/RJ""",
"260182;581630;2020-01-01;""quarta"";""17:35:00"";""PI"";343;320","4;""ALTOS"";""Sim"";""Defeito na Via"";1;""Tombamento"";""Com Vítimas Feridas"";""Pleno dia"";""Crescente"";""Garoa/Chuvisco"";""Simples"";""Reta"";""Não"";464378;""Motocicleta"";""HONDA/POP 110I"";2017;""Passageiro"";""Lesões Leves"";47;""Feminino"";0;1;0;0;-5",048756;-42,"569283;""SR-PI"";""DEL17/1"";""UOP01/PI"""
"260182;581627;2020-01-01;""quarta"";""17:35:00"";""PI"";343;320","4;""ALTOS"";""Sim"";""Defeito na Via"";1;""Tombamento"";""Com Vítimas Feridas"";""Pleno dia"";""Crescente"";""Garoa/Chuvisco"";""Simples"";""Reta"";""Não"";464378;""Motocicleta"";""HONDA/POP 110I"";2017;""Condutor"";""Lesões Leves"";36;""Masculino"";0;1;0;0;-5",048756;-42,"569283;""SR-PI"";""DEL17/1"";""UOP01/PI"""
"260182;581630;2020-01-01;""quarta"";""17:35:00"";""PI"";343;320","4;""ALTOS"";""Não"";""Pista Escorregadia"";1;""Tombamento"";""Com Vítimas Feridas"";""Pleno dia"";""Crescente"";""Garoa/Chuvisco"";""Simples"";""Reta"";""Não"";464378;""Motocicleta"";""HONDA/POP 110I"";2017;""Passageiro"";""Lesões Leves"";47;""Feminino"";0;1;0;0;-5",048756;-42,"569283;""SR-PI"";""DEL17/1"";""UOP01/PI"""
"260182;581627;2020-01-01;""quarta"";""17:35:00"";""PI"";343;320","4;""ALTOS"";""Não"";""Pista Escorregadia"";1;""Tombamento"";""Com Vítimas Feridas"";""Pleno dia"";""Crescente"";""Garoa/Chuvisco"";""Simples"";""Reta"";""Não"";464378;""Motocicleta"";""HONDA/POP 110I"";2017;""Condutor"";""Lesões Leves"";36;""Masculino"";0;1;0;0;-5",048756;-42,"569283;""SR-PI"";""DEL17/1"";""UOP01/PI"""
"260183;578745;2020-01-01;""quarta"";""17:30:00"";""SP"";381;4;""VARGEM"";""Sim"";""Falta de Atenção à Condução"";1;""Colisão com objeto estático"";""Com Vítimas Feridas"";""Pleno dia"";""Crescente"";""Céu Claro"";""Dupla"";""Reta"";""Sim"";464295;""Automóvel"";""RENAULT/KWID ZEN 10MT"";2018;""Passageiro"";""Lesões Leves"";23;""Feminino"";0;1;0;0;-22",8826217;-46,"40779515;""SR-SP"";""DEL6/3"";""UOP02/SP""",
"260183;578744;2020-01-01;""quarta"";""17:30:00"";""SP"";381;4;""VARGEM"";""Sim"";""Falta de Atenção à Condução"";1;""Colisão com objeto estático"";""Com Vítimas Feridas"";""Pleno dia"";""Crescente"";""Céu Claro"";""Dupla"";""Reta"";""Sim"";464295;""Automóvel"";""RENAULT/KWID ZEN 10MT"";2018;""Condutor"";""Lesões Leves"";48;""Masculino"";0;1;0;0;-22",8826217;-46,"40779515;""SR-SP"";""DEL6/3"";""UOP02/SP""",
"260184;578959;2020-01-01;""quarta"";""17:10:00"";""PR"";163;73;""PLANALTO"";""Sim"";""Ingestão de Álcool"";1;""Colisão frontal"";""Com Vítimas Feridas"";""Pleno dia"";""Decrescente"";""Céu Claro"";""Simples"";""Não Informado"";""Não"";464432;""Automóvel"";""FORD/KA"";1997;""Condutor"";""Lesões Graves"";56;""Masculino"";0;0;1;0;-25",80839378;-53,"76947058;""SR-PR"";""DEL7/2"";""UOP04/PR""",
"260184;NA;2020-01-01;""quarta"";""17:10:00"";""PR"";163;73;""PLANALTO"";""Sim"";""Ingestão de Álcool"";1;""Colisão frontal"";""Com Vítimas Feridas"";""Pleno dia"";""Decrescente"";""Céu Claro"";""Simples"";""Não Informado"";""Não"";464433;""Reboque"";""R/EVM MOTO 1E"";2011;""Não Informado"";""Não Informado"";NA;""Não Informado"";0;0;0;0;-25",80839378;-53,"76947058;""SR-PR"";""DEL7/2"";""UOP04/PR""",
"260184;578968;2020-01-01;""quarta"";""17:10:00"";""PR"";163;73;""PLANALTO"";""Sim"";""Ingestão de Álcool"";1;""Colisão frontal"";""Com Vítimas Feridas"";""Pleno dia"";""Decrescente"";""Céu Claro"";""Simples"";""Não Informado"";""Não"";464430;""Camioneta"";""FIAT/DUCATO M JAEDI MIS"";2014;""Passageiro"";""Ileso"";29;""Masculino"";1;0;0;0;-25",80839378;-53,"76947058;""SR-PR"";""DEL7/2"";""UOP04/PR""",
"260184;578967;2020-01-01;""quarta"";""17:10:00"";""PR"";163;73;""PLANALTO"";""Sim"";""Ingestão de Álcool"";1;""Colisão frontal"";""Com Vítimas Feridas"";""Pleno dia"";""Decrescente"";""Céu Claro"";""Simples"";""Não Informado"";""Não"";464430;""Camioneta"";""FIAT/DUCATO M JAEDI MIS"";2014;""Passageiro"";""Ileso"";34;""Masculino"";1;0;0;0;-25",80839378;-53,"76947058;""SR-PR"";""DEL7/2"";""UOP04/PR""",
"260184;578965;2020-01-01;""quarta"";""17:10:00"";""PR"";163;73;""PLANALTO"";""Sim"";""Ingestão de Álcool"";1;""Colisão frontal"";""Com Vítimas Feridas"";""Pleno dia"";""Decrescente"";""Céu Claro"";""Simples"";""Não Informado"";""Não"";464430;""Camioneta"";""FIAT/DUCATO M JAEDI MIS"";2014;""Passageiro"";""Lesões Leves"";20;""Masculino"";0;1;0;0;-25",80839378;-53,"76947058;""SR-PR"";""DEL7/2"";""UOP04/PR""",
"260184;578963;2020-01-01;""quarta"";""17:10:00"";""PR"";163;73;""PLANALTO"";""Sim"";""Ingestão de Álcool"";1;""Colisão frontal"";""Com Vítimas Feridas"";""Pleno dia"";""Decrescente"";""Céu Claro"";""Simples"";""Não Informado"";""Não"";464430;""Camioneta"";""FIAT/DUCATO M JAEDI MIS"";2014;""Passageiro"";""Lesões Leves"";28;""Masculino"";0;1;0;0;-25",80839378;-53,"76947058;""SR-PR"";""DEL7/2"";""UOP04/PR""",
"260184;578962;2020-01-01;""quarta"";""17:10:00"";""PR"";163;73;""PLANALTO"";""Sim"";""Ingestão de Álcool"";1;""Colisão frontal"";""Com Vítimas Feridas"";""Pleno dia"";""Decrescente"";""Céu Claro"";""Simples"";""Não Informado"";""Não"";464430;""Camioneta"";""FIAT/DUCATO M JAEDI MIS"";2014;""Condutor"";""Ileso"";31;""Masculino"";1;0;0;0;-25",80839378;-53,"76947058;""SR-PR"";""DEL7/2"";""UOP04/PR""",
"260185;578726;2020-01-01;""quarta"";""15:20:00"";""SP"";116;567;""BARRA DO TURVO"";""Sim"";""Falta de Atenção à Condução"";1;""Capotamento"";""Com Vítimas Feridas"";""Pleno dia"";""Decrescente"";""Chuva"";""Dupla"";""Curva"";""Não"";464282;""Automóvel"";""HONDA/CITY EX CVT"";2014;""Passageiro"";""Ileso"";8;""Masculino"";1;0;0;0;-25",0475499;-48,"55355172;""SR-SP"";""DEL6/5"";""UOP03/SP""",
"260185;578724;2020-01-01;""quarta"";""15:20:00"";""SP"";116;567;""BARRA DO TURVO"";""Sim"";""Falta de Atenção à Condução"";1;""Capotamento"";""Com Vítimas Feridas"";""Pleno dia"";""Decrescente"";""Chuva"";""Dupla"";""Curva"";""Não"";464282;""Automóvel"";""HONDA/CITY EX CVT"";2014;""Passageiro"";""Ileso"";33;""Masculino"";1;0;0;0;-25",0475499;-48,"55355172;""SR-SP"";""DEL6/5"";""UOP03/SP""",
"260185;578723;2020-01-01;""quarta"";""15:20:00"";""SP"";116;567;""BARRA DO TURVO"";""Sim"";""Falta de Atenção à Condução"";1;""Capotamento"";""Com Vítimas Feridas"";""Pleno dia"";""Decrescente"";""Chuva"";""Dupla"";""Curva"";""Não"";464282;""Automóvel"";""HONDA/CITY EX CVT"";2014;""Passageiro"";""Lesões Leves"";50;""Masculino"";0;1;0;0;-25",0475499;-48,"55355172;""SR-SP"";""DEL6/5"";""UOP03/SP""",
"260185;578722;2020-01-01;""quarta"";""15:20:00"";""SP"";116;567;""BARRA DO TURVO"";""Sim"";""Falta de Atenção à Condução"";1;""Capotamento"";""Com Vítimas Feridas"";""Pleno dia"";""Decrescente"";""Chuva"";""Dupla"";""Curva"";""Não"";464282;""Automóvel"";""HONDA/CITY EX CVT"";2014;""Passageiro"";""Ileso"";3;""Feminino"";1;0;0;0;-25",0475499;-48,"55355172;""SR-SP"";""DEL6/5"";""UOP03/SP""",
"260185;578720;2020-01-01;""quarta"";""15:20:00"";""SP"";116;567;""BARRA DO TURVO"";""Sim"";""Falta de Atenção à Condução"";1;""Capotamento"";""Com Vítimas Feridas"";""Pleno dia"";""Decrescente"";""Chuva"";""Dupla"";""Curva"";""Não"";464282;""Automóvel"";""HONDA/CITY EX CVT"";2014;""Condutor"";""Lesões Leves"";42;""Feminino"";0;1;0;0;-25",0475499;-48,"55355172;""SR-SP"";""DEL6/5"";""UOP03/SP""",
"260186;578892;2020-01-01;""quarta"";""17:20:00"";""MG"";116;117;""ITAOBIM"";""Sim"";""Falta de Atenção à Condução"";1;""Colisão transversal"";""Sem Vítimas"";""Pleno dia"";""Decrescente"";""Sol"";""Simples"";""Reta"";""Sim"";464417;""Automóvel"";""VW/GOL"";NA;""Condutor"";""Não Informado"";NA;""Não Informado"";0;0;0;0;-16",57604128;-41,"50375664;""SR-MG"";""DEL4/11"";""UOP02/MG""",
"260186;578890;2020-01-01;""quarta"";""17:20:00"";""MG"";116;117;""ITAOBIM"";""Sim"";""Falta de Atenção à Condução"";1;""Colisão transversal"";""Sem Vítimas"";""Pleno dia"";""Decrescente"";""Sol"";""Simples"";""Reta"";""Sim"";464416;""Automóvel"";""FIAT/ARGO DRIVE 1.0"";2019;""Condutor"";""Ileso"";39;""Masculino"";1;0;0;0;-16",57604128;-41,"50375664;""SR-MG"";""DEL4/11"";""UOP02/MG""",
"260187;578749;2020-01-01;""quarta"";""17:00:00"";""PR"";277;128","2;""BALSA NOVA"";""Sim"";""Velocidade Incompatível"";1;""Capotamento"";""Com Vítimas Feridas"";""Pleno dia"";""Decrescente"";""Chuva"";""Dupla"";""Curva"";""Não"";464291;""Automóvel"";""FIAT/UNO ATTRACTIVE 1.0"";2015;""Passageiro"";""Lesões Leves"";50;""Feminino"";0;1;0;0;-25",46903074;-49,"63003725;""SR-PR"";""DEL7/1"";""UOP05/PR"""
"260187;578741;2020-01-01;""quarta"";""17:00:00"";""PR"";277;128","2;""BALSA NOVA"";""Sim"";""Velocidade Incompatível"";1;""Capotamento"";""Com Vítimas Feridas"";""Pleno dia"";""Decrescente"";""Chuva"";""Dupla"";""Curva"";""Não"";464291;""Automóvel"";""FIAT/UNO ATTRACTIVE 1.0"";2015;""Condutor"";""Ileso"";68;""Masculino"";1;0;0;0;-25",46903074;-49,"63003725;""SR-PR"";""DEL7/1"";""UOP05/PR"""
"260188;578731;2020-01-01;""quarta"";""13:35:00"";""MT"";158;715","5;""BARRA DO GARCAS"";""Sim"";""Falta de Atenção à Condução"";1;""Capotamento"";""Com Vítimas Feridas"";""Pleno dia"";""Decrescente"";""Chuva"";""Simples"";""Curva"";""Não"";464286;""Automóvel"";""HONDA/CITY LX FLEX"";2013;""Passageiro"";""Lesões Leves"";28;""Feminino"";0;1;0;0;-15",18154098;-52,"18080293;""SR-MT"";""DEL2/8"";""UOP01/MT"""
"260188;578729;2020-01-01;""quarta"";""13:35:00"";""MT"";158;715","5;""BARRA DO GARCAS"";""Sim"";""Falta de Atenção à Condução"";1;""Capotamento"";""Com Vítimas Feridas"";""Pleno dia"";""Decrescente"";""Chuva"";""Simples"";""Curva"";""Não"";464286;""Automóvel"";""HONDA/CITY LX FLEX"";2013;""Passageiro"";""Lesões Leves"";32;""Masculino"";0;1;0;0;-15",18154098;-52,"18080293;""SR-MT"";""DEL2/8"";""UOP01/MT"""
"260188;578728;2020-01-01;""quarta"";""13:35:00"";""MT"";158;715","5;""BARRA DO GARCAS"";""Sim"";""Falta de Atenção à Condução"";1;""Capotamento"";""Com Vítimas Feridas"";""Pleno dia"";""Decrescente"";""Chuva"";""Simples"";""Curva"";""Não"";464286;""Automóvel"";""HONDA/CITY LX FLEX"";2013;""Condutor"";""Lesões Leves"";56;""Masculino"";0;1;0;0;-15",18154098;-52,"18080293;""SR-MT"";""DEL2/8"";""UOP01/MT"""
"260189;578786;2020-01-01;""quarta"";""17:45:00"";""SC"";101;333;""TUBARAO"";""Sim"";""Desobediência às normas de trânsito pelo condutor"";1;""Colisão transversal"";""Com Vítimas Feridas"";""Pleno dia"";""Decrescente"";""Nublado"";""Múltipla"";""Não Informado"";""Sim"";464318;""Automóvel"";""CHEVROLET/COBALT 1.8 LTZ"";2013;""Condutor"";""Lesões Graves"";44;""Feminino"";0;0;1;0;-28",46630107;-48,"99653096;""SR-SC"";""DEL8/2"";""UOP01/SC""",
"260189;578784;2020-01-01;""quarta"";""17:45:00"";""SC"";101;333;""TUBARAO"";""Sim"";""Desobediência às normas de trânsito pelo condutor"";1;""Colisão transversal"";""Com Vítimas Feridas"";""Pleno dia"";""Decrescente"";""Nublado"";""Múltipla"";""Não Informado"";""Sim"";464317;""Automóvel"";""GM/ASTRA SEDAN ADVANTAGE"";2007;""Condutor"";""Ileso"";21;""Masculino"";1;0;0;0;-28",46630107;-48,"99653096;""SR-SC"";""DEL8/2"";""UOP01/SC""",
"260190;578940;2020-01-01;""quarta"";""17:50:00"";""MG"";40;532;""BELO HORIZONTE"";""Sim"";""Não guardar distância de segurança"";1;""Colisão traseira"";""Com Vítimas Feridas"";""Anoitecer"";""Crescente"";""Nublado"";""Dupla"";""Reta"";""Não"";464449;""Motocicleta"";""HONDA/CG 150 TITAN ESD"";2005;""Condutor"";""Lesões Graves"";50;""Masculino"";0;0;1;0;-19",92372561;-44,"01700789;""SR-MG"";""DEL4/1"";""UOP02/MG""",
"260190;578938;2020-01-01;""quarta"";""17:50:00"";""MG"";40;532;""BELO HORIZONTE"";""Sim"";""Não guardar distância de segurança"";1;""Colisão traseira"";""Com Vítimas Feridas"";""Anoitecer"";""Crescente"";""Nublado"";""Dupla"";""Reta"";""Não"";464448;""Automóvel"";""I/RENAULT CLIO AUT 10H3P"";2012;""Condutor"";""Ileso"";55;""Masculino"";1;0;0;0;-19",92372561;-44,"01700789;""SR-MG"";""DEL4/1"";""UOP02/MG""",
"260191;579656;2020-01-01;""quarta"";""17:30:00"";""PR"";467;109","2;""CASCAVEL"";""Sim"";""Falta de Atenção à Condução"";1;""Saída de leito carroçável"";""Com Vítimas Feridas"";""Pleno dia"";""Decrescente"";""Nublado"";""Dupla"";""Curva"";""Não"";464337;""Automóvel"";""FIAT/PALIO FIRE FLEX"";2007;""Condutor"";""Lesões Graves"";30;""Feminino"";0;0;1;0;-24",9261;-53,"4589;""SR-PR"";""DEL7/4"";""UOP01/PR"""
"260191;579659;2020-01-01;""quarta"";""17:30:00"";""PR"";467;109","2;""CASCAVEL"";""Sim"";""Falta de Atenção à Condução"";1;""Saída de leito carroçável"";""Com Vítimas Feridas"";""Pleno dia"";""Decrescente"";""Nublado"";""Dupla"";""Curva"";""Não"";464337;""Automóvel"";""FIAT/PALIO FIRE FLEX"";2007;""Passageiro"";""Lesões Graves"";15;""Feminino"";0;0;1;0;-24",9261;-53,"4589;""SR-PR"";""DEL7/4"";""UOP01/PR"""
"260191;579667;2020-01-01;""quarta"";""17:30:00"";""PR"";467;109","2;""CASCAVEL"";""Sim"";""Falta de Atenção à Condução"";1;""Saída de leito carroçável"";""Com Vítimas Feridas"";""Pleno dia"";""Decrescente"";""Nublado"";""Dupla"";""Curva"";""Não"";464337;""Automóvel"";""FIAT/PALIO FIRE FLEX"";2007;""Passageiro"";""Ileso"";2;""Feminino"";1;0;0;0;-24",9261;-53,"4589;""SR-PR"";""DEL7/4"";""UOP01/PR"""
"260191;579656;2020-01-01;""quarta"";""17:30:00"";""PR"";467;109","2;""CASCAVEL"";""Sim"";""Falta de Atenção à Condução"";2;""Capotamento"";""Com Vítimas Feridas"";""Pleno dia"";""Decrescente"";""Nublado"";""Dupla"";""Curva"";""Não"";464337;""Automóvel"";""FIAT/PALIO FIRE FLEX"";2007;""Condutor"";""Lesões Graves"";30;""Feminino"";0;0;1;0;-24",9261;-53,"4589;""SR-PR"";""DEL7/4"";""UOP01/PR"""
"260191;579659;2020-01-01;""quarta"";""17:30:00"";""PR"";467;109","2;""CASCAVEL"";""Sim"";""Falta de Atenção à Condução"";2;""Capotamento"";""Com Vítimas Feridas"";""Pleno dia"";""Decrescente"";""Nublado"";""Dupla"";""Curva"";""Não"";464337;""Automóvel"";""FIAT/PALIO FIRE FLEX"";2007;""Passageiro"";""Lesões Graves"";15;""Feminino"";0;0;1;0;-24",9261;-53,"4589;""SR-PR"";""DEL7/4"";""UOP01/PR"""
"260191;579667;2020-01-01;""quarta"";""17:30:00"";""PR"";467;109","2;""CASCAVEL"";""Sim"";""Falta de Atenção à Condução"";2;""Capotamento"";""Com Vítimas Feridas"";""Pleno dia"";""Decrescente"";""Nublado"";""Dupla"";""Curva"";""Não"";464337;""Automóvel"";""FIAT/PALIO FIRE FLEX"";2007;""Passageiro"";""Ileso"";2;""Feminino"";1;0;0;0;-24",9261;-53,"4589;""SR-PR"";""DEL7/4"";""UOP01/PR"""
"260192;578750;2020-01-01;""quarta"";""16:00:00"";""CE"";20;391","8;""CAUCAIA"";""Sim"";""Avarias e/ou desgaste excessivo no pneu"";2;""Tombamento"";""Com Vítimas Feridas"";""Pleno dia"";""Crescente"";""Nublado"";""Simples"";""Reta"";""Não"";464290;""Motoneta"";""HONDA/BIZ 125 ES"";2013;""Passageiro"";""Lesões Leves"";15;""Feminino"";0;1;0;0;-3",84905477;-38,"77921916;""SR-CE"";""DEL16/1"";""UOP01/CE"""
"260192;578746;2020-01-01;""quarta"";""16:00:00"";""CE"";20;391","8;""CAUCAIA"";""Sim"";""Avarias e/ou desgaste excessivo no pneu"";2;""Tombamento"";""Com Vítimas Feridas"";""Pleno dia"";""Crescente"";""Nublado"";""Simples"";""Reta"";""Não"";464290;""Motoneta"";""HONDA/BIZ 125 ES"";2013;""Condutor"";""Lesões Leves"";39;""Feminino"";0;1;0;0;-3",84905477;-38,"77921916;""SR-CE"";""DEL16/1"";""UOP01/CE"""
"260192;578750;2020-01-01;""quarta"";""16:00:00"";""CE"";20;391","8;""CAUCAIA"";""Sim"";""Avarias e/ou desgaste excessivo no pneu"";1;""Saída de leito carroçável"";""Com Vítimas Feridas"";""Pleno dia"";""Crescente"";""Nublado"";""Simples"";""Reta"";""Não"";464290;""Motoneta"";""HONDA/BIZ 125 ES"";2013;""Passageiro"";""Lesões Leves"";15;""Feminino"";0;1;0;0;-3",84905477;-38,"77921916;""SR-CE"";""DEL16/1"";""UOP01/CE"""
"260192;578746;2020-01-01;""quarta"";""16:00:00"";""CE"";20;391","8;""CAUCAIA"";""Sim"";""Avarias e/ou desgaste excessivo no pneu"";1;""Saída de leito carroçável"";""Com Vítimas Feridas"";""Pleno dia"";""Crescente"";""Nublado"";""Simples"";""Reta"";""Não"";464290;""Motoneta"";""HONDA/BIZ 125 ES"";2013;""Condutor"";""Lesões Leves"";39;""Feminino"";0;1;0;0;-3",84905477;-38,"77921916;""SR-CE"";""DEL16/1"";""UOP01/CE"""
"260192;578750;2020-01-01;""quarta"";""16:00:00"";""CE"";20;391","8;""CAUCAIA"";""Sim"";""Avarias e/ou desgaste excessivo no pneu"";3;""Queda de ocupante de veículo"";""Com Vítimas Feridas"";""Pleno dia"";""Crescente"";""Nublado"";""Simples"";""Reta"";""Não"";464290;""Motoneta"";""HONDA/BIZ 125 ES"";2013;""Passageiro"";""Lesões Leves"";15;""Feminino"";0;1;0;0;-3",84905477;-38,"77921916;""SR-CE"";""DEL16/1"";""UOP01/CE"""
"260192;578746;2020-01-01;""quarta"";""16:00:00"";""CE"";20;391","8;""CAUCAIA"";""Sim"";""Avarias e/ou desgaste excessivo no pneu"";3;""Queda de ocupante de veículo"";""Com Vítimas Feridas"";""Pleno dia"";""Crescente"";""Nublado"";""Simples"";""Reta"";""Não"";464290;""Motoneta"";""HONDA/BIZ 125 ES"";2013;""Condutor"";""Lesões Leves"";39;""Feminino"";0;1;0;0;-3",84905477;-38,"77921916;""SR-CE"";""DEL16/1"";""UOP01/CE"""
"260193;578800;2020-01-01;""quarta"";""18:00:00"";""GO"";153;442","7;""ANAPOLIS"";""Sim"";""Velocidade Incompatível"";2;""Colisão com objeto estático"";""Com Vítimas Feridas"";""Anoitecer"";""Crescente"";""Nublado"";""Dupla"";""Reta"";""Sim"";464327;""Automóvel"";""HONDA/CIVIC LXS FLEX"";2009;""Condutor"";""Ileso"";38;""Masculino"";1;0;0;0;-16",325272;-48,"922024;""SR-GO"";""DEL1/2"";""UOP01/GO"""
"260193;578805;2020-01-01;""quarta"";""18:00:00"";""GO"";153;442","7;""ANAPOLIS"";""Sim"";""Velocidade Incompatível"";2;""Colisão com objeto estático"";""Com Vítimas Feridas"";""Anoitecer"";""Crescente"";""Nublado"";""Dupla"";""Reta"";""Sim"";464328;""Automóvel"";""I/VW SPACEFOX SPORT.GII"";2012;""Passageiro"";""Lesões Leves"";43;""Feminino"";0;1;0;0;-16",325272;-48,"922024;""SR-GO"";""DEL1/2"";""UOP01/GO"""
"260193;578803;2020-01-01;""quarta"";""18:00:00"";""GO"";153;442","7;""ANAPOLIS"";""Sim"";""Velocidade Incompatível"";2;""Colisão com objeto estático"";""Com Vítimas Feridas"";""Anoitecer"";""Crescente"";""Nublado"";""Dupla"";""Reta"";""Sim"";464328;""Automóvel"";""I/VW SPACEFOX SPORT.GII"";2012;""Condutor"";""Ileso"";45;""Masculino"";1;0;0;0;-16",325272;-48,"922024;""SR-GO"";""DEL1/2"";""UOP01/GO"""
"260193;578800;2020-01-01;""quarta"";""18:00:00"";""GO"";153;442","7;""ANAPOLIS"";""Sim"";""Velocidade Incompatível"";1;""Colisão lateral"";""Com Vítimas Feridas"";""Anoitecer"";""Crescente"";""Nublado"";""Dupla"";""Reta"";""Sim"";464327;""Automóvel"";""HONDA/CIVIC LXS FLEX"";2009;""Condutor"";""Ileso"";38;""Masculino"";1;0;0;0;-16",325272;-48,"922024;""SR-GO"";""DEL1/2"";""UOP01/GO"""
"260193;578805;2020-01-01;""quarta"";""18:00:00"";""GO"";153;442","7;""ANAPOLIS"";""Sim"";""Velocidade Incompatível"";1;""Colisão lateral"";""Com Vítimas Feridas"";""Anoitecer"";""Crescente"";""Nublado"";""Dupla"";""Reta"";""Sim"";464328;""Automóvel"";""I/VW SPACEFOX SPORT.GII"";2012;""Passageiro"";""Lesões Leves"";43;""Feminino"";0;1;0;0;-16",325272;-48,"922024;""SR-GO"";""DEL1/2"";""UOP01/GO"""
"260193;578803;2020-01-01;""quarta"";""18:00:00"";""GO"";153;442","7;""ANAPOLIS"";""Sim"";""Velocidade Incompatível"";1;""Colisão lateral"";""Com Vítimas Feridas"";""Anoitecer"";""Crescente"";""Nublado"";""Dupla"";""Reta"";""Sim"";464328;""Automóvel"";""I/VW SPACEFOX SPORT.GII"";2012;""Condutor"";""Ileso"";45;""Masculino"";1;0;0;0;-16",325272;-48,"922024;""SR-GO"";""DEL1/2"";""UOP01/GO"""