"id;""pesid"";""data_inversa"";""dia_semana"";""horario"";""uf"";""br"";""km"";""municipio"";""causa_principal"";""causa_acidente"";""ordem_tipo_acidente"";""tipo_acidente"";""classificacao_acidente"";""fase_dia"";""sentido_via"";""condicao_metereologica"";""tipo_pista"";""tracado_via"";""uso_solo"";""id_veiculo"";""tipo_veiculo"";""marca"";""ano_fabricacao_veiculo"";""tipo_envolvido"";""estado_fisico"";""idade"";""sexo"";""ilesos"";""feridos_leves"";""feridos_graves"";""mortos"";""latitude"";""longitude"";""regional"";""delegacia"";""uop""",,,
"260211;579834;2020-01-01;""quarta"";""18:40:00"";""PR"";369;520;""CASCAVEL"";""Não"";""Velocidade Incompatível"";1;""Colisão traseira"";""Sem Vítimas"";""Pleno dia"";""Crescente"";""Céu Claro"";""Simples"";""Reta"";""Sim"";465060;""Ônibus"";""VW/MASCA ROMA"";2010;""Condutor"";""Ileso"";59;""Masculino"";1;0;0;0;-24",9235;-53,"3911;""SR-PR"";""DEL7/4"";""UOP01/PR""",
"260211;579832;2020-01-01;""quarta"";""18:40:00"";""PR"";369;520;""CASCAVEL"";""Sim"";""Ingestão de Álcool"";1;""Colisão traseira"";""Sem Vítimas"";""Pleno dia"";""Crescente"";""Céu Claro"";""Simples"";""Reta"";""Sim"";464329;""Caminhonete"";""GM/S10 EXECUTIVE D 4X4"";2008;""Condutor"";""Ileso"";57;""Masculino"";1;0;0;0;-24",9235;-53,"3911;""SR-PR"";""DEL7/4"";""UOP01/PR""",
"260211;579834;2020-01-01;""quarta"";""18:40:00"";""PR"";369;520;""CASCAVEL"";""Sim"";""Ingestão de Álcool"";1;""Colisão traseira"";""Sem Vítimas"";""Pleno dia"";""Crescente"";""Céu Claro"";""Simples"";""Reta"";""Sim"";465060;""Ônibus"";""VW/MASCA ROMA"";2010;""Condutor"";""Ileso"";59;""Masculino"";1;0;0;0;-24",9235;-53,"3911;""SR-PR"";""DEL7/4"";""UOP01/PR""",
"260213;579706;2020-01-01;""quarta"";""17:30:00"";""PR"";163;25","5;""SANTO ANTONIO DO SUDOESTE"";""Sim"";""Ultrapassagem Indevida"";2;""Tombamento"";""Com Vítimas Fatais"";""Pleno dia"";""Decrescente"";""Sol"";""Simples"";""Reta"";""Não"";464961;""Automóvel"";"""";NA;""Condutor"";""Não Informado"";NA;""Não Informado"";0;0;0;0;-26",17492292;-53,"66749187;""SR-PR"";""DEL7/2"";""UOP04/PR"""
"260213;579161;2020-01-01;""quarta"";""17:30:00"";""PR"";163;25","5;""SANTO ANTONIO DO SUDOESTE"";""Sim"";""Ultrapassagem Indevida"";2;""Tombamento"";""Com Vítimas Fatais"";""Pleno dia"";""Decrescente"";""Sol"";""Simples"";""Reta"";""Não"";464425;""Caminhonete"";""FORD/F250 XL L"";2001;""Condutor"";""Lesões Leves"";38;""Masculino"";0;1;0;0;-26",17492292;-53,"66749187;""SR-PR"";""DEL7/2"";""UOP04/PR"""
"260213;579163;2020-01-01;""quarta"";""17:30:00"";""PR"";163;25","5;""SANTO ANTONIO DO SUDOESTE"";""Sim"";""Ultrapassagem Indevida"";2;""Tombamento"";""Com Vítimas Fatais"";""Pleno dia"";""Decrescente"";""Sol"";""Simples"";""Reta"";""Não"";464425;""Caminhonete"";""FORD/F250 XL L"";2001;""Passageiro"";""Lesões Graves"";10;""Masculino"";0;0;1;0;-26",17492292;-53,"66749187;""SR-PR"";""DEL7/2"";""UOP04/PR"""
"260213;578899;2020-01-01;""quarta"";""17:30:00"";""PR"";163;25","5;""SANTO ANTONIO DO SUDOESTE"";""Sim"";""Ultrapassagem Indevida"";2;""Tombamento"";""Com Vítimas Fatais"";""Pleno dia"";""Decrescente"";""Sol"";""Simples"";""Reta"";""Não"";464425;""Caminhonete"";""FORD/F250 XL L"";2001;""Passageiro"";""Óbito"";37;""Feminino"";0;0;0;1;-26",17492292;-53,"66749187;""SR-PR"";""DEL7/2"";""UOP04/PR"""
"260213;579169;2020-01-01;""quarta"";""17:30:00"";""PR"";163;25","5;""SANTO ANTONIO DO SUDOESTE"";""Sim"";""Ultrapassagem Indevida"";2;""Tombamento"";""Com Vítimas Fatais"";""Pleno dia"";""Decrescente"";""Sol"";""Simples"";""Reta"";""Não"";464425;""Caminhonete"";""FORD/F250 XL L"";2001;""Passageiro"";""Lesões Leves"";17;""Feminino"";0;1;0;0;-26",17492292;-53,"66749187;""SR-PR"";""DEL7/2"";""UOP04/PR"""
"260213;579166;2020-01-01;""quarta"";""17:30:00"";""PR"";163;25","5;""SANTO ANTONIO DO SUDOESTE"";""Sim"";""Ultrapassagem Indevida"";2;""Tombamento"";""Com Vítimas Fatais"";""Pleno dia"";""Decrescente"";""Sol"";""Simples"";""Reta"";""Não"";464425;""Caminhonete"";""FORD/F250 XL L"";2001;""Passageiro"";""Lesões Leves"";13;""Feminino"";0;1;0;0;-26",17492292;-53,"66749187;""SR-PR"";""DEL7/2"";""UOP04/PR"""
"260213;579706;2020-01-01;""quarta"";""17:30:00"";""PR"";163;25","5;""SANTO ANTONIO DO SUDOESTE"";""Sim"";""Ultrapassagem Indevida"";1;""Saída de leito carroçável"";""Com Vítimas Fatais"";""Pleno dia"";""Decrescente"";""Sol"";""Simples"";""Reta"";""Não"";464961;""Automóvel"";"""";NA;""Condutor"";""Não Informado"";NA;""Não Informado"";0;0;0;0;-26",17492292;-53,"66749187;""SR-PR"";""DEL7/2"";""UOP04/PR"""
"260213;579161;2020-01-01;""quarta"";""17:30:00"";""PR"";163;25","5;""SANTO ANTONIO DO SUDOESTE"";""Sim"";""Ultrapassagem Indevida"";1;""Saída de leito carroçável"";""Com Vítimas Fatais"";""Pleno dia"";""Decrescente"";""Sol"";""Simples"";""Reta"";""Não"";464425;""Caminhonete"";""FORD/F250 XL L"";2001;""Condutor"";""Lesões Leves"";38;""Masculino"";0;1;0;0;-26",17492292;-53,"66749187;""SR-PR"";""DEL7/2"";""UOP04/PR"""
"260213;579163;2020-01-01;""quarta"";""17:30:00"";""PR"";163;25","5;""SANTO ANTONIO DO SUDOESTE"";""Sim"";""Ultrapassagem Indevida"";1;""Saída de leito carroçável"";""Com Vítimas Fatais"";""Pleno dia"";""Decrescente"";""Sol"";""Simples"";""Reta"";""Não"";464425;""Caminhonete"";""FORD/F250 XL L"";2001;""Passageiro"";""Lesões Graves"";10;""Masculino"";0;0;1;0;-26",17492292;-53,"66749187;""SR-PR"";""DEL7/2"";""UOP04/PR"""
"260213;578899;2020-01-01;""quarta"";""17:30:00"";""PR"";163;25","5;""SANTO ANTONIO DO SUDOESTE"";""Sim"";""Ultrapassagem Indevida"";1;""Saída de leito carroçável"";""Com Vítimas Fatais"";""Pleno dia"";""Decrescente"";""Sol"";""Simples"";""Reta"";""Não"";464425;""Caminhonete"";""FORD/F250 XL L"";2001;""Passageiro"";""Óbito"";37;""Feminino"";0;0;0;1;-26",17492292;-53,"66749187;""SR-PR"";""DEL7/2"";""UOP04/PR"""
"260213;579169;2020-01-01;""quarta"";""17:30:00"";""PR"";163;25","5;""SANTO ANTONIO DO SUDOESTE"";""Sim"";""Ultrapassagem Indevida"";1;""Saída de leito carroçável"";""Com Vítimas Fatais"";""Pleno dia"";""Decrescente"";""Sol"";""Simples"";""Reta"";""Não"";464425;""Caminhonete"";""FORD/F250 XL L"";2001;""Passageiro"";""Lesões Leves"";17;""Feminino"";0;1;0;0;-26",17492292;-53,"66749187;""SR-PR"";""DEL7/2"";""UOP04/PR"""
"260213;579166;2020-01-01;""quarta"";""17:30:00"";""PR"";163;25","5;""SANTO ANTONIO DO SUDOESTE"";""Sim"";""Ultrapassagem Indevida"";1;""Saída de leito carroçável"";""Com Vítimas Fatais"";""Pleno dia"";""Decrescente"";""Sol"";""Simples"";""Reta"";""Não"";464425;""Caminhonete"";""FORD/F250 XL L"";2001;""Passageiro"";""Lesões Leves"";13;""Feminino"";0;1;0;0;-26",17492292;-53,"66749187;""SR-PR"";""DEL7/2"";""UOP04/PR"""
"260213;579706;2020-01-01;""quarta"";""17:30:00"";""PR"";163;25","5;""SANTO ANTONIO DO SUDOESTE"";""Não"";""Desobediência às normas de trânsito pelo condutor"";2;""Tombamento"";""Com Vítimas Fatais"";""Pleno dia"";""Decrescente"";""Sol"";""Simples"";""Reta"";""Não"";464961;""Automóvel"";"""";NA;""Condutor"";""Não Informado"";NA;""Não Informado"";0;0;0;0;-26",17492292;-53,"66749187;""SR-PR"";""DEL7/2"";""UOP04/PR"""
"260213;579161;2020-01-01;""quarta"";""17:30:00"";""PR"";163;25","5;""SANTO ANTONIO DO SUDOESTE"";""Não"";""Desobediência às normas de trânsito pelo condutor"";2;""Tombamento"";""Com Vítimas Fatais"";""Pleno dia"";""Decrescente"";""Sol"";""Simples"";""Reta"";""Não"";464425;""Caminhonete"";""FORD/F250 XL L"";2001;""Condutor"";""Lesões Leves"";38;""Masculino"";0;1;0;0;-26",17492292;-53,"66749187;""SR-PR"";""DEL7/2"";""UOP04/PR"""
"260213;579163;2020-01-01;""quarta"";""17:30:00"";""PR"";163;25","5;""SANTO ANTONIO DO SUDOESTE"";""Não"";""Desobediência às normas de trânsito pelo condutor"";2;""Tombamento"";""Com Vítimas Fatais"";""Pleno dia"";""Decrescente"";""Sol"";""Simples"";""Reta"";""Não"";464425;""Caminhonete"";""FORD/F250 XL L"";2001;""Passageiro"";""Lesões Graves"";10;""Masculino"";0;0;1;0;-26",17492292;-53,"66749187;""SR-PR"";""DEL7/2"";""UOP04/PR"""
"260213;578899;2020-01-01;""quarta"";""17:30:00"";""PR"";163;25","5;""SANTO ANTONIO DO SUDOESTE"";""Não"";""Desobediência às normas de trânsito pelo condutor"";2;""Tombamento"";""Com Vítimas Fatais"";""Pleno dia"";""Decrescente"";""Sol"";""Simples"";""Reta"";""Não"";464425;""Caminhonete"";""FORD/F250 XL L"";2001;""Passageiro"";""Óbito"";37;""Feminino"";0;0;0;1;-26",17492292;-53,"66749187;""SR-PR"";""DEL7/2"";""UOP04/PR"""
"260213;579169;2020-01-01;""quarta"";""17:30:00"";""PR"";163;25","5;""SANTO ANTONIO DO SUDOESTE"";""Não"";""Desobediência às normas de trânsito pelo condutor"";2;""Tombamento"";""Com Vítimas Fatais"";""Pleno dia"";""Decrescente"";""Sol"";""Simples"";""Reta"";""Não"";464425;""Caminhonete"";""FORD/F250 XL L"";2001;""Passageiro"";""Lesões Leves"";17;""Feminino"";0;1;0;0;-26",17492292;-53,"66749187;""SR-PR"";""DEL7/2"";""UOP04/PR"""
"260213;579166;2020-01-01;""quarta"";""17:30:00"";""PR"";163;25","5;""SANTO ANTONIO DO SUDOESTE"";""Não"";""Desobediência às normas de trânsito pelo condutor"";2;""Tombamento"";""Com Vítimas Fatais"";""Pleno dia"";""Decrescente"";""Sol"";""Simples"";""Reta"";""Não"";464425;""Caminhonete"";""FORD/F250 XL L"";2001;""Passageiro"";""Lesões Leves"";13;""Feminino"";0;1;0;0;-26",17492292;-53,"66749187;""SR-PR"";""DEL7/2"";""UOP04/PR"""
"260213;579706;2020-01-01;""quarta"";""17:30:00"";""PR"";163;25","5;""SANTO ANTONIO DO SUDOESTE"";""Não"";""Desobediência às normas de trânsito pelo condutor"";1;""Saída de leito carroçável"";""Com Vítimas Fatais"";""Pleno dia"";""Decrescente"";""Sol"";""Simples"";""Reta"";""Não"";464961;""Automóvel"";"""";NA;""Condutor"";""Não Informado"";NA;""Não Informado"";0;0;0;0;-26",17492292;-53,"66749187;""SR-PR"";""DEL7/2"";""UOP04/PR"""
"260213;579161;2020-01-01;""quarta"";""17:30:00"";""PR"";163;25","5;""SANTO ANTONIO DO SUDOESTE"";""Não"";""Desobediência às normas de trânsito pelo condutor"";1;""Saída de leito carroçável"";""Com Vítimas Fatais"";""Pleno dia"";""Decrescente"";""Sol"";""Simples"";""Reta"";""Não"";464425;""Caminhonete"";""FORD/F250 XL L"";2001;""Condutor"";""Lesões Leves"";38;""Masculino"";0;1;0;0;-26",17492292;-53,"66749187;""SR-PR"";""DEL7/2"";""UOP04/PR"""
"260213;579163;2020-01-01;""quarta"";""17:30:00"";""PR"";163;25","5;""SANTO ANTONIO DO SUDOESTE"";""Não"";""Desobediência às normas de trânsito pelo condutor"";1;""Saída de leito carroçável"";""Com Vítimas Fatais"";""Pleno dia"";""Decrescente"";""Sol"";""Simples"";""Reta"";""Não"";464425;""Caminhonete"";""FORD/F250 XL L"";2001;""Passageiro"";""Lesões Graves"";10;""Masculino"";0;0;1;0;-26",17492292;-53,"66749187;""SR-PR"";""DEL7/2"";""UOP04/PR"""
"260213;578899;2020-01-01;""quarta"";""17:30:00"";""PR"";163;25","5;""SANTO ANTONIO DO SUDOESTE"";""Não"";""Desobediência às normas de trânsito pelo condutor"";1;""Saída de leito carroçável"";""Com Vítimas Fatais"";""Pleno dia"";""Decrescente"";""Sol"";""Simples"";""Reta"";""Não"";464425;""Caminhonete"";""FORD/F250 XL L"";2001;""Passageiro"";""Óbito"";37;""Feminino"";0;0;0;1;-26",17492292;-53,"66749187;""SR-PR"";""DEL7/2"";""UOP04/PR"""
"260213;579169;2020-01-01;""quarta"";""17:30:00"";""PR"";163;25","5;""SANTO ANTONIO DO SUDOESTE"";""Não"";""Desobediência às normas de trânsito pelo condutor"";1;""Saída de leito carroçável"";""Com Vítimas Fatais"";""Pleno dia"";""Decrescente"";""Sol"";""Simples"";""Reta"";""Não"";464425;""Caminhonete"";""FORD/F250 XL L"";2001;""Passageiro"";""Lesões Leves"";17;""Feminino"";0;1;0;0;-26",17492292;-53,"66749187;""SR-PR"";""DEL7/2"";""UOP04/PR"""
"260213;579166;2020-01-01;""quarta"";""17:30:00"";""PR"";163;25","5;""SANTO ANTONIO DO SUDOESTE"";""Não"";""Desobediência às normas de trânsito pelo condutor"";1;""Saída de leito carroçável"";""Com Vítimas Fatais"";""Pleno dia"";""Decrescente"";""Sol"";""Simples"";""Reta"";""Não"";464425;""Caminhonete"";""FORD/F250 XL L"";2001;""Passageiro"";""Lesões Leves"";13;""Feminino"";0;1;0;0;-26",17492292;-53,"66749187;""SR-PR"";""DEL7/2"";""UOP04/PR"""
"260214;578882;2020-01-01;""quarta"";""18:45:00"";""PR"";277;683","2;""SAO MIGUEL DO IGUACU"";""Sim"";""Ingestão de Álcool"";1;""Saída de leito carroçável"";""Com Vítimas Feridas"";""Pleno dia"";""Crescente"";""Nublado"";""Dupla"";""Curva"";""Não"";464410;""Caminhonete"";""FIAT/FIORINO WORKING"";1997;""Condutor"";""Ileso"";44;""Masculino"";1;0;0;0;-25",33269888;-54,"19204103;""SR-PR"";""DEL7/5"";""UOP01/PR"""
"260214;578881;2020-01-01;""quarta"";""18:45:00"";""PR"";277;683","2;""SAO MIGUEL DO IGUACU"";""Sim"";""Ingestão de Álcool"";1;""Saída de leito carroçável"";""Com Vítimas Feridas"";""Pleno dia"";""Crescente"";""Nublado"";""Dupla"";""Curva"";""Não"";464409;""Automóvel"";""VW/VOYAGE EVIDENCE SB"";2015;""Condutor"";""Lesões Graves"";44;""Masculino"";0;0;1;0;-25",33269888;-54,"19204103;""SR-PR"";""DEL7/5"";""UOP01/PR"""
"260214;578882;2020-01-01;""quarta"";""18:45:00"";""PR"";277;683","2;""SAO MIGUEL DO IGUACU"";""Sim"";""Ingestão de Álcool"";2;""Colisão com objeto estático"";""Com Vítimas Feridas"";""Pleno dia"";""Crescente"";""Nublado"";""Dupla"";""Curva"";""Não"";464410;""Caminhonete"";""FIAT/FIORINO WORKING"";1997;""Condutor"";""Ileso"";44;""Masculino"";1;0;0;0;-25",33269888;-54,"19204103;""SR-PR"";""DEL7/5"";""UOP01/PR"""
"260214;578881;2020-01-01;""quarta"";""18:45:00"";""PR"";277;683","2;""SAO MIGUEL DO IGUACU"";""Sim"";""Ingestão de Álcool"";2;""Colisão com objeto estático"";""Com Vítimas Feridas"";""Pleno dia"";""Crescente"";""Nublado"";""Dupla"";""Curva"";""Não"";464409;""Automóvel"";""VW/VOYAGE EVIDENCE SB"";2015;""Condutor"";""Lesões Graves"";44;""Masculino"";0;0;1;0;-25",33269888;-54,"19204103;""SR-PR"";""DEL7/5"";""UOP01/PR"""
"260214;578882;2020-01-01;""quarta"";""18:45:00"";""PR"";277;683","2;""SAO MIGUEL DO IGUACU"";""Sim"";""Ingestão de Álcool"";3;""Capotamento"";""Com Vítimas Feridas"";""Pleno dia"";""Crescente"";""Nublado"";""Dupla"";""Curva"";""Não"";464410;""Caminhonete"";""FIAT/FIORINO WORKING"";1997;""Condutor"";""Ileso"";44;""Masculino"";1;0;0;0;-25",33269888;-54,"19204103;""SR-PR"";""DEL7/5"";""UOP01/PR"""
"260214;578881;2020-01-01;""quarta"";""18:45:00"";""PR"";277;683","2;""SAO MIGUEL DO IGUACU"";""Sim"";""Ingestão de Álcool"";3;""Capotamento"";""Com Vítimas Feridas"";""Pleno dia"";""Crescente"";""Nublado"";""Dupla"";""Curva"";""Não"";464409;""Automóvel"";""VW/VOYAGE EVIDENCE SB"";2015;""Condutor"";""Lesões Graves"";44;""Masculino"";0;0;1;0;-25",33269888;-54,"19204103;""SR-PR"";""DEL7/5"";""UOP01/PR"""
"260214;578882;2020-01-01;""quarta"";""18:45:00"";""PR"";277;683","2;""SAO MIGUEL DO IGUACU"";""Não"";""Falta de Atenção à Condução"";1;""Saída de leito carroçável"";""Com Vítimas Feridas"";""Pleno dia"";""Crescente"";""Nublado"";""Dupla"";""Curva"";""Não"";464410;""Caminhonete"";""FIAT/FIORINO WORKING"";1997;""Condutor"";""Ileso"";44;""Masculino"";1;0;0;0;-25",33269888;-54,"19204103;""SR-PR"";""DEL7/5"";""UOP01/PR"""
"260214;578881;2020-01-01;""quarta"";""18:45:00"";""PR"";277;683","2;""SAO MIGUEL DO IGUACU"";""Não"";""Falta de Atenção à Condução"";1;""Saída de leito carroçável"";""Com Vítimas Feridas"";""Pleno dia"";""Crescente"";""Nublado"";""Dupla"";""Curva"";""Não"";464409;""Automóvel"";""VW/VOYAGE EVIDENCE SB"";2015;""Condutor"";""Lesões Graves"";44;""Masculino"";0;0;1;0;-25",33269888;-54,"19204103;""SR-PR"";""DEL7/5"";""UOP01/PR"""
"260214;578882;2020-01-01;""quarta"";""18:45:00"";""PR"";277;683","2;""SAO MIGUEL DO IGUACU"";""Não"";""Falta de Atenção à Condução"";2;""Colisão com objeto estático"";""Com Vítimas Feridas"";""Pleno dia"";""Crescente"";""Nublado"";""Dupla"";""Curva"";""Não"";464410;""Caminhonete"";""FIAT/FIORINO WORKING"";1997;""Condutor"";""Ileso"";44;""Masculino"";1;0;0;0;-25",33269888;-54,"19204103;""SR-PR"";""DEL7/5"";""UOP01/PR"""
"260214;578881;2020-01-01;""quarta"";""18:45:00"";""PR"";277;683","2;""SAO MIGUEL DO IGUACU"";""Não"";""Falta de Atenção à Condução"";2;""Colisão com objeto estático"";""Com Vítimas Feridas"";""Pleno dia"";""Crescente"";""Nublado"";""Dupla"";""Curva"";""Não"";464409;""Automóvel"";""VW/VOYAGE EVIDENCE SB"";2015;""Condutor"";""Lesões Graves"";44;""Masculino"";0;0;1;0;-25",33269888;-54,"19204103;""SR-PR"";""DEL7/5"";""UOP01/PR"""
"260214;578882;2020-01-01;""quarta"";""18:45:00"";""PR"";277;683","2;""SAO MIGUEL DO IGUACU"";""Não"";""Falta de Atenção à Condução"";3;""Capotamento"";""Com Vítimas Feridas"";""Pleno dia"";""Crescente"";""Nublado"";""Dupla"";""Curva"";""Não"";464410;""Caminhonete"";""FIAT/FIORINO WORKING"";1997;""Condutor"";""Ileso"";44;""Masculino"";1;0;0;0;-25",33269888;-54,"19204103;""SR-PR"";""DEL7/5"";""UOP01/PR"""
"260214;578881;2020-01-01;""quarta"";""18:45:00"";""PR"";277;683","2;""SAO MIGUEL DO IGUACU"";""Não"";""Falta de Atenção à Condução"";3;""Capotamento"";""Com Vítimas Feridas"";""Pleno dia"";""Crescente"";""Nublado"";""Dupla"";""Curva"";""Não"";464409;""Automóvel"";""VW/VOYAGE EVIDENCE SB"";2015;""Condutor"";""Lesões Graves"";44;""Masculino"";0;0;1;0;-25",33269888;-54,"19204103;""SR-PR"";""DEL7/5"";""UOP01/PR"""
"260215;578863;2020-01-01;""quarta"";""18:45:00"";""DF"";70;12","4;""BRASILIA"";""Sim"";""Ingestão de Álcool"";2;""Capotamento"";""Com Vítimas Feridas"";""Plena Noite"";""Crescente"";""Nublado"";""Dupla"";""Reta"";""Sim"";464396;""Automóvel"";""PEUGEOT/206 SELECTION"";2002;""Condutor"";""Lesões Leves"";32;""Masculino"";0;1;0;0;-15",79311948;-48,"16174641;""SR-DF"";""UOP06/DF"";"""""
"260215;578863;2020-01-01;""quarta"";""18:45:00"";""DF"";70;12","4;""BRASILIA"";""Sim"";""Ingestão de Álcool"";1;""Colisão com objeto estático"";""Com Vítimas Feridas"";""Plena Noite"";""Crescente"";""Nublado"";""Dupla"";""Reta"";""Sim"";464396;""Automóvel"";""PEUGEOT/206 SELECTION"";2002;""Condutor"";""Lesões Leves"";32;""Masculino"";0;1;0;0;-15",79311948;-48,"16174641;""SR-DF"";""UOP06/DF"";"""""
"260216;582047;2020-01-01;""quarta"";""17:25:00"";""CE"";116;42;""HORIZONTE"";""Sim"";""Desobediência às normas de trânsito pelo condutor"";1;""Colisão transversal"";""Com Vítimas Feridas"";""Pleno dia"";""Decrescente"";""Nublado"";""Dupla"";""Reta"";""Sim"";464436;""Automóvel"";""TOYOTA/COROLLA XEI20FLEX"";2015;""Passageiro"";""Lesões Leves"";7;""Masculino"";0;1;0;0;-4",10857928;-38,"4942173;""SR-CE"";""DEL16/1"";""UOP02/CE""",
"260216;580582;2020-01-01;""quarta"";""17:25:00"";""CE"";116;42;""HORIZONTE"";""Sim"";""Desobediência às normas de trânsito pelo condutor"";1;""Colisão transversal"";""Com Vítimas Feridas"";""Pleno dia"";""Decrescente"";""Nublado"";""Dupla"";""Reta"";""Sim"";464436;""Automóvel"";""TOYOTA/COROLLA XEI20FLEX"";2015;""Passageiro"";""Lesões Leves"";18;""Feminino"";0;1;0;0;-4",10857928;-38,"4942173;""SR-CE"";""DEL16/1"";""UOP02/CE""",
"260216;580580;2020-01-01;""quarta"";""17:25:00"";""CE"";116;42;""HORIZONTE"";""Sim"";""Desobediência às normas de trânsito pelo condutor"";1;""Colisão transversal"";""Com Vítimas Feridas"";""Pleno dia"";""Decrescente"";""Nublado"";""Dupla"";""Reta"";""Sim"";464436;""Automóvel"";""TOYOTA/COROLLA XEI20FLEX"";2015;""Condutor"";""Lesões Leves"";31;""Feminino"";0;1;0;0;-4",10857928;-38,"4942173;""SR-CE"";""DEL16/1"";""UOP02/CE""",
"260216;580574;2020-01-01;""quarta"";""17:25:00"";""CE"";116;42;""HORIZONTE"";""Sim"";""Desobediência às normas de trânsito pelo condutor"";1;""Colisão transversal"";""Com Vítimas Feridas"";""Pleno dia"";""Decrescente"";""Nublado"";""Dupla"";""Reta"";""Sim"";464435;""Automóvel"";""FIAT/UNO MILLE SMART"";2001;""Condutor"";""Lesões Graves"";48;""Masculino"";0;0;1;0;-4",10857928;-38,"4942173;""SR-CE"";""DEL16/1"";""UOP02/CE""",
"260216;582047;2020-01-01;""quarta"";""17:25:00"";""CE"";116;42;""HORIZONTE"";""Não"";""Falta de Atenção à Condução"";1;""Colisão transversal"";""Com Vítimas Feridas"";""Pleno dia"";""Decrescente"";""Nublado"";""Dupla"";""Reta"";""Sim"";464436;""Automóvel"";""TOYOTA/COROLLA XEI20FLEX"";2015;""Passageiro"";""Lesões Leves"";7;""Masculino"";0;1;0;0;-4",10857928;-38,"4942173;""SR-CE"";""DEL16/1"";""UOP02/CE""",
"260216;580582;2020-01-01;""quarta"";""17:25:00"";""CE"";116;42;""HORIZONTE"";""Não"";""Falta de Atenção à Condução"";1;""Colisão transversal"";""Com Vítimas Feridas"";""Pleno dia"";""Decrescente"";""Nublado"";""Dupla"";""Reta"";""Sim"";464436;""Automóvel"";""TOYOTA/COROLLA XEI20FLEX"";2015;""Passageiro"";""Lesões Leves"";18;""Feminino"";0;1;0;0;-4",10857928;-38,"4942173;""SR-CE"";""DEL16/1"";""UOP02/CE""",
"260216;580580;2020-01-01;""quarta"";""17:25:00"";""CE"";116;42;""HORIZONTE"";""Não"";""Falta de Atenção à Condução"";1;""Colisão transversal"";""Com Vítimas Feridas"";""Pleno dia"";""Decrescente"";""Nublado"";""Dupla"";""Reta"";""Sim"";464436;""Automóvel"";""TOYOTA/COROLLA XEI20FLEX"";2015;""Condutor"";""Lesões Leves"";31;""Feminino"";0;1;0;0;-4",10857928;-38,"4942173;""SR-CE"";""DEL16/1"";""UOP02/CE""",
"260216;580574;2020-01-01;""quarta"";""17:25:00"";""CE"";116;42;""HORIZONTE"";""Não"";""Falta de Atenção à Condução"";1;""Colisão transversal"";""Com Vítimas Feridas"";""Pleno dia"";""Decrescente"";""Nublado"";""Dupla"";""Reta"";""Sim"";464435;""Automóvel"";""FIAT/UNO MILLE SMART"";2001;""Condutor"";""Lesões Graves"";48;""Masculino"";0;0;1;0;-4",10857928;-38,"4942173;""SR-CE"";""DEL16/1"";""UOP02/CE""",
"260217;580539;2020-01-01;""quarta"";""19:00:00"";""MG"";381;502","5;""BETIM"";""Sim"";""Falta de Atenção à Condução"";2;""Tombamento"";""Com Vítimas Feridas"";""Plena Noite"";""Decrescente"";""Céu Claro"";""Dupla"";""Reta"";""Sim"";464341;""Motocicleta"";""HONDA/CG150 FAN ESDI"";2014;""Condutor"";""Lesões Leves"";20;""Masculino"";0;1;0;0;-20",03619694;-44,"24586303;""SR-MG"";""DEL4/1"";""UOP03/MG"""
"260217;580538;2020-01-01;""quarta"";""19:00:00"";""MG"";381;502","5;""BETIM"";""Sim"";""Falta de Atenção à Condução"";2;""Tombamento"";""Com Vítimas Feridas"";""Plena Noite"";""Decrescente"";""Céu Claro"";""Dupla"";""Reta"";""Sim"";464340;""Automóvel"";""FORD/KA FLEX"";2009;""Condutor"";""Ileso"";36;""Masculino"";1;0;0;0;-20",03619694;-44,"24586303;""SR-MG"";""DEL4/1"";""UOP03/MG"""
"260217;580539;2020-01-01;""quarta"";""19:00:00"";""MG"";381;502","5;""BETIM"";""Sim"";""Falta de Atenção à Condução"";1;""Colisão traseira"";""Com Vítimas Feridas"";""Plena Noite"";""Decrescente"";""Céu Claro"";""Dupla"";""Reta"";""Sim"";464341;""Motocicleta"";""HONDA/CG150 FAN ESDI"";2014;""Condutor"";""Lesões Leves"";20;""Masculino"";0;1;0;0;-20",03619694;-44,"24586303;""SR-MG"";""DEL4/1"";""UOP03/MG"""
"260217;580538;2020-01-01;""quarta"";""19:00:00"";""MG"";381;502","5;""BETIM"";""Sim"";""Falta de Atenção à Condução"";1;""Colisão traseira"";""Com Vítimas Feridas"";""Plena Noite"";""Decrescente"";""Céu Claro"";""Dupla"";""Reta"";""Sim"";464340;""Automóvel"";""FORD/KA FLEX"";2009;""Condutor"";""Ileso"";36;""Masculino"";1;0;0;0;-20",03619694;-44,"24586303;""SR-MG"";""DEL4/1"";""UOP03/MG"""
"260218;578888;2020-01-01;""quarta"";""16:20:00"";""MT"";70;542","1;""VARZEA GRANDE"";""Sim"";""Condutor Dormindo"";2;""Capotamento"";""Com Vítimas Feridas"";""Pleno dia"";""Decrescente"";""Céu Claro"";""Simples"";""Reta"";""Não"";464398;""Automóvel"";""FORD/KA SE 1.0 HA B"";2016;""Condutor"";""Ileso"";38;""Masculino"";1;0;0;0;-15",66667646;-56,"23661041;""SR-MT"";""DEL2/4"";""UOP02/MT"""