"id;""pesid"";""data_inversa"";""dia_semana"";""horario"";""uf"";""br"";""km"";""municipio"";""causa_principal"";""causa_acidente"";""ordem_tipo_acidente"";""tipo_acidente"";""classificacao_acidente"";""fase_dia"";""sentido_via"";""condicao_metereologica"";""tipo_pista"";""tracado_via"";""uso_solo"";""id_veiculo"";""tipo_veiculo"";""marca"";""ano_fabricacao_veiculo"";""tipo_envolvido"";""estado_fisico"";""idade"";""sexo"";""ilesos"";""feridos_leves"";""feridos_graves"";""mortos"";""latitude"";""longitude"";""regional"";""delegacia"";""uop""",,,
"260230;578845;2020-01-01;""quarta"";""15:40:00"";""SC"";280;97","5;""CORUPA"";""Sim"";""Velocidade Incompatível"";1;""Colisão frontal"";""Com Vítimas Feridas"";""Pleno dia"";""Decrescente"";""Garoa/Chuvisco"";""Simples"";""Não Informado"";""Sim"";464357;""Automóvel"";""VW/POLO MF"";2019;""Condutor"";""Ileso"";51;""Masculino"";1;0;0;0;-26",37833107;-49,"31732124;""SR-SC"";""DEL8/6"";""UOP03/SC"""
"260231;580689;2020-01-01;""quarta"";""20:00:00"";""RJ"";116;143;""DUQUE DE CAXIAS"";""Sim"";""Ingestão de Substâncias Psicoativas"";1;""Queda de ocupante de veículo"";""Sem Vítimas"";""Plena Noite"";""Decrescente"";""Nublado"";""Dupla"";""Reta"";""Sim"";464364;""Motoneta"";""HONDA/PCX 150"";2015;""Condutor"";""Ileso"";23;""Masculino"";1;0;0;0;-22",65237271;-43,"23918118;""SR-RJ"";""DEL5/1"";""UOP01/RJ""",
"260233;580741;2020-01-01;""quarta"";""17:45:00"";""MG"";262;433","1;""NOVA SERRANA"";""Sim"";""Condutor Dormindo"";2;""Saída de leito carroçável"";""Com Vítimas Feridas"";""Anoitecer"";""Crescente"";""Nublado"";""Dupla"";""Desvio Temporário"";""Não"";464437;""Caminhonete"";""FIAT/TORO FREEDOM AT6"";2019;""Condutor"";""Lesões Leves"";30;""Masculino"";0;1;0;0;-19",89020759;-44,"83338711;""SR-MG"";""DEL4/8"";""UOP03/MG"""
"260233;580741;2020-01-01;""quarta"";""17:45:00"";""MG"";262;433","1;""NOVA SERRANA"";""Sim"";""Condutor Dormindo"";3;""Capotamento"";""Com Vítimas Feridas"";""Anoitecer"";""Crescente"";""Nublado"";""Dupla"";""Desvio Temporário"";""Não"";464437;""Caminhonete"";""FIAT/TORO FREEDOM AT6"";2019;""Condutor"";""Lesões Leves"";30;""Masculino"";0;1;0;0;-19",89020759;-44,"83338711;""SR-MG"";""DEL4/8"";""UOP03/MG"""
"260233;580741;2020-01-01;""quarta"";""17:45:00"";""MG"";262;433","1;""NOVA SERRANA"";""Sim"";""Condutor Dormindo"";1;""Colisão com objeto estático"";""Com Vítimas Feridas"";""Anoitecer"";""Crescente"";""Nublado"";""Dupla"";""Desvio Temporário"";""Não"";464437;""Caminhonete"";""FIAT/TORO FREEDOM AT6"";2019;""Condutor"";""Lesões Leves"";30;""Masculino"";0;1;0;0;-19",89020759;-44,"83338711;""SR-MG"";""DEL4/8"";""UOP03/MG"""
"260234;579811;2020-01-01;""quarta"";""02:30:00"";""SC"";280;269;""IRINEOPOLIS"";""Sim"";""Ingestão de Álcool"";2;""Saída de leito carroçável"";""Com Vítimas Feridas"";""Plena Noite"";""Decrescente"";""Céu Claro"";""Simples"";""Curva"";""Não"";464363;""Automóvel"";""GM/CORSA WIND"";2001;""Condutor"";""Lesões Leves"";30;""Masculino"";0;1;0;0;-26",26376839;-50,"72757985;""SR-SC"";""DEL8/6"";""UOP04/SC""",
"260234;579811;2020-01-01;""quarta"";""02:30:00"";""SC"";280;269;""IRINEOPOLIS"";""Sim"";""Ingestão de Álcool"";1;""Capotamento"";""Com Vítimas Feridas"";""Plena Noite"";""Decrescente"";""Céu Claro"";""Simples"";""Curva"";""Não"";464363;""Automóvel"";""GM/CORSA WIND"";2001;""Condutor"";""Lesões Leves"";30;""Masculino"";0;1;0;0;-26",26376839;-50,"72757985;""SR-SC"";""DEL8/6"";""UOP04/SC""",
"260235;578879;2020-01-01;""quarta"";""19:32:00"";""MG"";381;835;""SAO SEBASTIAO DA BELA VISTA"";""Sim"";""Velocidade Incompatível"";1;""Colisão com objeto estático"";""Com Vítimas Feridas"";""Plena Noite"";""Crescente"";""Nublado"";""Dupla"";""Não Informado"";""Sim"";464411;""Automóvel"";""HONDA/FIT EX FLEX"";2008;""Passageiro"";""Lesões Leves"";29;""Masculino"";0;1;0;0;-22",17094703;-45,"83750295;""SR-MG"";""DEL09"";""UOP01/MG""",
"260235;578878;2020-01-01;""quarta"";""19:32:00"";""MG"";381;835;""SAO SEBASTIAO DA BELA VISTA"";""Sim"";""Velocidade Incompatível"";1;""Colisão com objeto estático"";""Com Vítimas Feridas"";""Plena Noite"";""Crescente"";""Nublado"";""Dupla"";""Não Informado"";""Sim"";464411;""Automóvel"";""HONDA/FIT EX FLEX"";2008;""Condutor"";""Lesões Leves"";32;""Masculino"";0;1;0;0;-22",17094703;-45,"83750295;""SR-MG"";""DEL09"";""UOP01/MG""",
"260236;578855;2020-01-01;""quarta"";""16:10:00"";""SC"";280;155;""MAFRA"";""Sim"";""Não guardar distância de segurança"";1;""Engavetamento"";""Com Vítimas Feridas"";""Pleno dia"";""Crescente"";""Nublado"";""Simples"";""Não Informado"";""Não"";464371;""Automóvel"";""RENAULT/SANDERO EXP 16HP"";2013;""Condutor"";""Ileso"";23;""Masculino"";1;0;0;0;-26",21136649;-49,"72750068;""SR-SC"";""DEL8/6"";""UOP03/SC""",
"260236;578867;2020-01-01;""quarta"";""16:10:00"";""SC"";280;155;""MAFRA"";""Sim"";""Não guardar distância de segurança"";1;""Engavetamento"";""Com Vítimas Feridas"";""Pleno dia"";""Crescente"";""Nublado"";""Simples"";""Não Informado"";""Não"";464370;""Automóvel"";""PEUGEOT/206 SELECTION"";2002;""Passageiro"";""Lesões Leves"";41;""Feminino"";0;1;0;0;-26",21136649;-49,"72750068;""SR-SC"";""DEL8/6"";""UOP03/SC""",
"260236;578866;2020-01-01;""quarta"";""16:10:00"";""SC"";280;155;""MAFRA"";""Sim"";""Não guardar distância de segurança"";1;""Engavetamento"";""Com Vítimas Feridas"";""Pleno dia"";""Crescente"";""Nublado"";""Simples"";""Não Informado"";""Não"";464370;""Automóvel"";""PEUGEOT/206 SELECTION"";2002;""Passageiro"";""Lesões Leves"";15;""Masculino"";0;1;0;0;-26",21136649;-49,"72750068;""SR-SC"";""DEL8/6"";""UOP03/SC""",
"260236;578865;2020-01-01;""quarta"";""16:10:00"";""SC"";280;155;""MAFRA"";""Sim"";""Não guardar distância de segurança"";1;""Engavetamento"";""Com Vítimas Feridas"";""Pleno dia"";""Crescente"";""Nublado"";""Simples"";""Não Informado"";""Não"";464370;""Automóvel"";""PEUGEOT/206 SELECTION"";2002;""Passageiro"";""Lesões Leves"";24;""Feminino"";0;1;0;0;-26",21136649;-49,"72750068;""SR-SC"";""DEL8/6"";""UOP03/SC""",
"260236;578854;2020-01-01;""quarta"";""16:10:00"";""SC"";280;155;""MAFRA"";""Sim"";""Não guardar distância de segurança"";1;""Engavetamento"";""Com Vítimas Feridas"";""Pleno dia"";""Crescente"";""Nublado"";""Simples"";""Não Informado"";""Não"";464370;""Automóvel"";""PEUGEOT/206 SELECTION"";2002;""Condutor"";""Ileso"";41;""Masculino"";1;0;0;0;-26",21136649;-49,"72750068;""SR-SC"";""DEL8/6"";""UOP03/SC""",
"260236;578853;2020-01-01;""quarta"";""16:10:00"";""SC"";280;155;""MAFRA"";""Sim"";""Não guardar distância de segurança"";1;""Engavetamento"";""Com Vítimas Feridas"";""Pleno dia"";""Crescente"";""Nublado"";""Simples"";""Não Informado"";""Não"";464369;""Camioneta"";""I/FIAT FREEMONT PRECISIO"";2011;""Condutor"";""Ileso"";40;""Masculino"";1;0;0;0;-26",21136649;-49,"72750068;""SR-SC"";""DEL8/6"";""UOP03/SC""",
"260238;578870;2020-01-01;""quarta"";""21:10:00"";""SC"";101;321","8;""LAGUNA"";""Sim"";""Falta de Atenção à Condução"";1;""Colisão com objeto estático"";""Com Vítimas Feridas"";""Plena Noite"";""Decrescente"";""Garoa/Chuvisco"";""Dupla"";""Reta"";""Não"";464403;""Automóvel"";""I/FIAT PALIO FIRE ECONOM"";2012;""Condutor"";""Lesões Leves"";22;""Feminino"";0;1;0;0;-28",42532339;-48,"8919091;""SR-SC"";""DEL8/2"";""UOP01/SC"""
"260239;581443;2020-01-01;""quarta"";""17:56:00"";""GO"";414;400","7;""ABADIANIA"";""Sim"";""Ingestão de Álcool"";1;""Colisão frontal"";""Com Vítimas Feridas"";""Pleno dia"";""Decrescente"";""Nublado"";""Simples"";""Não Informado"";""Não"";464380;""Automóvel"";""GM/ASTRA SEDAN ADVANTAGE"";2008;""Passageiro"";""Lesões Graves"";49;""Feminino"";0;0;1;0;-15",97556585;-48,"82566142;""SR-GO"";""DEL1/2"";""UOP01/GO"""
"260239;581445;2020-01-01;""quarta"";""17:56:00"";""GO"";414;400","7;""ABADIANIA"";""Sim"";""Ingestão de Álcool"";1;""Colisão frontal"";""Com Vítimas Feridas"";""Pleno dia"";""Decrescente"";""Nublado"";""Simples"";""Não Informado"";""Não"";464380;""Automóvel"";""GM/ASTRA SEDAN ADVANTAGE"";2008;""Testemunha"";""Não Informado"";NA;""Não Informado"";0;0;0;0;-15",97556585;-48,"82566142;""SR-GO"";""DEL1/2"";""UOP01/GO"""
"260239;581442;2020-01-01;""quarta"";""17:56:00"";""GO"";414;400","7;""ABADIANIA"";""Sim"";""Ingestão de Álcool"";1;""Colisão frontal"";""Com Vítimas Feridas"";""Pleno dia"";""Decrescente"";""Nublado"";""Simples"";""Não Informado"";""Não"";464380;""Automóvel"";""GM/ASTRA SEDAN ADVANTAGE"";2008;""Passageiro"";""Lesões Leves"";23;""Feminino"";0;1;0;0;-15",97556585;-48,"82566142;""SR-GO"";""DEL1/2"";""UOP01/GO"""
"260239;581440;2020-01-01;""quarta"";""17:56:00"";""GO"";414;400","7;""ABADIANIA"";""Sim"";""Ingestão de Álcool"";1;""Colisão frontal"";""Com Vítimas Feridas"";""Pleno dia"";""Decrescente"";""Nublado"";""Simples"";""Não Informado"";""Não"";464380;""Automóvel"";""GM/ASTRA SEDAN ADVANTAGE"";2008;""Passageiro"";""Lesões Leves"";25;""Masculino"";0;1;0;0;-15",97556585;-48,"82566142;""SR-GO"";""DEL1/2"";""UOP01/GO"""
"260239;581439;2020-01-01;""quarta"";""17:56:00"";""GO"";414;400","7;""ABADIANIA"";""Sim"";""Ingestão de Álcool"";1;""Colisão frontal"";""Com Vítimas Feridas"";""Pleno dia"";""Decrescente"";""Nublado"";""Simples"";""Não Informado"";""Não"";464380;""Automóvel"";""GM/ASTRA SEDAN ADVANTAGE"";2008;""Condutor"";""Lesões Graves"";49;""Masculino"";0;0;1;0;-15",97556585;-48,"82566142;""SR-GO"";""DEL1/2"";""UOP01/GO"""
"260239;581445;2020-01-01;""quarta"";""17:56:00"";""GO"";414;400","7;""ABADIANIA"";""Sim"";""Ingestão de Álcool"";1;""Colisão frontal"";""Com Vítimas Feridas"";""Pleno dia"";""Decrescente"";""Nublado"";""Simples"";""Não Informado"";""Não"";464379;""Caminhonete"";""FIAT/STRADA FIRE FLEX"";2011;""Testemunha"";""Não Informado"";NA;""Não Informado"";0;0;0;0;-15",97556585;-48,"82566142;""SR-GO"";""DEL1/2"";""UOP01/GO"""
"260239;581434;2020-01-01;""quarta"";""17:56:00"";""GO"";414;400","7;""ABADIANIA"";""Sim"";""Ingestão de Álcool"";1;""Colisão frontal"";""Com Vítimas Feridas"";""Pleno dia"";""Decrescente"";""Nublado"";""Simples"";""Não Informado"";""Não"";464379;""Caminhonete"";""FIAT/STRADA FIRE FLEX"";2011;""Passageiro"";""Lesões Graves"";25;""Feminino"";0;0;1;0;-15",97556585;-48,"82566142;""SR-GO"";""DEL1/2"";""UOP01/GO"""
"260239;581429;2020-01-01;""quarta"";""17:56:00"";""GO"";414;400","7;""ABADIANIA"";""Sim"";""Ingestão de Álcool"";1;""Colisão frontal"";""Com Vítimas Feridas"";""Pleno dia"";""Decrescente"";""Nublado"";""Simples"";""Não Informado"";""Não"";464379;""Caminhonete"";""FIAT/STRADA FIRE FLEX"";2011;""Condutor"";""Lesões Graves"";29;""Masculino"";0;0;1;0;-15",97556585;-48,"82566142;""SR-GO"";""DEL1/2"";""UOP01/GO"""
"260240;579048;2020-01-01;""quarta"";""19:40:00"";""PA"";316;32","5;""SANTA IZABEL DO PARA"";""Sim"";""Pista Escorregadia"";1;""Saída de leito carroçável"";""Com Vítimas Feridas"";""Plena Noite"";""Decrescente"";""Chuva"";""Dupla"";""Curva"";""Sim"";464515;""Motocicleta"";""HONDA/CG 160 FAN"";2018;""Condutor"";""Lesões Graves"";39;""Masculino"";0;0;1;0;-1",29883965;-48,"18120718;""SR-PA"";""DEL19/1"";""UOP01/PA"""
"260241;NA;2020-01-01;""quarta"";""18:10:00"";""PR"";376;667;""GUARATUBA"";""Sim"";""Defeito Mecânico no Veículo"";1;""Saída de leito carroçável"";""Sem Vítimas"";""Anoitecer"";""Crescente"";""Céu Claro"";""Dupla"";""Reta"";""Não"";468378;""Semireboque"";""SR/GUERRA AG SI"";2008;""Não Informado"";""Não Informado"";NA;""Não Informado"";0;0;0;0;-25",86649659;-48,"94666822;""SR-PR"";""DEL7/1"";""UOP08/PR""",
"260241;584602;2020-01-01;""quarta"";""18:10:00"";""PR"";376;667;""GUARATUBA"";""Sim"";""Defeito Mecânico no Veículo"";1;""Saída de leito carroçável"";""Sem Vítimas"";""Anoitecer"";""Crescente"";""Céu Claro"";""Dupla"";""Reta"";""Não"";464406;""Caminhão-trator"";""DAF/XF105 FTT 460A"";2015;""Condutor"";""Ileso"";42;""Masculino"";1;0;0;0;-25",86649659;-48,"94666822;""SR-PR"";""DEL7/1"";""UOP08/PR""",
"260242;578933;2020-01-01;""quarta"";""20:20:00"";""RO"";364;358;""OURO PRETO DO OESTE"";""Sim"";""Defeito na Via"";1;""Tombamento"";""Com Vítimas Feridas"";""Plena Noite"";""Crescente"";""Chuva"";""Simples"";""Reta"";""Não"";464387;""Motocicleta"";""YAMAHA/FAZER250 BLUEFLEX"";2016;""Condutor"";""Lesões Leves"";20;""Masculino"";0;1;0;0;-10",79098663;-62,"04115379;""SR-RO"";""DEL21/2"";""UOP01/RO""",
"260242;578933;2020-01-01;""quarta"";""20:20:00"";""RO"";364;358;""OURO PRETO DO OESTE"";""Sim"";""Defeito na Via"";2;""Queda de ocupante de veículo"";""Com Vítimas Feridas"";""Plena Noite"";""Crescente"";""Chuva"";""Simples"";""Reta"";""Não"";464387;""Motocicleta"";""YAMAHA/FAZER250 BLUEFLEX"";2016;""Condutor"";""Lesões Leves"";20;""Masculino"";0;1;0;0;-10",79098663;-62,"04115379;""SR-RO"";""DEL21/2"";""UOP01/RO""",
"260243;580103;2020-01-01;""quarta"";""19:00:00"";""MS"";163;16","1;""MUNDO NOVO"";""Sim"";""Ingestão de Álcool"";2;""Colisão com objeto estático"";""Sem Vítimas"";""Plena Noite"";""Crescente"";""Céu Claro"";""Simples"";""Curva"";""Sim"";464394;""Automóvel"";""I/HYUNDAI SANTA FE"";2013;""Condutor"";""Ileso"";22;""Masculino"";1;0;0;0;-23",95437523;-54,"29279479;""SR-MS"";""DEL3/09"";""UOP02/MS"""
"260243;580103;2020-01-01;""quarta"";""19:00:00"";""MS"";163;16","1;""MUNDO NOVO"";""Sim"";""Ingestão de Álcool"";1;""Saída de leito carroçável"";""Sem Vítimas"";""Plena Noite"";""Crescente"";""Céu Claro"";""Simples"";""Curva"";""Sim"";464394;""Automóvel"";""I/HYUNDAI SANTA FE"";2013;""Condutor"";""Ileso"";22;""Masculino"";1;0;0;0;-23",95437523;-54,"29279479;""SR-MS"";""DEL3/09"";""UOP02/MS"""
"260244;578921;2020-01-01;""quarta"";""21:40:00"";""ES"";447;12;""VILA VELHA"";""Sim"";""Falta de Atenção do Pedestre"";1;""Atropelamento de Pedestre"";""Com Vítimas Feridas"";""Plena Noite"";""Crescente"";""Céu Claro"";""Dupla"";""Reta"";""Sim"";464447;""Motocicleta"";""HONDA/CG 125 FAN ES"";2010;""Pedestre"";""Lesões Leves"";NA;""Masculino"";0;1;0;0;-20",35784325;-40,"3328294;""SR-ES"";""DEL12/1"";""UOP01/ES""",
"260244;578920;2020-01-01;""quarta"";""21:40:00"";""ES"";447;12;""VILA VELHA"";""Sim"";""Falta de Atenção do Pedestre"";1;""Atropelamento de Pedestre"";""Com Vítimas Feridas"";""Plena Noite"";""Crescente"";""Céu Claro"";""Dupla"";""Reta"";""Sim"";464447;""Motocicleta"";""HONDA/CG 125 FAN ES"";2010;""Condutor"";""Lesões Leves"";40;""Masculino"";0;1;0;0;-20",35784325;-40,"3328294;""SR-ES"";""DEL12/1"";""UOP01/ES""",
"260245;578978;2020-01-01;""quarta"";""22:10:00"";""MG"";459;95","9;""POUSO ALEGRE"";""Sim"";""Desobediência às normas de trânsito pelo condutor"";1;""Colisão frontal"";""Com Vítimas Fatais"";""Plena Noite"";""Crescente"";""Céu Claro"";""Simples"";""Não Informado"";""Não"";464446;""Automóvel"";""FORD/ESCORT 1.0 HOBBY"";1995;""Condutor"";""Lesões Graves"";39;""Masculino"";0;0;1;0;-22",202257;-45,"960611;""SR-MG"";""DEL09"";""UOP04/MG"""
"260245;578919;2020-01-01;""quarta"";""22:10:00"";""MG"";459;95","9;""POUSO ALEGRE"";""Sim"";""Desobediência às normas de trânsito pelo condutor"";1;""Colisão frontal"";""Com Vítimas Fatais"";""Plena Noite"";""Crescente"";""Céu Claro"";""Simples"";""Não Informado"";""Não"";464445;""Automóvel"";""FIAT/UNO MILLE WAY ECON"";2010;""Passageiro"";""Óbito"";67;""Feminino"";0;0;0;1;-22",202257;-45,"960611;""SR-MG"";""DEL09"";""UOP04/MG"""
"260245;578974;2020-01-01;""quarta"";""22:10:00"";""MG"";459;95","9;""POUSO ALEGRE"";""Sim"";""Desobediência às normas de trânsito pelo condutor"";1;""Colisão frontal"";""Com Vítimas Fatais"";""Plena Noite"";""Crescente"";""Céu Claro"";""Simples"";""Não Informado"";""Não"";464445;""Automóvel"";""FIAT/UNO MILLE WAY ECON"";2010;""Condutor"";""Lesões Graves"";71;""Masculino"";0;0;1;0;-22",202257;-45,"960611;""SR-MG"";""DEL09"";""UOP04/MG"""
"260245;578975;2020-01-01;""quarta"";""22:10:00"";""MG"";459;95","9;""POUSO ALEGRE"";""Sim"";""Desobediência às normas de trânsito pelo condutor"";1;""Colisão frontal"";""Com Vítimas Fatais"";""Plena Noite"";""Crescente"";""Céu Claro"";""Simples"";""Não Informado"";""Não"";464445;""Automóvel"";""FIAT/UNO MILLE WAY ECON"";2010;""Passageiro"";""Lesões Graves"";21;""Masculino"";0;0;1;0;-22",202257;-45,"960611;""SR-MG"";""DEL09"";""UOP04/MG"""
"260245;578978;2020-01-01;""quarta"";""22:10:00"";""MG"";459;95","9;""POUSO ALEGRE"";""Não"";""Velocidade Incompatível"";1;""Colisão frontal"";""Com Vítimas Fatais"";""Plena Noite"";""Crescente"";""Céu Claro"";""Simples"";""Não Informado"";""Não"";464446;""Automóvel"";""FORD/ESCORT 1.0 HOBBY"";1995;""Condutor"";""Lesões Graves"";39;""Masculino"";0;0;1;0;-22",202257;-45,"960611;""SR-MG"";""DEL09"";""UOP04/MG"""
"260245;578919;2020-01-01;""quarta"";""22:10:00"";""MG"";459;95","9;""POUSO ALEGRE"";""Não"";""Velocidade Incompatível"";1;""Colisão frontal"";""Com Vítimas Fatais"";""Plena Noite"";""Crescente"";""Céu Claro"";""Simples"";""Não Informado"";""Não"";464445;""Automóvel"";""FIAT/UNO MILLE WAY ECON"";2010;""Passageiro"";""Óbito"";67;""Feminino"";0;0;0;1;-22",202257;-45,"960611;""SR-MG"";""DEL09"";""UOP04/MG"""
"260245;578974;2020-01-01;""quarta"";""22:10:00"";""MG"";459;95","9;""POUSO ALEGRE"";""Não"";""Velocidade Incompatível"";1;""Colisão frontal"";""Com Vítimas Fatais"";""Plena Noite"";""Crescente"";""Céu Claro"";""Simples"";""Não Informado"";""Não"";464445;""Automóvel"";""FIAT/UNO MILLE WAY ECON"";2010;""Condutor"";""Lesões Graves"";71;""Masculino"";0;0;1;0;-22",202257;-45,"960611;""SR-MG"";""DEL09"";""UOP04/MG"""
"260245;578975;2020-01-01;""quarta"";""22:10:00"";""MG"";459;95","9;""POUSO ALEGRE"";""Não"";""Velocidade Incompatível"";1;""Colisão frontal"";""Com Vítimas Fatais"";""Plena Noite"";""Crescente"";""Céu Claro"";""Simples"";""Não Informado"";""Não"";464445;""Automóvel"";""FIAT/UNO MILLE WAY ECON"";2010;""Passageiro"";""Lesões Graves"";21;""Masculino"";0;0;1;0;-22",202257;-45,"960611;""SR-MG"";""DEL09"";""UOP04/MG"""
"260246;580667;2020-01-01;""quarta"";""17:30:00"";""SP"";116;351;""MIRACATU"";""Sim"";""Velocidade Incompatível"";1;""Saída de leito carroçável"";""Com Vítimas Feridas"";""Plena Noite"";""Crescente"";""Céu Claro"";""Dupla"";""Reta"";""Não"";464399;""Automóvel"";""GM/CORSA WIND"";1999;""Passageiro"";""Lesões Leves"";52;""Feminino"";0;1;0;0;-24",06157909;-47,"22591797;""SR-SP"";""DEL6/4"";""UOP03/SP""",
"260246;580660;2020-01-01;""quarta"";""17:30:00"";""SP"";116;351;""MIRACATU"";""Sim"";""Velocidade Incompatível"";1;""Saída de leito carroçável"";""Com Vítimas Feridas"";""Plena Noite"";""Crescente"";""Céu Claro"";""Dupla"";""Reta"";""Não"";464399;""Automóvel"";""GM/CORSA WIND"";1999;""Condutor"";""Ileso"";26;""Masculino"";1;0;0;0;-24",06157909;-47,"22591797;""SR-SP"";""DEL6/4"";""UOP03/SP""",
"260247;580788;2020-01-01;""quarta"";""21:40:00"";""BA"";242;883;""LUIS EDUARDO MAGALHAES"";""Sim"";""Ingestão de Álcool"";1;""Queda de ocupante de veículo"";""Com Vítimas Feridas"";""Plena Noite"";""Crescente"";""Céu Claro"";""Dupla"";""Reta"";""Não"";464415;""Motocicleta"";""HONDA/POP 110I"";2018;""Condutor"";""Lesões Graves"";23;""Feminino"";0;0;1;0;-12",09236717;-45,"79994202;""SR-BA"";""DEL10/10"";""UOP01/BA""",
"260248;578873;2020-01-01;""quarta"";""19:40:00"";""PR"";376;626;""SAO JOSE DOS PINHAIS"";""Sim"";""Defeito Mecânico no Veículo"";1;""Queda de ocupante de veículo"";""Com Vítimas Feridas"";""Plena Noite"";""Decrescente"";""Chuva"";""Simples"";""Reta"";""Sim"";464400;""Motocicleta"";""HONDA/CG 150 FAN ESI"";2012;""Passageiro"";""Lesões Leves"";23;""Feminino"";0;1;0;0;-25",66095117;-49,"15500053;""SR-PR"";""DEL7/1"";""UOP08/PR""",
"260248;578872;2020-01-01;""quarta"";""19:40:00"";""PR"";376;626;""SAO JOSE DOS PINHAIS"";""Sim"";""Defeito Mecânico no Veículo"";1;""Queda de ocupante de veículo"";""Com Vítimas Feridas"";""Plena Noite"";""Decrescente"";""Chuva"";""Simples"";""Reta"";""Sim"";464400;""Motocicleta"";""HONDA/CG 150 FAN ESI"";2012;""Condutor"";""Lesões Leves"";23;""Masculino"";0;1;0;0;-25",66095117;-49,"15500053;""SR-PR"";""DEL7/1"";""UOP08/PR""",
"260249;579022;2020-01-01;""quarta"";""22:45:00"";""RN"";101;94;""NATAL"";""Sim"";""Falta de Atenção à Condução"";1;""Colisão com objeto estático"";""Com Vítimas Feridas"";""Plena Noite"";""Crescente"";""Ignorado"";""Dupla"";""Curva"";""Não"";464472;""Ônibus"";""MARCOPOLO/VOLARE WL ON"";2014;""Passageiro"";""Lesões Graves"";27;""Masculino"";0;0;1;0;-5",83176615;-35,"21191342;""SR-RN"";""DEL15/1"";""UOP01/RN""",
"260249;579021;2020-01-01;""quarta"";""22:45:00"";""RN"";101;94;""NATAL"";""Sim"";""Falta de Atenção à Condução"";1;""Colisão com objeto estático"";""Com Vítimas Feridas"";""Plena Noite"";""Crescente"";""Ignorado"";""Dupla"";""Curva"";""Não"";464472;""Ônibus"";""MARCOPOLO/VOLARE WL ON"";2014;""Condutor"";""Lesões Leves"";37;""Masculino"";0;1;0;0;-5",83176615;-35,"21191342;""SR-RN"";""DEL15/1"";""UOP01/RN""",
"260250;579592;2020-01-01;""quarta"";""23:00:00"";""MG"";40;449","8;""CAETANOPOLIS"";""Sim"";""Defeito Mecânico no Veículo"";1;""Incêndio"";""Sem Vítimas"";""Plena Noite"";""Decrescente"";""Nublado"";""Dupla"";""Reta"";""Não"";464428;""Caminhonete"";""I/FORD RANGER LTDCD4A32C"";2016;""Condutor"";""Ileso"";55;""Masculino"";1;0;0;0;-19",313;-44,"37;""SR-MG"";""DEL4/2"";""UOP01/MG"""
"260251;578950;2020-01-01;""quarta"";""19:20:00"";""MA"";10;299","1;""CIDELANDIA"";""Sim"";""Ultrapassagem Indevida"";1;""Colisão traseira"";""Com Vítimas Fatais"";""Plena Noite"";""Decrescente"";""Céu Claro"";""Simples"";""Reta"";""Não"";464460;""Bicicleta"";"""";NA;""Condutor"";""Óbito"";42;""Masculino"";0;0;0;1;-5",122542;-47,"547592;""SR-MA"";""DEL18/4"";""UOP03/MA"""
"260251;580927;2020-01-01;""quarta"";""19:20:00"";""MA"";10;299","1;""CIDELANDIA"";""Sim"";""Ultrapassagem Indevida"";1;""Colisão traseira"";""Com Vítimas Fatais"";""Plena Noite"";""Decrescente"";""Céu Claro"";""Simples"";""Reta"";""Não"";464461;""Automóvel"";""NISSAN/MARCH 16SL CVT"";2019;""Condutor"";""Ileso"";46;""Masculino"";1;0;0;0;-5",122542;-47,"547592;""SR-MA"";""DEL18/4"";""UOP03/MA"""
"260251;578950;2020-01-01;""quarta"";""19:20:00"";""MA"";10;299","1;""CIDELANDIA"";""Sim"";""Ultrapassagem Indevida"";3;""Queda de ocupante de veículo"";""Com Vítimas Fatais"";""Plena Noite"";""Decrescente"";""Céu Claro"";""Simples"";""Reta"";""Não"";464460;""Bicicleta"";"""";NA;""Condutor"";""Óbito"";42;""Masculino"";0;0;0;1;-5",122542;-47,"547592;""SR-MA"";""DEL18/4"";""UOP03/MA"""
"260251;580927;2020-01-01;""quarta"";""19:20:00"";""MA"";10;299","1;""CIDELANDIA"";""Sim"";""Ultrapassagem Indevida"";3;""Queda de ocupante de veículo"";""Com Vítimas Fatais"";""Plena Noite"";""Decrescente"";""Céu Claro"";""Simples"";""Reta"";""Não"";464461;""Automóvel"";""NISSAN/MARCH 16SL CVT"";2019;""Condutor"";""Ileso"";46;""Masculino"";1;0;0;0;-5",122542;-47,"547592;""SR-MA"";""DEL18/4"";""UOP03/MA"""
"260251;578950;2020-01-01;""quarta"";""19:20:00"";""MA"";10;299","1;""CIDELANDIA"";""Sim"";""Ultrapassagem Indevida"";2;""Tombamento"";""Com Vítimas Fatais"";""Plena Noite"";""Decrescente"";""Céu Claro"";""Simples"";""Reta"";""Não"";464460;""Bicicleta"";"""";NA;""Condutor"";""Óbito"";42;""Masculino"";0;0;0;1;-5",122542;-47,"547592;""SR-MA"";""DEL18/4"";""UOP03/MA"""