"id;""pesid"";""data_inversa"";""dia_semana"";""horario"";""uf"";""br"";""km"";""municipio"";""causa_principal"";""causa_acidente"";""ordem_tipo_acidente"";""tipo_acidente"";""classificacao_acidente"";""fase_dia"";""sentido_via"";""condicao_metereologica"";""tipo_pista"";""tracado_via"";""uso_solo"";""id_veiculo"";""tipo_veiculo"";""marca"";""ano_fabricacao_veiculo"";""tipo_envolvido"";""estado_fisico"";""idade"";""sexo"";""ilesos"";""feridos_leves"";""feridos_graves"";""mortos"";""latitude"";""longitude"";""regional"";""delegacia"";""uop""",,,
"260272;581506;2020-01-02;""quinta"";""06:30:00"";""DF"";60;25;""BRASILIA"";""Sim"";""Condutor Dormindo"";1;""Saída de leito carroçável"";""Com Vítimas Feridas"";""Amanhecer"";""Decrescente"";""Céu Claro"";""Dupla"";""Não Informado"";""Não"";464489;""Automóvel"";""CHEVROLET/ONIX 1.0MT LT"";2019;""Passageiro"";""Lesões Leves"";23;""Feminino"";0;1;0;0;-15",996379;-48,"240028;""SR-DF"";""UOP03/DF"";""""",
"260272;581503;2020-01-02;""quinta"";""06:30:00"";""DF"";60;25;""BRASILIA"";""Sim"";""Condutor Dormindo"";1;""Saída de leito carroçável"";""Com Vítimas Feridas"";""Amanhecer"";""Decrescente"";""Céu Claro"";""Dupla"";""Não Informado"";""Não"";464489;""Automóvel"";""CHEVROLET/ONIX 1.0MT LT"";2019;""Condutor"";""Lesões Leves"";24;""Masculino"";0;1;0;0;-15",996379;-48,"240028;""SR-DF"";""UOP03/DF"";""""",
"260272;581509;2020-01-02;""quinta"";""06:30:00"";""DF"";60;25;""BRASILIA"";""Sim"";""Condutor Dormindo"";2;""Capotamento"";""Com Vítimas Feridas"";""Amanhecer"";""Decrescente"";""Céu Claro"";""Dupla"";""Não Informado"";""Não"";464489;""Automóvel"";""CHEVROLET/ONIX 1.0MT LT"";2019;""Passageiro"";""Lesões Leves"";24;""Masculino"";0;1;0;0;-15",996379;-48,"240028;""SR-DF"";""UOP03/DF"";""""",
"260272;581506;2020-01-02;""quinta"";""06:30:00"";""DF"";60;25;""BRASILIA"";""Sim"";""Condutor Dormindo"";2;""Capotamento"";""Com Vítimas Feridas"";""Amanhecer"";""Decrescente"";""Céu Claro"";""Dupla"";""Não Informado"";""Não"";464489;""Automóvel"";""CHEVROLET/ONIX 1.0MT LT"";2019;""Passageiro"";""Lesões Leves"";23;""Feminino"";0;1;0;0;-15",996379;-48,"240028;""SR-DF"";""UOP03/DF"";""""",
"260272;581503;2020-01-02;""quinta"";""06:30:00"";""DF"";60;25;""BRASILIA"";""Sim"";""Condutor Dormindo"";2;""Capotamento"";""Com Vítimas Feridas"";""Amanhecer"";""Decrescente"";""Céu Claro"";""Dupla"";""Não Informado"";""Não"";464489;""Automóvel"";""CHEVROLET/ONIX 1.0MT LT"";2019;""Condutor"";""Lesões Leves"";24;""Masculino"";0;1;0;0;-15",996379;-48,"240028;""SR-DF"";""UOP03/DF"";""""",
"260273;584516;2020-01-01;""quarta"";""17:15:00"";""BA"";242;350;""LENCOIS"";""Sim"";""Falta de Atenção à Condução"";1;""Capotamento"";""Com Vítimas Feridas"";""Pleno dia"";""Crescente"";""Chuva"";""Simples"";""Desvio Temporário"";""Não"";464471;""Automóvel"";""HYUNDAI/HB20X 1.6A PREMI"";2014;""Passageiro"";""Ileso"";29;""Masculino"";1;0;0;0;-12",49530755;-41,"32112295;""SR-BA"";""DEL10/6"";""UOP01/BA""",
"260273;584515;2020-01-01;""quarta"";""17:15:00"";""BA"";242;350;""LENCOIS"";""Sim"";""Falta de Atenção à Condução"";1;""Capotamento"";""Com Vítimas Feridas"";""Pleno dia"";""Crescente"";""Chuva"";""Simples"";""Desvio Temporário"";""Não"";464471;""Automóvel"";""HYUNDAI/HB20X 1.6A PREMI"";2014;""Condutor"";""Lesões Leves"";48;""Feminino"";0;1;0;0;-12",49530755;-41,"32112295;""SR-BA"";""DEL10/6"";""UOP01/BA""",
"260273;584516;2020-01-01;""quarta"";""17:15:00"";""BA"";242;350;""LENCOIS"";""Sim"";""Falta de Atenção à Condução"";2;""Saída de leito carroçável"";""Com Vítimas Feridas"";""Pleno dia"";""Crescente"";""Chuva"";""Simples"";""Desvio Temporário"";""Não"";464471;""Automóvel"";""HYUNDAI/HB20X 1.6A PREMI"";2014;""Passageiro"";""Ileso"";29;""Masculino"";1;0;0;0;-12",49530755;-41,"32112295;""SR-BA"";""DEL10/6"";""UOP01/BA""",
"260273;584515;2020-01-01;""quarta"";""17:15:00"";""BA"";242;350;""LENCOIS"";""Sim"";""Falta de Atenção à Condução"";2;""Saída de leito carroçável"";""Com Vítimas Feridas"";""Pleno dia"";""Crescente"";""Chuva"";""Simples"";""Desvio Temporário"";""Não"";464471;""Automóvel"";""HYUNDAI/HB20X 1.6A PREMI"";2014;""Condutor"";""Lesões Leves"";48;""Feminino"";0;1;0;0;-12",49530755;-41,"32112295;""SR-BA"";""DEL10/6"";""UOP01/BA""",
"260274;578972;2020-01-02;""quinta"";""04:00:00"";""MG"";381;443;""SANTA LUZIA"";""Não"";""Falta de Atenção à Condução"";2;""Capotamento"";""Com Vítimas Feridas"";""Plena Noite"";""Decrescente"";""Chuva"";""Simples"";""Curva"";""Não"";464473;""Automóvel"";""FIAT/PALIO ELX"";2004;""Condutor"";""Lesões Leves"";26;""Masculino"";0;1;0;0;-19",822546;-43,"817345;""SR-MG"";""DEL4/1"";""UOP01/MG""",
"260274;578973;2020-01-02;""quinta"";""04:00:00"";""MG"";381;443;""SANTA LUZIA"";""Não"";""Falta de Atenção à Condução"";2;""Capotamento"";""Com Vítimas Feridas"";""Plena Noite"";""Decrescente"";""Chuva"";""Simples"";""Curva"";""Não"";464473;""Automóvel"";""FIAT/PALIO ELX"";2004;""Passageiro"";""Lesões Leves"";27;""Feminino"";0;1;0;0;-19",822546;-43,"817345;""SR-MG"";""DEL4/1"";""UOP01/MG""",
"260274;578972;2020-01-02;""quinta"";""04:00:00"";""MG"";381;443;""SANTA LUZIA"";""Não"";""Falta de Atenção à Condução"";1;""Saída de leito carroçável"";""Com Vítimas Feridas"";""Plena Noite"";""Decrescente"";""Chuva"";""Simples"";""Curva"";""Não"";464473;""Automóvel"";""FIAT/PALIO ELX"";2004;""Condutor"";""Lesões Leves"";26;""Masculino"";0;1;0;0;-19",822546;-43,"817345;""SR-MG"";""DEL4/1"";""UOP01/MG""",
"260274;578973;2020-01-02;""quinta"";""04:00:00"";""MG"";381;443;""SANTA LUZIA"";""Não"";""Falta de Atenção à Condução"";1;""Saída de leito carroçável"";""Com Vítimas Feridas"";""Plena Noite"";""Decrescente"";""Chuva"";""Simples"";""Curva"";""Não"";464473;""Automóvel"";""FIAT/PALIO ELX"";2004;""Passageiro"";""Lesões Leves"";27;""Feminino"";0;1;0;0;-19",822546;-43,"817345;""SR-MG"";""DEL4/1"";""UOP01/MG""",
"260274;578972;2020-01-02;""quinta"";""04:00:00"";""MG"";381;443;""SANTA LUZIA"";""Sim"";""Pista Escorregadia"";2;""Capotamento"";""Com Vítimas Feridas"";""Plena Noite"";""Decrescente"";""Chuva"";""Simples"";""Curva"";""Não"";464473;""Automóvel"";""FIAT/PALIO ELX"";2004;""Condutor"";""Lesões Leves"";26;""Masculino"";0;1;0;0;-19",822546;-43,"817345;""SR-MG"";""DEL4/1"";""UOP01/MG""",
"260274;578973;2020-01-02;""quinta"";""04:00:00"";""MG"";381;443;""SANTA LUZIA"";""Sim"";""Pista Escorregadia"";2;""Capotamento"";""Com Vítimas Feridas"";""Plena Noite"";""Decrescente"";""Chuva"";""Simples"";""Curva"";""Não"";464473;""Automóvel"";""FIAT/PALIO ELX"";2004;""Passageiro"";""Lesões Leves"";27;""Feminino"";0;1;0;0;-19",822546;-43,"817345;""SR-MG"";""DEL4/1"";""UOP01/MG""",
"260274;578972;2020-01-02;""quinta"";""04:00:00"";""MG"";381;443;""SANTA LUZIA"";""Sim"";""Pista Escorregadia"";1;""Saída de leito carroçável"";""Com Vítimas Feridas"";""Plena Noite"";""Decrescente"";""Chuva"";""Simples"";""Curva"";""Não"";464473;""Automóvel"";""FIAT/PALIO ELX"";2004;""Condutor"";""Lesões Leves"";26;""Masculino"";0;1;0;0;-19",822546;-43,"817345;""SR-MG"";""DEL4/1"";""UOP01/MG""",
"260274;578973;2020-01-02;""quinta"";""04:00:00"";""MG"";381;443;""SANTA LUZIA"";""Sim"";""Pista Escorregadia"";1;""Saída de leito carroçável"";""Com Vítimas Feridas"";""Plena Noite"";""Decrescente"";""Chuva"";""Simples"";""Curva"";""Não"";464473;""Automóvel"";""FIAT/PALIO ELX"";2004;""Passageiro"";""Lesões Leves"";27;""Feminino"";0;1;0;0;-19",822546;-43,"817345;""SR-MG"";""DEL4/1"";""UOP01/MG""",
"260275;580603;2020-01-02;""quinta"";""05:30:00"";""CE"";222;128","2;""ITAPAJE"";""Sim"";""Falta de Atenção à Condução"";2;""Capotamento"";""Com Vítimas Feridas"";""Amanhecer"";""Crescente"";""Chuva"";""Simples"";""Curva"";""Não"";464481;""Automóvel"";""CHEVROLET/ONIX 1.4MT LTZ"";2013;""Condutor"";""Lesões Leves"";35;""Masculino"";0;1;0;0;-3",70427286;-39,"61528609;""SR-CE"";""DEL16/4"";""UOP03/CE"""
"260275;580603;2020-01-02;""quinta"";""05:30:00"";""CE"";222;128","2;""ITAPAJE"";""Sim"";""Falta de Atenção à Condução"";1;""Saída de leito carroçável"";""Com Vítimas Feridas"";""Amanhecer"";""Crescente"";""Chuva"";""Simples"";""Curva"";""Não"";464481;""Automóvel"";""CHEVROLET/ONIX 1.4MT LTZ"";2013;""Condutor"";""Lesões Leves"";35;""Masculino"";0;1;0;0;-3",70427286;-39,"61528609;""SR-CE"";""DEL16/4"";""UOP03/CE"""
"260276;579188;2020-01-02;""quinta"";""06:25:00"";""ES"";262;1","8;""CARIACICA"";""Sim"";""Falta de Atenção à Condução"";1;""Colisão lateral"";""Com Vítimas Feridas"";""Pleno dia"";""Crescente"";""Céu Claro"";""Dupla"";""Reta"";""Sim"";464548;""Motocicleta"";""HONDA/CG 150 TITAN ESD"";2004;""Condutor"";""Lesões Graves"";41;""Masculino"";0;0;1;0;-20",33295742;-40,"35887718;""SR-ES"";""DEL12/1"";""UOP01/ES"""
"260276;579185;2020-01-02;""quinta"";""06:25:00"";""ES"";262;1","8;""CARIACICA"";""Sim"";""Falta de Atenção à Condução"";1;""Colisão lateral"";""Com Vítimas Feridas"";""Pleno dia"";""Crescente"";""Céu Claro"";""Dupla"";""Reta"";""Sim"";464547;""Automóvel"";""VW/GOL SERIE OURO 2000"";2000;""Condutor"";""Ileso"";41;""Masculino"";1;0;0;0;-20",33295742;-40,"35887718;""SR-ES"";""DEL12/1"";""UOP01/ES"""
"260277;NA;2020-01-02;""quinta"";""07:00:00"";""SP"";153;287","9;""OCAUCU"";""Sim"";""Condutor Dormindo"";1;""Colisão frontal"";""Com Vítimas Fatais"";""Pleno dia"";""Decrescente"";""Nublado"";""Simples"";""Não Informado"";""Não"";465338;""Semireboque"";""SR/RANDON SR TQ"";2009;""Não Informado"";""Não Informado"";NA;""Não Informado"";0;0;0;0;-22",47307976;-49,"88805771;""SR-SP"";""DEL6/07"";""UOP02/SP"""
"260277;NA;2020-01-02;""quinta"";""07:00:00"";""SP"";153;287","9;""OCAUCU"";""Sim"";""Condutor Dormindo"";1;""Colisão frontal"";""Com Vítimas Fatais"";""Pleno dia"";""Decrescente"";""Nublado"";""Simples"";""Não Informado"";""Não"";465339;""Semireboque"";""SR/RANDON SR TQ"";2009;""Não Informado"";""Não Informado"";NA;""Não Informado"";0;0;0;0;-22",47307976;-49,"88805771;""SR-SP"";""DEL6/07"";""UOP02/SP"""
"260277;580247;2020-01-02;""quinta"";""07:00:00"";""SP"";153;287","9;""OCAUCU"";""Sim"";""Condutor Dormindo"";1;""Colisão frontal"";""Com Vítimas Fatais"";""Pleno dia"";""Decrescente"";""Nublado"";""Simples"";""Não Informado"";""Não"";464502;""Caminhão-trator"";""VOLVO/FH 460 6X4T"";2014;""Condutor"";""Ileso"";45;""Masculino"";1;0;0;0;-22",47307976;-49,"88805771;""SR-SP"";""DEL6/07"";""UOP02/SP"""
"260277;579019;2020-01-02;""quinta"";""07:00:00"";""SP"";153;287","9;""OCAUCU"";""Sim"";""Condutor Dormindo"";1;""Colisão frontal"";""Com Vítimas Fatais"";""Pleno dia"";""Decrescente"";""Nublado"";""Simples"";""Não Informado"";""Não"";464501;""Automóvel"";""GM/CELTA 3 PORTAS"";2004;""Condutor"";""Óbito"";66;""Masculino"";0;0;0;1;-22",47307976;-49,"88805771;""SR-SP"";""DEL6/07"";""UOP02/SP"""
"260277;580239;2020-01-02;""quinta"";""07:00:00"";""SP"";153;287","9;""OCAUCU"";""Sim"";""Condutor Dormindo"";1;""Colisão frontal"";""Com Vítimas Fatais"";""Pleno dia"";""Decrescente"";""Nublado"";""Simples"";""Não Informado"";""Não"";464501;""Automóvel"";""GM/CELTA 3 PORTAS"";2004;""Passageiro"";""Lesões Leves"";54;""Masculino"";0;1;0;0;-22",47307976;-49,"88805771;""SR-SP"";""DEL6/07"";""UOP02/SP"""
"260278;NA;2020-01-02;""quinta"";""05:30:00"";""MT"";364;11","3;""ALTO ARAGUAIA"";""Sim"";""Falta de Atenção à Condução"";1;""Tombamento"";""Sem Vítimas"";""Pleno dia"";""Crescente"";""Céu Claro"";""Simples"";""Não Informado"";""Não"";465734;""Semireboque"";""SR/IBIPORA SR3ED CF"";2019;""Não Informado"";""Não Informado"";NA;""Não Informado"";0;0;0;0;-17",26808961;-53,"29705668;""SR-MT"";""DEL2/2"";""UOP04/MT"""
"260278;NA;2020-01-02;""quinta"";""05:30:00"";""MT"";364;11","3;""ALTO ARAGUAIA"";""Sim"";""Falta de Atenção à Condução"";1;""Tombamento"";""Sem Vítimas"";""Pleno dia"";""Crescente"";""Céu Claro"";""Simples"";""Não Informado"";""Não"";465728;""Semireboque"";""SR/RANDON SR CA"";2005;""Não Informado"";""Não Informado"";NA;""Não Informado"";0;0;0;0;-17",26808961;-53,"29705668;""SR-MT"";""DEL2/2"";""UOP04/MT"""
"260278;580759;2020-01-02;""quinta"";""05:30:00"";""MT"";364;11","3;""ALTO ARAGUAIA"";""Sim"";""Falta de Atenção à Condução"";1;""Tombamento"";""Sem Vítimas"";""Pleno dia"";""Crescente"";""Céu Claro"";""Simples"";""Não Informado"";""Não"";464508;""Caminhão-trator"";""M.BENZ/ACTROS 2546LS"";2019;""Condutor"";""Ileso"";42;""Masculino"";1;0;0;0;-17",26808961;-53,"29705668;""SR-MT"";""DEL2/2"";""UOP04/MT"""
"260278;580757;2020-01-02;""quinta"";""05:30:00"";""MT"";364;11","3;""ALTO ARAGUAIA"";""Sim"";""Falta de Atenção à Condução"";1;""Tombamento"";""Sem Vítimas"";""Pleno dia"";""Crescente"";""Céu Claro"";""Simples"";""Não Informado"";""Não"";464507;""Caminhão-trator"";""SCANIA/T113 H 4X2 320"";1994;""Condutor"";""Ileso"";51;""Masculino"";1;0;0;0;-17",26808961;-53,"29705668;""SR-MT"";""DEL2/2"";""UOP04/MT"""
"260279;580588;2020-01-02;""quinta"";""07:45:00"";""SP"";116;108","9;""TAUBATE"";""Sim"";""Defeito Mecânico no Veículo"";1;""Colisão com objeto em movimento"";""Com Vítimas Feridas"";""Pleno dia"";""Decrescente"";""Nublado"";""Dupla"";""Reta"";""Sim"";464485;""Motocicleta"";""HONDA/CG150 TITAN MIX ES"";2009;""Condutor"";""Lesões Leves"";30;""Masculino"";0;1;0;0;-23",02834313;-45,"54472446;""SR-SP"";""DEL6"";""UOP01/SP"""
"260279;580588;2020-01-02;""quinta"";""07:45:00"";""SP"";116;108","9;""TAUBATE"";""Sim"";""Defeito Mecânico no Veículo"";2;""Tombamento"";""Com Vítimas Feridas"";""Pleno dia"";""Decrescente"";""Nublado"";""Dupla"";""Reta"";""Sim"";464485;""Motocicleta"";""HONDA/CG150 TITAN MIX ES"";2009;""Condutor"";""Lesões Leves"";30;""Masculino"";0;1;0;0;-23",02834313;-45,"54472446;""SR-SP"";""DEL6"";""UOP01/SP"""
"260280;580543;2020-01-02;""quinta"";""04:20:00"";""SP"";116;550","2;""BARRA DO TURVO"";""Sim"";""Falta de Atenção à Condução"";1;""Colisão com objeto estático"";""Com Vítimas Feridas"";""Plena Noite"";""Decrescente"";""Chuva"";""Dupla"";""Curva"";""Não"";464474;""Automóvel"";""TOYOTA/COROLLA XEI20FLEX"";2012;""Passageiro"";""Lesões Leves"";62;""Feminino"";0;1;0;0;-24",95749618;-48,"46440871;""SR-SP"";""DEL6/5"";""UOP03/SP"""
"260280;580542;2020-01-02;""quinta"";""04:20:00"";""SP"";116;550","2;""BARRA DO TURVO"";""Sim"";""Falta de Atenção à Condução"";1;""Colisão com objeto estático"";""Com Vítimas Feridas"";""Plena Noite"";""Decrescente"";""Chuva"";""Dupla"";""Curva"";""Não"";464474;""Automóvel"";""TOYOTA/COROLLA XEI20FLEX"";2012;""Passageiro"";""Ileso"";62;""Masculino"";1;0;0;0;-24",95749618;-48,"46440871;""SR-SP"";""DEL6/5"";""UOP03/SP"""
"260280;580541;2020-01-02;""quinta"";""04:20:00"";""SP"";116;550","2;""BARRA DO TURVO"";""Sim"";""Falta de Atenção à Condução"";1;""Colisão com objeto estático"";""Com Vítimas Feridas"";""Plena Noite"";""Decrescente"";""Chuva"";""Dupla"";""Curva"";""Não"";464474;""Automóvel"";""TOYOTA/COROLLA XEI20FLEX"";2012;""Passageiro"";""Ileso"";24;""Masculino"";1;0;0;0;-24",95749618;-48,"46440871;""SR-SP"";""DEL6/5"";""UOP03/SP"""
"260280;580540;2020-01-02;""quinta"";""04:20:00"";""SP"";116;550","2;""BARRA DO TURVO"";""Sim"";""Falta de Atenção à Condução"";1;""Colisão com objeto estático"";""Com Vítimas Feridas"";""Plena Noite"";""Decrescente"";""Chuva"";""Dupla"";""Curva"";""Não"";464474;""Automóvel"";""TOYOTA/COROLLA XEI20FLEX"";2012;""Condutor"";""Ileso"";32;""Feminino"";1;0;0;0;-24",95749618;-48,"46440871;""SR-SP"";""DEL6/5"";""UOP03/SP"""
"260281;581515;2020-01-02;""quinta"";""06:10:00"";""CE"";116;4;""FORTALEZA"";""Sim"";""Defeito Mecânico no Veículo"";1;""Danos eventuais"";""Sem Vítimas"";""Pleno dia"";""Decrescente"";""Chuva"";""Dupla"";""Reta"";""Sim"";464718;""Caminhão"";""VOLVO/VM 270 6X2R"";2013;""Condutor"";""Ileso"";27;""Masculino"";1;0;0;0;-3",7867209;-38,"5114568;""SR-CE"";""DEL16/1"";""UOP02/CE""",
"260282;580665;2020-01-01;""quarta"";""16:30:00"";""MG"";262;802;""UBERABA"";""Sim"";""Falta de Atenção à Condução"";1;""Saída de leito carroçável"";""Sem Vítimas"";""Pleno dia"";""Crescente"";""Céu Claro"";""Dupla"";""Reta"";""Não"";464476;""Automóvel"";""RENAULT/SANDERO AUT1016V"";2011;""Condutor"";""Ileso"";29;""Masculino"";1;0;0;0;-19",703245;-47,"985657;""SR-MG"";""DEL13"";""UOP01/MG""",
"260283;579653;2020-01-02;""quinta"";""03:45:00"";""SC"";470;355","5;""CAMPOS NOVOS"";""Sim"";""Velocidade Incompatível"";1;""Colisão com objeto estático"";""Sem Vítimas"";""Plena Noite"";""Crescente"";""Ignorado"";""Simples"";""Reta"";""Não"";464477;""Automóvel"";""VW/NOVO GOL 1.6 CITY"";2013;""Condutor"";""Não Informado"";NA;""Não Informado"";0;0;0;0;-27",588255;-51,"473515;""SR-SC"";""DEL7"";""UOP08/SC"""
"260284;579925;2020-01-01;""quarta"";""20:30:00"";""CE"";222;314;""TIANGUA"";""Sim"";""Ingestão de Álcool"";1;""Colisão traseira"";""Sem Vítimas"";""Plena Noite"";""Decrescente"";""Chuva"";""Simples"";""Reta"";""Sim"";464479;""Automóvel"";""GM/CELTA"";2001;""Condutor"";""Ileso"";45;""Masculino"";1;0;0;0;-3",73510648;-41,"00097656;""SR-CE"";""DEL16/4"";""UOP02/CE""",
"260284;579923;2020-01-01;""quarta"";""20:30:00"";""CE"";222;314;""TIANGUA"";""Sim"";""Ingestão de Álcool"";1;""Colisão traseira"";""Sem Vítimas"";""Plena Noite"";""Decrescente"";""Chuva"";""Simples"";""Reta"";""Sim"";464478;""Caminhonete"";""VW/SAVEIRO CS TL MB"";2014;""Condutor"";""Ileso"";47;""Masculino"";1;0;0;0;-3",73510648;-41,"00097656;""SR-CE"";""DEL16/4"";""UOP02/CE""",
"260285;581019;2020-01-02;""quinta"";""07:30:00"";""RJ"";101;58;""CAMPOS DOS GOYTACAZES"";""Sim"";""Falta de Atenção à Condução"";1;""Colisão transversal"";""Com Vítimas Feridas"";""Pleno dia"";""Crescente"";""Céu Claro"";""Simples"";""Reta"";""Sim"";464486;""Automóvel"";""FORD/FIESTA 1.6 FLEX"";2012;""Condutor"";""Ileso"";38;""Masculino"";1;0;0;0;-21",70488703;-41,"30979616;""SR-RJ"";""DEL5/8"";""UOP01/RJ""",
"260285;581020;2020-01-02;""quinta"";""07:30:00"";""RJ"";101;58;""CAMPOS DOS GOYTACAZES"";""Sim"";""Falta de Atenção à Condução"";1;""Colisão transversal"";""Com Vítimas Feridas"";""Pleno dia"";""Crescente"";""Céu Claro"";""Simples"";""Reta"";""Sim"";464487;""Motocicleta"";""HONDA/CG 160 TITAN"";2019;""Condutor"";""Lesões Leves"";35;""Feminino"";0;1;0;0;-21",70488703;-41,"30979616;""SR-RJ"";""DEL5/8"";""UOP01/RJ""",
"260286;580568;2020-01-02;""quinta"";""07:45:00"";""SP"";116;308;""SAO LOURENCO DA SERRA"";""Sim"";""Avarias e/ou desgaste excessivo no pneu"";1;""Saída de leito carroçável"";""Com Vítimas Feridas"";""Pleno dia"";""Crescente"";""Garoa/Chuvisco"";""Dupla"";""Curva"";""Sim"";464539;""Automóvel"";""HONDA/CIVIC LXS FLEX"";2008;""Passageiro"";""Lesões Leves"";NA;""Feminino"";0;1;0;0;-23",86213995;-46,"94718508;""SR-SP"";""DEL6/4"";""UOP01/SP""",
"260286;580567;2020-01-02;""quinta"";""07:45:00"";""SP"";116;308;""SAO LOURENCO DA SERRA"";""Sim"";""Avarias e/ou desgaste excessivo no pneu"";1;""Saída de leito carroçável"";""Com Vítimas Feridas"";""Pleno dia"";""Crescente"";""Garoa/Chuvisco"";""Dupla"";""Curva"";""Sim"";464539;""Automóvel"";""HONDA/CIVIC LXS FLEX"";2008;""Passageiro"";""Lesões Leves"";NA;""Masculino"";0;1;0;0;-23",86213995;-46,"94718508;""SR-SP"";""DEL6/4"";""UOP01/SP""",
"260286;580565;2020-01-02;""quinta"";""07:45:00"";""SP"";116;308;""SAO LOURENCO DA SERRA"";""Sim"";""Avarias e/ou desgaste excessivo no pneu"";1;""Saída de leito carroçável"";""Com Vítimas Feridas"";""Pleno dia"";""Crescente"";""Garoa/Chuvisco"";""Dupla"";""Curva"";""Sim"";464539;""Automóvel"";""HONDA/CIVIC LXS FLEX"";2008;""Passageiro"";""Lesões Leves"";NA;""Masculino"";0;1;0;0;-23",86213995;-46,"94718508;""SR-SP"";""DEL6/4"";""UOP01/SP""",
"260286;580563;2020-01-02;""quinta"";""07:45:00"";""SP"";116;308;""SAO LOURENCO DA SERRA"";""Sim"";""Avarias e/ou desgaste excessivo no pneu"";1;""Saída de leito carroçável"";""Com Vítimas Feridas"";""Pleno dia"";""Crescente"";""Garoa/Chuvisco"";""Dupla"";""Curva"";""Sim"";464539;""Automóvel"";""HONDA/CIVIC LXS FLEX"";2008;""Passageiro"";""Ileso"";55;""Masculino"";1;0;0;0;-23",86213995;-46,"94718508;""SR-SP"";""DEL6/4"";""UOP01/SP""",
"260286;580561;2020-01-02;""quinta"";""07:45:00"";""SP"";116;308;""SAO LOURENCO DA SERRA"";""Sim"";""Avarias e/ou desgaste excessivo no pneu"";1;""Saída de leito carroçável"";""Com Vítimas Feridas"";""Pleno dia"";""Crescente"";""Garoa/Chuvisco"";""Dupla"";""Curva"";""Sim"";464539;""Automóvel"";""HONDA/CIVIC LXS FLEX"";2008;""Condutor"";""Ileso"";46;""Masculino"";1;0;0;0;-23",86213995;-46,"94718508;""SR-SP"";""DEL6/4"";""UOP01/SP""",
"260287;579398;2020-01-02;""quinta"";""07:40:00"";""DF"";40;3;""BRASILIA"";""Sim"";""Falta de Atenção à Condução"";2;""Queda de ocupante de veículo"";""Com Vítimas Feridas"";""Pleno dia"";""Decrescente"";""Céu Claro"";""Dupla"";""Reta"";""Não"";464571;""Automóvel"";""I/CHEVROLET AGILE LTZ"";2011;""Condutor"";""Ileso"";35;""Feminino"";1;0;0;0;-16",003145;-47,"983944;""SR-DF"";""UOP01/DF"";""""",
"260287;579397;2020-01-02;""quinta"";""07:40:00"";""DF"";40;3;""BRASILIA"";""Sim"";""Falta de Atenção à Condução"";2;""Queda de ocupante de veículo"";""Com Vítimas Feridas"";""Pleno dia"";""Decrescente"";""Céu Claro"";""Dupla"";""Reta"";""Não"";464570;""Motocicleta"";""HONDA/NXR150 BROS ESD"";2014;""Condutor"";""Lesões Leves"";25;""Masculino"";0;1;0;0;-16",003145;-47,"983944;""SR-DF"";""UOP01/DF"";""""",
"260287;579398;2020-01-02;""quinta"";""07:40:00"";""DF"";40;3;""BRASILIA"";""Sim"";""Falta de Atenção à Condução"";1;""Colisão lateral"";""Com Vítimas Feridas"";""Pleno dia"";""Decrescente"";""Céu Claro"";""Dupla"";""Reta"";""Não"";464571;""Automóvel"";""I/CHEVROLET AGILE LTZ"";2011;""Condutor"";""Ileso"";35;""Feminino"";1;0;0;0;-16",003145;-47,"983944;""SR-DF"";""UOP01/DF"";""""",
"260287;579397;2020-01-02;""quinta"";""07:40:00"";""DF"";40;3;""BRASILIA"";""Sim"";""Falta de Atenção à Condução"";1;""Colisão lateral"";""Com Vítimas Feridas"";""Pleno dia"";""Decrescente"";""Céu Claro"";""Dupla"";""Reta"";""Não"";464570;""Motocicleta"";""HONDA/NXR150 BROS ESD"";2014;""Condutor"";""Lesões Leves"";25;""Masculino"";0;1;0;0;-16",003145;-47,"983944;""SR-DF"";""UOP01/DF"";""""",
"260288;580916;2020-01-02;""quinta"";""07:30:00"";""RN"";304;29;""MOSSORO"";""Sim"";""Desobediência às normas de trânsito pelo condutor"";1;""Colisão transversal"";""Com Vítimas Feridas"";""Pleno dia"";""Decrescente"";""Céu Claro"";""Simples"";""Reta"";""Não"";464498;""Motocicleta"";""HONDA/CG 125 TITAN KS"";2002;""Passageiro"";""Lesões Leves"";23;""Masculino"";0;1;0;0;-5",1147805;-37,"34056776;""SR-RN"";""DEL15/4"";""UOP02/RN""",
"260288;580910;2020-01-02;""quinta"";""07:30:00"";""RN"";304;29;""MOSSORO"";""Sim"";""Desobediência às normas de trânsito pelo condutor"";1;""Colisão transversal"";""Com Vítimas Feridas"";""Pleno dia"";""Decrescente"";""Céu Claro"";""Simples"";""Reta"";""Não"";464498;""Motocicleta"";""HONDA/CG 125 TITAN KS"";2002;""Condutor"";""Lesões Leves"";41;""Masculino"";0;1;0;0;-5",1147805;-37,"34056776;""SR-RN"";""DEL15/4"";""UOP02/RN""",
"260288;580786;2020-01-02;""quinta"";""07:30:00"";""RN"";304;29;""MOSSORO"";""Sim"";""Desobediência às normas de trânsito pelo condutor"";1;""Colisão transversal"";""Com Vítimas Feridas"";""Pleno dia"";""Decrescente"";""Céu Claro"";""Simples"";""Reta"";""Não"";464497;""Camioneta"";""I/CHEV TRACKER PREMIER"";2019;""Condutor"";""Ileso"";21;""Masculino"";1;0;0;0;-5",1147805;-37,"34056776;""SR-RN"";""DEL15/4"";""UOP02/RN""",