"id;""pesid"";""data_inversa"";""dia_semana"";""horario"";""uf"";""br"";""km"";""municipio"";""causa_principal"";""causa_acidente"";""ordem_tipo_acidente"";""tipo_acidente"";""classificacao_acidente"";""fase_dia"";""sentido_via"";""condicao_metereologica"";""tipo_pista"";""tracado_via"";""uso_solo"";""id_veiculo"";""tipo_veiculo"";""marca"";""ano_fabricacao_veiculo"";""tipo_envolvido"";""estado_fisico"";""idade"";""sexo"";""ilesos"";""feridos_leves"";""feridos_graves"";""mortos"";""latitude"";""longitude"";""regional"";""delegacia"";""uop""",,,
"260308;579025;2020-01-01;""quarta"";""23:00:00"";""RJ"";493;85;""JAPERI"";""Sim"";""Condutor Dormindo"";1;""Colisão com objeto estático"";""Com Vítimas Feridas"";""Plena Noite"";""Decrescente"";""Nublado"";""Dupla"";""Reta"";""Não"";464505;""Automóvel"";""FIAT/PALIO WK ADVEN FLEX"";2012;""Condutor"";""Lesões Leves"";34;""Masculino"";0;1;0;0;-22",66036;-43,"62017;""SR-RJ"";""DEL5/1"";""UOP03/RJ""",
"260310;583562;2020-01-01;""quarta"";""13:20:00"";""BA"";101;612;""MASCOTE"";""Sim"";""Falta de Atenção à Condução"";1;""Colisão frontal"";""Com Vítimas Feridas"";""Pleno dia"";""Decrescente"";""Chuva"";""Simples"";""Curva"";""Não"";464504;""Motocicleta"";""YAMAHA/FAZER YS250"";2010;""Passageiro"";""Lesões Leves"";18;""Feminino"";0;1;0;0;-15",74211501;-39,"47647498;""SR-BA"";""DEL10/5"";""UOP02/BA""",
"260310;583560;2020-01-01;""quarta"";""13:20:00"";""BA"";101;612;""MASCOTE"";""Sim"";""Falta de Atenção à Condução"";1;""Colisão frontal"";""Com Vítimas Feridas"";""Pleno dia"";""Decrescente"";""Chuva"";""Simples"";""Curva"";""Não"";464504;""Motocicleta"";""YAMAHA/FAZER YS250"";2010;""Condutor"";""Lesões Graves"";51;""Masculino"";0;0;1;0;-15",74211501;-39,"47647498;""SR-BA"";""DEL10/5"";""UOP02/BA""",
"260310;583564;2020-01-01;""quarta"";""13:20:00"";""BA"";101;612;""MASCOTE"";""Sim"";""Falta de Atenção à Condução"";1;""Colisão frontal"";""Com Vítimas Feridas"";""Pleno dia"";""Decrescente"";""Chuva"";""Simples"";""Curva"";""Não"";464503;""Automóvel"";""NISSAN/LIVINA XGEAR 16SL"";2009;""Condutor"";""Não Informado"";NA;""Não Informado"";0;0;0;0;-15",74211501;-39,"47647498;""SR-BA"";""DEL10/5"";""UOP02/BA""",
"260311;579355;2020-01-02;""quinta"";""10:00:00"";""RS"";392;88","7;""PELOTAS"";""Sim"";""Não guardar distância de segurança"";1;""Colisão traseira"";""Com Vítimas Feridas"";""Pleno dia"";""Decrescente"";""Sol"";""Simples"";""Reta"";""Não"";464714;""Motocicleta"";""HONDA/CBX 250 TWISTER"";2007;""Condutor"";""Lesões Leves"";42;""Masculino"";0;1;0;0;-31",62068801;-52,"50653602;""SR-RS"";""DEL9/7"";""UOP01/RS"""
"260311;579351;2020-01-02;""quinta"";""10:00:00"";""RS"";392;88","7;""PELOTAS"";""Sim"";""Não guardar distância de segurança"";1;""Colisão traseira"";""Com Vítimas Feridas"";""Pleno dia"";""Decrescente"";""Sol"";""Simples"";""Reta"";""Não"";464713;""Automóvel"";""FORD/FIESTA FLEX"";2007;""Condutor"";""Ileso"";38;""Masculino"";1;0;0;0;-31",62068801;-52,"50653602;""SR-RS"";""DEL9/7"";""UOP01/RS"""
"260312;579186;2020-01-02;""quinta"";""10:20:00"";""MG"";116;811;""ALEM PARAIBA"";""Sim"";""Condutor Dormindo"";1;""Colisão frontal"";""Com Vítimas Feridas"";""Pleno dia"";""Crescente"";""Sol"";""Simples"";""Reta"";""Não"";464572;""Ônibus"";""MBENZ/MPOLO PARADISO LDR"";2005;""Condutor"";""Ileso"";34;""Masculino"";1;0;0;0;-21",84029908;-42,"68088324;""SR-MG"";""DEL4/7"";""UOP01/MG""",
"260312;579527;2020-01-02;""quinta"";""10:20:00"";""MG"";116;811;""ALEM PARAIBA"";""Sim"";""Condutor Dormindo"";1;""Colisão frontal"";""Com Vítimas Feridas"";""Pleno dia"";""Crescente"";""Sol"";""Simples"";""Reta"";""Não"";464573;""Automóvel"";""VW/GOL 1.8"";2000;""Passageiro"";""Ileso"";11;""Feminino"";1;0;0;0;-21",84029908;-42,"68088324;""SR-MG"";""DEL4/7"";""UOP01/MG""",
"260312;579526;2020-01-02;""quinta"";""10:20:00"";""MG"";116;811;""ALEM PARAIBA"";""Sim"";""Condutor Dormindo"";1;""Colisão frontal"";""Com Vítimas Feridas"";""Pleno dia"";""Crescente"";""Sol"";""Simples"";""Reta"";""Não"";464573;""Automóvel"";""VW/GOL 1.8"";2000;""Passageiro"";""Ileso"";8;""Feminino"";1;0;0;0;-21",84029908;-42,"68088324;""SR-MG"";""DEL4/7"";""UOP01/MG""",
"260312;579190;2020-01-02;""quinta"";""10:20:00"";""MG"";116;811;""ALEM PARAIBA"";""Sim"";""Condutor Dormindo"";1;""Colisão frontal"";""Com Vítimas Feridas"";""Pleno dia"";""Crescente"";""Sol"";""Simples"";""Reta"";""Não"";464573;""Automóvel"";""VW/GOL 1.8"";2000;""Condutor"";""Lesões Graves"";71;""Masculino"";0;0;1;0;-21",84029908;-42,"68088324;""SR-MG"";""DEL4/7"";""UOP01/MG""",
"260312;579202;2020-01-02;""quinta"";""10:20:00"";""MG"";116;811;""ALEM PARAIBA"";""Sim"";""Condutor Dormindo"";1;""Colisão frontal"";""Com Vítimas Feridas"";""Pleno dia"";""Crescente"";""Sol"";""Simples"";""Reta"";""Não"";464573;""Automóvel"";""VW/GOL 1.8"";2000;""Passageiro"";""Lesões Graves"";38;""Masculino"";0;0;1;0;-21",84029908;-42,"68088324;""SR-MG"";""DEL4/7"";""UOP01/MG""",
"260314;579067;2020-01-02;""quinta"";""10:20:00"";""SC"";101;430;""SOMBRIO"";""Sim"";""Não guardar distância de segurança"";1;""Colisão traseira"";""Sem Vítimas"";""Pleno dia"";""Crescente"";""Nublado"";""Dupla"";""Reta"";""Não"";464532;""Automóvel"";""I/PEUGEOT 408 GRIFFETHPA"";2017;""Condutor"";""Ileso"";49;""Masculino"";1;0;0;0;-29",05578387;-49,"62209542;""SR-SC"";""DEL8/2"";""UOP02/SC""",
"260314;579068;2020-01-02;""quinta"";""10:20:00"";""SC"";101;430;""SOMBRIO"";""Sim"";""Não guardar distância de segurança"";1;""Colisão traseira"";""Sem Vítimas"";""Pleno dia"";""Crescente"";""Nublado"";""Dupla"";""Reta"";""Não"";464533;""Automóvel"";""CHEVROLET/ONIX 1.0MT LT"";2017;""Condutor"";""Ileso"";44;""Feminino"";1;0;0;0;-29",05578387;-49,"62209542;""SR-SC"";""DEL8/2"";""UOP02/SC""",
"260314;579066;2020-01-02;""quinta"";""10:20:00"";""SC"";101;430;""SOMBRIO"";""Sim"";""Não guardar distância de segurança"";1;""Colisão traseira"";""Sem Vítimas"";""Pleno dia"";""Crescente"";""Nublado"";""Dupla"";""Reta"";""Não"";464531;""Automóvel"";""FIAT/UNO MILLE"";1992;""Condutor"";""Ileso"";36;""Masculino"";1;0;0;0;-29",05578387;-49,"62209542;""SR-SC"";""DEL8/2"";""UOP02/SC""",
"260314;579067;2020-01-02;""quinta"";""10:20:00"";""SC"";101;430;""SOMBRIO"";""Não"";""Defeito Mecânico no Veículo"";1;""Colisão traseira"";""Sem Vítimas"";""Pleno dia"";""Crescente"";""Nublado"";""Dupla"";""Reta"";""Não"";464532;""Automóvel"";""I/PEUGEOT 408 GRIFFETHPA"";2017;""Condutor"";""Ileso"";49;""Masculino"";1;0;0;0;-29",05578387;-49,"62209542;""SR-SC"";""DEL8/2"";""UOP02/SC""",
"260314;579068;2020-01-02;""quinta"";""10:20:00"";""SC"";101;430;""SOMBRIO"";""Não"";""Defeito Mecânico no Veículo"";1;""Colisão traseira"";""Sem Vítimas"";""Pleno dia"";""Crescente"";""Nublado"";""Dupla"";""Reta"";""Não"";464533;""Automóvel"";""CHEVROLET/ONIX 1.0MT LT"";2017;""Condutor"";""Ileso"";44;""Feminino"";1;0;0;0;-29",05578387;-49,"62209542;""SR-SC"";""DEL8/2"";""UOP02/SC""",
"260314;579066;2020-01-02;""quinta"";""10:20:00"";""SC"";101;430;""SOMBRIO"";""Não"";""Defeito Mecânico no Veículo"";1;""Colisão traseira"";""Sem Vítimas"";""Pleno dia"";""Crescente"";""Nublado"";""Dupla"";""Reta"";""Não"";464531;""Automóvel"";""FIAT/UNO MILLE"";1992;""Condutor"";""Ileso"";36;""Masculino"";1;0;0;0;-29",05578387;-49,"62209542;""SR-SC"";""DEL8/2"";""UOP02/SC""",
"260315;579089;2020-01-02;""quinta"";""10:40:00"";""TO"";153;465;""BARROLANDIA"";""Não"";""Pista Escorregadia"";1;""Saída de leito carroçável"";""Com Vítimas Feridas"";""Pleno dia"";""Crescente"";""Chuva"";""Simples"";""Não Informado"";""Não"";464546;""Caminhonete"";""GM/BLAZER"";2002;""Passageiro"";""Lesões Graves"";45;""Feminino"";0;0;1;0;-9",957962;-48,"74406002;""SR-TO"";""UOP02/TO"";""""",
"260315;579087;2020-01-02;""quinta"";""10:40:00"";""TO"";153;465;""BARROLANDIA"";""Não"";""Pista Escorregadia"";1;""Saída de leito carroçável"";""Com Vítimas Feridas"";""Pleno dia"";""Crescente"";""Chuva"";""Simples"";""Não Informado"";""Não"";464546;""Caminhonete"";""GM/BLAZER"";2002;""Condutor"";""Lesões Leves"";47;""Masculino"";0;1;0;0;-9",957962;-48,"74406002;""SR-TO"";""UOP02/TO"";""""",
"260315;579089;2020-01-02;""quinta"";""10:40:00"";""TO"";153;465;""BARROLANDIA"";""Não"";""Pista Escorregadia"";2;""Capotamento"";""Com Vítimas Feridas"";""Pleno dia"";""Crescente"";""Chuva"";""Simples"";""Não Informado"";""Não"";464546;""Caminhonete"";""GM/BLAZER"";2002;""Passageiro"";""Lesões Graves"";45;""Feminino"";0;0;1;0;-9",957962;-48,"74406002;""SR-TO"";""UOP02/TO"";""""",
"260315;579087;2020-01-02;""quinta"";""10:40:00"";""TO"";153;465;""BARROLANDIA"";""Não"";""Pista Escorregadia"";2;""Capotamento"";""Com Vítimas Feridas"";""Pleno dia"";""Crescente"";""Chuva"";""Simples"";""Não Informado"";""Não"";464546;""Caminhonete"";""GM/BLAZER"";2002;""Condutor"";""Lesões Leves"";47;""Masculino"";0;1;0;0;-9",957962;-48,"74406002;""SR-TO"";""UOP02/TO"";""""",
"260315;579089;2020-01-02;""quinta"";""10:40:00"";""TO"";153;465;""BARROLANDIA"";""Não"";""Avarias e/ou desgaste excessivo no pneu"";1;""Saída de leito carroçável"";""Com Vítimas Feridas"";""Pleno dia"";""Crescente"";""Chuva"";""Simples"";""Não Informado"";""Não"";464546;""Caminhonete"";""GM/BLAZER"";2002;""Passageiro"";""Lesões Graves"";45;""Feminino"";0;0;1;0;-9",957962;-48,"74406002;""SR-TO"";""UOP02/TO"";""""",
"260315;579087;2020-01-02;""quinta"";""10:40:00"";""TO"";153;465;""BARROLANDIA"";""Não"";""Avarias e/ou desgaste excessivo no pneu"";1;""Saída de leito carroçável"";""Com Vítimas Feridas"";""Pleno dia"";""Crescente"";""Chuva"";""Simples"";""Não Informado"";""Não"";464546;""Caminhonete"";""GM/BLAZER"";2002;""Condutor"";""Lesões Leves"";47;""Masculino"";0;1;0;0;-9",957962;-48,"74406002;""SR-TO"";""UOP02/TO"";""""",
"260315;579089;2020-01-02;""quinta"";""10:40:00"";""TO"";153;465;""BARROLANDIA"";""Não"";""Avarias e/ou desgaste excessivo no pneu"";2;""Capotamento"";""Com Vítimas Feridas"";""Pleno dia"";""Crescente"";""Chuva"";""Simples"";""Não Informado"";""Não"";464546;""Caminhonete"";""GM/BLAZER"";2002;""Passageiro"";""Lesões Graves"";45;""Feminino"";0;0;1;0;-9",957962;-48,"74406002;""SR-TO"";""UOP02/TO"";""""",
"260315;579087;2020-01-02;""quinta"";""10:40:00"";""TO"";153;465;""BARROLANDIA"";""Não"";""Avarias e/ou desgaste excessivo no pneu"";2;""Capotamento"";""Com Vítimas Feridas"";""Pleno dia"";""Crescente"";""Chuva"";""Simples"";""Não Informado"";""Não"";464546;""Caminhonete"";""GM/BLAZER"";2002;""Condutor"";""Lesões Leves"";47;""Masculino"";0;1;0;0;-9",957962;-48,"74406002;""SR-TO"";""UOP02/TO"";""""",
"260315;579089;2020-01-02;""quinta"";""10:40:00"";""TO"";153;465;""BARROLANDIA"";""Sim"";""Velocidade Incompatível"";1;""Saída de leito carroçável"";""Com Vítimas Feridas"";""Pleno dia"";""Crescente"";""Chuva"";""Simples"";""Não Informado"";""Não"";464546;""Caminhonete"";""GM/BLAZER"";2002;""Passageiro"";""Lesões Graves"";45;""Feminino"";0;0;1;0;-9",957962;-48,"74406002;""SR-TO"";""UOP02/TO"";""""",
"260315;579087;2020-01-02;""quinta"";""10:40:00"";""TO"";153;465;""BARROLANDIA"";""Sim"";""Velocidade Incompatível"";1;""Saída de leito carroçável"";""Com Vítimas Feridas"";""Pleno dia"";""Crescente"";""Chuva"";""Simples"";""Não Informado"";""Não"";464546;""Caminhonete"";""GM/BLAZER"";2002;""Condutor"";""Lesões Leves"";47;""Masculino"";0;1;0;0;-9",957962;-48,"74406002;""SR-TO"";""UOP02/TO"";""""",
"260315;579089;2020-01-02;""quinta"";""10:40:00"";""TO"";153;465;""BARROLANDIA"";""Sim"";""Velocidade Incompatível"";2;""Capotamento"";""Com Vítimas Feridas"";""Pleno dia"";""Crescente"";""Chuva"";""Simples"";""Não Informado"";""Não"";464546;""Caminhonete"";""GM/BLAZER"";2002;""Passageiro"";""Lesões Graves"";45;""Feminino"";0;0;1;0;-9",957962;-48,"74406002;""SR-TO"";""UOP02/TO"";""""",
"260315;579087;2020-01-02;""quinta"";""10:40:00"";""TO"";153;465;""BARROLANDIA"";""Sim"";""Velocidade Incompatível"";2;""Capotamento"";""Com Vítimas Feridas"";""Pleno dia"";""Crescente"";""Chuva"";""Simples"";""Não Informado"";""Não"";464546;""Caminhonete"";""GM/BLAZER"";2002;""Condutor"";""Lesões Leves"";47;""Masculino"";0;1;0;0;-9",957962;-48,"74406002;""SR-TO"";""UOP02/TO"";""""",
"260316;579294;2020-01-02;""quinta"";""10:00:00"";""BA"";242;806;""BARREIRAS"";""Sim"";""Avarias e/ou desgaste excessivo no pneu"";1;""Capotamento"";""Com Vítimas Feridas"";""Pleno dia"";""Crescente"";""Chuva"";""Simples"";""Reta"";""Não"";464530;""Automóvel"";""RENAULT/CLIO AUT 16 16VH"";2006;""Passageiro"";""Lesões Leves"";25;""Feminino"";0;1;0;0;-12",13130609;-45,"09982109;""SR-BA"";""DEL10/10"";""UOP01/BA""",
"260316;579292;2020-01-02;""quinta"";""10:00:00"";""BA"";242;806;""BARREIRAS"";""Sim"";""Avarias e/ou desgaste excessivo no pneu"";1;""Capotamento"";""Com Vítimas Feridas"";""Pleno dia"";""Crescente"";""Chuva"";""Simples"";""Reta"";""Não"";464530;""Automóvel"";""RENAULT/CLIO AUT 16 16VH"";2006;""Condutor"";""Ileso"";25;""Masculino"";1;0;0;0;-12",13130609;-45,"09982109;""SR-BA"";""DEL10/10"";""UOP01/BA""",
"260318;579051;2020-01-02;""quinta"";""10:50:00"";""RJ"";101;480;""ANGRA DOS REIS"";""Sim"";""Falta de Atenção à Condução"";2;""Capotamento"";""Com Vítimas Feridas"";""Pleno dia"";""Crescente"";""Céu Claro"";""Simples"";""Curva"";""Não"";464517;""Automóvel"";""FORD/KA SE 1.0 SD C"";2019;""Passageiro"";""Lesões Leves"";29;""Feminino"";0;1;0;0;-23",01331268;-44,"28361913;""SR-RJ"";""DEL5/3"";""UOP02/RJ""",
"260318;579045;2020-01-02;""quinta"";""10:50:00"";""RJ"";101;480;""ANGRA DOS REIS"";""Sim"";""Falta de Atenção à Condução"";2;""Capotamento"";""Com Vítimas Feridas"";""Pleno dia"";""Crescente"";""Céu Claro"";""Simples"";""Curva"";""Não"";464517;""Automóvel"";""FORD/KA SE 1.0 SD C"";2019;""Condutor"";""Lesões Leves"";64;""Masculino"";0;1;0;0;-23",01331268;-44,"28361913;""SR-RJ"";""DEL5/3"";""UOP02/RJ""",
"260318;579051;2020-01-02;""quinta"";""10:50:00"";""RJ"";101;480;""ANGRA DOS REIS"";""Sim"";""Falta de Atenção à Condução"";1;""Saída de leito carroçável"";""Com Vítimas Feridas"";""Pleno dia"";""Crescente"";""Céu Claro"";""Simples"";""Curva"";""Não"";464517;""Automóvel"";""FORD/KA SE 1.0 SD C"";2019;""Passageiro"";""Lesões Leves"";29;""Feminino"";0;1;0;0;-23",01331268;-44,"28361913;""SR-RJ"";""DEL5/3"";""UOP02/RJ""",
"260318;579045;2020-01-02;""quinta"";""10:50:00"";""RJ"";101;480;""ANGRA DOS REIS"";""Sim"";""Falta de Atenção à Condução"";1;""Saída de leito carroçável"";""Com Vítimas Feridas"";""Pleno dia"";""Crescente"";""Céu Claro"";""Simples"";""Curva"";""Não"";464517;""Automóvel"";""FORD/KA SE 1.0 SD C"";2019;""Condutor"";""Lesões Leves"";64;""Masculino"";0;1;0;0;-23",01331268;-44,"28361913;""SR-RJ"";""DEL5/3"";""UOP02/RJ""",
"260319;579347;2020-01-02;""quinta"";""10:40:00"";""GO"";153;575;""PROFESSOR JAMIL"";""Sim"";""Pista Escorregadia"";1;""Saída de leito carroçável"";""Com Vítimas Feridas"";""Pleno dia"";""Decrescente"";""Chuva"";""Dupla"";""Curva"";""Não"";464522;""Caminhonete"";""CHEVROLET/S10 LS DS4"";2018;""Condutor"";""Lesões Leves"";35;""Masculino"";0;1;0;0;-17",3442;-49,"2472;""SR-GO"";""DEL1/3"";""UOP01/GO""",
"260319;579347;2020-01-02;""quinta"";""10:40:00"";""GO"";153;575;""PROFESSOR JAMIL"";""Sim"";""Pista Escorregadia"";2;""Capotamento"";""Com Vítimas Feridas"";""Pleno dia"";""Decrescente"";""Chuva"";""Dupla"";""Curva"";""Não"";464522;""Caminhonete"";""CHEVROLET/S10 LS DS4"";2018;""Condutor"";""Lesões Leves"";35;""Masculino"";0;1;0;0;-17",3442;-49,"2472;""SR-GO"";""DEL1/3"";""UOP01/GO""",
"260322;581532;2020-01-02;""quinta"";""10:40:00"";""ES"";101;297;""VIANA"";""Sim"";""Falta de Atenção à Condução"";1;""Colisão frontal"";""Com Vítimas Feridas"";""Pleno dia"";""Decrescente"";""Céu Claro"";""Múltipla"";""Reta"";""Não"";464639;""Bicicleta"";"""";NA;""Condutor"";""Lesões Leves"";22;""Masculino"";0;1;0;0;-20",34529844;-40,"41026774;""SR-ES"";""DEL12/1"";""UOP01/ES""",
"260322;581530;2020-01-02;""quinta"";""10:40:00"";""ES"";101;297;""VIANA"";""Sim"";""Falta de Atenção à Condução"";1;""Colisão frontal"";""Com Vítimas Feridas"";""Pleno dia"";""Decrescente"";""Céu Claro"";""Múltipla"";""Reta"";""Não"";464638;""Automóvel"";""FIAT/PALIO FIRE FLEX"";2007;""Condutor"";""Ileso"";32;""Masculino"";1;0;0;0;-20",34529844;-40,"41026774;""SR-ES"";""DEL12/1"";""UOP01/ES""",
"260323;579156;2020-01-02;""quinta"";""10:35:00"";""RS"";290;14;""SANTO ANTONIO DA PATRULHA"";""Sim"";""Falta de Atenção à Condução"";1;""Colisão com objeto estático"";""Com Vítimas Feridas"";""Pleno dia"";""Crescente"";""Chuva"";""Dupla"";""Reta"";""Não"";464523;""Motocicleta"";""HONDA/CG 160 START"";2017;""Condutor"";""Lesões Leves"";21;""Masculino"";0;1;0;0;-29",867395;-50,"401199;""SR-RS"";""DEL9/3"";""UOP01/RS""",
"260324;579138;2020-01-02;""quinta"";""09:00:00"";""MG"";116;409","3;""GOVERNADOR VALADARES"";""Sim"";""Falta de Atenção à Condução"";1;""Atropelamento de Pedestre"";""Com Vítimas Fatais"";""Pleno dia"";""Crescente"";""Céu Claro"";""Dupla"";""Reta"";""Sim"";464521;""Caminhonete"";""FIAT/STRADA WORKING"";2015;""Condutor"";""Ileso"";25;""Masculino"";1;0;0;0;-18",84936788;-41,"97891368;""SR-MG"";""DEL4/6"";""UOP01/MG"""
"260324;579126;2020-01-02;""quinta"";""09:00:00"";""MG"";116;409","3;""GOVERNADOR VALADARES"";""Sim"";""Falta de Atenção à Condução"";1;""Atropelamento de Pedestre"";""Com Vítimas Fatais"";""Pleno dia"";""Crescente"";""Céu Claro"";""Dupla"";""Reta"";""Sim"";464521;""Caminhonete"";""FIAT/STRADA WORKING"";2015;""Pedestre"";""Óbito"";58;""Masculino"";0;0;0;1;-18",84936788;-41,"97891368;""SR-MG"";""DEL4/6"";""UOP01/MG"""
"260325;579413;2020-01-02;""quinta"";""11:55:00"";""SC"";101;139;""BALNEARIO CAMBORIU"";""Sim"";""Falta de Atenção à Condução"";1;""Colisão traseira"";""Com Vítimas Feridas"";""Pleno dia"";""Decrescente"";""Céu Claro"";""Dupla"";""Reta"";""Sim"";464543;""Automóvel"";""TOYOTA/COROLLA XEI20FLEX"";2018;""Condutor"";""Ileso"";42;""Masculino"";1;0;0;0;-27",02982303;-48,"60115006;""SR-SC"";""DEL8/4"";""UOP03/SC""",
"260325;579411;2020-01-02;""quinta"";""11:55:00"";""SC"";101;139;""BALNEARIO CAMBORIU"";""Sim"";""Falta de Atenção à Condução"";1;""Colisão traseira"";""Com Vítimas Feridas"";""Pleno dia"";""Decrescente"";""Céu Claro"";""Dupla"";""Reta"";""Sim"";464542;""Motocicleta"";""HONDA/CG 125 FAN"";2008;""Condutor"";""Lesões Leves"";60;""Masculino"";0;1;0;0;-27",02982303;-48,"60115006;""SR-SC"";""DEL8/4"";""UOP03/SC""",
"260325;579413;2020-01-02;""quinta"";""11:55:00"";""SC"";101;139;""BALNEARIO CAMBORIU"";""Não"";""Não guardar distância de segurança"";1;""Colisão traseira"";""Com Vítimas Feridas"";""Pleno dia"";""Decrescente"";""Céu Claro"";""Dupla"";""Reta"";""Sim"";464543;""Automóvel"";""TOYOTA/COROLLA XEI20FLEX"";2018;""Condutor"";""Ileso"";42;""Masculino"";1;0;0;0;-27",02982303;-48,"60115006;""SR-SC"";""DEL8/4"";""UOP03/SC""",
"260325;579411;2020-01-02;""quinta"";""11:55:00"";""SC"";101;139;""BALNEARIO CAMBORIU"";""Não"";""Não guardar distância de segurança"";1;""Colisão traseira"";""Com Vítimas Feridas"";""Pleno dia"";""Decrescente"";""Céu Claro"";""Dupla"";""Reta"";""Sim"";464542;""Motocicleta"";""HONDA/CG 125 FAN"";2008;""Condutor"";""Lesões Leves"";60;""Masculino"";0;1;0;0;-27",02982303;-48,"60115006;""SR-SC"";""DEL8/4"";""UOP03/SC""",
"260326;579591;2020-01-02;""quinta"";""11:40:00"";""SC"";101;150;""PORTO BELO"";""Sim"";""Não guardar distância de segurança"";1;""Colisão lateral"";""Com Vítimas Feridas"";""Pleno dia"";""Crescente"";""Céu Claro"";""Dupla"";""Reta"";""Sim"";464592;""Motocicleta"";""HONDA/XRE 300"";2011;""Condutor"";""Lesões Leves"";30;""Masculino"";0;1;0;0;-27",11744799;-48,"60940987;""SR-SC"";""DEL8/4"";""UOP03/SC""",
"260326;579594;2020-01-02;""quinta"";""11:40:00"";""SC"";101;150;""PORTO BELO"";""Sim"";""Não guardar distância de segurança"";1;""Colisão lateral"";""Com Vítimas Feridas"";""Pleno dia"";""Crescente"";""Céu Claro"";""Dupla"";""Reta"";""Sim"";464883;""Automóvel"";""I/PEUGEOT 508"";2013;""Condutor"";""Ileso"";49;""Feminino"";1;0;0;0;-27",11744799;-48,"60940987;""SR-SC"";""DEL8/4"";""UOP03/SC""",
"260327;579104;2020-01-02;""quinta"";""12:00:00"";""PB"";230;138","5;""CAMPINA GRANDE"";""Não"";""Falta de Atenção à Condução"";3;""Queda de ocupante de veículo"";""Com Vítimas Feridas"";""Pleno dia"";""Decrescente"";""Céu Claro"";""Dupla"";""Desvio Temporário"";""Não"";464563;""Motoneta"";""HONDA/BIZ 125 EX"";2012;""Passageiro"";""Lesões Leves"";30;""Feminino"";0;1;0;0;-7",2755;-35,"7831;""SR-PB"";""DEL14/2"";""UOP01/PB"""
"260327;579103;2020-01-02;""quinta"";""12:00:00"";""PB"";230;138","5;""CAMPINA GRANDE"";""Não"";""Falta de Atenção à Condução"";3;""Queda de ocupante de veículo"";""Com Vítimas Feridas"";""Pleno dia"";""Decrescente"";""Céu Claro"";""Dupla"";""Desvio Temporário"";""Não"";464563;""Motoneta"";""HONDA/BIZ 125 EX"";2012;""Condutor"";""Lesões Leves"";31;""Masculino"";0;1;0;0;-7",2755;-35,"7831;""SR-PB"";""DEL14/2"";""UOP01/PB"""
"260327;579108;2020-01-02;""quinta"";""12:00:00"";""PB"";230;138","5;""CAMPINA GRANDE"";""Não"";""Falta de Atenção à Condução"";3;""Queda de ocupante de veículo"";""Com Vítimas Feridas"";""Pleno dia"";""Decrescente"";""Céu Claro"";""Dupla"";""Desvio Temporário"";""Não"";464564;""Camioneta"";""FORD/ECOSPORT S 1.6"";2014;""Condutor"";""Ileso"";40;""Masculino"";1;0;0;0;-7",2755;-35,"7831;""SR-PB"";""DEL14/2"";""UOP01/PB"""
"260327;579104;2020-01-02;""quinta"";""12:00:00"";""PB"";230;138","5;""CAMPINA GRANDE"";""Não"";""Falta de Atenção à Condução"";2;""Tombamento"";""Com Vítimas Feridas"";""Pleno dia"";""Decrescente"";""Céu Claro"";""Dupla"";""Desvio Temporário"";""Não"";464563;""Motoneta"";""HONDA/BIZ 125 EX"";2012;""Passageiro"";""Lesões Leves"";30;""Feminino"";0;1;0;0;-7",2755;-35,"7831;""SR-PB"";""DEL14/2"";""UOP01/PB"""
"260327;579103;2020-01-02;""quinta"";""12:00:00"";""PB"";230;138","5;""CAMPINA GRANDE"";""Não"";""Falta de Atenção à Condução"";2;""Tombamento"";""Com Vítimas Feridas"";""Pleno dia"";""Decrescente"";""Céu Claro"";""Dupla"";""Desvio Temporário"";""Não"";464563;""Motoneta"";""HONDA/BIZ 125 EX"";2012;""Condutor"";""Lesões Leves"";31;""Masculino"";0;1;0;0;-7",2755;-35,"7831;""SR-PB"";""DEL14/2"";""UOP01/PB"""
"260327;579108;2020-01-02;""quinta"";""12:00:00"";""PB"";230;138","5;""CAMPINA GRANDE"";""Não"";""Falta de Atenção à Condução"";2;""Tombamento"";""Com Vítimas Feridas"";""Pleno dia"";""Decrescente"";""Céu Claro"";""Dupla"";""Desvio Temporário"";""Não"";464564;""Camioneta"";""FORD/ECOSPORT S 1.6"";2014;""Condutor"";""Ileso"";40;""Masculino"";1;0;0;0;-7",2755;-35,"7831;""SR-PB"";""DEL14/2"";""UOP01/PB"""
"260327;579104;2020-01-02;""quinta"";""12:00:00"";""PB"";230;138","5;""CAMPINA GRANDE"";""Não"";""Falta de Atenção à Condução"";1;""Colisão transversal"";""Com Vítimas Feridas"";""Pleno dia"";""Decrescente"";""Céu Claro"";""Dupla"";""Desvio Temporário"";""Não"";464563;""Motoneta"";""HONDA/BIZ 125 EX"";2012;""Passageiro"";""Lesões Leves"";30;""Feminino"";0;1;0;0;-7",2755;-35,"7831;""SR-PB"";""DEL14/2"";""UOP01/PB"""