"id;""pesid"";""data_inversa"";""dia_semana"";""horario"";""uf"";""br"";""km"";""municipio"";""causa_principal"";""causa_acidente"";""ordem_tipo_acidente"";""tipo_acidente"";""classificacao_acidente"";""fase_dia"";""sentido_via"";""condicao_metereologica"";""tipo_pista"";""tracado_via"";""uso_solo"";""id_veiculo"";""tipo_veiculo"";""marca"";""ano_fabricacao_veiculo"";""tipo_envolvido"";""estado_fisico"";""idade"";""sexo"";""ilesos"";""feridos_leves"";""feridos_graves"";""mortos"";""latitude"";""longitude"";""regional"";""delegacia"";""uop""",,,
"260337;579135;2020-01-02;""quinta"";""12:20:00"";""MG"";381;589;""CARMOPOLIS DE MINAS"";""Sim"";""Falta de Atenção à Condução"";3;""Tombamento"";""Com Vítimas Feridas"";""Pleno dia"";""Crescente"";""Nublado"";""Dupla"";""Reta"";""Não"";464578;""Camioneta"";""VW/KOMBI"";2007;""Passageiro"";""Ileso"";7;""Masculino"";1;0;0;0;-20",56175976;-44,"66523212;""SR-MG"";""DEL4/4"";""UOP01/MG""",
"260337;579134;2020-01-02;""quinta"";""12:20:00"";""MG"";381;589;""CARMOPOLIS DE MINAS"";""Sim"";""Falta de Atenção à Condução"";3;""Tombamento"";""Com Vítimas Feridas"";""Pleno dia"";""Crescente"";""Nublado"";""Dupla"";""Reta"";""Não"";464578;""Camioneta"";""VW/KOMBI"";2007;""Passageiro"";""Ileso"";36;""Feminino"";1;0;0;0;-20",56175976;-44,"66523212;""SR-MG"";""DEL4/4"";""UOP01/MG""",
"260337;579133;2020-01-02;""quinta"";""12:20:00"";""MG"";381;589;""CARMOPOLIS DE MINAS"";""Sim"";""Falta de Atenção à Condução"";3;""Tombamento"";""Com Vítimas Feridas"";""Pleno dia"";""Crescente"";""Nublado"";""Dupla"";""Reta"";""Não"";464578;""Camioneta"";""VW/KOMBI"";2007;""Passageiro"";""Ileso"";34;""Feminino"";1;0;0;0;-20",56175976;-44,"66523212;""SR-MG"";""DEL4/4"";""UOP01/MG""",
"260337;579132;2020-01-02;""quinta"";""12:20:00"";""MG"";381;589;""CARMOPOLIS DE MINAS"";""Sim"";""Falta de Atenção à Condução"";3;""Tombamento"";""Com Vítimas Feridas"";""Pleno dia"";""Crescente"";""Nublado"";""Dupla"";""Reta"";""Não"";464578;""Camioneta"";""VW/KOMBI"";2007;""Passageiro"";""Ileso"";6;""Masculino"";1;0;0;0;-20",56175976;-44,"66523212;""SR-MG"";""DEL4/4"";""UOP01/MG""",
"260337;579130;2020-01-02;""quinta"";""12:20:00"";""MG"";381;589;""CARMOPOLIS DE MINAS"";""Sim"";""Falta de Atenção à Condução"";3;""Tombamento"";""Com Vítimas Feridas"";""Pleno dia"";""Crescente"";""Nublado"";""Dupla"";""Reta"";""Não"";464578;""Camioneta"";""VW/KOMBI"";2007;""Passageiro"";""Ileso"";51;""Feminino"";1;0;0;0;-20",56175976;-44,"66523212;""SR-MG"";""DEL4/4"";""UOP01/MG""",
"260337;579127;2020-01-02;""quinta"";""12:20:00"";""MG"";381;589;""CARMOPOLIS DE MINAS"";""Sim"";""Falta de Atenção à Condução"";3;""Tombamento"";""Com Vítimas Feridas"";""Pleno dia"";""Crescente"";""Nublado"";""Dupla"";""Reta"";""Não"";464578;""Camioneta"";""VW/KOMBI"";2007;""Condutor"";""Ileso"";67;""Masculino"";1;0;0;0;-20",56175976;-44,"66523212;""SR-MG"";""DEL4/4"";""UOP01/MG""",
"260337;579129;2020-01-02;""quinta"";""12:20:00"";""MG"";381;589;""CARMOPOLIS DE MINAS"";""Sim"";""Falta de Atenção à Condução"";3;""Tombamento"";""Com Vítimas Feridas"";""Pleno dia"";""Crescente"";""Nublado"";""Dupla"";""Reta"";""Não"";464578;""Camioneta"";""VW/KOMBI"";2007;""Passageiro"";""Lesões Leves"";72;""Masculino"";0;1;0;0;-20",56175976;-44,"66523212;""SR-MG"";""DEL4/4"";""UOP01/MG""",
"260337;579136;2020-01-02;""quinta"";""12:20:00"";""MG"";381;589;""CARMOPOLIS DE MINAS"";""Sim"";""Falta de Atenção à Condução"";2;""Colisão com objeto estático"";""Com Vítimas Feridas"";""Pleno dia"";""Crescente"";""Nublado"";""Dupla"";""Reta"";""Não"";464578;""Camioneta"";""VW/KOMBI"";2007;""Passageiro"";""Ileso"";16;""Masculino"";1;0;0;0;-20",56175976;-44,"66523212;""SR-MG"";""DEL4/4"";""UOP01/MG""",
"260337;579135;2020-01-02;""quinta"";""12:20:00"";""MG"";381;589;""CARMOPOLIS DE MINAS"";""Sim"";""Falta de Atenção à Condução"";2;""Colisão com objeto estático"";""Com Vítimas Feridas"";""Pleno dia"";""Crescente"";""Nublado"";""Dupla"";""Reta"";""Não"";464578;""Camioneta"";""VW/KOMBI"";2007;""Passageiro"";""Ileso"";7;""Masculino"";1;0;0;0;-20",56175976;-44,"66523212;""SR-MG"";""DEL4/4"";""UOP01/MG""",
"260337;579134;2020-01-02;""quinta"";""12:20:00"";""MG"";381;589;""CARMOPOLIS DE MINAS"";""Sim"";""Falta de Atenção à Condução"";2;""Colisão com objeto estático"";""Com Vítimas Feridas"";""Pleno dia"";""Crescente"";""Nublado"";""Dupla"";""Reta"";""Não"";464578;""Camioneta"";""VW/KOMBI"";2007;""Passageiro"";""Ileso"";36;""Feminino"";1;0;0;0;-20",56175976;-44,"66523212;""SR-MG"";""DEL4/4"";""UOP01/MG""",
"260337;579133;2020-01-02;""quinta"";""12:20:00"";""MG"";381;589;""CARMOPOLIS DE MINAS"";""Sim"";""Falta de Atenção à Condução"";2;""Colisão com objeto estático"";""Com Vítimas Feridas"";""Pleno dia"";""Crescente"";""Nublado"";""Dupla"";""Reta"";""Não"";464578;""Camioneta"";""VW/KOMBI"";2007;""Passageiro"";""Ileso"";34;""Feminino"";1;0;0;0;-20",56175976;-44,"66523212;""SR-MG"";""DEL4/4"";""UOP01/MG""",
"260337;579132;2020-01-02;""quinta"";""12:20:00"";""MG"";381;589;""CARMOPOLIS DE MINAS"";""Sim"";""Falta de Atenção à Condução"";2;""Colisão com objeto estático"";""Com Vítimas Feridas"";""Pleno dia"";""Crescente"";""Nublado"";""Dupla"";""Reta"";""Não"";464578;""Camioneta"";""VW/KOMBI"";2007;""Passageiro"";""Ileso"";6;""Masculino"";1;0;0;0;-20",56175976;-44,"66523212;""SR-MG"";""DEL4/4"";""UOP01/MG""",
"260337;579130;2020-01-02;""quinta"";""12:20:00"";""MG"";381;589;""CARMOPOLIS DE MINAS"";""Sim"";""Falta de Atenção à Condução"";2;""Colisão com objeto estático"";""Com Vítimas Feridas"";""Pleno dia"";""Crescente"";""Nublado"";""Dupla"";""Reta"";""Não"";464578;""Camioneta"";""VW/KOMBI"";2007;""Passageiro"";""Ileso"";51;""Feminino"";1;0;0;0;-20",56175976;-44,"66523212;""SR-MG"";""DEL4/4"";""UOP01/MG""",
"260337;579127;2020-01-02;""quinta"";""12:20:00"";""MG"";381;589;""CARMOPOLIS DE MINAS"";""Sim"";""Falta de Atenção à Condução"";2;""Colisão com objeto estático"";""Com Vítimas Feridas"";""Pleno dia"";""Crescente"";""Nublado"";""Dupla"";""Reta"";""Não"";464578;""Camioneta"";""VW/KOMBI"";2007;""Condutor"";""Ileso"";67;""Masculino"";1;0;0;0;-20",56175976;-44,"66523212;""SR-MG"";""DEL4/4"";""UOP01/MG""",
"260337;579129;2020-01-02;""quinta"";""12:20:00"";""MG"";381;589;""CARMOPOLIS DE MINAS"";""Sim"";""Falta de Atenção à Condução"";2;""Colisão com objeto estático"";""Com Vítimas Feridas"";""Pleno dia"";""Crescente"";""Nublado"";""Dupla"";""Reta"";""Não"";464578;""Camioneta"";""VW/KOMBI"";2007;""Passageiro"";""Lesões Leves"";72;""Masculino"";0;1;0;0;-20",56175976;-44,"66523212;""SR-MG"";""DEL4/4"";""UOP01/MG""",
"260338;579099;2020-01-02;""quinta"";""11:00:00"";""RS"";290;232","2;""RIO PARDO"";""Sim"";""Falta de Atenção à Condução"";1;""Colisão traseira"";""Com Vítimas Fatais"";""Pleno dia"";""Decrescente"";""Céu Claro"";""Simples"";""Reta"";""Não"";464559;""Automóvel"";""CITROEN/AIRCROSS A LIVE"";2016;""Condutor"";""Ileso"";66;""Masculino"";1;0;0;0;-30",212383;-52,"540459;""SR-RS"";""DEL2"";""UOP02/RS"""
"260338;579098;2020-01-02;""quinta"";""11:00:00"";""RS"";290;232","2;""RIO PARDO"";""Sim"";""Falta de Atenção à Condução"";1;""Colisão traseira"";""Com Vítimas Fatais"";""Pleno dia"";""Decrescente"";""Céu Claro"";""Simples"";""Reta"";""Não"";464558;""Automóvel"";""I/FIAT SIENA EL FLEX"";2010;""Condutor"";""Ileso"";32;""Masculino"";1;0;0;0;-30",212383;-52,"540459;""SR-RS"";""DEL2"";""UOP02/RS"""
"260338;579092;2020-01-02;""quinta"";""11:00:00"";""RS"";290;232","2;""RIO PARDO"";""Sim"";""Falta de Atenção à Condução"";1;""Colisão traseira"";""Com Vítimas Fatais"";""Pleno dia"";""Decrescente"";""Céu Claro"";""Simples"";""Reta"";""Não"";464557;""Motocicleta"";""HONDA/CB600F HORNET"";2007;""Condutor"";""Óbito"";68;""Masculino"";0;0;0;1;-30",212383;-52,"540459;""SR-RS"";""DEL2"";""UOP02/RS"""
"260339;579168;2020-01-02;""quinta"";""11:20:00"";""BA"";20;157;""SAO DESIDERIO"";""Sim"";""Pista Escorregadia"";1;""Capotamento"";""Com Vítimas Feridas"";""Pleno dia"";""Crescente"";""Chuva"";""Simples"";""Reta"";""Não"";464605;""Automóvel"";""CHEV/PRISMA 10MT JOYE"";2017;""Passageiro"";""Lesões Leves"";9;""Masculino"";0;1;0;0;-12",65139312;-45,"92147827;""SR-BA"";""DEL10/10"";""UOP01/BA""",
"260339;579173;2020-01-02;""quinta"";""11:20:00"";""BA"";20;157;""SAO DESIDERIO"";""Sim"";""Pista Escorregadia"";1;""Capotamento"";""Com Vítimas Feridas"";""Pleno dia"";""Crescente"";""Chuva"";""Simples"";""Reta"";""Não"";464605;""Automóvel"";""CHEV/PRISMA 10MT JOYE"";2017;""Passageiro"";""Lesões Leves"";46;""Feminino"";0;1;0;0;-12",65139312;-45,"92147827;""SR-BA"";""DEL10/10"";""UOP01/BA""",
"260339;579165;2020-01-02;""quinta"";""11:20:00"";""BA"";20;157;""SAO DESIDERIO"";""Sim"";""Pista Escorregadia"";1;""Capotamento"";""Com Vítimas Feridas"";""Pleno dia"";""Crescente"";""Chuva"";""Simples"";""Reta"";""Não"";464605;""Automóvel"";""CHEV/PRISMA 10MT JOYE"";2017;""Passageiro"";""Lesões Leves"";13;""Feminino"";0;1;0;0;-12",65139312;-45,"92147827;""SR-BA"";""DEL10/10"";""UOP01/BA""",
"260339;579157;2020-01-02;""quinta"";""11:20:00"";""BA"";20;157;""SAO DESIDERIO"";""Sim"";""Pista Escorregadia"";1;""Capotamento"";""Com Vítimas Feridas"";""Pleno dia"";""Crescente"";""Chuva"";""Simples"";""Reta"";""Não"";464605;""Automóvel"";""CHEV/PRISMA 10MT JOYE"";2017;""Condutor"";""Ileso"";47;""Masculino"";1;0;0;0;-12",65139312;-45,"92147827;""SR-BA"";""DEL10/10"";""UOP01/BA""",
"260340;579086;2020-01-02;""quinta"";""12:00:00"";""RN"";101;84;""SAO GONCALO DO AMARANTE"";""Sim"";""Não guardar distância de segurança"";1;""Colisão traseira"";""Com Vítimas Feridas"";""Pleno dia"";""Crescente"";""Céu Claro"";""Múltipla"";""Reta"";""Não"";464545;""Motocicleta"";""HONDA/CG 150 TITAN KS"";2008;""Condutor"";""Lesões Leves"";45;""Masculino"";0;1;0;0;-5",774175;-35,"2578;""SR-RN"";""DEL15/2"";""UOP01/RN""",
"260340;579085;2020-01-02;""quinta"";""12:00:00"";""RN"";101;84;""SAO GONCALO DO AMARANTE"";""Sim"";""Não guardar distância de segurança"";1;""Colisão traseira"";""Com Vítimas Feridas"";""Pleno dia"";""Crescente"";""Céu Claro"";""Múltipla"";""Reta"";""Não"";464544;""Utilitário"";""JEEP/COMPASS LIMITED D"";2018;""Condutor"";""Ileso"";37;""Masculino"";1;0;0;0;-5",774175;-35,"2578;""SR-RN"";""DEL15/2"";""UOP01/RN""",
"260340;579086;2020-01-02;""quinta"";""12:00:00"";""RN"";101;84;""SAO GONCALO DO AMARANTE"";""Sim"";""Não guardar distância de segurança"";2;""Tombamento"";""Com Vítimas Feridas"";""Pleno dia"";""Crescente"";""Céu Claro"";""Múltipla"";""Reta"";""Não"";464545;""Motocicleta"";""HONDA/CG 150 TITAN KS"";2008;""Condutor"";""Lesões Leves"";45;""Masculino"";0;1;0;0;-5",774175;-35,"2578;""SR-RN"";""DEL15/2"";""UOP01/RN""",
"260340;579085;2020-01-02;""quinta"";""12:00:00"";""RN"";101;84;""SAO GONCALO DO AMARANTE"";""Sim"";""Não guardar distância de segurança"";2;""Tombamento"";""Com Vítimas Feridas"";""Pleno dia"";""Crescente"";""Céu Claro"";""Múltipla"";""Reta"";""Não"";464544;""Utilitário"";""JEEP/COMPASS LIMITED D"";2018;""Condutor"";""Ileso"";37;""Masculino"";1;0;0;0;-5",774175;-35,"2578;""SR-RN"";""DEL15/2"";""UOP01/RN""",
"260340;579086;2020-01-02;""quinta"";""12:00:00"";""RN"";101;84;""SAO GONCALO DO AMARANTE"";""Sim"";""Não guardar distância de segurança"";3;""Queda de ocupante de veículo"";""Com Vítimas Feridas"";""Pleno dia"";""Crescente"";""Céu Claro"";""Múltipla"";""Reta"";""Não"";464545;""Motocicleta"";""HONDA/CG 150 TITAN KS"";2008;""Condutor"";""Lesões Leves"";45;""Masculino"";0;1;0;0;-5",774175;-35,"2578;""SR-RN"";""DEL15/2"";""UOP01/RN""",
"260340;579085;2020-01-02;""quinta"";""12:00:00"";""RN"";101;84;""SAO GONCALO DO AMARANTE"";""Sim"";""Não guardar distância de segurança"";3;""Queda de ocupante de veículo"";""Com Vítimas Feridas"";""Pleno dia"";""Crescente"";""Céu Claro"";""Múltipla"";""Reta"";""Não"";464544;""Utilitário"";""JEEP/COMPASS LIMITED D"";2018;""Condutor"";""Ileso"";37;""Masculino"";1;0;0;0;-5",774175;-35,"2578;""SR-RN"";""DEL15/2"";""UOP01/RN""",
"260341;579278;2020-01-02;""quinta"";""11:10:00"";""RO"";364;711;""PORTO VELHO"";""Sim"";""Desobediência às normas de trânsito pelo condutor"";3;""Queda de ocupante de veículo"";""Com Vítimas Feridas"";""Pleno dia"";""Decrescente"";""Céu Claro"";""Simples"";""Reta"";""Sim"";464622;""Motocicleta"";""HONDA/CG 150 JOB"";2005;""Condutor"";""Ileso"";30;""Masculino"";1;0;0;0;-8",78332371;-63,"86316245;""SR-RO"";""DEL21/1"";""UOP01/RO""",
"260341;579288;2020-01-02;""quinta"";""11:10:00"";""RO"";364;711;""PORTO VELHO"";""Sim"";""Desobediência às normas de trânsito pelo condutor"";3;""Queda de ocupante de veículo"";""Com Vítimas Feridas"";""Pleno dia"";""Decrescente"";""Céu Claro"";""Simples"";""Reta"";""Sim"";464622;""Motocicleta"";""HONDA/CG 150 JOB"";2005;""Passageiro"";""Lesões Leves"";30;""Masculino"";0;1;0;0;-8",78332371;-63,"86316245;""SR-RO"";""DEL21/1"";""UOP01/RO""",
"260341;579256;2020-01-02;""quinta"";""11:10:00"";""RO"";364;711;""PORTO VELHO"";""Sim"";""Desobediência às normas de trânsito pelo condutor"";3;""Queda de ocupante de veículo"";""Com Vítimas Feridas"";""Pleno dia"";""Decrescente"";""Céu Claro"";""Simples"";""Reta"";""Sim"";464621;""Automóvel"";""HYUNDAI/HB20 1.0M COMFOR"";2017;""Condutor"";""Ileso"";30;""Masculino"";1;0;0;0;-8",78332371;-63,"86316245;""SR-RO"";""DEL21/1"";""UOP01/RO""",
"260341;579278;2020-01-02;""quinta"";""11:10:00"";""RO"";364;711;""PORTO VELHO"";""Sim"";""Desobediência às normas de trânsito pelo condutor"";2;""Tombamento"";""Com Vítimas Feridas"";""Pleno dia"";""Decrescente"";""Céu Claro"";""Simples"";""Reta"";""Sim"";464622;""Motocicleta"";""HONDA/CG 150 JOB"";2005;""Condutor"";""Ileso"";30;""Masculino"";1;0;0;0;-8",78332371;-63,"86316245;""SR-RO"";""DEL21/1"";""UOP01/RO""",
"260341;579288;2020-01-02;""quinta"";""11:10:00"";""RO"";364;711;""PORTO VELHO"";""Sim"";""Desobediência às normas de trânsito pelo condutor"";2;""Tombamento"";""Com Vítimas Feridas"";""Pleno dia"";""Decrescente"";""Céu Claro"";""Simples"";""Reta"";""Sim"";464622;""Motocicleta"";""HONDA/CG 150 JOB"";2005;""Passageiro"";""Lesões Leves"";30;""Masculino"";0;1;0;0;-8",78332371;-63,"86316245;""SR-RO"";""DEL21/1"";""UOP01/RO""",
"260341;579256;2020-01-02;""quinta"";""11:10:00"";""RO"";364;711;""PORTO VELHO"";""Sim"";""Desobediência às normas de trânsito pelo condutor"";2;""Tombamento"";""Com Vítimas Feridas"";""Pleno dia"";""Decrescente"";""Céu Claro"";""Simples"";""Reta"";""Sim"";464621;""Automóvel"";""HYUNDAI/HB20 1.0M COMFOR"";2017;""Condutor"";""Ileso"";30;""Masculino"";1;0;0;0;-8",78332371;-63,"86316245;""SR-RO"";""DEL21/1"";""UOP01/RO""",
"260341;579278;2020-01-02;""quinta"";""11:10:00"";""RO"";364;711;""PORTO VELHO"";""Sim"";""Desobediência às normas de trânsito pelo condutor"";1;""Colisão transversal"";""Com Vítimas Feridas"";""Pleno dia"";""Decrescente"";""Céu Claro"";""Simples"";""Reta"";""Sim"";464622;""Motocicleta"";""HONDA/CG 150 JOB"";2005;""Condutor"";""Ileso"";30;""Masculino"";1;0;0;0;-8",78332371;-63,"86316245;""SR-RO"";""DEL21/1"";""UOP01/RO""",
"260341;579288;2020-01-02;""quinta"";""11:10:00"";""RO"";364;711;""PORTO VELHO"";""Sim"";""Desobediência às normas de trânsito pelo condutor"";1;""Colisão transversal"";""Com Vítimas Feridas"";""Pleno dia"";""Decrescente"";""Céu Claro"";""Simples"";""Reta"";""Sim"";464622;""Motocicleta"";""HONDA/CG 150 JOB"";2005;""Passageiro"";""Lesões Leves"";30;""Masculino"";0;1;0;0;-8",78332371;-63,"86316245;""SR-RO"";""DEL21/1"";""UOP01/RO""",
"260341;579256;2020-01-02;""quinta"";""11:10:00"";""RO"";364;711;""PORTO VELHO"";""Sim"";""Desobediência às normas de trânsito pelo condutor"";1;""Colisão transversal"";""Com Vítimas Feridas"";""Pleno dia"";""Decrescente"";""Céu Claro"";""Simples"";""Reta"";""Sim"";464621;""Automóvel"";""HYUNDAI/HB20 1.0M COMFOR"";2017;""Condutor"";""Ileso"";30;""Masculino"";1;0;0;0;-8",78332371;-63,"86316245;""SR-RO"";""DEL21/1"";""UOP01/RO""",
"260341;579278;2020-01-02;""quinta"";""11:10:00"";""RO"";364;711;""PORTO VELHO"";""Não"";""Não guardar distância de segurança"";3;""Queda de ocupante de veículo"";""Com Vítimas Feridas"";""Pleno dia"";""Decrescente"";""Céu Claro"";""Simples"";""Reta"";""Sim"";464622;""Motocicleta"";""HONDA/CG 150 JOB"";2005;""Condutor"";""Ileso"";30;""Masculino"";1;0;0;0;-8",78332371;-63,"86316245;""SR-RO"";""DEL21/1"";""UOP01/RO""",
"260341;579288;2020-01-02;""quinta"";""11:10:00"";""RO"";364;711;""PORTO VELHO"";""Não"";""Não guardar distância de segurança"";3;""Queda de ocupante de veículo"";""Com Vítimas Feridas"";""Pleno dia"";""Decrescente"";""Céu Claro"";""Simples"";""Reta"";""Sim"";464622;""Motocicleta"";""HONDA/CG 150 JOB"";2005;""Passageiro"";""Lesões Leves"";30;""Masculino"";0;1;0;0;-8",78332371;-63,"86316245;""SR-RO"";""DEL21/1"";""UOP01/RO""",
"260341;579256;2020-01-02;""quinta"";""11:10:00"";""RO"";364;711;""PORTO VELHO"";""Não"";""Não guardar distância de segurança"";3;""Queda de ocupante de veículo"";""Com Vítimas Feridas"";""Pleno dia"";""Decrescente"";""Céu Claro"";""Simples"";""Reta"";""Sim"";464621;""Automóvel"";""HYUNDAI/HB20 1.0M COMFOR"";2017;""Condutor"";""Ileso"";30;""Masculino"";1;0;0;0;-8",78332371;-63,"86316245;""SR-RO"";""DEL21/1"";""UOP01/RO""",
"260341;579278;2020-01-02;""quinta"";""11:10:00"";""RO"";364;711;""PORTO VELHO"";""Não"";""Não guardar distância de segurança"";2;""Tombamento"";""Com Vítimas Feridas"";""Pleno dia"";""Decrescente"";""Céu Claro"";""Simples"";""Reta"";""Sim"";464622;""Motocicleta"";""HONDA/CG 150 JOB"";2005;""Condutor"";""Ileso"";30;""Masculino"";1;0;0;0;-8",78332371;-63,"86316245;""SR-RO"";""DEL21/1"";""UOP01/RO""",
"260341;579288;2020-01-02;""quinta"";""11:10:00"";""RO"";364;711;""PORTO VELHO"";""Não"";""Não guardar distância de segurança"";2;""Tombamento"";""Com Vítimas Feridas"";""Pleno dia"";""Decrescente"";""Céu Claro"";""Simples"";""Reta"";""Sim"";464622;""Motocicleta"";""HONDA/CG 150 JOB"";2005;""Passageiro"";""Lesões Leves"";30;""Masculino"";0;1;0;0;-8",78332371;-63,"86316245;""SR-RO"";""DEL21/1"";""UOP01/RO""",
"260341;579256;2020-01-02;""quinta"";""11:10:00"";""RO"";364;711;""PORTO VELHO"";""Não"";""Não guardar distância de segurança"";2;""Tombamento"";""Com Vítimas Feridas"";""Pleno dia"";""Decrescente"";""Céu Claro"";""Simples"";""Reta"";""Sim"";464621;""Automóvel"";""HYUNDAI/HB20 1.0M COMFOR"";2017;""Condutor"";""Ileso"";30;""Masculino"";1;0;0;0;-8",78332371;-63,"86316245;""SR-RO"";""DEL21/1"";""UOP01/RO""",
"260341;579278;2020-01-02;""quinta"";""11:10:00"";""RO"";364;711;""PORTO VELHO"";""Não"";""Não guardar distância de segurança"";1;""Colisão transversal"";""Com Vítimas Feridas"";""Pleno dia"";""Decrescente"";""Céu Claro"";""Simples"";""Reta"";""Sim"";464622;""Motocicleta"";""HONDA/CG 150 JOB"";2005;""Condutor"";""Ileso"";30;""Masculino"";1;0;0;0;-8",78332371;-63,"86316245;""SR-RO"";""DEL21/1"";""UOP01/RO""",
"260341;579288;2020-01-02;""quinta"";""11:10:00"";""RO"";364;711;""PORTO VELHO"";""Não"";""Não guardar distância de segurança"";1;""Colisão transversal"";""Com Vítimas Feridas"";""Pleno dia"";""Decrescente"";""Céu Claro"";""Simples"";""Reta"";""Sim"";464622;""Motocicleta"";""HONDA/CG 150 JOB"";2005;""Passageiro"";""Lesões Leves"";30;""Masculino"";0;1;0;0;-8",78332371;-63,"86316245;""SR-RO"";""DEL21/1"";""UOP01/RO""",
"260341;579256;2020-01-02;""quinta"";""11:10:00"";""RO"";364;711;""PORTO VELHO"";""Não"";""Não guardar distância de segurança"";1;""Colisão transversal"";""Com Vítimas Feridas"";""Pleno dia"";""Decrescente"";""Céu Claro"";""Simples"";""Reta"";""Sim"";464621;""Automóvel"";""HYUNDAI/HB20 1.0M COMFOR"";2017;""Condutor"";""Ileso"";30;""Masculino"";1;0;0;0;-8",78332371;-63,"86316245;""SR-RO"";""DEL21/1"";""UOP01/RO""",
"260341;579278;2020-01-02;""quinta"";""11:10:00"";""RO"";364;711;""PORTO VELHO"";""Não"";""Sinalização da via insuficiente ou inadequada"";3;""Queda de ocupante de veículo"";""Com Vítimas Feridas"";""Pleno dia"";""Decrescente"";""Céu Claro"";""Simples"";""Reta"";""Sim"";464622;""Motocicleta"";""HONDA/CG 150 JOB"";2005;""Condutor"";""Ileso"";30;""Masculino"";1;0;0;0;-8",78332371;-63,"86316245;""SR-RO"";""DEL21/1"";""UOP01/RO""",
"260341;579288;2020-01-02;""quinta"";""11:10:00"";""RO"";364;711;""PORTO VELHO"";""Não"";""Sinalização da via insuficiente ou inadequada"";3;""Queda de ocupante de veículo"";""Com Vítimas Feridas"";""Pleno dia"";""Decrescente"";""Céu Claro"";""Simples"";""Reta"";""Sim"";464622;""Motocicleta"";""HONDA/CG 150 JOB"";2005;""Passageiro"";""Lesões Leves"";30;""Masculino"";0;1;0;0;-8",78332371;-63,"86316245;""SR-RO"";""DEL21/1"";""UOP01/RO""",
"260341;579256;2020-01-02;""quinta"";""11:10:00"";""RO"";364;711;""PORTO VELHO"";""Não"";""Sinalização da via insuficiente ou inadequada"";3;""Queda de ocupante de veículo"";""Com Vítimas Feridas"";""Pleno dia"";""Decrescente"";""Céu Claro"";""Simples"";""Reta"";""Sim"";464621;""Automóvel"";""HYUNDAI/HB20 1.0M COMFOR"";2017;""Condutor"";""Ileso"";30;""Masculino"";1;0;0;0;-8",78332371;-63,"86316245;""SR-RO"";""DEL21/1"";""UOP01/RO""",
"260341;579278;2020-01-02;""quinta"";""11:10:00"";""RO"";364;711;""PORTO VELHO"";""Não"";""Sinalização da via insuficiente ou inadequada"";2;""Tombamento"";""Com Vítimas Feridas"";""Pleno dia"";""Decrescente"";""Céu Claro"";""Simples"";""Reta"";""Sim"";464622;""Motocicleta"";""HONDA/CG 150 JOB"";2005;""Condutor"";""Ileso"";30;""Masculino"";1;0;0;0;-8",78332371;-63,"86316245;""SR-RO"";""DEL21/1"";""UOP01/RO""",
"260341;579288;2020-01-02;""quinta"";""11:10:00"";""RO"";364;711;""PORTO VELHO"";""Não"";""Sinalização da via insuficiente ou inadequada"";2;""Tombamento"";""Com Vítimas Feridas"";""Pleno dia"";""Decrescente"";""Céu Claro"";""Simples"";""Reta"";""Sim"";464622;""Motocicleta"";""HONDA/CG 150 JOB"";2005;""Passageiro"";""Lesões Leves"";30;""Masculino"";0;1;0;0;-8",78332371;-63,"86316245;""SR-RO"";""DEL21/1"";""UOP01/RO""",
"260341;579256;2020-01-02;""quinta"";""11:10:00"";""RO"";364;711;""PORTO VELHO"";""Não"";""Sinalização da via insuficiente ou inadequada"";2;""Tombamento"";""Com Vítimas Feridas"";""Pleno dia"";""Decrescente"";""Céu Claro"";""Simples"";""Reta"";""Sim"";464621;""Automóvel"";""HYUNDAI/HB20 1.0M COMFOR"";2017;""Condutor"";""Ileso"";30;""Masculino"";1;0;0;0;-8",78332371;-63,"86316245;""SR-RO"";""DEL21/1"";""UOP01/RO""",
"260341;579278;2020-01-02;""quinta"";""11:10:00"";""RO"";364;711;""PORTO VELHO"";""Não"";""Sinalização da via insuficiente ou inadequada"";1;""Colisão transversal"";""Com Vítimas Feridas"";""Pleno dia"";""Decrescente"";""Céu Claro"";""Simples"";""Reta"";""Sim"";464622;""Motocicleta"";""HONDA/CG 150 JOB"";2005;""Condutor"";""Ileso"";30;""Masculino"";1;0;0;0;-8",78332371;-63,"86316245;""SR-RO"";""DEL21/1"";""UOP01/RO""",
"260341;579288;2020-01-02;""quinta"";""11:10:00"";""RO"";364;711;""PORTO VELHO"";""Não"";""Sinalização da via insuficiente ou inadequada"";1;""Colisão transversal"";""Com Vítimas Feridas"";""Pleno dia"";""Decrescente"";""Céu Claro"";""Simples"";""Reta"";""Sim"";464622;""Motocicleta"";""HONDA/CG 150 JOB"";2005;""Passageiro"";""Lesões Leves"";30;""Masculino"";0;1;0;0;-8",78332371;-63,"86316245;""SR-RO"";""DEL21/1"";""UOP01/RO""",