"id;""pesid"";""data_inversa"";""dia_semana"";""horario"";""uf"";""br"";""km"";""municipio"";""causa_principal"";""causa_acidente"";""ordem_tipo_acidente"";""tipo_acidente"";""classificacao_acidente"";""fase_dia"";""sentido_via"";""condicao_metereologica"";""tipo_pista"";""tracado_via"";""uso_solo"";""id_veiculo"";""tipo_veiculo"";""marca"";""ano_fabricacao_veiculo"";""tipo_envolvido"";""estado_fisico"";""idade"";""sexo"";""ilesos"";""feridos_leves"";""feridos_graves"";""mortos"";""latitude"";""longitude"";""regional"";""delegacia"";""uop""",,,
"260366;579315;2020-01-02;""quinta"";""14:30:00"";""GO"";20;97;""VILA BOA"";""Sim"";""Pista Escorregadia"";1;""Saída de leito carroçável"";""Com Vítimas Feridas"";""Pleno dia"";""Decrescente"";""Chuva"";""Simples"";""Reta"";""Não"";464684;""Micro-ônibus"";""RENAULT/MASTER MBUS L3H2"";2014;""Passageiro"";""Ileso"";25;""Masculino"";1;0;0;0;-14",968002;-47,"009731;""SR-DF"";""UOP01/DEL02/DF"";""""",
"260366;579317;2020-01-02;""quinta"";""14:30:00"";""GO"";20;97;""VILA BOA"";""Não"";""Velocidade Incompatível"";2;""Colisão com objeto estático"";""Com Vítimas Feridas"";""Pleno dia"";""Decrescente"";""Chuva"";""Simples"";""Reta"";""Não"";464684;""Micro-ônibus"";""RENAULT/MASTER MBUS L3H2"";2014;""Passageiro"";""Lesões Leves"";27;""Masculino"";0;1;0;0;-14",968002;-47,"009731;""SR-DF"";""UOP01/DEL02/DF"";""""",
"260366;579320;2020-01-02;""quinta"";""14:30:00"";""GO"";20;97;""VILA BOA"";""Não"";""Velocidade Incompatível"";2;""Colisão com objeto estático"";""Com Vítimas Feridas"";""Pleno dia"";""Decrescente"";""Chuva"";""Simples"";""Reta"";""Não"";464684;""Micro-ônibus"";""RENAULT/MASTER MBUS L3H2"";2014;""Passageiro"";""Lesões Leves"";27;""Masculino"";0;1;0;0;-14",968002;-47,"009731;""SR-DF"";""UOP01/DEL02/DF"";""""",
"260366;579322;2020-01-02;""quinta"";""14:30:00"";""GO"";20;97;""VILA BOA"";""Não"";""Velocidade Incompatível"";2;""Colisão com objeto estático"";""Com Vítimas Feridas"";""Pleno dia"";""Decrescente"";""Chuva"";""Simples"";""Reta"";""Não"";464684;""Micro-ônibus"";""RENAULT/MASTER MBUS L3H2"";2014;""Passageiro"";""Lesões Leves"";32;""Feminino"";0;1;0;0;-14",968002;-47,"009731;""SR-DF"";""UOP01/DEL02/DF"";""""",
"260366;579323;2020-01-02;""quinta"";""14:30:00"";""GO"";20;97;""VILA BOA"";""Não"";""Velocidade Incompatível"";2;""Colisão com objeto estático"";""Com Vítimas Feridas"";""Pleno dia"";""Decrescente"";""Chuva"";""Simples"";""Reta"";""Não"";464684;""Micro-ônibus"";""RENAULT/MASTER MBUS L3H2"";2014;""Passageiro"";""Lesões Leves"";36;""Feminino"";0;1;0;0;-14",968002;-47,"009731;""SR-DF"";""UOP01/DEL02/DF"";""""",
"260366;579325;2020-01-02;""quinta"";""14:30:00"";""GO"";20;97;""VILA BOA"";""Não"";""Velocidade Incompatível"";2;""Colisão com objeto estático"";""Com Vítimas Feridas"";""Pleno dia"";""Decrescente"";""Chuva"";""Simples"";""Reta"";""Não"";464684;""Micro-ônibus"";""RENAULT/MASTER MBUS L3H2"";2014;""Passageiro"";""Lesões Graves"";24;""Feminino"";0;0;1;0;-14",968002;-47,"009731;""SR-DF"";""UOP01/DEL02/DF"";""""",
"260366;579330;2020-01-02;""quinta"";""14:30:00"";""GO"";20;97;""VILA BOA"";""Não"";""Velocidade Incompatível"";2;""Colisão com objeto estático"";""Com Vítimas Feridas"";""Pleno dia"";""Decrescente"";""Chuva"";""Simples"";""Reta"";""Não"";464684;""Micro-ônibus"";""RENAULT/MASTER MBUS L3H2"";2014;""Passageiro"";""Lesões Graves"";33;""Feminino"";0;0;1;0;-14",968002;-47,"009731;""SR-DF"";""UOP01/DEL02/DF"";""""",
"260366;579311;2020-01-02;""quinta"";""14:30:00"";""GO"";20;97;""VILA BOA"";""Não"";""Velocidade Incompatível"";2;""Colisão com objeto estático"";""Com Vítimas Feridas"";""Pleno dia"";""Decrescente"";""Chuva"";""Simples"";""Reta"";""Não"";464684;""Micro-ônibus"";""RENAULT/MASTER MBUS L3H2"";2014;""Condutor"";""Lesões Leves"";43;""Masculino"";0;1;0;0;-14",968002;-47,"009731;""SR-DF"";""UOP01/DEL02/DF"";""""",
"260366;579315;2020-01-02;""quinta"";""14:30:00"";""GO"";20;97;""VILA BOA"";""Não"";""Velocidade Incompatível"";2;""Colisão com objeto estático"";""Com Vítimas Feridas"";""Pleno dia"";""Decrescente"";""Chuva"";""Simples"";""Reta"";""Não"";464684;""Micro-ônibus"";""RENAULT/MASTER MBUS L3H2"";2014;""Passageiro"";""Ileso"";25;""Masculino"";1;0;0;0;-14",968002;-47,"009731;""SR-DF"";""UOP01/DEL02/DF"";""""",
"260366;579317;2020-01-02;""quinta"";""14:30:00"";""GO"";20;97;""VILA BOA"";""Não"";""Velocidade Incompatível"";1;""Saída de leito carroçável"";""Com Vítimas Feridas"";""Pleno dia"";""Decrescente"";""Chuva"";""Simples"";""Reta"";""Não"";464684;""Micro-ônibus"";""RENAULT/MASTER MBUS L3H2"";2014;""Passageiro"";""Lesões Leves"";27;""Masculino"";0;1;0;0;-14",968002;-47,"009731;""SR-DF"";""UOP01/DEL02/DF"";""""",
"260366;579320;2020-01-02;""quinta"";""14:30:00"";""GO"";20;97;""VILA BOA"";""Não"";""Velocidade Incompatível"";1;""Saída de leito carroçável"";""Com Vítimas Feridas"";""Pleno dia"";""Decrescente"";""Chuva"";""Simples"";""Reta"";""Não"";464684;""Micro-ônibus"";""RENAULT/MASTER MBUS L3H2"";2014;""Passageiro"";""Lesões Leves"";27;""Masculino"";0;1;0;0;-14",968002;-47,"009731;""SR-DF"";""UOP01/DEL02/DF"";""""",
"260366;579322;2020-01-02;""quinta"";""14:30:00"";""GO"";20;97;""VILA BOA"";""Não"";""Velocidade Incompatível"";1;""Saída de leito carroçável"";""Com Vítimas Feridas"";""Pleno dia"";""Decrescente"";""Chuva"";""Simples"";""Reta"";""Não"";464684;""Micro-ônibus"";""RENAULT/MASTER MBUS L3H2"";2014;""Passageiro"";""Lesões Leves"";32;""Feminino"";0;1;0;0;-14",968002;-47,"009731;""SR-DF"";""UOP01/DEL02/DF"";""""",
"260366;579323;2020-01-02;""quinta"";""14:30:00"";""GO"";20;97;""VILA BOA"";""Não"";""Velocidade Incompatível"";1;""Saída de leito carroçável"";""Com Vítimas Feridas"";""Pleno dia"";""Decrescente"";""Chuva"";""Simples"";""Reta"";""Não"";464684;""Micro-ônibus"";""RENAULT/MASTER MBUS L3H2"";2014;""Passageiro"";""Lesões Leves"";36;""Feminino"";0;1;0;0;-14",968002;-47,"009731;""SR-DF"";""UOP01/DEL02/DF"";""""",
"260366;579325;2020-01-02;""quinta"";""14:30:00"";""GO"";20;97;""VILA BOA"";""Não"";""Velocidade Incompatível"";1;""Saída de leito carroçável"";""Com Vítimas Feridas"";""Pleno dia"";""Decrescente"";""Chuva"";""Simples"";""Reta"";""Não"";464684;""Micro-ônibus"";""RENAULT/MASTER MBUS L3H2"";2014;""Passageiro"";""Lesões Graves"";24;""Feminino"";0;0;1;0;-14",968002;-47,"009731;""SR-DF"";""UOP01/DEL02/DF"";""""",
"260366;579330;2020-01-02;""quinta"";""14:30:00"";""GO"";20;97;""VILA BOA"";""Não"";""Velocidade Incompatível"";1;""Saída de leito carroçável"";""Com Vítimas Feridas"";""Pleno dia"";""Decrescente"";""Chuva"";""Simples"";""Reta"";""Não"";464684;""Micro-ônibus"";""RENAULT/MASTER MBUS L3H2"";2014;""Passageiro"";""Lesões Graves"";33;""Feminino"";0;0;1;0;-14",968002;-47,"009731;""SR-DF"";""UOP01/DEL02/DF"";""""",
"260366;579311;2020-01-02;""quinta"";""14:30:00"";""GO"";20;97;""VILA BOA"";""Não"";""Velocidade Incompatível"";1;""Saída de leito carroçável"";""Com Vítimas Feridas"";""Pleno dia"";""Decrescente"";""Chuva"";""Simples"";""Reta"";""Não"";464684;""Micro-ônibus"";""RENAULT/MASTER MBUS L3H2"";2014;""Condutor"";""Lesões Leves"";43;""Masculino"";0;1;0;0;-14",968002;-47,"009731;""SR-DF"";""UOP01/DEL02/DF"";""""",
"260366;579315;2020-01-02;""quinta"";""14:30:00"";""GO"";20;97;""VILA BOA"";""Não"";""Velocidade Incompatível"";1;""Saída de leito carroçável"";""Com Vítimas Feridas"";""Pleno dia"";""Decrescente"";""Chuva"";""Simples"";""Reta"";""Não"";464684;""Micro-ônibus"";""RENAULT/MASTER MBUS L3H2"";2014;""Passageiro"";""Ileso"";25;""Masculino"";1;0;0;0;-14",968002;-47,"009731;""SR-DF"";""UOP01/DEL02/DF"";""""",
"260368;581082;2020-01-02;""quinta"";""13:10:00"";""DF"";80;34;""BRASILIA"";""Sim"";""Velocidade Incompatível"";1;""Capotamento"";""Com Vítimas Feridas"";""Pleno dia"";""Crescente"";""Garoa/Chuvisco"";""Dupla"";""Reta"";""Não"";464842;""Automóvel"";""VW/GOL SPECIAL MB"";2015;""Condutor"";""Lesões Leves"";27;""Masculino"";0;1;0;0;-15",710013;-48,"199486;""SR-DF"";""UOP06/DF"";""""",
"260369;579424;2020-01-02;""quinta"";""14:40:00"";""MG"";262;356;""BETIM"";""Sim"";""Falta de Atenção à Condução"";2;""Colisão com objeto estático"";""Com Vítimas Feridas"";""Pleno dia"";""Decrescente"";""Nublado"";""Dupla"";""Desvio Temporário"";""Não"";464590;""Camioneta"";""JEEP/RENEGADE LNGTD AT"";2018;""Passageiro"";""Lesões Leves"";5;""Feminino"";0;1;0;0;-19",96890716;-44,"18104581;""SR-MG"";""DEL4/1"";""UOP03/MG""",
"260369;579419;2020-01-02;""quinta"";""14:40:00"";""MG"";262;356;""BETIM"";""Sim"";""Falta de Atenção à Condução"";2;""Colisão com objeto estático"";""Com Vítimas Feridas"";""Pleno dia"";""Decrescente"";""Nublado"";""Dupla"";""Desvio Temporário"";""Não"";464590;""Camioneta"";""JEEP/RENEGADE LNGTD AT"";2018;""Passageiro"";""Lesões Leves"";21;""Masculino"";0;1;0;0;-19",96890716;-44,"18104581;""SR-MG"";""DEL4/1"";""UOP03/MG""",
"260369;579418;2020-01-02;""quinta"";""14:40:00"";""MG"";262;356;""BETIM"";""Sim"";""Falta de Atenção à Condução"";2;""Colisão com objeto estático"";""Com Vítimas Feridas"";""Pleno dia"";""Decrescente"";""Nublado"";""Dupla"";""Desvio Temporário"";""Não"";464590;""Camioneta"";""JEEP/RENEGADE LNGTD AT"";2018;""Passageiro"";""Lesões Leves"";37;""Feminino"";0;1;0;0;-19",96890716;-44,"18104581;""SR-MG"";""DEL4/1"";""UOP03/MG""",
"260369;579414;2020-01-02;""quinta"";""14:40:00"";""MG"";262;356;""BETIM"";""Sim"";""Falta de Atenção à Condução"";2;""Colisão com objeto estático"";""Com Vítimas Feridas"";""Pleno dia"";""Decrescente"";""Nublado"";""Dupla"";""Desvio Temporário"";""Não"";464590;""Camioneta"";""JEEP/RENEGADE LNGTD AT"";2018;""Condutor"";""Lesões Leves"";33;""Feminino"";0;1;0;0;-19",96890716;-44,"18104581;""SR-MG"";""DEL4/1"";""UOP03/MG""",
"260369;579424;2020-01-02;""quinta"";""14:40:00"";""MG"";262;356;""BETIM"";""Sim"";""Falta de Atenção à Condução"";1;""Saída de leito carroçável"";""Com Vítimas Feridas"";""Pleno dia"";""Decrescente"";""Nublado"";""Dupla"";""Desvio Temporário"";""Não"";464590;""Camioneta"";""JEEP/RENEGADE LNGTD AT"";2018;""Passageiro"";""Lesões Leves"";5;""Feminino"";0;1;0;0;-19",96890716;-44,"18104581;""SR-MG"";""DEL4/1"";""UOP03/MG""",
"260369;579419;2020-01-02;""quinta"";""14:40:00"";""MG"";262;356;""BETIM"";""Sim"";""Falta de Atenção à Condução"";1;""Saída de leito carroçável"";""Com Vítimas Feridas"";""Pleno dia"";""Decrescente"";""Nublado"";""Dupla"";""Desvio Temporário"";""Não"";464590;""Camioneta"";""JEEP/RENEGADE LNGTD AT"";2018;""Passageiro"";""Lesões Leves"";21;""Masculino"";0;1;0;0;-19",96890716;-44,"18104581;""SR-MG"";""DEL4/1"";""UOP03/MG""",
"260369;579418;2020-01-02;""quinta"";""14:40:00"";""MG"";262;356;""BETIM"";""Sim"";""Falta de Atenção à Condução"";1;""Saída de leito carroçável"";""Com Vítimas Feridas"";""Pleno dia"";""Decrescente"";""Nublado"";""Dupla"";""Desvio Temporário"";""Não"";464590;""Camioneta"";""JEEP/RENEGADE LNGTD AT"";2018;""Passageiro"";""Lesões Leves"";37;""Feminino"";0;1;0;0;-19",96890716;-44,"18104581;""SR-MG"";""DEL4/1"";""UOP03/MG""",
"260369;579414;2020-01-02;""quinta"";""14:40:00"";""MG"";262;356;""BETIM"";""Sim"";""Falta de Atenção à Condução"";1;""Saída de leito carroçável"";""Com Vítimas Feridas"";""Pleno dia"";""Decrescente"";""Nublado"";""Dupla"";""Desvio Temporário"";""Não"";464590;""Camioneta"";""JEEP/RENEGADE LNGTD AT"";2018;""Condutor"";""Lesões Leves"";33;""Feminino"";0;1;0;0;-19",96890716;-44,"18104581;""SR-MG"";""DEL4/1"";""UOP03/MG""",
"260370;579458;2020-01-02;""quinta"";""14:30:00"";""SP"";116;316;""JUQUITIBA"";""Sim"";""Velocidade Incompatível"";1;""Colisão com objeto estático"";""Com Vítimas Feridas"";""Pleno dia"";""Decrescente"";""Chuva"";""Dupla"";""Curva"";""Não"";464677;""Automóvel"";""I/PEUGEOT 206 14PRESENFX"";2006;""Passageiro"";""Ileso"";59;""Feminino"";1;0;0;0;-23",91064025;-46,"99152058;""SR-SP"";""DEL6/4"";""UOP01/SP""",
"260370;579456;2020-01-02;""quinta"";""14:30:00"";""SP"";116;316;""JUQUITIBA"";""Sim"";""Velocidade Incompatível"";1;""Colisão com objeto estático"";""Com Vítimas Feridas"";""Pleno dia"";""Decrescente"";""Chuva"";""Dupla"";""Curva"";""Não"";464677;""Automóvel"";""I/PEUGEOT 206 14PRESENFX"";2006;""Passageiro"";""Ileso"";50;""Feminino"";1;0;0;0;-23",91064025;-46,"99152058;""SR-SP"";""DEL6/4"";""UOP01/SP""",
"260370;579455;2020-01-02;""quinta"";""14:30:00"";""SP"";116;316;""JUQUITIBA"";""Sim"";""Velocidade Incompatível"";1;""Colisão com objeto estático"";""Com Vítimas Feridas"";""Pleno dia"";""Decrescente"";""Chuva"";""Dupla"";""Curva"";""Não"";464677;""Automóvel"";""I/PEUGEOT 206 14PRESENFX"";2006;""Passageiro"";""Lesões Leves"";21;""Feminino"";0;1;0;0;-23",91064025;-46,"99152058;""SR-SP"";""DEL6/4"";""UOP01/SP""",
"260370;579450;2020-01-02;""quinta"";""14:30:00"";""SP"";116;316;""JUQUITIBA"";""Sim"";""Velocidade Incompatível"";1;""Colisão com objeto estático"";""Com Vítimas Feridas"";""Pleno dia"";""Decrescente"";""Chuva"";""Dupla"";""Curva"";""Não"";464677;""Automóvel"";""I/PEUGEOT 206 14PRESENFX"";2006;""Condutor"";""Ileso"";46;""Masculino"";1;0;0;0;-23",91064025;-46,"99152058;""SR-SP"";""DEL6/4"";""UOP01/SP""",
"260371;579183;2020-01-02;""quinta"";""14:40:00"";""MG"";146;596;""POCOS DE CALDAS"";""Sim"";""Velocidade Incompatível"";1;""Colisão frontal"";""Com Vítimas Fatais"";""Pleno dia"";""Decrescente"";""Chuva"";""Simples"";""Reta"";""Não"";464613;""Caminhão"";""M.BENZ/L 1518"";1989;""Condutor"";""Ileso"";41;""Masculino"";1;0;0;0;-21",74732471;-46,"40491826;""SR-MG"";""DEL09"";""UOP04/MG""",
"260371;579160;2020-01-02;""quinta"";""14:40:00"";""MG"";146;596;""POCOS DE CALDAS"";""Sim"";""Velocidade Incompatível"";1;""Colisão frontal"";""Com Vítimas Fatais"";""Pleno dia"";""Decrescente"";""Chuva"";""Simples"";""Reta"";""Não"";464612;""Caminhonete"";""VW/SAVEIRO 1.6"";2007;""Condutor"";""Óbito"";26;""Masculino"";0;0;0;1;-21",74732471;-46,"40491826;""SR-MG"";""DEL09"";""UOP04/MG""",
"260371;579183;2020-01-02;""quinta"";""14:40:00"";""MG"";146;596;""POCOS DE CALDAS"";""Não"";""Desobediência às normas de trânsito pelo condutor"";1;""Colisão frontal"";""Com Vítimas Fatais"";""Pleno dia"";""Decrescente"";""Chuva"";""Simples"";""Reta"";""Não"";464613;""Caminhão"";""M.BENZ/L 1518"";1989;""Condutor"";""Ileso"";41;""Masculino"";1;0;0;0;-21",74732471;-46,"40491826;""SR-MG"";""DEL09"";""UOP04/MG""",
"260371;579160;2020-01-02;""quinta"";""14:40:00"";""MG"";146;596;""POCOS DE CALDAS"";""Não"";""Desobediência às normas de trânsito pelo condutor"";1;""Colisão frontal"";""Com Vítimas Fatais"";""Pleno dia"";""Decrescente"";""Chuva"";""Simples"";""Reta"";""Não"";464612;""Caminhonete"";""VW/SAVEIRO 1.6"";2007;""Condutor"";""Óbito"";26;""Masculino"";0;0;0;1;-21",74732471;-46,"40491826;""SR-MG"";""DEL09"";""UOP04/MG""",
"260371;579183;2020-01-02;""quinta"";""14:40:00"";""MG"";146;596;""POCOS DE CALDAS"";""Não"";""Pista Escorregadia"";1;""Colisão frontal"";""Com Vítimas Fatais"";""Pleno dia"";""Decrescente"";""Chuva"";""Simples"";""Reta"";""Não"";464613;""Caminhão"";""M.BENZ/L 1518"";1989;""Condutor"";""Ileso"";41;""Masculino"";1;0;0;0;-21",74732471;-46,"40491826;""SR-MG"";""DEL09"";""UOP04/MG""",
"260371;579160;2020-01-02;""quinta"";""14:40:00"";""MG"";146;596;""POCOS DE CALDAS"";""Não"";""Pista Escorregadia"";1;""Colisão frontal"";""Com Vítimas Fatais"";""Pleno dia"";""Decrescente"";""Chuva"";""Simples"";""Reta"";""Não"";464612;""Caminhonete"";""VW/SAVEIRO 1.6"";2007;""Condutor"";""Óbito"";26;""Masculino"";0;0;0;1;-21",74732471;-46,"40491826;""SR-MG"";""DEL09"";""UOP04/MG""",
"260371;579183;2020-01-02;""quinta"";""14:40:00"";""MG"";146;596;""POCOS DE CALDAS"";""Não"";""Falta de Atenção à Condução"";1;""Colisão frontal"";""Com Vítimas Fatais"";""Pleno dia"";""Decrescente"";""Chuva"";""Simples"";""Reta"";""Não"";464613;""Caminhão"";""M.BENZ/L 1518"";1989;""Condutor"";""Ileso"";41;""Masculino"";1;0;0;0;-21",74732471;-46,"40491826;""SR-MG"";""DEL09"";""UOP04/MG""",
"260371;579160;2020-01-02;""quinta"";""14:40:00"";""MG"";146;596;""POCOS DE CALDAS"";""Não"";""Falta de Atenção à Condução"";1;""Colisão frontal"";""Com Vítimas Fatais"";""Pleno dia"";""Decrescente"";""Chuva"";""Simples"";""Reta"";""Não"";464612;""Caminhonete"";""VW/SAVEIRO 1.6"";2007;""Condutor"";""Óbito"";26;""Masculino"";0;0;0;1;-21",74732471;-46,"40491826;""SR-MG"";""DEL09"";""UOP04/MG""",
"260373;581360;2020-01-02;""quinta"";""11:00:00"";""MG"";116;661","5;""SAO FRANCISCO DO GLORIA"";""Sim"";""Condutor Dormindo"";1;""Colisão traseira"";""Com Vítimas Feridas"";""Pleno dia"";""Decrescente"";""Sol"";""Simples"";""Reta"";""Sim"";464569;""Motocicleta"";""HONDA/NXR125 BROS ES"";2013;""Condutor"";""Lesões Graves"";23;""Masculino"";0;0;1;0;-20",79822139;-42,"30955489;""SR-MG"";""DEL4/7"";""UOP03/MG"""
"260373;581359;2020-01-02;""quinta"";""11:00:00"";""MG"";116;661","5;""SAO FRANCISCO DO GLORIA"";""Sim"";""Condutor Dormindo"";1;""Colisão traseira"";""Com Vítimas Feridas"";""Pleno dia"";""Decrescente"";""Sol"";""Simples"";""Reta"";""Sim"";464568;""Caminhonete"";""FIAT/STRADA ADVENTURE CD"";2012;""Condutor"";""Ileso"";44;""Masculino"";1;0;0;0;-20",79822139;-42,"30955489;""SR-MG"";""DEL4/7"";""UOP03/MG"""
"260374;579176;2020-01-02;""quinta"";""11:30:00"";""GO"";364;136;""APARECIDA DO RIO DOCE"";""Sim"";""Pista Escorregadia"";1;""Saída de leito carroçável"";""Com Vítimas Feridas"";""Pleno dia"";""Crescente"";""Chuva"";""Simples"";""Desvio Temporário"";""Não"";464603;""Caminhonete"";""I/TOYOTA HILUX CD4X4 SRV"";2011;""Passageiro"";""Ileso"";26;""Feminino"";1;0;0;0;-18",2087;-51,"317787;""SR-GO"";""DEL1/5"";""UOP01/GO""",
"260374;579174;2020-01-02;""quinta"";""11:30:00"";""GO"";364;136;""APARECIDA DO RIO DOCE"";""Sim"";""Pista Escorregadia"";1;""Saída de leito carroçável"";""Com Vítimas Feridas"";""Pleno dia"";""Crescente"";""Chuva"";""Simples"";""Desvio Temporário"";""Não"";464603;""Caminhonete"";""I/TOYOTA HILUX CD4X4 SRV"";2011;""Passageiro"";""Lesões Leves"";51;""Feminino"";0;1;0;0;-18",2087;-51,"317787;""SR-GO"";""DEL1/5"";""UOP01/GO""",
"260374;579172;2020-01-02;""quinta"";""11:30:00"";""GO"";364;136;""APARECIDA DO RIO DOCE"";""Sim"";""Pista Escorregadia"";1;""Saída de leito carroçável"";""Com Vítimas Feridas"";""Pleno dia"";""Crescente"";""Chuva"";""Simples"";""Desvio Temporário"";""Não"";464603;""Caminhonete"";""I/TOYOTA HILUX CD4X4 SRV"";2011;""Condutor"";""Lesões Leves"";53;""Masculino"";0;1;0;0;-18",2087;-51,"317787;""SR-GO"";""DEL1/5"";""UOP01/GO""",
"260375;581299;2020-01-02;""quinta"";""14:30:00"";""GO"";50;132","8;""IPAMERI"";""Sim"";""Velocidade Incompatível"";1;""Colisão lateral"";""Sem Vítimas"";""Pleno dia"";""Crescente"";""Chuva"";""Dupla"";""Não Informado"";""Não"";464668;""Automóvel"";""VW/GOL 1.0"";2009;""Passageiro"";""Ileso"";63;""Masculino"";1;0;0;0;-17",0245;-47,"7626;""SR-GO"";""DEL1/6"";""UOP01/GO"""
"260375;581296;2020-01-02;""quinta"";""14:30:00"";""GO"";50;132","8;""IPAMERI"";""Sim"";""Velocidade Incompatível"";1;""Colisão lateral"";""Sem Vítimas"";""Pleno dia"";""Crescente"";""Chuva"";""Dupla"";""Não Informado"";""Não"";464668;""Automóvel"";""VW/GOL 1.0"";2009;""Passageiro"";""Ileso"";43;""Masculino"";1;0;0;0;-17",0245;-47,"7626;""SR-GO"";""DEL1/6"";""UOP01/GO"""
"260375;581290;2020-01-02;""quinta"";""14:30:00"";""GO"";50;132","8;""IPAMERI"";""Sim"";""Velocidade Incompatível"";1;""Colisão lateral"";""Sem Vítimas"";""Pleno dia"";""Crescente"";""Chuva"";""Dupla"";""Não Informado"";""Não"";464668;""Automóvel"";""VW/GOL 1.0"";2009;""Condutor"";""Ileso"";42;""Masculino"";1;0;0;0;-17",0245;-47,"7626;""SR-GO"";""DEL1/6"";""UOP01/GO"""
"260375;579393;2020-01-02;""quinta"";""14:30:00"";""GO"";50;132","8;""IPAMERI"";""Sim"";""Velocidade Incompatível"";1;""Colisão lateral"";""Sem Vítimas"";""Pleno dia"";""Crescente"";""Chuva"";""Dupla"";""Não Informado"";""Não"";464667;""Caminhão-trator"";""SCANIA/P114GA4X2NZ 340"";2007;""Condutor"";""Ileso"";50;""Masculino"";1;0;0;0;-17",0245;-47,"7626;""SR-GO"";""DEL1/6"";""UOP01/GO"""
"260375;NA;2020-01-02;""quinta"";""14:30:00"";""GO"";50;132","8;""IPAMERI"";""Sim"";""Velocidade Incompatível"";1;""Colisão lateral"";""Sem Vítimas"";""Pleno dia"";""Crescente"";""Chuva"";""Dupla"";""Não Informado"";""Não"";464734;""Semireboque"";""SR/RODOBERCAMP SRCE 2E"";2011;""Não Informado"";""Não Informado"";NA;""Não Informado"";0;0;0;0;-17",0245;-47,"7626;""SR-GO"";""DEL1/6"";""UOP01/GO"""
"260376;579417;2020-01-02;""quinta"";""14:00:00"";""BA"";116;572;""BREJOES"";""Sim"";""Ultrapassagem Indevida"";4;""Capotamento"";""Com Vítimas Feridas"";""Pleno dia"";""Decrescente"";""Nublado"";""Simples"";""Não Informado"";""Não"";464766;""Automóvel"";""CHEVROLET/CELTA 1.0L LT"";2011;""Condutor"";""Ileso"";48;""Masculino"";1;0;0;0;-13",026093;-39,"96092;""SR-BA"";""DEL10/3"";""UOP02/BA""",
"260376;579434;2020-01-02;""quinta"";""14:00:00"";""BA"";116;572;""BREJOES"";""Sim"";""Ultrapassagem Indevida"";4;""Capotamento"";""Com Vítimas Feridas"";""Pleno dia"";""Decrescente"";""Nublado"";""Simples"";""Não Informado"";""Não"";464764;""Automóvel"";""VW/POLO SEDAN 1.6 COMFOR"";2009;""Passageiro"";""Ileso"";10;""Feminino"";1;0;0;0;-13",026093;-39,"96092;""SR-BA"";""DEL10/3"";""UOP02/BA""",
"260376;579433;2020-01-02;""quinta"";""14:00:00"";""BA"";116;572;""BREJOES"";""Sim"";""Ultrapassagem Indevida"";4;""Capotamento"";""Com Vítimas Feridas"";""Pleno dia"";""Decrescente"";""Nublado"";""Simples"";""Não Informado"";""Não"";464764;""Automóvel"";""VW/POLO SEDAN 1.6 COMFOR"";2009;""Passageiro"";""Lesões Leves"";28;""Feminino"";0;1;0;0;-13",026093;-39,"96092;""SR-BA"";""DEL10/3"";""UOP02/BA""",
"260376;579416;2020-01-02;""quinta"";""14:00:00"";""BA"";116;572;""BREJOES"";""Sim"";""Ultrapassagem Indevida"";4;""Capotamento"";""Com Vítimas Feridas"";""Pleno dia"";""Decrescente"";""Nublado"";""Simples"";""Não Informado"";""Não"";464764;""Automóvel"";""VW/POLO SEDAN 1.6 COMFOR"";2009;""Condutor"";""Ileso"";37;""Masculino"";1;0;0;0;-13",026093;-39,"96092;""SR-BA"";""DEL10/3"";""UOP02/BA""",
"260376;579426;2020-01-02;""quinta"";""14:00:00"";""BA"";116;572;""BREJOES"";""Sim"";""Ultrapassagem Indevida"";4;""Capotamento"";""Com Vítimas Feridas"";""Pleno dia"";""Decrescente"";""Nublado"";""Simples"";""Não Informado"";""Não"";464763;""Automóvel"";""GM/CLASSIC LIFE"";2009;""Passageiro"";""Lesões Leves"";11;""Masculino"";0;1;0;0;-13",026093;-39,"96092;""SR-BA"";""DEL10/3"";""UOP02/BA""",
"260376;579425;2020-01-02;""quinta"";""14:00:00"";""BA"";116;572;""BREJOES"";""Sim"";""Ultrapassagem Indevida"";4;""Capotamento"";""Com Vítimas Feridas"";""Pleno dia"";""Decrescente"";""Nublado"";""Simples"";""Não Informado"";""Não"";464763;""Automóvel"";""GM/CLASSIC LIFE"";2009;""Passageiro"";""Ileso"";17;""Feminino"";1;0;0;0;-13",026093;-39,"96092;""SR-BA"";""DEL10/3"";""UOP02/BA""",
"260376;579423;2020-01-02;""quinta"";""14:00:00"";""BA"";116;572;""BREJOES"";""Sim"";""Ultrapassagem Indevida"";4;""Capotamento"";""Com Vítimas Feridas"";""Pleno dia"";""Decrescente"";""Nublado"";""Simples"";""Não Informado"";""Não"";464763;""Automóvel"";""GM/CLASSIC LIFE"";2009;""Passageiro"";""Ileso"";27;""Feminino"";1;0;0;0;-13",026093;-39,"96092;""SR-BA"";""DEL10/3"";""UOP02/BA""",