"id;""pesid"";""data_inversa"";""dia_semana"";""horario"";""uf"";""br"";""km"";""municipio"";""causa_principal"";""causa_acidente"";""ordem_tipo_acidente"";""tipo_acidente"";""classificacao_acidente"";""fase_dia"";""sentido_via"";""condicao_metereologica"";""tipo_pista"";""tracado_via"";""uso_solo"";""id_veiculo"";""tipo_veiculo"";""marca"";""ano_fabricacao_veiculo"";""tipo_envolvido"";""estado_fisico"";""idade"";""sexo"";""ilesos"";""feridos_leves"";""feridos_graves"";""mortos"";""latitude"";""longitude"";""regional"";""delegacia"";""uop""",,,
"260376;579422;2020-01-02;""quinta"";""14:00:00"";""BA"";116;572;""BREJOES"";""Sim"";""Ultrapassagem Indevida"";4;""Capotamento"";""Com Vítimas Feridas"";""Pleno dia"";""Decrescente"";""Nublado"";""Simples"";""Não Informado"";""Não"";464763;""Automóvel"";""GM/CLASSIC LIFE"";2009;""Passageiro"";""Lesões Leves"";51;""Masculino"";0;1;0;0;-13",026093;-39,"96092;""SR-BA"";""DEL10/3"";""UOP02/BA""",
"260376;579420;2020-01-02;""quinta"";""14:00:00"";""BA"";116;572;""BREJOES"";""Sim"";""Ultrapassagem Indevida"";4;""Capotamento"";""Com Vítimas Feridas"";""Pleno dia"";""Decrescente"";""Nublado"";""Simples"";""Não Informado"";""Não"";464763;""Automóvel"";""GM/CLASSIC LIFE"";2009;""Condutor"";""Ileso"";28;""Feminino"";1;0;0;0;-13",026093;-39,"96092;""SR-BA"";""DEL10/3"";""UOP02/BA""",
"260376;579431;2020-01-02;""quinta"";""14:00:00"";""BA"";116;572;""BREJOES"";""Sim"";""Ultrapassagem Indevida"";4;""Capotamento"";""Com Vítimas Feridas"";""Pleno dia"";""Decrescente"";""Nublado"";""Simples"";""Não Informado"";""Não"";464761;""Automóvel"";""RENAULT/LOGAN EXPR 16 M"";2016;""Passageiro"";""Ileso"";2;""Feminino"";1;0;0;0;-13",026093;-39,"96092;""SR-BA"";""DEL10/3"";""UOP02/BA""",
"260376;579429;2020-01-02;""quinta"";""14:00:00"";""BA"";116;572;""BREJOES"";""Sim"";""Ultrapassagem Indevida"";4;""Capotamento"";""Com Vítimas Feridas"";""Pleno dia"";""Decrescente"";""Nublado"";""Simples"";""Não Informado"";""Não"";464761;""Automóvel"";""RENAULT/LOGAN EXPR 16 M"";2016;""Passageiro"";""Ileso"";51;""Feminino"";1;0;0;0;-13",026093;-39,"96092;""SR-BA"";""DEL10/3"";""UOP02/BA""",
"260376;579428;2020-01-02;""quinta"";""14:00:00"";""BA"";116;572;""BREJOES"";""Sim"";""Ultrapassagem Indevida"";4;""Capotamento"";""Com Vítimas Feridas"";""Pleno dia"";""Decrescente"";""Nublado"";""Simples"";""Não Informado"";""Não"";464761;""Automóvel"";""RENAULT/LOGAN EXPR 16 M"";2016;""Passageiro"";""Ileso"";23;""Feminino"";1;0;0;0;-13",026093;-39,"96092;""SR-BA"";""DEL10/3"";""UOP02/BA""",
"260376;579427;2020-01-02;""quinta"";""14:00:00"";""BA"";116;572;""BREJOES"";""Sim"";""Ultrapassagem Indevida"";4;""Capotamento"";""Com Vítimas Feridas"";""Pleno dia"";""Decrescente"";""Nublado"";""Simples"";""Não Informado"";""Não"";464761;""Automóvel"";""RENAULT/LOGAN EXPR 16 M"";2016;""Passageiro"";""Ileso"";22;""Masculino"";1;0;0;0;-13",026093;-39,"96092;""SR-BA"";""DEL10/3"";""UOP02/BA""",
"260376;579415;2020-01-02;""quinta"";""14:00:00"";""BA"";116;572;""BREJOES"";""Sim"";""Ultrapassagem Indevida"";4;""Capotamento"";""Com Vítimas Feridas"";""Pleno dia"";""Decrescente"";""Nublado"";""Simples"";""Não Informado"";""Não"";464761;""Automóvel"";""RENAULT/LOGAN EXPR 16 M"";2016;""Condutor"";""Ileso"";55;""Masculino"";1;0;0;0;-13",026093;-39,"96092;""SR-BA"";""DEL10/3"";""UOP02/BA""",
"260376;579436;2020-01-02;""quinta"";""14:00:00"";""BA"";116;572;""BREJOES"";""Sim"";""Ultrapassagem Indevida"";4;""Capotamento"";""Com Vítimas Feridas"";""Pleno dia"";""Decrescente"";""Nublado"";""Simples"";""Não Informado"";""Não"";464755;""Caminhão"";"""";NA;""Condutor"";""Não Informado"";NA;""Não Informado"";0;0;0;0;-13",026093;-39,"96092;""SR-BA"";""DEL10/3"";""UOP02/BA""",
"260376;579417;2020-01-02;""quinta"";""14:00:00"";""BA"";116;572;""BREJOES"";""Sim"";""Ultrapassagem Indevida"";1;""Colisão lateral"";""Com Vítimas Feridas"";""Pleno dia"";""Decrescente"";""Nublado"";""Simples"";""Não Informado"";""Não"";464766;""Automóvel"";""CHEVROLET/CELTA 1.0L LT"";2011;""Condutor"";""Ileso"";48;""Masculino"";1;0;0;0;-13",026093;-39,"96092;""SR-BA"";""DEL10/3"";""UOP02/BA""",
"260376;579434;2020-01-02;""quinta"";""14:00:00"";""BA"";116;572;""BREJOES"";""Sim"";""Ultrapassagem Indevida"";1;""Colisão lateral"";""Com Vítimas Feridas"";""Pleno dia"";""Decrescente"";""Nublado"";""Simples"";""Não Informado"";""Não"";464764;""Automóvel"";""VW/POLO SEDAN 1.6 COMFOR"";2009;""Passageiro"";""Ileso"";10;""Feminino"";1;0;0;0;-13",026093;-39,"96092;""SR-BA"";""DEL10/3"";""UOP02/BA""",
"260376;579433;2020-01-02;""quinta"";""14:00:00"";""BA"";116;572;""BREJOES"";""Sim"";""Ultrapassagem Indevida"";1;""Colisão lateral"";""Com Vítimas Feridas"";""Pleno dia"";""Decrescente"";""Nublado"";""Simples"";""Não Informado"";""Não"";464764;""Automóvel"";""VW/POLO SEDAN 1.6 COMFOR"";2009;""Passageiro"";""Lesões Leves"";28;""Feminino"";0;1;0;0;-13",026093;-39,"96092;""SR-BA"";""DEL10/3"";""UOP02/BA""",
"260376;579416;2020-01-02;""quinta"";""14:00:00"";""BA"";116;572;""BREJOES"";""Sim"";""Ultrapassagem Indevida"";1;""Colisão lateral"";""Com Vítimas Feridas"";""Pleno dia"";""Decrescente"";""Nublado"";""Simples"";""Não Informado"";""Não"";464764;""Automóvel"";""VW/POLO SEDAN 1.6 COMFOR"";2009;""Condutor"";""Ileso"";37;""Masculino"";1;0;0;0;-13",026093;-39,"96092;""SR-BA"";""DEL10/3"";""UOP02/BA""",
"260376;579426;2020-01-02;""quinta"";""14:00:00"";""BA"";116;572;""BREJOES"";""Sim"";""Ultrapassagem Indevida"";1;""Colisão lateral"";""Com Vítimas Feridas"";""Pleno dia"";""Decrescente"";""Nublado"";""Simples"";""Não Informado"";""Não"";464763;""Automóvel"";""GM/CLASSIC LIFE"";2009;""Passageiro"";""Lesões Leves"";11;""Masculino"";0;1;0;0;-13",026093;-39,"96092;""SR-BA"";""DEL10/3"";""UOP02/BA""",
"260376;579425;2020-01-02;""quinta"";""14:00:00"";""BA"";116;572;""BREJOES"";""Sim"";""Ultrapassagem Indevida"";1;""Colisão lateral"";""Com Vítimas Feridas"";""Pleno dia"";""Decrescente"";""Nublado"";""Simples"";""Não Informado"";""Não"";464763;""Automóvel"";""GM/CLASSIC LIFE"";2009;""Passageiro"";""Ileso"";17;""Feminino"";1;0;0;0;-13",026093;-39,"96092;""SR-BA"";""DEL10/3"";""UOP02/BA""",
"260376;579423;2020-01-02;""quinta"";""14:00:00"";""BA"";116;572;""BREJOES"";""Sim"";""Ultrapassagem Indevida"";1;""Colisão lateral"";""Com Vítimas Feridas"";""Pleno dia"";""Decrescente"";""Nublado"";""Simples"";""Não Informado"";""Não"";464763;""Automóvel"";""GM/CLASSIC LIFE"";2009;""Passageiro"";""Ileso"";27;""Feminino"";1;0;0;0;-13",026093;-39,"96092;""SR-BA"";""DEL10/3"";""UOP02/BA""",
"260376;579422;2020-01-02;""quinta"";""14:00:00"";""BA"";116;572;""BREJOES"";""Sim"";""Ultrapassagem Indevida"";1;""Colisão lateral"";""Com Vítimas Feridas"";""Pleno dia"";""Decrescente"";""Nublado"";""Simples"";""Não Informado"";""Não"";464763;""Automóvel"";""GM/CLASSIC LIFE"";2009;""Passageiro"";""Lesões Leves"";51;""Masculino"";0;1;0;0;-13",026093;-39,"96092;""SR-BA"";""DEL10/3"";""UOP02/BA""",
"260376;579420;2020-01-02;""quinta"";""14:00:00"";""BA"";116;572;""BREJOES"";""Sim"";""Ultrapassagem Indevida"";1;""Colisão lateral"";""Com Vítimas Feridas"";""Pleno dia"";""Decrescente"";""Nublado"";""Simples"";""Não Informado"";""Não"";464763;""Automóvel"";""GM/CLASSIC LIFE"";2009;""Condutor"";""Ileso"";28;""Feminino"";1;0;0;0;-13",026093;-39,"96092;""SR-BA"";""DEL10/3"";""UOP02/BA""",
"260376;579431;2020-01-02;""quinta"";""14:00:00"";""BA"";116;572;""BREJOES"";""Sim"";""Ultrapassagem Indevida"";1;""Colisão lateral"";""Com Vítimas Feridas"";""Pleno dia"";""Decrescente"";""Nublado"";""Simples"";""Não Informado"";""Não"";464761;""Automóvel"";""RENAULT/LOGAN EXPR 16 M"";2016;""Passageiro"";""Ileso"";2;""Feminino"";1;0;0;0;-13",026093;-39,"96092;""SR-BA"";""DEL10/3"";""UOP02/BA""",
"260376;579429;2020-01-02;""quinta"";""14:00:00"";""BA"";116;572;""BREJOES"";""Sim"";""Ultrapassagem Indevida"";1;""Colisão lateral"";""Com Vítimas Feridas"";""Pleno dia"";""Decrescente"";""Nublado"";""Simples"";""Não Informado"";""Não"";464761;""Automóvel"";""RENAULT/LOGAN EXPR 16 M"";2016;""Passageiro"";""Ileso"";51;""Feminino"";1;0;0;0;-13",026093;-39,"96092;""SR-BA"";""DEL10/3"";""UOP02/BA""",
"260376;579428;2020-01-02;""quinta"";""14:00:00"";""BA"";116;572;""BREJOES"";""Sim"";""Ultrapassagem Indevida"";1;""Colisão lateral"";""Com Vítimas Feridas"";""Pleno dia"";""Decrescente"";""Nublado"";""Simples"";""Não Informado"";""Não"";464761;""Automóvel"";""RENAULT/LOGAN EXPR 16 M"";2016;""Passageiro"";""Ileso"";23;""Feminino"";1;0;0;0;-13",026093;-39,"96092;""SR-BA"";""DEL10/3"";""UOP02/BA""",
"260376;579427;2020-01-02;""quinta"";""14:00:00"";""BA"";116;572;""BREJOES"";""Sim"";""Ultrapassagem Indevida"";1;""Colisão lateral"";""Com Vítimas Feridas"";""Pleno dia"";""Decrescente"";""Nublado"";""Simples"";""Não Informado"";""Não"";464761;""Automóvel"";""RENAULT/LOGAN EXPR 16 M"";2016;""Passageiro"";""Ileso"";22;""Masculino"";1;0;0;0;-13",026093;-39,"96092;""SR-BA"";""DEL10/3"";""UOP02/BA""",
"260376;579415;2020-01-02;""quinta"";""14:00:00"";""BA"";116;572;""BREJOES"";""Sim"";""Ultrapassagem Indevida"";1;""Colisão lateral"";""Com Vítimas Feridas"";""Pleno dia"";""Decrescente"";""Nublado"";""Simples"";""Não Informado"";""Não"";464761;""Automóvel"";""RENAULT/LOGAN EXPR 16 M"";2016;""Condutor"";""Ileso"";55;""Masculino"";1;0;0;0;-13",026093;-39,"96092;""SR-BA"";""DEL10/3"";""UOP02/BA""",
"260376;579436;2020-01-02;""quinta"";""14:00:00"";""BA"";116;572;""BREJOES"";""Sim"";""Ultrapassagem Indevida"";1;""Colisão lateral"";""Com Vítimas Feridas"";""Pleno dia"";""Decrescente"";""Nublado"";""Simples"";""Não Informado"";""Não"";464755;""Caminhão"";"""";NA;""Condutor"";""Não Informado"";NA;""Não Informado"";0;0;0;0;-13",026093;-39,"96092;""SR-BA"";""DEL10/3"";""UOP02/BA""",
"260376;579417;2020-01-02;""quinta"";""14:00:00"";""BA"";116;572;""BREJOES"";""Sim"";""Ultrapassagem Indevida"";3;""Colisão frontal"";""Com Vítimas Feridas"";""Pleno dia"";""Decrescente"";""Nublado"";""Simples"";""Não Informado"";""Não"";464766;""Automóvel"";""CHEVROLET/CELTA 1.0L LT"";2011;""Condutor"";""Ileso"";48;""Masculino"";1;0;0;0;-13",026093;-39,"96092;""SR-BA"";""DEL10/3"";""UOP02/BA""",
"260376;579434;2020-01-02;""quinta"";""14:00:00"";""BA"";116;572;""BREJOES"";""Sim"";""Ultrapassagem Indevida"";3;""Colisão frontal"";""Com Vítimas Feridas"";""Pleno dia"";""Decrescente"";""Nublado"";""Simples"";""Não Informado"";""Não"";464764;""Automóvel"";""VW/POLO SEDAN 1.6 COMFOR"";2009;""Passageiro"";""Ileso"";10;""Feminino"";1;0;0;0;-13",026093;-39,"96092;""SR-BA"";""DEL10/3"";""UOP02/BA""",
"260376;579433;2020-01-02;""quinta"";""14:00:00"";""BA"";116;572;""BREJOES"";""Sim"";""Ultrapassagem Indevida"";3;""Colisão frontal"";""Com Vítimas Feridas"";""Pleno dia"";""Decrescente"";""Nublado"";""Simples"";""Não Informado"";""Não"";464764;""Automóvel"";""VW/POLO SEDAN 1.6 COMFOR"";2009;""Passageiro"";""Lesões Leves"";28;""Feminino"";0;1;0;0;-13",026093;-39,"96092;""SR-BA"";""DEL10/3"";""UOP02/BA""",
"260376;579416;2020-01-02;""quinta"";""14:00:00"";""BA"";116;572;""BREJOES"";""Sim"";""Ultrapassagem Indevida"";3;""Colisão frontal"";""Com Vítimas Feridas"";""Pleno dia"";""Decrescente"";""Nublado"";""Simples"";""Não Informado"";""Não"";464764;""Automóvel"";""VW/POLO SEDAN 1.6 COMFOR"";2009;""Condutor"";""Ileso"";37;""Masculino"";1;0;0;0;-13",026093;-39,"96092;""SR-BA"";""DEL10/3"";""UOP02/BA""",
"260376;579426;2020-01-02;""quinta"";""14:00:00"";""BA"";116;572;""BREJOES"";""Sim"";""Ultrapassagem Indevida"";3;""Colisão frontal"";""Com Vítimas Feridas"";""Pleno dia"";""Decrescente"";""Nublado"";""Simples"";""Não Informado"";""Não"";464763;""Automóvel"";""GM/CLASSIC LIFE"";2009;""Passageiro"";""Lesões Leves"";11;""Masculino"";0;1;0;0;-13",026093;-39,"96092;""SR-BA"";""DEL10/3"";""UOP02/BA""",
"260376;579425;2020-01-02;""quinta"";""14:00:00"";""BA"";116;572;""BREJOES"";""Sim"";""Ultrapassagem Indevida"";3;""Colisão frontal"";""Com Vítimas Feridas"";""Pleno dia"";""Decrescente"";""Nublado"";""Simples"";""Não Informado"";""Não"";464763;""Automóvel"";""GM/CLASSIC LIFE"";2009;""Passageiro"";""Ileso"";17;""Feminino"";1;0;0;0;-13",026093;-39,"96092;""SR-BA"";""DEL10/3"";""UOP02/BA""",
"260376;579423;2020-01-02;""quinta"";""14:00:00"";""BA"";116;572;""BREJOES"";""Sim"";""Ultrapassagem Indevida"";3;""Colisão frontal"";""Com Vítimas Feridas"";""Pleno dia"";""Decrescente"";""Nublado"";""Simples"";""Não Informado"";""Não"";464763;""Automóvel"";""GM/CLASSIC LIFE"";2009;""Passageiro"";""Ileso"";27;""Feminino"";1;0;0;0;-13",026093;-39,"96092;""SR-BA"";""DEL10/3"";""UOP02/BA""",
"260376;579422;2020-01-02;""quinta"";""14:00:00"";""BA"";116;572;""BREJOES"";""Sim"";""Ultrapassagem Indevida"";3;""Colisão frontal"";""Com Vítimas Feridas"";""Pleno dia"";""Decrescente"";""Nublado"";""Simples"";""Não Informado"";""Não"";464763;""Automóvel"";""GM/CLASSIC LIFE"";2009;""Passageiro"";""Lesões Leves"";51;""Masculino"";0;1;0;0;-13",026093;-39,"96092;""SR-BA"";""DEL10/3"";""UOP02/BA""",
"260376;579420;2020-01-02;""quinta"";""14:00:00"";""BA"";116;572;""BREJOES"";""Sim"";""Ultrapassagem Indevida"";3;""Colisão frontal"";""Com Vítimas Feridas"";""Pleno dia"";""Decrescente"";""Nublado"";""Simples"";""Não Informado"";""Não"";464763;""Automóvel"";""GM/CLASSIC LIFE"";2009;""Condutor"";""Ileso"";28;""Feminino"";1;0;0;0;-13",026093;-39,"96092;""SR-BA"";""DEL10/3"";""UOP02/BA""",
"260376;579431;2020-01-02;""quinta"";""14:00:00"";""BA"";116;572;""BREJOES"";""Sim"";""Ultrapassagem Indevida"";3;""Colisão frontal"";""Com Vítimas Feridas"";""Pleno dia"";""Decrescente"";""Nublado"";""Simples"";""Não Informado"";""Não"";464761;""Automóvel"";""RENAULT/LOGAN EXPR 16 M"";2016;""Passageiro"";""Ileso"";2;""Feminino"";1;0;0;0;-13",026093;-39,"96092;""SR-BA"";""DEL10/3"";""UOP02/BA""",
"260376;579429;2020-01-02;""quinta"";""14:00:00"";""BA"";116;572;""BREJOES"";""Sim"";""Ultrapassagem Indevida"";3;""Colisão frontal"";""Com Vítimas Feridas"";""Pleno dia"";""Decrescente"";""Nublado"";""Simples"";""Não Informado"";""Não"";464761;""Automóvel"";""RENAULT/LOGAN EXPR 16 M"";2016;""Passageiro"";""Ileso"";51;""Feminino"";1;0;0;0;-13",026093;-39,"96092;""SR-BA"";""DEL10/3"";""UOP02/BA""",
"260376;579428;2020-01-02;""quinta"";""14:00:00"";""BA"";116;572;""BREJOES"";""Sim"";""Ultrapassagem Indevida"";3;""Colisão frontal"";""Com Vítimas Feridas"";""Pleno dia"";""Decrescente"";""Nublado"";""Simples"";""Não Informado"";""Não"";464761;""Automóvel"";""RENAULT/LOGAN EXPR 16 M"";2016;""Passageiro"";""Ileso"";23;""Feminino"";1;0;0;0;-13",026093;-39,"96092;""SR-BA"";""DEL10/3"";""UOP02/BA""",
"260376;579427;2020-01-02;""quinta"";""14:00:00"";""BA"";116;572;""BREJOES"";""Sim"";""Ultrapassagem Indevida"";3;""Colisão frontal"";""Com Vítimas Feridas"";""Pleno dia"";""Decrescente"";""Nublado"";""Simples"";""Não Informado"";""Não"";464761;""Automóvel"";""RENAULT/LOGAN EXPR 16 M"";2016;""Passageiro"";""Ileso"";22;""Masculino"";1;0;0;0;-13",026093;-39,"96092;""SR-BA"";""DEL10/3"";""UOP02/BA""",
"260376;579415;2020-01-02;""quinta"";""14:00:00"";""BA"";116;572;""BREJOES"";""Sim"";""Ultrapassagem Indevida"";3;""Colisão frontal"";""Com Vítimas Feridas"";""Pleno dia"";""Decrescente"";""Nublado"";""Simples"";""Não Informado"";""Não"";464761;""Automóvel"";""RENAULT/LOGAN EXPR 16 M"";2016;""Condutor"";""Ileso"";55;""Masculino"";1;0;0;0;-13",026093;-39,"96092;""SR-BA"";""DEL10/3"";""UOP02/BA""",
"260376;579436;2020-01-02;""quinta"";""14:00:00"";""BA"";116;572;""BREJOES"";""Sim"";""Ultrapassagem Indevida"";3;""Colisão frontal"";""Com Vítimas Feridas"";""Pleno dia"";""Decrescente"";""Nublado"";""Simples"";""Não Informado"";""Não"";464755;""Caminhão"";"""";NA;""Condutor"";""Não Informado"";NA;""Não Informado"";0;0;0;0;-13",026093;-39,"96092;""SR-BA"";""DEL10/3"";""UOP02/BA""",
"260376;579417;2020-01-02;""quinta"";""14:00:00"";""BA"";116;572;""BREJOES"";""Sim"";""Ultrapassagem Indevida"";2;""Colisão lateral"";""Com Vítimas Feridas"";""Pleno dia"";""Decrescente"";""Nublado"";""Simples"";""Não Informado"";""Não"";464766;""Automóvel"";""CHEVROLET/CELTA 1.0L LT"";2011;""Condutor"";""Ileso"";48;""Masculino"";1;0;0;0;-13",026093;-39,"96092;""SR-BA"";""DEL10/3"";""UOP02/BA""",
"260376;579434;2020-01-02;""quinta"";""14:00:00"";""BA"";116;572;""BREJOES"";""Sim"";""Ultrapassagem Indevida"";2;""Colisão lateral"";""Com Vítimas Feridas"";""Pleno dia"";""Decrescente"";""Nublado"";""Simples"";""Não Informado"";""Não"";464764;""Automóvel"";""VW/POLO SEDAN 1.6 COMFOR"";2009;""Passageiro"";""Ileso"";10;""Feminino"";1;0;0;0;-13",026093;-39,"96092;""SR-BA"";""DEL10/3"";""UOP02/BA""",
"260376;579433;2020-01-02;""quinta"";""14:00:00"";""BA"";116;572;""BREJOES"";""Sim"";""Ultrapassagem Indevida"";2;""Colisão lateral"";""Com Vítimas Feridas"";""Pleno dia"";""Decrescente"";""Nublado"";""Simples"";""Não Informado"";""Não"";464764;""Automóvel"";""VW/POLO SEDAN 1.6 COMFOR"";2009;""Passageiro"";""Lesões Leves"";28;""Feminino"";0;1;0;0;-13",026093;-39,"96092;""SR-BA"";""DEL10/3"";""UOP02/BA""",
"260376;579416;2020-01-02;""quinta"";""14:00:00"";""BA"";116;572;""BREJOES"";""Sim"";""Ultrapassagem Indevida"";2;""Colisão lateral"";""Com Vítimas Feridas"";""Pleno dia"";""Decrescente"";""Nublado"";""Simples"";""Não Informado"";""Não"";464764;""Automóvel"";""VW/POLO SEDAN 1.6 COMFOR"";2009;""Condutor"";""Ileso"";37;""Masculino"";1;0;0;0;-13",026093;-39,"96092;""SR-BA"";""DEL10/3"";""UOP02/BA""",
"260376;579426;2020-01-02;""quinta"";""14:00:00"";""BA"";116;572;""BREJOES"";""Sim"";""Ultrapassagem Indevida"";2;""Colisão lateral"";""Com Vítimas Feridas"";""Pleno dia"";""Decrescente"";""Nublado"";""Simples"";""Não Informado"";""Não"";464763;""Automóvel"";""GM/CLASSIC LIFE"";2009;""Passageiro"";""Lesões Leves"";11;""Masculino"";0;1;0;0;-13",026093;-39,"96092;""SR-BA"";""DEL10/3"";""UOP02/BA""",
"260376;579425;2020-01-02;""quinta"";""14:00:00"";""BA"";116;572;""BREJOES"";""Sim"";""Ultrapassagem Indevida"";2;""Colisão lateral"";""Com Vítimas Feridas"";""Pleno dia"";""Decrescente"";""Nublado"";""Simples"";""Não Informado"";""Não"";464763;""Automóvel"";""GM/CLASSIC LIFE"";2009;""Passageiro"";""Ileso"";17;""Feminino"";1;0;0;0;-13",026093;-39,"96092;""SR-BA"";""DEL10/3"";""UOP02/BA""",
"260376;579423;2020-01-02;""quinta"";""14:00:00"";""BA"";116;572;""BREJOES"";""Sim"";""Ultrapassagem Indevida"";2;""Colisão lateral"";""Com Vítimas Feridas"";""Pleno dia"";""Decrescente"";""Nublado"";""Simples"";""Não Informado"";""Não"";464763;""Automóvel"";""GM/CLASSIC LIFE"";2009;""Passageiro"";""Ileso"";27;""Feminino"";1;0;0;0;-13",026093;-39,"96092;""SR-BA"";""DEL10/3"";""UOP02/BA""",
"260376;579422;2020-01-02;""quinta"";""14:00:00"";""BA"";116;572;""BREJOES"";""Sim"";""Ultrapassagem Indevida"";2;""Colisão lateral"";""Com Vítimas Feridas"";""Pleno dia"";""Decrescente"";""Nublado"";""Simples"";""Não Informado"";""Não"";464763;""Automóvel"";""GM/CLASSIC LIFE"";2009;""Passageiro"";""Lesões Leves"";51;""Masculino"";0;1;0;0;-13",026093;-39,"96092;""SR-BA"";""DEL10/3"";""UOP02/BA""",
"260376;579420;2020-01-02;""quinta"";""14:00:00"";""BA"";116;572;""BREJOES"";""Sim"";""Ultrapassagem Indevida"";2;""Colisão lateral"";""Com Vítimas Feridas"";""Pleno dia"";""Decrescente"";""Nublado"";""Simples"";""Não Informado"";""Não"";464763;""Automóvel"";""GM/CLASSIC LIFE"";2009;""Condutor"";""Ileso"";28;""Feminino"";1;0;0;0;-13",026093;-39,"96092;""SR-BA"";""DEL10/3"";""UOP02/BA""",
"260376;579431;2020-01-02;""quinta"";""14:00:00"";""BA"";116;572;""BREJOES"";""Sim"";""Ultrapassagem Indevida"";2;""Colisão lateral"";""Com Vítimas Feridas"";""Pleno dia"";""Decrescente"";""Nublado"";""Simples"";""Não Informado"";""Não"";464761;""Automóvel"";""RENAULT/LOGAN EXPR 16 M"";2016;""Passageiro"";""Ileso"";2;""Feminino"";1;0;0;0;-13",026093;-39,"96092;""SR-BA"";""DEL10/3"";""UOP02/BA""",
"260376;579429;2020-01-02;""quinta"";""14:00:00"";""BA"";116;572;""BREJOES"";""Sim"";""Ultrapassagem Indevida"";2;""Colisão lateral"";""Com Vítimas Feridas"";""Pleno dia"";""Decrescente"";""Nublado"";""Simples"";""Não Informado"";""Não"";464761;""Automóvel"";""RENAULT/LOGAN EXPR 16 M"";2016;""Passageiro"";""Ileso"";51;""Feminino"";1;0;0;0;-13",026093;-39,"96092;""SR-BA"";""DEL10/3"";""UOP02/BA""",
"260376;579428;2020-01-02;""quinta"";""14:00:00"";""BA"";116;572;""BREJOES"";""Sim"";""Ultrapassagem Indevida"";2;""Colisão lateral"";""Com Vítimas Feridas"";""Pleno dia"";""Decrescente"";""Nublado"";""Simples"";""Não Informado"";""Não"";464761;""Automóvel"";""RENAULT/LOGAN EXPR 16 M"";2016;""Passageiro"";""Ileso"";23;""Feminino"";1;0;0;0;-13",026093;-39,"96092;""SR-BA"";""DEL10/3"";""UOP02/BA""",
"260376;579427;2020-01-02;""quinta"";""14:00:00"";""BA"";116;572;""BREJOES"";""Sim"";""Ultrapassagem Indevida"";2;""Colisão lateral"";""Com Vítimas Feridas"";""Pleno dia"";""Decrescente"";""Nublado"";""Simples"";""Não Informado"";""Não"";464761;""Automóvel"";""RENAULT/LOGAN EXPR 16 M"";2016;""Passageiro"";""Ileso"";22;""Masculino"";1;0;0;0;-13",026093;-39,"96092;""SR-BA"";""DEL10/3"";""UOP02/BA""",
"260376;579415;2020-01-02;""quinta"";""14:00:00"";""BA"";116;572;""BREJOES"";""Sim"";""Ultrapassagem Indevida"";2;""Colisão lateral"";""Com Vítimas Feridas"";""Pleno dia"";""Decrescente"";""Nublado"";""Simples"";""Não Informado"";""Não"";464761;""Automóvel"";""RENAULT/LOGAN EXPR 16 M"";2016;""Condutor"";""Ileso"";55;""Masculino"";1;0;0;0;-13",026093;-39,"96092;""SR-BA"";""DEL10/3"";""UOP02/BA""",
"260376;579436;2020-01-02;""quinta"";""14:00:00"";""BA"";116;572;""BREJOES"";""Sim"";""Ultrapassagem Indevida"";2;""Colisão lateral"";""Com Vítimas Feridas"";""Pleno dia"";""Decrescente"";""Nublado"";""Simples"";""Não Informado"";""Não"";464755;""Caminhão"";"""";NA;""Condutor"";""Não Informado"";NA;""Não Informado"";0;0;0;0;-13",026093;-39,"96092;""SR-BA"";""DEL10/3"";""UOP02/BA""",
"260377;581567;2020-01-02;""quinta"";""12:10:00"";""MA"";316;610;""TIMON"";""Sim"";""Falta de Atenção à Condução"";1;""Saída de leito carroçável"";""Com Vítimas Feridas"";""Pleno dia"";""Decrescente"";""Sol"";""Simples"";""Reta"";""Não"";464575;""Motocicleta"";"""";NA;""Condutor"";""Lesões Leves"";NA;""Feminino"";0;1;0;0;-5",069847;-42,"876633;""SR-MA"";""DEL18/3"";""UOP02/MA""",
"260378;581881;2020-01-02;""quinta"";""14:45:00"";""PE"";101;82","3;""JABOATAO DOS GUARARAPES"";""Sim"";""Falta de Atenção à Condução"";1;""Colisão lateral"";""Sem Vítimas"";""Pleno dia"";""Crescente"";""Céu Claro"";""Dupla"";""Reta"";""Sim"";464652;""Ônibus"";""SCANIA/MPOLO PARADISO R"";2010;""Condutor"";""Ileso"";41;""Masculino"";1;0;0;0;-8",168383;-34,"9376;""SR-PE"";""DEL11/1"";""UOP03/PE"""
"260379;579241;2020-01-02;""quinta"";""15:30:00"";""SP"";381;54;""ATIBAIA"";""Sim"";""Pista Escorregadia"";1;""Saída de leito carroçável"";""Sem Vítimas"";""Pleno dia"";""Crescente"";""Chuva"";""Dupla"";""Curva"";""Sim"";464597;""Automóvel"";""FORD/FIESTA SEDAN1.6FLEX"";2004;""Condutor"";""Não Informado"";NA;""Não Informado"";0;0;0;0;-23",2449074;-46,"59562343;""SR-SP"";""DEL6/3"";""UOP02/SP""",
"260381;579212;2020-01-02;""quinta"";""15:00:00"";""MG"";40;617","5;""CONGONHAS"";""Sim"";""Falta de Atenção à Condução"";1;""Colisão traseira"";""Sem Vítimas"";""Pleno dia"";""Crescente"";""Chuva"";""Simples"";""Reta"";""Não"";464637;""Automóvel"";""HONDA/FIT LX FLEX"";2011;""Passageiro"";""Ileso"";45;""Feminino"";1;0;0;0;-20",55970999;-43,"81303221;""SR-MG"";""DEL5"";""UOP02/MG"""