"id;""pesid"";""data_inversa"";""dia_semana"";""horario"";""uf"";""br"";""km"";""municipio"";""causa_principal"";""causa_acidente"";""ordem_tipo_acidente"";""tipo_acidente"";""classificacao_acidente"";""fase_dia"";""sentido_via"";""condicao_metereologica"";""tipo_pista"";""tracado_via"";""uso_solo"";""id_veiculo"";""tipo_veiculo"";""marca"";""ano_fabricacao_veiculo"";""tipo_envolvido"";""estado_fisico"";""idade"";""sexo"";""ilesos"";""feridos_leves"";""feridos_graves"";""mortos"";""latitude"";""longitude"";""regional"";""delegacia"";""uop""",,,
"260381;579209;2020-01-02;""quinta"";""15:00:00"";""MG"";40;617","5;""CONGONHAS"";""Sim"";""Falta de Atenção à Condução"";1;""Colisão traseira"";""Sem Vítimas"";""Pleno dia"";""Crescente"";""Chuva"";""Simples"";""Reta"";""Não"";464637;""Automóvel"";""HONDA/FIT LX FLEX"";2011;""Condutor"";""Ileso"";41;""Masculino"";1;0;0;0;-20",55970999;-43,"81303221;""SR-MG"";""DEL5"";""UOP02/MG"""
"260381;579198;2020-01-02;""quinta"";""15:00:00"";""MG"";40;617","5;""CONGONHAS"";""Sim"";""Falta de Atenção à Condução"";1;""Colisão traseira"";""Sem Vítimas"";""Pleno dia"";""Crescente"";""Chuva"";""Simples"";""Reta"";""Não"";464636;""Automóvel"";""VW/NOVO GOL TL MCV"";2016;""Condutor"";""Ileso"";29;""Masculino"";1;0;0;0;-20",55970999;-43,"81303221;""SR-MG"";""DEL5"";""UOP02/MG"""
"260381;579203;2020-01-02;""quinta"";""15:00:00"";""MG"";40;617","5;""CONGONHAS"";""Sim"";""Falta de Atenção à Condução"";1;""Colisão traseira"";""Sem Vítimas"";""Pleno dia"";""Crescente"";""Chuva"";""Simples"";""Reta"";""Não"";464636;""Automóvel"";""VW/NOVO GOL TL MCV"";2016;""Passageiro"";""Ileso"";13;""Masculino"";1;0;0;0;-20",55970999;-43,"81303221;""SR-MG"";""DEL5"";""UOP02/MG"""
"260381;579201;2020-01-02;""quinta"";""15:00:00"";""MG"";40;617","5;""CONGONHAS"";""Sim"";""Falta de Atenção à Condução"";1;""Colisão traseira"";""Sem Vítimas"";""Pleno dia"";""Crescente"";""Chuva"";""Simples"";""Reta"";""Não"";464636;""Automóvel"";""VW/NOVO GOL TL MCV"";2016;""Passageiro"";""Ileso"";28;""Feminino"";1;0;0;0;-20",55970999;-43,"81303221;""SR-MG"";""DEL5"";""UOP02/MG"""
"260381;579194;2020-01-02;""quinta"";""15:00:00"";""MG"";40;617","5;""CONGONHAS"";""Sim"";""Falta de Atenção à Condução"";1;""Colisão traseira"";""Sem Vítimas"";""Pleno dia"";""Crescente"";""Chuva"";""Simples"";""Reta"";""Não"";464635;""Automóvel"";""FIAT/SIENA ATTRACT 1.0"";2017;""Condutor"";""Ileso"";31;""Masculino"";1;0;0;0;-20",55970999;-43,"81303221;""SR-MG"";""DEL5"";""UOP02/MG"""
"260381;579195;2020-01-02;""quinta"";""15:00:00"";""MG"";40;617","5;""CONGONHAS"";""Sim"";""Falta de Atenção à Condução"";1;""Colisão traseira"";""Sem Vítimas"";""Pleno dia"";""Crescente"";""Chuva"";""Simples"";""Reta"";""Não"";464635;""Automóvel"";""FIAT/SIENA ATTRACT 1.0"";2017;""Passageiro"";""Ileso"";23;""Masculino"";1;0;0;0;-20",55970999;-43,"81303221;""SR-MG"";""DEL5"";""UOP02/MG"""
"260381;579212;2020-01-02;""quinta"";""15:00:00"";""MG"";40;617","5;""CONGONHAS"";""Sim"";""Falta de Atenção à Condução"";2;""Colisão traseira"";""Sem Vítimas"";""Pleno dia"";""Crescente"";""Chuva"";""Simples"";""Reta"";""Não"";464637;""Automóvel"";""HONDA/FIT LX FLEX"";2011;""Passageiro"";""Ileso"";45;""Feminino"";1;0;0;0;-20",55970999;-43,"81303221;""SR-MG"";""DEL5"";""UOP02/MG"""
"260381;579209;2020-01-02;""quinta"";""15:00:00"";""MG"";40;617","5;""CONGONHAS"";""Sim"";""Falta de Atenção à Condução"";2;""Colisão traseira"";""Sem Vítimas"";""Pleno dia"";""Crescente"";""Chuva"";""Simples"";""Reta"";""Não"";464637;""Automóvel"";""HONDA/FIT LX FLEX"";2011;""Condutor"";""Ileso"";41;""Masculino"";1;0;0;0;-20",55970999;-43,"81303221;""SR-MG"";""DEL5"";""UOP02/MG"""
"260381;579198;2020-01-02;""quinta"";""15:00:00"";""MG"";40;617","5;""CONGONHAS"";""Sim"";""Falta de Atenção à Condução"";2;""Colisão traseira"";""Sem Vítimas"";""Pleno dia"";""Crescente"";""Chuva"";""Simples"";""Reta"";""Não"";464636;""Automóvel"";""VW/NOVO GOL TL MCV"";2016;""Condutor"";""Ileso"";29;""Masculino"";1;0;0;0;-20",55970999;-43,"81303221;""SR-MG"";""DEL5"";""UOP02/MG"""
"260381;579203;2020-01-02;""quinta"";""15:00:00"";""MG"";40;617","5;""CONGONHAS"";""Sim"";""Falta de Atenção à Condução"";2;""Colisão traseira"";""Sem Vítimas"";""Pleno dia"";""Crescente"";""Chuva"";""Simples"";""Reta"";""Não"";464636;""Automóvel"";""VW/NOVO GOL TL MCV"";2016;""Passageiro"";""Ileso"";13;""Masculino"";1;0;0;0;-20",55970999;-43,"81303221;""SR-MG"";""DEL5"";""UOP02/MG"""
"260381;579201;2020-01-02;""quinta"";""15:00:00"";""MG"";40;617","5;""CONGONHAS"";""Sim"";""Falta de Atenção à Condução"";2;""Colisão traseira"";""Sem Vítimas"";""Pleno dia"";""Crescente"";""Chuva"";""Simples"";""Reta"";""Não"";464636;""Automóvel"";""VW/NOVO GOL TL MCV"";2016;""Passageiro"";""Ileso"";28;""Feminino"";1;0;0;0;-20",55970999;-43,"81303221;""SR-MG"";""DEL5"";""UOP02/MG"""
"260381;579194;2020-01-02;""quinta"";""15:00:00"";""MG"";40;617","5;""CONGONHAS"";""Sim"";""Falta de Atenção à Condução"";2;""Colisão traseira"";""Sem Vítimas"";""Pleno dia"";""Crescente"";""Chuva"";""Simples"";""Reta"";""Não"";464635;""Automóvel"";""FIAT/SIENA ATTRACT 1.0"";2017;""Condutor"";""Ileso"";31;""Masculino"";1;0;0;0;-20",55970999;-43,"81303221;""SR-MG"";""DEL5"";""UOP02/MG"""
"260381;579195;2020-01-02;""quinta"";""15:00:00"";""MG"";40;617","5;""CONGONHAS"";""Sim"";""Falta de Atenção à Condução"";2;""Colisão traseira"";""Sem Vítimas"";""Pleno dia"";""Crescente"";""Chuva"";""Simples"";""Reta"";""Não"";464635;""Automóvel"";""FIAT/SIENA ATTRACT 1.0"";2017;""Passageiro"";""Ileso"";23;""Masculino"";1;0;0;0;-20",55970999;-43,"81303221;""SR-MG"";""DEL5"";""UOP02/MG"""
"260382;579145;2020-01-02;""quinta"";""13:30:00"";""RJ"";101;206;""CASIMIRO DE ABREU"";""Sim"";""Desobediência às normas de trânsito pelo condutor"";1;""Colisão transversal"";""Com Vítimas Feridas"";""Pleno dia"";""Crescente"";""Nublado"";""Simples"";""Reta"";""Sim"";464589;""Automóvel"";""I/PEUGEOT 206 SOLEIL"";2000;""Condutor"";""Lesões Leves"";53;""Masculino"";0;1;0;0;-22",47673341;-42,"2017251;""SR-RJ"";""DEL5/2"";""UOP03/RJ""",
"260382;579144;2020-01-02;""quinta"";""13:30:00"";""RJ"";101;206;""CASIMIRO DE ABREU"";""Sim"";""Desobediência às normas de trânsito pelo condutor"";1;""Colisão transversal"";""Com Vítimas Feridas"";""Pleno dia"";""Crescente"";""Nublado"";""Simples"";""Reta"";""Sim"";464588;""Automóvel"";""FIAT/UNO MILLE WAY ECON"";2012;""Condutor"";""Lesões Leves"";43;""Masculino"";0;1;0;0;-22",47673341;-42,"2017251;""SR-RJ"";""DEL5/2"";""UOP03/RJ""",
"260383;579153;2020-01-02;""quinta"";""12:30:00"";""MG"";153;94","4;""PRATA"";""Sim"";""Velocidade Incompatível"";2;""Capotamento"";""Com Vítimas Feridas"";""Pleno dia"";""Decrescente"";""Chuva"";""Simples"";""Curva"";""Não"";464602;""Automóvel"";""HYUNDAI/CRETA 20A PRESTI"";2018;""Passageiro"";""Lesões Leves"";33;""Feminino"";0;1;0;0;-19",17736794;-48,"95075187;""SR-MG"";""DEL4/15"";""UOP03/MG"""
"260383;579150;2020-01-02;""quinta"";""12:30:00"";""MG"";153;94","4;""PRATA"";""Sim"";""Velocidade Incompatível"";2;""Capotamento"";""Com Vítimas Feridas"";""Pleno dia"";""Decrescente"";""Chuva"";""Simples"";""Curva"";""Não"";464602;""Automóvel"";""HYUNDAI/CRETA 20A PRESTI"";2018;""Condutor"";""Lesões Leves"";36;""Masculino"";0;1;0;0;-19",17736794;-48,"95075187;""SR-MG"";""DEL4/15"";""UOP03/MG"""
"260383;579153;2020-01-02;""quinta"";""12:30:00"";""MG"";153;94","4;""PRATA"";""Sim"";""Velocidade Incompatível"";1;""Saída de leito carroçável"";""Com Vítimas Feridas"";""Pleno dia"";""Decrescente"";""Chuva"";""Simples"";""Curva"";""Não"";464602;""Automóvel"";""HYUNDAI/CRETA 20A PRESTI"";2018;""Passageiro"";""Lesões Leves"";33;""Feminino"";0;1;0;0;-19",17736794;-48,"95075187;""SR-MG"";""DEL4/15"";""UOP03/MG"""
"260383;579150;2020-01-02;""quinta"";""12:30:00"";""MG"";153;94","4;""PRATA"";""Sim"";""Velocidade Incompatível"";1;""Saída de leito carroçável"";""Com Vítimas Feridas"";""Pleno dia"";""Decrescente"";""Chuva"";""Simples"";""Curva"";""Não"";464602;""Automóvel"";""HYUNDAI/CRETA 20A PRESTI"";2018;""Condutor"";""Lesões Leves"";36;""Masculino"";0;1;0;0;-19",17736794;-48,"95075187;""SR-MG"";""DEL4/15"";""UOP03/MG"""
"260384;579234;2020-01-02;""quinta"";""14:45:00"";""PI"";343;304","3;""ALTOS"";""Sim"";""Não guardar distância de segurança"";1;""Engavetamento"";""Com Vítimas Feridas"";""Pleno dia"";""Crescente"";""Céu Claro"";""Simples"";""Reta"";""Não"";464642;""Automóvel"";""FIAT/ARGO DRIVE 1.3"";2018;""Passageiro"";""Ileso"";19;""Feminino"";1;0;0;0;-5",028232;-42,"437134;""SR-PI"";""DEL17/1"";""UOP03/PI"""
"260384;579233;2020-01-02;""quinta"";""14:45:00"";""PI"";343;304","3;""ALTOS"";""Sim"";""Não guardar distância de segurança"";1;""Engavetamento"";""Com Vítimas Feridas"";""Pleno dia"";""Crescente"";""Céu Claro"";""Simples"";""Reta"";""Não"";464642;""Automóvel"";""FIAT/ARGO DRIVE 1.3"";2018;""Passageiro"";""Ileso"";62;""Feminino"";1;0;0;0;-5",028232;-42,"437134;""SR-PI"";""DEL17/1"";""UOP03/PI"""
"260384;579232;2020-01-02;""quinta"";""14:45:00"";""PI"";343;304","3;""ALTOS"";""Sim"";""Não guardar distância de segurança"";1;""Engavetamento"";""Com Vítimas Feridas"";""Pleno dia"";""Crescente"";""Céu Claro"";""Simples"";""Reta"";""Não"";464642;""Automóvel"";""FIAT/ARGO DRIVE 1.3"";2018;""Passageiro"";""Ileso"";19;""Feminino"";1;0;0;0;-5",028232;-42,"437134;""SR-PI"";""DEL17/1"";""UOP03/PI"""
"260384;579230;2020-01-02;""quinta"";""14:45:00"";""PI"";343;304","3;""ALTOS"";""Sim"";""Não guardar distância de segurança"";1;""Engavetamento"";""Com Vítimas Feridas"";""Pleno dia"";""Crescente"";""Céu Claro"";""Simples"";""Reta"";""Não"";464642;""Automóvel"";""FIAT/ARGO DRIVE 1.3"";2018;""Condutor"";""Lesões Leves"";20;""Masculino"";0;1;0;0;-5",028232;-42,"437134;""SR-PI"";""DEL17/1"";""UOP03/PI"""
"260384;579226;2020-01-02;""quinta"";""14:45:00"";""PI"";343;304","3;""ALTOS"";""Sim"";""Não guardar distância de segurança"";1;""Engavetamento"";""Com Vítimas Feridas"";""Pleno dia"";""Crescente"";""Céu Claro"";""Simples"";""Reta"";""Não"";464641;""Automóvel"";""I/VW JETTA 2.0"";2012;""Passageiro"";""Ileso"";27;""Feminino"";1;0;0;0;-5",028232;-42,"437134;""SR-PI"";""DEL17/1"";""UOP03/PI"""
"260384;579225;2020-01-02;""quinta"";""14:45:00"";""PI"";343;304","3;""ALTOS"";""Sim"";""Não guardar distância de segurança"";1;""Engavetamento"";""Com Vítimas Feridas"";""Pleno dia"";""Crescente"";""Céu Claro"";""Simples"";""Reta"";""Não"";464641;""Automóvel"";""I/VW JETTA 2.0"";2012;""Passageiro"";""Ileso"";19;""Feminino"";1;0;0;0;-5",028232;-42,"437134;""SR-PI"";""DEL17/1"";""UOP03/PI"""
"260384;579223;2020-01-02;""quinta"";""14:45:00"";""PI"";343;304","3;""ALTOS"";""Sim"";""Não guardar distância de segurança"";1;""Engavetamento"";""Com Vítimas Feridas"";""Pleno dia"";""Crescente"";""Céu Claro"";""Simples"";""Reta"";""Não"";464641;""Automóvel"";""I/VW JETTA 2.0"";2012;""Passageiro"";""Ileso"";25;""Masculino"";1;0;0;0;-5",028232;-42,"437134;""SR-PI"";""DEL17/1"";""UOP03/PI"""
"260384;579222;2020-01-02;""quinta"";""14:45:00"";""PI"";343;304","3;""ALTOS"";""Sim"";""Não guardar distância de segurança"";1;""Engavetamento"";""Com Vítimas Feridas"";""Pleno dia"";""Crescente"";""Céu Claro"";""Simples"";""Reta"";""Não"";464641;""Automóvel"";""I/VW JETTA 2.0"";2012;""Condutor"";""Ileso"";25;""Masculino"";1;0;0;0;-5",028232;-42,"437134;""SR-PI"";""DEL17/1"";""UOP03/PI"""
"260384;579221;2020-01-02;""quinta"";""14:45:00"";""PI"";343;304","3;""ALTOS"";""Sim"";""Não guardar distância de segurança"";1;""Engavetamento"";""Com Vítimas Feridas"";""Pleno dia"";""Crescente"";""Céu Claro"";""Simples"";""Reta"";""Não"";464640;""Automóvel"";""RENAULT/SANDERO AUTH 10"";2015;""Passageiro"";""Ileso"";48;""Feminino"";1;0;0;0;-5",028232;-42,"437134;""SR-PI"";""DEL17/1"";""UOP03/PI"""
"260384;579217;2020-01-02;""quinta"";""14:45:00"";""PI"";343;304","3;""ALTOS"";""Sim"";""Não guardar distância de segurança"";1;""Engavetamento"";""Com Vítimas Feridas"";""Pleno dia"";""Crescente"";""Céu Claro"";""Simples"";""Reta"";""Não"";464640;""Automóvel"";""RENAULT/SANDERO AUTH 10"";2015;""Condutor"";""Lesões Leves"";60;""Masculino"";0;1;0;0;-5",028232;-42,"437134;""SR-PI"";""DEL17/1"";""UOP03/PI"""
"260385;579159;2020-01-02;""quinta"";""15:55:00"";""PR"";277;204;""PALMEIRA"";""Sim"";""Falta de Atenção à Condução"";1;""Saída de leito carroçável"";""Com Vítimas Feridas"";""Pleno dia"";""Crescente"";""Céu Claro"";""Simples"";""Curva"";""Não"";464604;""Automóvel"";""I/FORD FOCUS 2L HC FLEX"";2012;""Passageiro"";""Ileso"";34;""Masculino"";1;0;0;0;-25",46541671;-50,"24006397;""SR-PR"";""DEL7/3"";""UOP04/PR""",
"260385;579158;2020-01-02;""quinta"";""15:55:00"";""PR"";277;204;""PALMEIRA"";""Sim"";""Falta de Atenção à Condução"";1;""Saída de leito carroçável"";""Com Vítimas Feridas"";""Pleno dia"";""Crescente"";""Céu Claro"";""Simples"";""Curva"";""Não"";464604;""Automóvel"";""I/FORD FOCUS 2L HC FLEX"";2012;""Passageiro"";""Lesões Leves"";26;""Feminino"";0;1;0;0;-25",46541671;-50,"24006397;""SR-PR"";""DEL7/3"";""UOP04/PR""",
"260385;579155;2020-01-02;""quinta"";""15:55:00"";""PR"";277;204;""PALMEIRA"";""Sim"";""Falta de Atenção à Condução"";1;""Saída de leito carroçável"";""Com Vítimas Feridas"";""Pleno dia"";""Crescente"";""Céu Claro"";""Simples"";""Curva"";""Não"";464604;""Automóvel"";""I/FORD FOCUS 2L HC FLEX"";2012;""Condutor"";""Lesões Leves"";28;""Masculino"";0;1;0;0;-25",46541671;-50,"24006397;""SR-PR"";""DEL7/3"";""UOP04/PR""",
"260387;579238;2020-01-02;""quinta"";""15:00:00"";""PB"";230;113","5;""INGA"";""Sim"";""Falta de Atenção à Condução"";2;""Colisão com objeto estático"";""Com Vítimas Feridas"";""Pleno dia"";""Decrescente"";""Nublado"";""Dupla"";""Reta"";""Não"";464631;""Automóvel"";""FORD/KA FLEX"";2010;""Passageiro"";""Lesões Leves"";NA;""Feminino"";0;1;0;0;-7",22459267;-35,"59785085;""SR-PB"";""DEL14/1"";""UOP02/PB"""
"260387;579215;2020-01-02;""quinta"";""15:00:00"";""PB"";230;113","5;""INGA"";""Sim"";""Falta de Atenção à Condução"";2;""Colisão com objeto estático"";""Com Vítimas Feridas"";""Pleno dia"";""Decrescente"";""Nublado"";""Dupla"";""Reta"";""Não"";464631;""Automóvel"";""FORD/KA FLEX"";2010;""Passageiro"";""Lesões Leves"";NA;""Feminino"";0;1;0;0;-7",22459267;-35,"59785085;""SR-PB"";""DEL14/1"";""UOP02/PB"""
"260387;579214;2020-01-02;""quinta"";""15:00:00"";""PB"";230;113","5;""INGA"";""Sim"";""Falta de Atenção à Condução"";2;""Colisão com objeto estático"";""Com Vítimas Feridas"";""Pleno dia"";""Decrescente"";""Nublado"";""Dupla"";""Reta"";""Não"";464631;""Automóvel"";""FORD/KA FLEX"";2010;""Condutor"";""Lesões Leves"";49;""Feminino"";0;1;0;0;-7",22459267;-35,"59785085;""SR-PB"";""DEL14/1"";""UOP02/PB"""
"260387;579238;2020-01-02;""quinta"";""15:00:00"";""PB"";230;113","5;""INGA"";""Sim"";""Falta de Atenção à Condução"";1;""Saída de leito carroçável"";""Com Vítimas Feridas"";""Pleno dia"";""Decrescente"";""Nublado"";""Dupla"";""Reta"";""Não"";464631;""Automóvel"";""FORD/KA FLEX"";2010;""Passageiro"";""Lesões Leves"";NA;""Feminino"";0;1;0;0;-7",22459267;-35,"59785085;""SR-PB"";""DEL14/1"";""UOP02/PB"""
"260387;579215;2020-01-02;""quinta"";""15:00:00"";""PB"";230;113","5;""INGA"";""Sim"";""Falta de Atenção à Condução"";1;""Saída de leito carroçável"";""Com Vítimas Feridas"";""Pleno dia"";""Decrescente"";""Nublado"";""Dupla"";""Reta"";""Não"";464631;""Automóvel"";""FORD/KA FLEX"";2010;""Passageiro"";""Lesões Leves"";NA;""Feminino"";0;1;0;0;-7",22459267;-35,"59785085;""SR-PB"";""DEL14/1"";""UOP02/PB"""
"260387;579214;2020-01-02;""quinta"";""15:00:00"";""PB"";230;113","5;""INGA"";""Sim"";""Falta de Atenção à Condução"";1;""Saída de leito carroçável"";""Com Vítimas Feridas"";""Pleno dia"";""Decrescente"";""Nublado"";""Dupla"";""Reta"";""Não"";464631;""Automóvel"";""FORD/KA FLEX"";2010;""Condutor"";""Lesões Leves"";49;""Feminino"";0;1;0;0;-7",22459267;-35,"59785085;""SR-PB"";""DEL14/1"";""UOP02/PB"""
"260387;579238;2020-01-02;""quinta"";""15:00:00"";""PB"";230;113","5;""INGA"";""Sim"";""Falta de Atenção à Condução"";3;""Capotamento"";""Com Vítimas Feridas"";""Pleno dia"";""Decrescente"";""Nublado"";""Dupla"";""Reta"";""Não"";464631;""Automóvel"";""FORD/KA FLEX"";2010;""Passageiro"";""Lesões Leves"";NA;""Feminino"";0;1;0;0;-7",22459267;-35,"59785085;""SR-PB"";""DEL14/1"";""UOP02/PB"""
"260387;579215;2020-01-02;""quinta"";""15:00:00"";""PB"";230;113","5;""INGA"";""Sim"";""Falta de Atenção à Condução"";3;""Capotamento"";""Com Vítimas Feridas"";""Pleno dia"";""Decrescente"";""Nublado"";""Dupla"";""Reta"";""Não"";464631;""Automóvel"";""FORD/KA FLEX"";2010;""Passageiro"";""Lesões Leves"";NA;""Feminino"";0;1;0;0;-7",22459267;-35,"59785085;""SR-PB"";""DEL14/1"";""UOP02/PB"""
"260387;579214;2020-01-02;""quinta"";""15:00:00"";""PB"";230;113","5;""INGA"";""Sim"";""Falta de Atenção à Condução"";3;""Capotamento"";""Com Vítimas Feridas"";""Pleno dia"";""Decrescente"";""Nublado"";""Dupla"";""Reta"";""Não"";464631;""Automóvel"";""FORD/KA FLEX"";2010;""Condutor"";""Lesões Leves"";49;""Feminino"";0;1;0;0;-7",22459267;-35,"59785085;""SR-PB"";""DEL14/1"";""UOP02/PB"""
"260388;579337;2020-01-02;""quinta"";""11:50:00"";""MG"";381;799","5;""SAO GONCALO DO SAPUCAI"";""Sim"";""Velocidade Incompatível"";1;""Saída de leito carroçável"";""Com Vítimas Feridas"";""Pleno dia"";""Crescente"";""Chuva"";""Dupla"";""Curva"";""Não"";464596;""Automóvel"";""CITROEN/C3 90M TENDANCE"";2013;""Condutor"";""Lesões Leves"";29;""Masculino"";0;1;0;0;-21",97237106;-45,"63123585;""SR-MG"";""DEL09"";""UOP02/MG"""
"260389;589118;2020-01-02;""quinta"";""15:30:00"";""BA"";116;438","9;""FEIRA DE SANTANA"";""Sim"";""Velocidade Incompatível"";1;""Engavetamento"";""Com Vítimas Feridas"";""Pleno dia"";""Crescente"";""Chuva"";""Dupla"";""Reta"";""Não"";464801;""Caminhão-trator"";""VOLVO/NL12 360 4X2T EDC"";1998;""Condutor"";""Ileso"";41;""Masculino"";1;0;0;0;-12",31624811;-39,"04401672;""SR-BA"";""DEL10/2"";""UOP01/BA"""
"260389;589205;2020-01-02;""quinta"";""15:30:00"";""BA"";116;438","9;""FEIRA DE SANTANA"";""Sim"";""Velocidade Incompatível"";1;""Engavetamento"";""Com Vítimas Feridas"";""Pleno dia"";""Crescente"";""Chuva"";""Dupla"";""Reta"";""Não"";464809;""Automóvel"";""I/FORD FUSION"";2008;""Condutor"";""Ileso"";30;""Masculino"";1;0;0;0;-12",31624811;-39,"04401672;""SR-BA"";""DEL10/2"";""UOP01/BA"""
"260389;589203;2020-01-02;""quinta"";""15:30:00"";""BA"";116;438","9;""FEIRA DE SANTANA"";""Sim"";""Velocidade Incompatível"";1;""Engavetamento"";""Com Vítimas Feridas"";""Pleno dia"";""Crescente"";""Chuva"";""Dupla"";""Reta"";""Não"";464808;""Micro-ônibus"";""CITROEN/JUMP GREENCAR ES"";2012;""Passageiro"";""Lesões Leves"";47;""Feminino"";0;1;0;0;-12",31624811;-39,"04401672;""SR-BA"";""DEL10/2"";""UOP01/BA"""
"260389;589201;2020-01-02;""quinta"";""15:30:00"";""BA"";116;438","9;""FEIRA DE SANTANA"";""Sim"";""Velocidade Incompatível"";1;""Engavetamento"";""Com Vítimas Feridas"";""Pleno dia"";""Crescente"";""Chuva"";""Dupla"";""Reta"";""Não"";464808;""Micro-ônibus"";""CITROEN/JUMP GREENCAR ES"";2012;""Passageiro"";""Lesões Leves"";51;""Feminino"";0;1;0;0;-12",31624811;-39,"04401672;""SR-BA"";""DEL10/2"";""UOP01/BA"""
"260389;589197;2020-01-02;""quinta"";""15:30:00"";""BA"";116;438","9;""FEIRA DE SANTANA"";""Sim"";""Velocidade Incompatível"";1;""Engavetamento"";""Com Vítimas Feridas"";""Pleno dia"";""Crescente"";""Chuva"";""Dupla"";""Reta"";""Não"";464808;""Micro-ônibus"";""CITROEN/JUMP GREENCAR ES"";2012;""Condutor"";""Ileso"";26;""Masculino"";1;0;0;0;-12",31624811;-39,"04401672;""SR-BA"";""DEL10/2"";""UOP01/BA"""
"260389;589188;2020-01-02;""quinta"";""15:30:00"";""BA"";116;438","9;""FEIRA DE SANTANA"";""Sim"";""Velocidade Incompatível"";1;""Engavetamento"";""Com Vítimas Feridas"";""Pleno dia"";""Crescente"";""Chuva"";""Dupla"";""Reta"";""Não"";464807;""Automóvel"";""VW/GOL 1.6 POWER"";2009;""Passageiro"";""Lesões Leves"";30;""Feminino"";0;1;0;0;-12",31624811;-39,"04401672;""SR-BA"";""DEL10/2"";""UOP01/BA"""
"260389;589185;2020-01-02;""quinta"";""15:30:00"";""BA"";116;438","9;""FEIRA DE SANTANA"";""Sim"";""Velocidade Incompatível"";1;""Engavetamento"";""Com Vítimas Feridas"";""Pleno dia"";""Crescente"";""Chuva"";""Dupla"";""Reta"";""Não"";464807;""Automóvel"";""VW/GOL 1.6 POWER"";2009;""Condutor"";""Ileso"";35;""Masculino"";1;0;0;0;-12",31624811;-39,"04401672;""SR-BA"";""DEL10/2"";""UOP01/BA"""
"260389;589180;2020-01-02;""quinta"";""15:30:00"";""BA"";116;438","9;""FEIRA DE SANTANA"";""Sim"";""Velocidade Incompatível"";1;""Engavetamento"";""Com Vítimas Feridas"";""Pleno dia"";""Crescente"";""Chuva"";""Dupla"";""Reta"";""Não"";464806;""Camioneta"";""I/BMW X1 SDRIVE1.8I VL31"";2010;""Condutor"";""Ileso"";33;""Masculino"";1;0;0;0;-12",31624811;-39,"04401672;""SR-BA"";""DEL10/2"";""UOP01/BA"""
"260389;589170;2020-01-02;""quinta"";""15:30:00"";""BA"";116;438","9;""FEIRA DE SANTANA"";""Sim"";""Velocidade Incompatível"";1;""Engavetamento"";""Com Vítimas Feridas"";""Pleno dia"";""Crescente"";""Chuva"";""Dupla"";""Reta"";""Não"";464805;""Automóvel"";""VW/NOVO GOL TL MCV"";2016;""Condutor"";""Ileso"";26;""Masculino"";1;0;0;0;-12",31624811;-39,"04401672;""SR-BA"";""DEL10/2"";""UOP01/BA"""
"260389;589162;2020-01-02;""quinta"";""15:30:00"";""BA"";116;438","9;""FEIRA DE SANTANA"";""Sim"";""Velocidade Incompatível"";1;""Engavetamento"";""Com Vítimas Feridas"";""Pleno dia"";""Crescente"";""Chuva"";""Dupla"";""Reta"";""Não"";464804;""Automóvel"";""CHEVROLET/ONIX 10MT JOYE"";2019;""Condutor"";""Lesões Leves"";39;""Masculino"";0;1;0;0;-12",31624811;-39,"04401672;""SR-BA"";""DEL10/2"";""UOP01/BA"""
"260389;589159;2020-01-02;""quinta"";""15:30:00"";""BA"";116;438","9;""FEIRA DE SANTANA"";""Sim"";""Velocidade Incompatível"";1;""Engavetamento"";""Com Vítimas Feridas"";""Pleno dia"";""Crescente"";""Chuva"";""Dupla"";""Reta"";""Não"";464803;""Camioneta"";""FORD/ECOSPORT XLS1.6FLEX"";2005;""Condutor"";""Ileso"";44;""Masculino"";1;0;0;0;-12",31624811;-39,"04401672;""SR-BA"";""DEL10/2"";""UOP01/BA"""
"260389;589146;2020-01-02;""quinta"";""15:30:00"";""BA"";116;438","9;""FEIRA DE SANTANA"";""Sim"";""Velocidade Incompatível"";1;""Engavetamento"";""Com Vítimas Feridas"";""Pleno dia"";""Crescente"";""Chuva"";""Dupla"";""Reta"";""Não"";464802;""Camioneta"";""RENAULT/DUSTER 16 D 4X2"";2014;""Condutor"";""Ileso"";43;""Feminino"";1;0;0;0;-12",31624811;-39,"04401672;""SR-BA"";""DEL10/2"";""UOP01/BA"""
"260389;NA;2020-01-02;""quinta"";""15:30:00"";""BA"";116;438","9;""FEIRA DE SANTANA"";""Sim"";""Velocidade Incompatível"";1;""Engavetamento"";""Com Vítimas Feridas"";""Pleno dia"";""Crescente"";""Chuva"";""Dupla"";""Reta"";""Não"";464820;""Semireboque"";""SR/NOMA SR3E27 CG"";1998;""Não Informado"";""Não Informado"";NA;""Não Informado"";0;0;0;0;-12",31624811;-39,"04401672;""SR-BA"";""DEL10/2"";""UOP01/BA"""
"260389;589118;2020-01-02;""quinta"";""15:30:00"";""BA"";116;438","9;""FEIRA DE SANTANA"";""Não"";""Falta de Atenção à Condução"";1;""Engavetamento"";""Com Vítimas Feridas"";""Pleno dia"";""Crescente"";""Chuva"";""Dupla"";""Reta"";""Não"";464801;""Caminhão-trator"";""VOLVO/NL12 360 4X2T EDC"";1998;""Condutor"";""Ileso"";41;""Masculino"";1;0;0;0;-12",31624811;-39,"04401672;""SR-BA"";""DEL10/2"";""UOP01/BA"""