"id;""pesid"";""data_inversa"";""dia_semana"";""horario"";""uf"";""br"";""km"";""municipio"";""causa_principal"";""causa_acidente"";""ordem_tipo_acidente"";""tipo_acidente"";""classificacao_acidente"";""fase_dia"";""sentido_via"";""condicao_metereologica"";""tipo_pista"";""tracado_via"";""uso_solo"";""id_veiculo"";""tipo_veiculo"";""marca"";""ano_fabricacao_veiculo"";""tipo_envolvido"";""estado_fisico"";""idade"";""sexo"";""ilesos"";""feridos_leves"";""feridos_graves"";""mortos"";""latitude"";""longitude"";""regional"";""delegacia"";""uop""",,,
"260421;579474;2020-01-02;""quinta"";""19:00:00"";""MG"";381;484","9;""BETIM"";""Sim"";""Defeito na Via"";1;""Colisão com objeto estático"";""Com Vítimas Feridas"";""Plena Noite"";""Crescente"";""Chuva"";""Múltipla"";""Reta"";""Sim"";464711;""Ônibus"";""M.BENZ/MASCA GRANVIA L O"";2006;""Passageiro"";""Lesões Leves"";55;""Masculino"";0;1;0;0;-19",95624622;-44,"09843445;""SR-MG"";""DEL4/1"";""UOP03/MG"""
"260421;579473;2020-01-02;""quinta"";""19:00:00"";""MG"";381;484","9;""BETIM"";""Sim"";""Defeito na Via"";1;""Colisão com objeto estático"";""Com Vítimas Feridas"";""Plena Noite"";""Crescente"";""Chuva"";""Múltipla"";""Reta"";""Sim"";464711;""Ônibus"";""M.BENZ/MASCA GRANVIA L O"";2006;""Passageiro"";""Lesões Leves"";37;""Feminino"";0;1;0;0;-19",95624622;-44,"09843445;""SR-MG"";""DEL4/1"";""UOP03/MG"""
"260421;579472;2020-01-02;""quinta"";""19:00:00"";""MG"";381;484","9;""BETIM"";""Sim"";""Defeito na Via"";1;""Colisão com objeto estático"";""Com Vítimas Feridas"";""Plena Noite"";""Crescente"";""Chuva"";""Múltipla"";""Reta"";""Sim"";464711;""Ônibus"";""M.BENZ/MASCA GRANVIA L O"";2006;""Passageiro"";""Lesões Leves"";37;""Feminino"";0;1;0;0;-19",95624622;-44,"09843445;""SR-MG"";""DEL4/1"";""UOP03/MG"""
"260421;579471;2020-01-02;""quinta"";""19:00:00"";""MG"";381;484","9;""BETIM"";""Sim"";""Defeito na Via"";1;""Colisão com objeto estático"";""Com Vítimas Feridas"";""Plena Noite"";""Crescente"";""Chuva"";""Múltipla"";""Reta"";""Sim"";464711;""Ônibus"";""M.BENZ/MASCA GRANVIA L O"";2006;""Passageiro"";""Lesões Leves"";35;""Feminino"";0;1;0;0;-19",95624622;-44,"09843445;""SR-MG"";""DEL4/1"";""UOP03/MG"""
"260421;579470;2020-01-02;""quinta"";""19:00:00"";""MG"";381;484","9;""BETIM"";""Sim"";""Defeito na Via"";1;""Colisão com objeto estático"";""Com Vítimas Feridas"";""Plena Noite"";""Crescente"";""Chuva"";""Múltipla"";""Reta"";""Sim"";464711;""Ônibus"";""M.BENZ/MASCA GRANVIA L O"";2006;""Passageiro"";""Lesões Leves"";63;""Feminino"";0;1;0;0;-19",95624622;-44,"09843445;""SR-MG"";""DEL4/1"";""UOP03/MG"""
"260421;579469;2020-01-02;""quinta"";""19:00:00"";""MG"";381;484","9;""BETIM"";""Sim"";""Defeito na Via"";1;""Colisão com objeto estático"";""Com Vítimas Feridas"";""Plena Noite"";""Crescente"";""Chuva"";""Múltipla"";""Reta"";""Sim"";464711;""Ônibus"";""M.BENZ/MASCA GRANVIA L O"";2006;""Passageiro"";""Lesões Leves"";22;""Masculino"";0;1;0;0;-19",95624622;-44,"09843445;""SR-MG"";""DEL4/1"";""UOP03/MG"""
"260421;579467;2020-01-02;""quinta"";""19:00:00"";""MG"";381;484","9;""BETIM"";""Sim"";""Defeito na Via"";1;""Colisão com objeto estático"";""Com Vítimas Feridas"";""Plena Noite"";""Crescente"";""Chuva"";""Múltipla"";""Reta"";""Sim"";464711;""Ônibus"";""M.BENZ/MASCA GRANVIA L O"";2006;""Passageiro"";""Lesões Leves"";32;""Feminino"";0;1;0;0;-19",95624622;-44,"09843445;""SR-MG"";""DEL4/1"";""UOP03/MG"""
"260421;579465;2020-01-02;""quinta"";""19:00:00"";""MG"";381;484","9;""BETIM"";""Sim"";""Defeito na Via"";1;""Colisão com objeto estático"";""Com Vítimas Feridas"";""Plena Noite"";""Crescente"";""Chuva"";""Múltipla"";""Reta"";""Sim"";464711;""Ônibus"";""M.BENZ/MASCA GRANVIA L O"";2006;""Passageiro"";""Lesões Leves"";25;""Feminino"";0;1;0;0;-19",95624622;-44,"09843445;""SR-MG"";""DEL4/1"";""UOP03/MG"""
"260421;579464;2020-01-02;""quinta"";""19:00:00"";""MG"";381;484","9;""BETIM"";""Sim"";""Defeito na Via"";1;""Colisão com objeto estático"";""Com Vítimas Feridas"";""Plena Noite"";""Crescente"";""Chuva"";""Múltipla"";""Reta"";""Sim"";464711;""Ônibus"";""M.BENZ/MASCA GRANVIA L O"";2006;""Passageiro"";""Lesões Leves"";36;""Feminino"";0;1;0;0;-19",95624622;-44,"09843445;""SR-MG"";""DEL4/1"";""UOP03/MG"""
"260421;579454;2020-01-02;""quinta"";""19:00:00"";""MG"";381;484","9;""BETIM"";""Sim"";""Defeito na Via"";1;""Colisão com objeto estático"";""Com Vítimas Feridas"";""Plena Noite"";""Crescente"";""Chuva"";""Múltipla"";""Reta"";""Sim"";464711;""Ônibus"";""M.BENZ/MASCA GRANVIA L O"";2006;""Passageiro"";""Lesões Leves"";43;""Feminino"";0;1;0;0;-19",95624622;-44,"09843445;""SR-MG"";""DEL4/1"";""UOP03/MG"""
"260421;579448;2020-01-02;""quinta"";""19:00:00"";""MG"";381;484","9;""BETIM"";""Sim"";""Defeito na Via"";1;""Colisão com objeto estático"";""Com Vítimas Feridas"";""Plena Noite"";""Crescente"";""Chuva"";""Múltipla"";""Reta"";""Sim"";464711;""Ônibus"";""M.BENZ/MASCA GRANVIA L O"";2006;""Condutor"";""Ileso"";32;""Masculino"";1;0;0;0;-19",95624622;-44,"09843445;""SR-MG"";""DEL4/1"";""UOP03/MG"""
"260421;579340;2020-01-02;""quinta"";""19:00:00"";""MG"";381;484","9;""BETIM"";""Sim"";""Defeito na Via"";1;""Colisão com objeto estático"";""Com Vítimas Feridas"";""Plena Noite"";""Crescente"";""Chuva"";""Múltipla"";""Reta"";""Sim"";464711;""Ônibus"";""M.BENZ/MASCA GRANVIA L O"";2006;""Passageiro"";""Lesões Graves"";45;""Feminino"";0;0;1;0;-19",95624622;-44,"09843445;""SR-MG"";""DEL4/1"";""UOP03/MG"""
"260421;579504;2020-01-02;""quinta"";""19:00:00"";""MG"";381;484","9;""BETIM"";""Sim"";""Defeito na Via"";2;""Tombamento"";""Com Vítimas Feridas"";""Plena Noite"";""Crescente"";""Chuva"";""Múltipla"";""Reta"";""Sim"";464711;""Ônibus"";""M.BENZ/MASCA GRANVIA L O"";2006;""Passageiro"";""Lesões Leves"";73;""Feminino"";0;1;0;0;-19",95624622;-44,"09843445;""SR-MG"";""DEL4/1"";""UOP03/MG"""
"260421;579503;2020-01-02;""quinta"";""19:00:00"";""MG"";381;484","9;""BETIM"";""Sim"";""Defeito na Via"";2;""Tombamento"";""Com Vítimas Feridas"";""Plena Noite"";""Crescente"";""Chuva"";""Múltipla"";""Reta"";""Sim"";464711;""Ônibus"";""M.BENZ/MASCA GRANVIA L O"";2006;""Passageiro"";""Lesões Leves"";43;""Feminino"";0;1;0;0;-19",95624622;-44,"09843445;""SR-MG"";""DEL4/1"";""UOP03/MG"""
"260421;579501;2020-01-02;""quinta"";""19:00:00"";""MG"";381;484","9;""BETIM"";""Sim"";""Defeito na Via"";2;""Tombamento"";""Com Vítimas Feridas"";""Plena Noite"";""Crescente"";""Chuva"";""Múltipla"";""Reta"";""Sim"";464711;""Ônibus"";""M.BENZ/MASCA GRANVIA L O"";2006;""Passageiro"";""Lesões Leves"";41;""Masculino"";0;1;0;0;-19",95624622;-44,"09843445;""SR-MG"";""DEL4/1"";""UOP03/MG"""
"260421;579500;2020-01-02;""quinta"";""19:00:00"";""MG"";381;484","9;""BETIM"";""Sim"";""Defeito na Via"";2;""Tombamento"";""Com Vítimas Feridas"";""Plena Noite"";""Crescente"";""Chuva"";""Múltipla"";""Reta"";""Sim"";464711;""Ônibus"";""M.BENZ/MASCA GRANVIA L O"";2006;""Passageiro"";""Lesões Leves"";46;""Masculino"";0;1;0;0;-19",95624622;-44,"09843445;""SR-MG"";""DEL4/1"";""UOP03/MG"""
"260421;579482;2020-01-02;""quinta"";""19:00:00"";""MG"";381;484","9;""BETIM"";""Sim"";""Defeito na Via"";2;""Tombamento"";""Com Vítimas Feridas"";""Plena Noite"";""Crescente"";""Chuva"";""Múltipla"";""Reta"";""Sim"";464711;""Ônibus"";""M.BENZ/MASCA GRANVIA L O"";2006;""Passageiro"";""Lesões Leves"";59;""Feminino"";0;1;0;0;-19",95624622;-44,"09843445;""SR-MG"";""DEL4/1"";""UOP03/MG"""
"260421;579493;2020-01-02;""quinta"";""19:00:00"";""MG"";381;484","9;""BETIM"";""Sim"";""Defeito na Via"";2;""Tombamento"";""Com Vítimas Feridas"";""Plena Noite"";""Crescente"";""Chuva"";""Múltipla"";""Reta"";""Sim"";464711;""Ônibus"";""M.BENZ/MASCA GRANVIA L O"";2006;""Passageiro"";""Lesões Leves"";27;""Feminino"";0;1;0;0;-19",95624622;-44,"09843445;""SR-MG"";""DEL4/1"";""UOP03/MG"""
"260421;579492;2020-01-02;""quinta"";""19:00:00"";""MG"";381;484","9;""BETIM"";""Sim"";""Defeito na Via"";2;""Tombamento"";""Com Vítimas Feridas"";""Plena Noite"";""Crescente"";""Chuva"";""Múltipla"";""Reta"";""Sim"";464711;""Ônibus"";""M.BENZ/MASCA GRANVIA L O"";2006;""Passageiro"";""Lesões Leves"";69;""Feminino"";0;1;0;0;-19",95624622;-44,"09843445;""SR-MG"";""DEL4/1"";""UOP03/MG"""
"260421;579483;2020-01-02;""quinta"";""19:00:00"";""MG"";381;484","9;""BETIM"";""Sim"";""Defeito na Via"";2;""Tombamento"";""Com Vítimas Feridas"";""Plena Noite"";""Crescente"";""Chuva"";""Múltipla"";""Reta"";""Sim"";464711;""Ônibus"";""M.BENZ/MASCA GRANVIA L O"";2006;""Passageiro"";""Lesões Leves"";39;""Feminino"";0;1;0;0;-19",95624622;-44,"09843445;""SR-MG"";""DEL4/1"";""UOP03/MG"""
"260421;579481;2020-01-02;""quinta"";""19:00:00"";""MG"";381;484","9;""BETIM"";""Sim"";""Defeito na Via"";2;""Tombamento"";""Com Vítimas Feridas"";""Plena Noite"";""Crescente"";""Chuva"";""Múltipla"";""Reta"";""Sim"";464711;""Ônibus"";""M.BENZ/MASCA GRANVIA L O"";2006;""Passageiro"";""Lesões Leves"";24;""Feminino"";0;1;0;0;-19",95624622;-44,"09843445;""SR-MG"";""DEL4/1"";""UOP03/MG"""
"260421;579479;2020-01-02;""quinta"";""19:00:00"";""MG"";381;484","9;""BETIM"";""Sim"";""Defeito na Via"";2;""Tombamento"";""Com Vítimas Feridas"";""Plena Noite"";""Crescente"";""Chuva"";""Múltipla"";""Reta"";""Sim"";464711;""Ônibus"";""M.BENZ/MASCA GRANVIA L O"";2006;""Passageiro"";""Lesões Leves"";22;""Masculino"";0;1;0;0;-19",95624622;-44,"09843445;""SR-MG"";""DEL4/1"";""UOP03/MG"""
"260421;579478;2020-01-02;""quinta"";""19:00:00"";""MG"";381;484","9;""BETIM"";""Sim"";""Defeito na Via"";2;""Tombamento"";""Com Vítimas Feridas"";""Plena Noite"";""Crescente"";""Chuva"";""Múltipla"";""Reta"";""Sim"";464711;""Ônibus"";""M.BENZ/MASCA GRANVIA L O"";2006;""Passageiro"";""Lesões Leves"";36;""Masculino"";0;1;0;0;-19",95624622;-44,"09843445;""SR-MG"";""DEL4/1"";""UOP03/MG"""
"260421;579477;2020-01-02;""quinta"";""19:00:00"";""MG"";381;484","9;""BETIM"";""Sim"";""Defeito na Via"";2;""Tombamento"";""Com Vítimas Feridas"";""Plena Noite"";""Crescente"";""Chuva"";""Múltipla"";""Reta"";""Sim"";464711;""Ônibus"";""M.BENZ/MASCA GRANVIA L O"";2006;""Passageiro"";""Lesões Leves"";22;""Masculino"";0;1;0;0;-19",95624622;-44,"09843445;""SR-MG"";""DEL4/1"";""UOP03/MG"""
"260421;579476;2020-01-02;""quinta"";""19:00:00"";""MG"";381;484","9;""BETIM"";""Sim"";""Defeito na Via"";2;""Tombamento"";""Com Vítimas Feridas"";""Plena Noite"";""Crescente"";""Chuva"";""Múltipla"";""Reta"";""Sim"";464711;""Ônibus"";""M.BENZ/MASCA GRANVIA L O"";2006;""Passageiro"";""Lesões Leves"";31;""Feminino"";0;1;0;0;-19",95624622;-44,"09843445;""SR-MG"";""DEL4/1"";""UOP03/MG"""
"260421;579475;2020-01-02;""quinta"";""19:00:00"";""MG"";381;484","9;""BETIM"";""Sim"";""Defeito na Via"";2;""Tombamento"";""Com Vítimas Feridas"";""Plena Noite"";""Crescente"";""Chuva"";""Múltipla"";""Reta"";""Sim"";464711;""Ônibus"";""M.BENZ/MASCA GRANVIA L O"";2006;""Passageiro"";""Lesões Leves"";32;""Feminino"";0;1;0;0;-19",95624622;-44,"09843445;""SR-MG"";""DEL4/1"";""UOP03/MG"""
"260421;579474;2020-01-02;""quinta"";""19:00:00"";""MG"";381;484","9;""BETIM"";""Sim"";""Defeito na Via"";2;""Tombamento"";""Com Vítimas Feridas"";""Plena Noite"";""Crescente"";""Chuva"";""Múltipla"";""Reta"";""Sim"";464711;""Ônibus"";""M.BENZ/MASCA GRANVIA L O"";2006;""Passageiro"";""Lesões Leves"";55;""Masculino"";0;1;0;0;-19",95624622;-44,"09843445;""SR-MG"";""DEL4/1"";""UOP03/MG"""
"260421;579473;2020-01-02;""quinta"";""19:00:00"";""MG"";381;484","9;""BETIM"";""Sim"";""Defeito na Via"";2;""Tombamento"";""Com Vítimas Feridas"";""Plena Noite"";""Crescente"";""Chuva"";""Múltipla"";""Reta"";""Sim"";464711;""Ônibus"";""M.BENZ/MASCA GRANVIA L O"";2006;""Passageiro"";""Lesões Leves"";37;""Feminino"";0;1;0;0;-19",95624622;-44,"09843445;""SR-MG"";""DEL4/1"";""UOP03/MG"""
"260421;579472;2020-01-02;""quinta"";""19:00:00"";""MG"";381;484","9;""BETIM"";""Sim"";""Defeito na Via"";2;""Tombamento"";""Com Vítimas Feridas"";""Plena Noite"";""Crescente"";""Chuva"";""Múltipla"";""Reta"";""Sim"";464711;""Ônibus"";""M.BENZ/MASCA GRANVIA L O"";2006;""Passageiro"";""Lesões Leves"";37;""Feminino"";0;1;0;0;-19",95624622;-44,"09843445;""SR-MG"";""DEL4/1"";""UOP03/MG"""
"260421;579471;2020-01-02;""quinta"";""19:00:00"";""MG"";381;484","9;""BETIM"";""Sim"";""Defeito na Via"";2;""Tombamento"";""Com Vítimas Feridas"";""Plena Noite"";""Crescente"";""Chuva"";""Múltipla"";""Reta"";""Sim"";464711;""Ônibus"";""M.BENZ/MASCA GRANVIA L O"";2006;""Passageiro"";""Lesões Leves"";35;""Feminino"";0;1;0;0;-19",95624622;-44,"09843445;""SR-MG"";""DEL4/1"";""UOP03/MG"""
"260421;579470;2020-01-02;""quinta"";""19:00:00"";""MG"";381;484","9;""BETIM"";""Sim"";""Defeito na Via"";2;""Tombamento"";""Com Vítimas Feridas"";""Plena Noite"";""Crescente"";""Chuva"";""Múltipla"";""Reta"";""Sim"";464711;""Ônibus"";""M.BENZ/MASCA GRANVIA L O"";2006;""Passageiro"";""Lesões Leves"";63;""Feminino"";0;1;0;0;-19",95624622;-44,"09843445;""SR-MG"";""DEL4/1"";""UOP03/MG"""
"260421;579469;2020-01-02;""quinta"";""19:00:00"";""MG"";381;484","9;""BETIM"";""Sim"";""Defeito na Via"";2;""Tombamento"";""Com Vítimas Feridas"";""Plena Noite"";""Crescente"";""Chuva"";""Múltipla"";""Reta"";""Sim"";464711;""Ônibus"";""M.BENZ/MASCA GRANVIA L O"";2006;""Passageiro"";""Lesões Leves"";22;""Masculino"";0;1;0;0;-19",95624622;-44,"09843445;""SR-MG"";""DEL4/1"";""UOP03/MG"""
"260421;579467;2020-01-02;""quinta"";""19:00:00"";""MG"";381;484","9;""BETIM"";""Sim"";""Defeito na Via"";2;""Tombamento"";""Com Vítimas Feridas"";""Plena Noite"";""Crescente"";""Chuva"";""Múltipla"";""Reta"";""Sim"";464711;""Ônibus"";""M.BENZ/MASCA GRANVIA L O"";2006;""Passageiro"";""Lesões Leves"";32;""Feminino"";0;1;0;0;-19",95624622;-44,"09843445;""SR-MG"";""DEL4/1"";""UOP03/MG"""
"260421;579465;2020-01-02;""quinta"";""19:00:00"";""MG"";381;484","9;""BETIM"";""Sim"";""Defeito na Via"";2;""Tombamento"";""Com Vítimas Feridas"";""Plena Noite"";""Crescente"";""Chuva"";""Múltipla"";""Reta"";""Sim"";464711;""Ônibus"";""M.BENZ/MASCA GRANVIA L O"";2006;""Passageiro"";""Lesões Leves"";25;""Feminino"";0;1;0;0;-19",95624622;-44,"09843445;""SR-MG"";""DEL4/1"";""UOP03/MG"""
"260421;579464;2020-01-02;""quinta"";""19:00:00"";""MG"";381;484","9;""BETIM"";""Sim"";""Defeito na Via"";2;""Tombamento"";""Com Vítimas Feridas"";""Plena Noite"";""Crescente"";""Chuva"";""Múltipla"";""Reta"";""Sim"";464711;""Ônibus"";""M.BENZ/MASCA GRANVIA L O"";2006;""Passageiro"";""Lesões Leves"";36;""Feminino"";0;1;0;0;-19",95624622;-44,"09843445;""SR-MG"";""DEL4/1"";""UOP03/MG"""
"260421;579454;2020-01-02;""quinta"";""19:00:00"";""MG"";381;484","9;""BETIM"";""Sim"";""Defeito na Via"";2;""Tombamento"";""Com Vítimas Feridas"";""Plena Noite"";""Crescente"";""Chuva"";""Múltipla"";""Reta"";""Sim"";464711;""Ônibus"";""M.BENZ/MASCA GRANVIA L O"";2006;""Passageiro"";""Lesões Leves"";43;""Feminino"";0;1;0;0;-19",95624622;-44,"09843445;""SR-MG"";""DEL4/1"";""UOP03/MG"""
"260421;579448;2020-01-02;""quinta"";""19:00:00"";""MG"";381;484","9;""BETIM"";""Sim"";""Defeito na Via"";2;""Tombamento"";""Com Vítimas Feridas"";""Plena Noite"";""Crescente"";""Chuva"";""Múltipla"";""Reta"";""Sim"";464711;""Ônibus"";""M.BENZ/MASCA GRANVIA L O"";2006;""Condutor"";""Ileso"";32;""Masculino"";1;0;0;0;-19",95624622;-44,"09843445;""SR-MG"";""DEL4/1"";""UOP03/MG"""
"260421;579340;2020-01-02;""quinta"";""19:00:00"";""MG"";381;484","9;""BETIM"";""Sim"";""Defeito na Via"";2;""Tombamento"";""Com Vítimas Feridas"";""Plena Noite"";""Crescente"";""Chuva"";""Múltipla"";""Reta"";""Sim"";464711;""Ônibus"";""M.BENZ/MASCA GRANVIA L O"";2006;""Passageiro"";""Lesões Graves"";45;""Feminino"";0;0;1;0;-19",95624622;-44,"09843445;""SR-MG"";""DEL4/1"";""UOP03/MG"""
"260422;579386;2020-01-02;""quinta"";""18:10:00"";""PE"";101;58","6;""RECIFE"";""Sim"";""Não guardar distância de segurança"";1;""Saída de leito carroçável"";""Com Vítimas Feridas"";""Plena Noite"";""Crescente"";""Nublado"";""Dupla"";""Ponte"";""Sim"";464738;""Caminhão"";"""";NA;""Condutor"";""Não Informado"";NA;""Não Informado"";0;0;0;0;-7",97063209;-34,"92064675;""SR-PE"";""DEL11/1"";""UOP02/PE"""
"260422;579384;2020-01-02;""quinta"";""18:10:00"";""PE"";101;58","6;""RECIFE"";""Sim"";""Não guardar distância de segurança"";1;""Saída de leito carroçável"";""Com Vítimas Feridas"";""Plena Noite"";""Crescente"";""Nublado"";""Dupla"";""Ponte"";""Sim"";464735;""Automóvel"";""FORD/KA FLEX"";2008;""Passageiro"";""Lesões Leves"";9;""Feminino"";0;1;0;0;-7",97063209;-34,"92064675;""SR-PE"";""DEL11/1"";""UOP02/PE"""
"260422;579383;2020-01-02;""quinta"";""18:10:00"";""PE"";101;58","6;""RECIFE"";""Sim"";""Não guardar distância de segurança"";1;""Saída de leito carroçável"";""Com Vítimas Feridas"";""Plena Noite"";""Crescente"";""Nublado"";""Dupla"";""Ponte"";""Sim"";464735;""Automóvel"";""FORD/KA FLEX"";2008;""Passageiro"";""Lesões Leves"";35;""Feminino"";0;1;0;0;-7",97063209;-34,"92064675;""SR-PE"";""DEL11/1"";""UOP02/PE"""
"260422;579379;2020-01-02;""quinta"";""18:10:00"";""PE"";101;58","6;""RECIFE"";""Sim"";""Não guardar distância de segurança"";1;""Saída de leito carroçável"";""Com Vítimas Feridas"";""Plena Noite"";""Crescente"";""Nublado"";""Dupla"";""Ponte"";""Sim"";464735;""Automóvel"";""FORD/KA FLEX"";2008;""Condutor"";""Lesões Leves"";44;""Masculino"";0;1;0;0;-7",97063209;-34,"92064675;""SR-PE"";""DEL11/1"";""UOP02/PE"""
"260422;579386;2020-01-02;""quinta"";""18:10:00"";""PE"";101;58","6;""RECIFE"";""Sim"";""Não guardar distância de segurança"";2;""Colisão com objeto estático"";""Com Vítimas Feridas"";""Plena Noite"";""Crescente"";""Nublado"";""Dupla"";""Ponte"";""Sim"";464738;""Caminhão"";"""";NA;""Condutor"";""Não Informado"";NA;""Não Informado"";0;0;0;0;-7",97063209;-34,"92064675;""SR-PE"";""DEL11/1"";""UOP02/PE"""
"260422;579384;2020-01-02;""quinta"";""18:10:00"";""PE"";101;58","6;""RECIFE"";""Sim"";""Não guardar distância de segurança"";2;""Colisão com objeto estático"";""Com Vítimas Feridas"";""Plena Noite"";""Crescente"";""Nublado"";""Dupla"";""Ponte"";""Sim"";464735;""Automóvel"";""FORD/KA FLEX"";2008;""Passageiro"";""Lesões Leves"";9;""Feminino"";0;1;0;0;-7",97063209;-34,"92064675;""SR-PE"";""DEL11/1"";""UOP02/PE"""
"260422;579383;2020-01-02;""quinta"";""18:10:00"";""PE"";101;58","6;""RECIFE"";""Sim"";""Não guardar distância de segurança"";2;""Colisão com objeto estático"";""Com Vítimas Feridas"";""Plena Noite"";""Crescente"";""Nublado"";""Dupla"";""Ponte"";""Sim"";464735;""Automóvel"";""FORD/KA FLEX"";2008;""Passageiro"";""Lesões Leves"";35;""Feminino"";0;1;0;0;-7",97063209;-34,"92064675;""SR-PE"";""DEL11/1"";""UOP02/PE"""
"260422;579379;2020-01-02;""quinta"";""18:10:00"";""PE"";101;58","6;""RECIFE"";""Sim"";""Não guardar distância de segurança"";2;""Colisão com objeto estático"";""Com Vítimas Feridas"";""Plena Noite"";""Crescente"";""Nublado"";""Dupla"";""Ponte"";""Sim"";464735;""Automóvel"";""FORD/KA FLEX"";2008;""Condutor"";""Lesões Leves"";44;""Masculino"";0;1;0;0;-7",97063209;-34,"92064675;""SR-PE"";""DEL11/1"";""UOP02/PE"""
"260423;581126;2020-01-02;""quinta"";""12:40:00"";""MG"";381;892","8;""CAMBUI"";""Sim"";""Velocidade Incompatível"";1;""Saída de leito carroçável"";""Sem Vítimas"";""Pleno dia"";""Crescente"";""Chuva"";""Dupla"";""Reta"";""Não"";464724;""Caminhão"";""VW/15.180 CNM"";2008;""Passageiro"";""Ileso"";54;""Feminino"";1;0;0;0;-22",58389953;-46,"04782104;""SR-MG"";""DEL09"";""UOP03/MG"""
"260423;581119;2020-01-02;""quinta"";""12:40:00"";""MG"";381;892","8;""CAMBUI"";""Sim"";""Velocidade Incompatível"";1;""Saída de leito carroçável"";""Sem Vítimas"";""Pleno dia"";""Crescente"";""Chuva"";""Dupla"";""Reta"";""Não"";464724;""Caminhão"";""VW/15.180 CNM"";2008;""Condutor"";""Ileso"";42;""Masculino"";1;0;0;0;-22",58389953;-46,"04782104;""SR-MG"";""DEL09"";""UOP03/MG"""
"260423;581126;2020-01-02;""quinta"";""12:40:00"";""MG"";381;892","8;""CAMBUI"";""Sim"";""Velocidade Incompatível"";2;""Colisão com objeto estático"";""Sem Vítimas"";""Pleno dia"";""Crescente"";""Chuva"";""Dupla"";""Reta"";""Não"";464724;""Caminhão"";""VW/15.180 CNM"";2008;""Passageiro"";""Ileso"";54;""Feminino"";1;0;0;0;-22",58389953;-46,"04782104;""SR-MG"";""DEL09"";""UOP03/MG"""
"260423;581119;2020-01-02;""quinta"";""12:40:00"";""MG"";381;892","8;""CAMBUI"";""Sim"";""Velocidade Incompatível"";2;""Colisão com objeto estático"";""Sem Vítimas"";""Pleno dia"";""Crescente"";""Chuva"";""Dupla"";""Reta"";""Não"";464724;""Caminhão"";""VW/15.180 CNM"";2008;""Condutor"";""Ileso"";42;""Masculino"";1;0;0;0;-22",58389953;-46,"04782104;""SR-MG"";""DEL09"";""UOP03/MG"""
"260424;581262;2020-01-02;""quinta"";""17:30:00"";""MG"";381;912","5;""CAMANDUCAIA"";""Sim"";""Velocidade Incompatível"";2;""Capotamento"";""Com Vítimas Feridas"";""Pleno dia"";""Crescente"";""Chuva"";""Dupla"";""Curva"";""Não"";464730;""Automóvel"";""GM/CORSA WIND"";1996;""Passageiro"";""Lesões Leves"";17;""Feminino"";0;1;0;0;-22",70588891;-46,"12060547;""SR-MG"";""DEL09"";""UOP03/MG"""
"260424;581240;2020-01-02;""quinta"";""17:30:00"";""MG"";381;912","5;""CAMANDUCAIA"";""Sim"";""Velocidade Incompatível"";2;""Capotamento"";""Com Vítimas Feridas"";""Pleno dia"";""Crescente"";""Chuva"";""Dupla"";""Curva"";""Não"";464730;""Automóvel"";""GM/CORSA WIND"";1996;""Condutor"";""Lesões Leves"";41;""Masculino"";0;1;0;0;-22",70588891;-46,"12060547;""SR-MG"";""DEL09"";""UOP03/MG"""
"260424;581266;2020-01-02;""quinta"";""17:30:00"";""MG"";381;912","5;""CAMANDUCAIA"";""Sim"";""Velocidade Incompatível"";2;""Capotamento"";""Com Vítimas Feridas"";""Pleno dia"";""Crescente"";""Chuva"";""Dupla"";""Curva"";""Não"";464730;""Automóvel"";""GM/CORSA WIND"";1996;""Passageiro"";""Lesões Leves"";48;""Feminino"";0;1;0;0;-22",70588891;-46,"12060547;""SR-MG"";""DEL09"";""UOP03/MG"""
"260424;581249;2020-01-02;""quinta"";""17:30:00"";""MG"";381;912","5;""CAMANDUCAIA"";""Sim"";""Velocidade Incompatível"";2;""Capotamento"";""Com Vítimas Feridas"";""Pleno dia"";""Crescente"";""Chuva"";""Dupla"";""Curva"";""Não"";464730;""Automóvel"";""GM/CORSA WIND"";1996;""Passageiro"";""Ileso"";15;""Masculino"";1;0;0;0;-22",70588891;-46,"12060547;""SR-MG"";""DEL09"";""UOP03/MG"""
"260424;581244;2020-01-02;""quinta"";""17:30:00"";""MG"";381;912","5;""CAMANDUCAIA"";""Sim"";""Velocidade Incompatível"";2;""Capotamento"";""Com Vítimas Feridas"";""Pleno dia"";""Crescente"";""Chuva"";""Dupla"";""Curva"";""Não"";464730;""Automóvel"";""GM/CORSA WIND"";1996;""Passageiro"";""Ileso"";6;""Masculino"";1;0;0;0;-22",70588891;-46,"12060547;""SR-MG"";""DEL09"";""UOP03/MG"""
"260424;581262;2020-01-02;""quinta"";""17:30:00"";""MG"";381;912","5;""CAMANDUCAIA"";""Sim"";""Velocidade Incompatível"";1;""Saída de leito carroçável"";""Com Vítimas Feridas"";""Pleno dia"";""Crescente"";""Chuva"";""Dupla"";""Curva"";""Não"";464730;""Automóvel"";""GM/CORSA WIND"";1996;""Passageiro"";""Lesões Leves"";17;""Feminino"";0;1;0;0;-22",70588891;-46,"12060547;""SR-MG"";""DEL09"";""UOP03/MG"""
"260424;581240;2020-01-02;""quinta"";""17:30:00"";""MG"";381;912","5;""CAMANDUCAIA"";""Sim"";""Velocidade Incompatível"";1;""Saída de leito carroçável"";""Com Vítimas Feridas"";""Pleno dia"";""Crescente"";""Chuva"";""Dupla"";""Curva"";""Não"";464730;""Automóvel"";""GM/CORSA WIND"";1996;""Condutor"";""Lesões Leves"";41;""Masculino"";0;1;0;0;-22",70588891;-46,"12060547;""SR-MG"";""DEL09"";""UOP03/MG"""