"id;""pesid"";""data_inversa"";""dia_semana"";""horario"";""uf"";""br"";""km"";""municipio"";""causa_principal"";""causa_acidente"";""ordem_tipo_acidente"";""tipo_acidente"";""classificacao_acidente"";""fase_dia"";""sentido_via"";""condicao_metereologica"";""tipo_pista"";""tracado_via"";""uso_solo"";""id_veiculo"";""tipo_veiculo"";""marca"";""ano_fabricacao_veiculo"";""tipo_envolvido"";""estado_fisico"";""idade"";""sexo"";""ilesos"";""feridos_leves"";""feridos_graves"";""mortos"";""latitude"";""longitude"";""regional"";""delegacia"";""uop""",,,
"260496;581136;2020-01-03;""sexta"";""02:10:00"";""RN"";226;148","2;""CURRAIS NOVOS"";""Sim"";""Condutor Dormindo"";2;""Colisão com objeto estático"";""Com Vítimas Feridas"";""Plena Noite"";""Crescente"";""Céu Claro"";""Simples"";""Reta"";""Não"";464852;""Caminhão"";""VW/24.250 CNC 6X2"";2010;""Passageiro"";""Lesões Graves"";18;""Masculino"";0;0;1;0;-6",20865867;-36,"29031686;""SR-RN"";""DEL15/3"";""UOP02/RN"""
"260496;581122;2020-01-03;""sexta"";""02:10:00"";""RN"";226;148","2;""CURRAIS NOVOS"";""Sim"";""Condutor Dormindo"";2;""Colisão com objeto estático"";""Com Vítimas Feridas"";""Plena Noite"";""Crescente"";""Céu Claro"";""Simples"";""Reta"";""Não"";464852;""Caminhão"";""VW/24.250 CNC 6X2"";2010;""Passageiro"";""Lesões Graves"";20;""Masculino"";0;0;1;0;-6",20865867;-36,"29031686;""SR-RN"";""DEL15/3"";""UOP02/RN"""
"260496;581116;2020-01-03;""sexta"";""02:10:00"";""RN"";226;148","2;""CURRAIS NOVOS"";""Sim"";""Condutor Dormindo"";2;""Colisão com objeto estático"";""Com Vítimas Feridas"";""Plena Noite"";""Crescente"";""Céu Claro"";""Simples"";""Reta"";""Não"";464852;""Caminhão"";""VW/24.250 CNC 6X2"";2010;""Condutor"";""Lesões Leves"";37;""Masculino"";0;1;0;0;-6",20865867;-36,"29031686;""SR-RN"";""DEL15/3"";""UOP02/RN"""
"260497;579487;2020-01-03;""sexta"";""02:40:00"";""SC"";101;36","8;""JOINVILLE"";""Sim"";""Ingestão de Álcool"";1;""Colisão traseira"";""Sem Vítimas"";""Plena Noite"";""Crescente"";""Nublado"";""Dupla"";""Reta"";""Sim"";464795;""Caminhão"";"""";NA;""Condutor"";""Não Informado"";NA;""Não Informado"";0;0;0;0;-26",24573198;-48,"9101069;""SR-SC"";""DEL8/3"";""UOP01/SC"""
"260497;579484;2020-01-03;""sexta"";""02:40:00"";""SC"";101;36","8;""JOINVILLE"";""Sim"";""Ingestão de Álcool"";1;""Colisão traseira"";""Sem Vítimas"";""Plena Noite"";""Crescente"";""Nublado"";""Dupla"";""Reta"";""Sim"";464792;""Automóvel"";""TOYOTA/COROLLA XEI20FLEX"";2018;""Condutor"";""Ileso"";68;""Masculino"";1;0;0;0;-26",24573198;-48,"9101069;""SR-SC"";""DEL8/3"";""UOP01/SC"""
"260498;581091;2020-01-03;""sexta"";""03:20:00"";""GO"";20;88;""VILA BOA"";""Sim"";""Velocidade Incompatível"";1;""Tombamento"";""Com Vítimas Fatais"";""Plena Noite"";""Decrescente"";""Chuva"";""Simples"";""Reta"";""Não"";464873;""Ônibus"";""MBENZ/MPOLO PARADISO R"";2012;""Passageiro"";""Lesões Leves"";55;""Masculino"";0;1;0;0;-15",035155;-47,"056973;""SR-DF"";""UOP01/DEL02/DF"";""""",
"260498;581109;2020-01-03;""sexta"";""03:20:00"";""GO"";20;88;""VILA BOA"";""Sim"";""Velocidade Incompatível"";1;""Tombamento"";""Com Vítimas Fatais"";""Plena Noite"";""Decrescente"";""Chuva"";""Simples"";""Reta"";""Não"";464873;""Ônibus"";""MBENZ/MPOLO PARADISO R"";2012;""Passageiro"";""Lesões Leves"";38;""Feminino"";0;1;0;0;-15",035155;-47,"056973;""SR-DF"";""UOP01/DEL02/DF"";""""",
"260498;581108;2020-01-03;""sexta"";""03:20:00"";""GO"";20;88;""VILA BOA"";""Sim"";""Velocidade Incompatível"";1;""Tombamento"";""Com Vítimas Fatais"";""Plena Noite"";""Decrescente"";""Chuva"";""Simples"";""Reta"";""Não"";464873;""Ônibus"";""MBENZ/MPOLO PARADISO R"";2012;""Passageiro"";""Lesões Leves"";43;""Masculino"";0;1;0;0;-15",035155;-47,"056973;""SR-DF"";""UOP01/DEL02/DF"";""""",
"260498;581102;2020-01-03;""sexta"";""03:20:00"";""GO"";20;88;""VILA BOA"";""Sim"";""Velocidade Incompatível"";1;""Tombamento"";""Com Vítimas Fatais"";""Plena Noite"";""Decrescente"";""Chuva"";""Simples"";""Reta"";""Não"";464873;""Ônibus"";""MBENZ/MPOLO PARADISO R"";2012;""Passageiro"";""Lesões Leves"";10;""Feminino"";0;1;0;0;-15",035155;-47,"056973;""SR-DF"";""UOP01/DEL02/DF"";""""",
"260498;581101;2020-01-03;""sexta"";""03:20:00"";""GO"";20;88;""VILA BOA"";""Sim"";""Velocidade Incompatível"";1;""Tombamento"";""Com Vítimas Fatais"";""Plena Noite"";""Decrescente"";""Chuva"";""Simples"";""Reta"";""Não"";464873;""Ônibus"";""MBENZ/MPOLO PARADISO R"";2012;""Passageiro"";""Lesões Leves"";37;""Feminino"";0;1;0;0;-15",035155;-47,"056973;""SR-DF"";""UOP01/DEL02/DF"";""""",
"260498;581099;2020-01-03;""sexta"";""03:20:00"";""GO"";20;88;""VILA BOA"";""Sim"";""Velocidade Incompatível"";1;""Tombamento"";""Com Vítimas Fatais"";""Plena Noite"";""Decrescente"";""Chuva"";""Simples"";""Reta"";""Não"";464873;""Ônibus"";""MBENZ/MPOLO PARADISO R"";2012;""Passageiro"";""Lesões Leves"";29;""Masculino"";0;1;0;0;-15",035155;-47,"056973;""SR-DF"";""UOP01/DEL02/DF"";""""",
"260498;581097;2020-01-03;""sexta"";""03:20:00"";""GO"";20;88;""VILA BOA"";""Sim"";""Velocidade Incompatível"";1;""Tombamento"";""Com Vítimas Fatais"";""Plena Noite"";""Decrescente"";""Chuva"";""Simples"";""Reta"";""Não"";464873;""Ônibus"";""MBENZ/MPOLO PARADISO R"";2012;""Passageiro"";""Lesões Leves"";27;""Masculino"";0;1;0;0;-15",035155;-47,"056973;""SR-DF"";""UOP01/DEL02/DF"";""""",
"260498;581090;2020-01-03;""sexta"";""03:20:00"";""GO"";20;88;""VILA BOA"";""Sim"";""Velocidade Incompatível"";1;""Tombamento"";""Com Vítimas Fatais"";""Plena Noite"";""Decrescente"";""Chuva"";""Simples"";""Reta"";""Não"";464873;""Ônibus"";""MBENZ/MPOLO PARADISO R"";2012;""Passageiro"";""Lesões Leves"";14;""Masculino"";0;1;0;0;-15",035155;-47,"056973;""SR-DF"";""UOP01/DEL02/DF"";""""",
"260498;581085;2020-01-03;""sexta"";""03:20:00"";""GO"";20;88;""VILA BOA"";""Sim"";""Velocidade Incompatível"";1;""Tombamento"";""Com Vítimas Fatais"";""Plena Noite"";""Decrescente"";""Chuva"";""Simples"";""Reta"";""Não"";464873;""Ônibus"";""MBENZ/MPOLO PARADISO R"";2012;""Passageiro"";""Lesões Leves"";37;""Masculino"";0;1;0;0;-15",035155;-47,"056973;""SR-DF"";""UOP01/DEL02/DF"";""""",
"260498;581081;2020-01-03;""sexta"";""03:20:00"";""GO"";20;88;""VILA BOA"";""Sim"";""Velocidade Incompatível"";1;""Tombamento"";""Com Vítimas Fatais"";""Plena Noite"";""Decrescente"";""Chuva"";""Simples"";""Reta"";""Não"";464873;""Ônibus"";""MBENZ/MPOLO PARADISO R"";2012;""Passageiro"";""Lesões Leves"";21;""Masculino"";0;1;0;0;-15",035155;-47,"056973;""SR-DF"";""UOP01/DEL02/DF"";""""",
"260498;581070;2020-01-03;""sexta"";""03:20:00"";""GO"";20;88;""VILA BOA"";""Sim"";""Velocidade Incompatível"";1;""Tombamento"";""Com Vítimas Fatais"";""Plena Noite"";""Decrescente"";""Chuva"";""Simples"";""Reta"";""Não"";464873;""Ônibus"";""MBENZ/MPOLO PARADISO R"";2012;""Passageiro"";""Lesões Leves"";21;""Masculino"";0;1;0;0;-15",035155;-47,"056973;""SR-DF"";""UOP01/DEL02/DF"";""""",
"260498;581075;2020-01-03;""sexta"";""03:20:00"";""GO"";20;88;""VILA BOA"";""Sim"";""Velocidade Incompatível"";1;""Tombamento"";""Com Vítimas Fatais"";""Plena Noite"";""Decrescente"";""Chuva"";""Simples"";""Reta"";""Não"";464873;""Ônibus"";""MBENZ/MPOLO PARADISO R"";2012;""Passageiro"";""Lesões Leves"";31;""Masculino"";0;1;0;0;-15",035155;-47,"056973;""SR-DF"";""UOP01/DEL02/DF"";""""",
"260498;579562;2020-01-03;""sexta"";""03:20:00"";""GO"";20;88;""VILA BOA"";""Sim"";""Velocidade Incompatível"";1;""Tombamento"";""Com Vítimas Fatais"";""Plena Noite"";""Decrescente"";""Chuva"";""Simples"";""Reta"";""Não"";464873;""Ônibus"";""MBENZ/MPOLO PARADISO R"";2012;""Passageiro"";""Óbito"";30;""Masculino"";0;0;0;1;-15",035155;-47,"056973;""SR-DF"";""UOP01/DEL02/DF"";""""",
"260498;581064;2020-01-03;""sexta"";""03:20:00"";""GO"";20;88;""VILA BOA"";""Sim"";""Velocidade Incompatível"";1;""Tombamento"";""Com Vítimas Fatais"";""Plena Noite"";""Decrescente"";""Chuva"";""Simples"";""Reta"";""Não"";464873;""Ônibus"";""MBENZ/MPOLO PARADISO R"";2012;""Condutor"";""Lesões Leves"";41;""Masculino"";0;1;0;0;-15",035155;-47,"056973;""SR-DF"";""UOP01/DEL02/DF"";""""",
"260499;579497;2020-01-03;""sexta"";""02:45:00"";""MT"";70;502","5;""SANTO ANTONIO DO LEVERGER"";""Sim"";""Falta de Atenção à Condução"";1;""Saída de leito carroçável"";""Com Vítimas Feridas"";""Plena Noite"";""Crescente"";""Céu Claro"";""Simples"";""Reta"";""Não"";464810;""Camioneta"";""VW/KOMBI"";2011;""Condutor"";""Lesões Leves"";28;""Masculino"";0;1;0;0;-15",674941;-55,"939884;""SR-MT"";""DEL2/1"";""UOP01/MT"""
"260499;579497;2020-01-03;""sexta"";""02:45:00"";""MT"";70;502","5;""SANTO ANTONIO DO LEVERGER"";""Sim"";""Falta de Atenção à Condução"";2;""Capotamento"";""Com Vítimas Feridas"";""Plena Noite"";""Crescente"";""Céu Claro"";""Simples"";""Reta"";""Não"";464810;""Camioneta"";""VW/KOMBI"";2011;""Condutor"";""Lesões Leves"";28;""Masculino"";0;1;0;0;-15",674941;-55,"939884;""SR-MT"";""DEL2/1"";""UOP01/MT"""
"260501;NA;2020-01-03;""sexta"";""05:15:00"";""GO"";153;440","4;""ANAPOLIS"";""Sim"";""Falta de Atenção à Condução"";1;""Colisão traseira"";""Com Vítimas Feridas"";""Amanhecer"";""Crescente"";""Céu Claro"";""Dupla"";""Reta"";""Sim"";465853;""Semireboque"";""REB/ROSSETTI"";2012;""Não Informado"";""Não Informado"";NA;""Não Informado"";0;0;0;0;-16",306765;-48,"923847;""SR-GO"";""DEL1/2"";""UOP01/GO"""
"260501;581182;2020-01-03;""sexta"";""05:15:00"";""GO"";153;440","4;""ANAPOLIS"";""Sim"";""Falta de Atenção à Condução"";1;""Colisão traseira"";""Com Vítimas Feridas"";""Amanhecer"";""Crescente"";""Céu Claro"";""Dupla"";""Reta"";""Sim"";464857;""Caminhão-trator"";""M.BENZ/LS 1634"";2008;""Condutor"";""Ileso"";44;""Masculino"";1;0;0;0;-16",306765;-48,"923847;""SR-GO"";""DEL1/2"";""UOP01/GO"""
"260501;NA;2020-01-03;""sexta"";""05:15:00"";""GO"";153;440","4;""ANAPOLIS"";""Sim"";""Falta de Atenção à Condução"";1;""Colisão traseira"";""Com Vítimas Feridas"";""Amanhecer"";""Crescente"";""Céu Claro"";""Dupla"";""Reta"";""Sim"";465855;""Reboque"";""R/METANOX TQ AP 2E"";2019;""Não Informado"";""Não Informado"";NA;""Não Informado"";0;0;0;0;-16",306765;-48,"923847;""SR-GO"";""DEL1/2"";""UOP01/GO"""
"260501;581184;2020-01-03;""sexta"";""05:15:00"";""GO"";153;440","4;""ANAPOLIS"";""Sim"";""Falta de Atenção à Condução"";1;""Colisão traseira"";""Com Vítimas Feridas"";""Amanhecer"";""Crescente"";""Céu Claro"";""Dupla"";""Reta"";""Sim"";465846;""Caminhão"";""FORD/CARGO 2431"";2018;""Condutor"";""Lesões Graves"";38;""Masculino"";0;0;1;0;-16",306765;-48,"923847;""SR-GO"";""DEL1/2"";""UOP01/GO"""
"260501;NA;2020-01-03;""sexta"";""05:15:00"";""GO"";153;440","4;""ANAPOLIS"";""Sim"";""Falta de Atenção à Condução"";2;""Colisão lateral"";""Com Vítimas Feridas"";""Amanhecer"";""Crescente"";""Céu Claro"";""Dupla"";""Reta"";""Sim"";465853;""Semireboque"";""REB/ROSSETTI"";2012;""Não Informado"";""Não Informado"";NA;""Não Informado"";0;0;0;0;-16",306765;-48,"923847;""SR-GO"";""DEL1/2"";""UOP01/GO"""
"260501;581182;2020-01-03;""sexta"";""05:15:00"";""GO"";153;440","4;""ANAPOLIS"";""Sim"";""Falta de Atenção à Condução"";2;""Colisão lateral"";""Com Vítimas Feridas"";""Amanhecer"";""Crescente"";""Céu Claro"";""Dupla"";""Reta"";""Sim"";464857;""Caminhão-trator"";""M.BENZ/LS 1634"";2008;""Condutor"";""Ileso"";44;""Masculino"";1;0;0;0;-16",306765;-48,"923847;""SR-GO"";""DEL1/2"";""UOP01/GO"""
"260501;NA;2020-01-03;""sexta"";""05:15:00"";""GO"";153;440","4;""ANAPOLIS"";""Sim"";""Falta de Atenção à Condução"";2;""Colisão lateral"";""Com Vítimas Feridas"";""Amanhecer"";""Crescente"";""Céu Claro"";""Dupla"";""Reta"";""Sim"";465855;""Reboque"";""R/METANOX TQ AP 2E"";2019;""Não Informado"";""Não Informado"";NA;""Não Informado"";0;0;0;0;-16",306765;-48,"923847;""SR-GO"";""DEL1/2"";""UOP01/GO"""
"260501;581184;2020-01-03;""sexta"";""05:15:00"";""GO"";153;440","4;""ANAPOLIS"";""Sim"";""Falta de Atenção à Condução"";2;""Colisão lateral"";""Com Vítimas Feridas"";""Amanhecer"";""Crescente"";""Céu Claro"";""Dupla"";""Reta"";""Sim"";465846;""Caminhão"";""FORD/CARGO 2431"";2018;""Condutor"";""Lesões Graves"";38;""Masculino"";0;0;1;0;-16",306765;-48,"923847;""SR-GO"";""DEL1/2"";""UOP01/GO"""
"260501;NA;2020-01-03;""sexta"";""05:15:00"";""GO"";153;440","4;""ANAPOLIS"";""Não"";""Velocidade Incompatível"";1;""Colisão traseira"";""Com Vítimas Feridas"";""Amanhecer"";""Crescente"";""Céu Claro"";""Dupla"";""Reta"";""Sim"";465853;""Semireboque"";""REB/ROSSETTI"";2012;""Não Informado"";""Não Informado"";NA;""Não Informado"";0;0;0;0;-16",306765;-48,"923847;""SR-GO"";""DEL1/2"";""UOP01/GO"""
"260501;581182;2020-01-03;""sexta"";""05:15:00"";""GO"";153;440","4;""ANAPOLIS"";""Não"";""Velocidade Incompatível"";1;""Colisão traseira"";""Com Vítimas Feridas"";""Amanhecer"";""Crescente"";""Céu Claro"";""Dupla"";""Reta"";""Sim"";464857;""Caminhão-trator"";""M.BENZ/LS 1634"";2008;""Condutor"";""Ileso"";44;""Masculino"";1;0;0;0;-16",306765;-48,"923847;""SR-GO"";""DEL1/2"";""UOP01/GO"""
"260501;NA;2020-01-03;""sexta"";""05:15:00"";""GO"";153;440","4;""ANAPOLIS"";""Não"";""Velocidade Incompatível"";1;""Colisão traseira"";""Com Vítimas Feridas"";""Amanhecer"";""Crescente"";""Céu Claro"";""Dupla"";""Reta"";""Sim"";465855;""Reboque"";""R/METANOX TQ AP 2E"";2019;""Não Informado"";""Não Informado"";NA;""Não Informado"";0;0;0;0;-16",306765;-48,"923847;""SR-GO"";""DEL1/2"";""UOP01/GO"""
"260501;581184;2020-01-03;""sexta"";""05:15:00"";""GO"";153;440","4;""ANAPOLIS"";""Não"";""Velocidade Incompatível"";1;""Colisão traseira"";""Com Vítimas Feridas"";""Amanhecer"";""Crescente"";""Céu Claro"";""Dupla"";""Reta"";""Sim"";465846;""Caminhão"";""FORD/CARGO 2431"";2018;""Condutor"";""Lesões Graves"";38;""Masculino"";0;0;1;0;-16",306765;-48,"923847;""SR-GO"";""DEL1/2"";""UOP01/GO"""
"260501;NA;2020-01-03;""sexta"";""05:15:00"";""GO"";153;440","4;""ANAPOLIS"";""Não"";""Velocidade Incompatível"";2;""Colisão lateral"";""Com Vítimas Feridas"";""Amanhecer"";""Crescente"";""Céu Claro"";""Dupla"";""Reta"";""Sim"";465853;""Semireboque"";""REB/ROSSETTI"";2012;""Não Informado"";""Não Informado"";NA;""Não Informado"";0;0;0;0;-16",306765;-48,"923847;""SR-GO"";""DEL1/2"";""UOP01/GO"""
"260501;581182;2020-01-03;""sexta"";""05:15:00"";""GO"";153;440","4;""ANAPOLIS"";""Não"";""Velocidade Incompatível"";2;""Colisão lateral"";""Com Vítimas Feridas"";""Amanhecer"";""Crescente"";""Céu Claro"";""Dupla"";""Reta"";""Sim"";464857;""Caminhão-trator"";""M.BENZ/LS 1634"";2008;""Condutor"";""Ileso"";44;""Masculino"";1;0;0;0;-16",306765;-48,"923847;""SR-GO"";""DEL1/2"";""UOP01/GO"""
"260501;NA;2020-01-03;""sexta"";""05:15:00"";""GO"";153;440","4;""ANAPOLIS"";""Não"";""Velocidade Incompatível"";2;""Colisão lateral"";""Com Vítimas Feridas"";""Amanhecer"";""Crescente"";""Céu Claro"";""Dupla"";""Reta"";""Sim"";465855;""Reboque"";""R/METANOX TQ AP 2E"";2019;""Não Informado"";""Não Informado"";NA;""Não Informado"";0;0;0;0;-16",306765;-48,"923847;""SR-GO"";""DEL1/2"";""UOP01/GO"""
"260501;581184;2020-01-03;""sexta"";""05:15:00"";""GO"";153;440","4;""ANAPOLIS"";""Não"";""Velocidade Incompatível"";2;""Colisão lateral"";""Com Vítimas Feridas"";""Amanhecer"";""Crescente"";""Céu Claro"";""Dupla"";""Reta"";""Sim"";465846;""Caminhão"";""FORD/CARGO 2431"";2018;""Condutor"";""Lesões Graves"";38;""Masculino"";0;0;1;0;-16",306765;-48,"923847;""SR-GO"";""DEL1/2"";""UOP01/GO"""
"260501;NA;2020-01-03;""sexta"";""05:15:00"";""GO"";153;440","4;""ANAPOLIS"";""Não"";""Não guardar distância de segurança"";1;""Colisão traseira"";""Com Vítimas Feridas"";""Amanhecer"";""Crescente"";""Céu Claro"";""Dupla"";""Reta"";""Sim"";465853;""Semireboque"";""REB/ROSSETTI"";2012;""Não Informado"";""Não Informado"";NA;""Não Informado"";0;0;0;0;-16",306765;-48,"923847;""SR-GO"";""DEL1/2"";""UOP01/GO"""
"260501;581182;2020-01-03;""sexta"";""05:15:00"";""GO"";153;440","4;""ANAPOLIS"";""Não"";""Não guardar distância de segurança"";1;""Colisão traseira"";""Com Vítimas Feridas"";""Amanhecer"";""Crescente"";""Céu Claro"";""Dupla"";""Reta"";""Sim"";464857;""Caminhão-trator"";""M.BENZ/LS 1634"";2008;""Condutor"";""Ileso"";44;""Masculino"";1;0;0;0;-16",306765;-48,"923847;""SR-GO"";""DEL1/2"";""UOP01/GO"""
"260501;NA;2020-01-03;""sexta"";""05:15:00"";""GO"";153;440","4;""ANAPOLIS"";""Não"";""Não guardar distância de segurança"";1;""Colisão traseira"";""Com Vítimas Feridas"";""Amanhecer"";""Crescente"";""Céu Claro"";""Dupla"";""Reta"";""Sim"";465855;""Reboque"";""R/METANOX TQ AP 2E"";2019;""Não Informado"";""Não Informado"";NA;""Não Informado"";0;0;0;0;-16",306765;-48,"923847;""SR-GO"";""DEL1/2"";""UOP01/GO"""
"260501;581184;2020-01-03;""sexta"";""05:15:00"";""GO"";153;440","4;""ANAPOLIS"";""Não"";""Não guardar distância de segurança"";1;""Colisão traseira"";""Com Vítimas Feridas"";""Amanhecer"";""Crescente"";""Céu Claro"";""Dupla"";""Reta"";""Sim"";465846;""Caminhão"";""FORD/CARGO 2431"";2018;""Condutor"";""Lesões Graves"";38;""Masculino"";0;0;1;0;-16",306765;-48,"923847;""SR-GO"";""DEL1/2"";""UOP01/GO"""
"260501;NA;2020-01-03;""sexta"";""05:15:00"";""GO"";153;440","4;""ANAPOLIS"";""Não"";""Não guardar distância de segurança"";2;""Colisão lateral"";""Com Vítimas Feridas"";""Amanhecer"";""Crescente"";""Céu Claro"";""Dupla"";""Reta"";""Sim"";465853;""Semireboque"";""REB/ROSSETTI"";2012;""Não Informado"";""Não Informado"";NA;""Não Informado"";0;0;0;0;-16",306765;-48,"923847;""SR-GO"";""DEL1/2"";""UOP01/GO"""
"260501;581182;2020-01-03;""sexta"";""05:15:00"";""GO"";153;440","4;""ANAPOLIS"";""Não"";""Não guardar distância de segurança"";2;""Colisão lateral"";""Com Vítimas Feridas"";""Amanhecer"";""Crescente"";""Céu Claro"";""Dupla"";""Reta"";""Sim"";464857;""Caminhão-trator"";""M.BENZ/LS 1634"";2008;""Condutor"";""Ileso"";44;""Masculino"";1;0;0;0;-16",306765;-48,"923847;""SR-GO"";""DEL1/2"";""UOP01/GO"""
"260501;NA;2020-01-03;""sexta"";""05:15:00"";""GO"";153;440","4;""ANAPOLIS"";""Não"";""Não guardar distância de segurança"";2;""Colisão lateral"";""Com Vítimas Feridas"";""Amanhecer"";""Crescente"";""Céu Claro"";""Dupla"";""Reta"";""Sim"";465855;""Reboque"";""R/METANOX TQ AP 2E"";2019;""Não Informado"";""Não Informado"";NA;""Não Informado"";0;0;0;0;-16",306765;-48,"923847;""SR-GO"";""DEL1/2"";""UOP01/GO"""
"260501;581184;2020-01-03;""sexta"";""05:15:00"";""GO"";153;440","4;""ANAPOLIS"";""Não"";""Não guardar distância de segurança"";2;""Colisão lateral"";""Com Vítimas Feridas"";""Amanhecer"";""Crescente"";""Céu Claro"";""Dupla"";""Reta"";""Sim"";465846;""Caminhão"";""FORD/CARGO 2431"";2018;""Condutor"";""Lesões Graves"";38;""Masculino"";0;0;1;0;-16",306765;-48,"923847;""SR-GO"";""DEL1/2"";""UOP01/GO"""
"260502;NA;2020-01-03;""sexta"";""05:17:00"";""BA"";116;511;""SANTA TERESINHA"";""Sim"";""Falta de Atenção à Condução"";1;""Colisão lateral"";""Sem Vítimas"";""Amanhecer"";""Crescente"";""Céu Claro"";""Dupla"";""Reta"";""Não"";468014;""Semireboque"";""REB/REBOQUE"";2015;""Não Informado"";""Não Informado"";NA;""Não Informado"";0;0;0;0;-12",64828829;-39,"60617355;""SR-BA"";""DEL10/3"";""UOP02/BA""",
"260502;584151;2020-01-03;""sexta"";""05:17:00"";""BA"";116;511;""SANTA TERESINHA"";""Sim"";""Falta de Atenção à Condução"";1;""Colisão lateral"";""Sem Vítimas"";""Amanhecer"";""Crescente"";""Céu Claro"";""Dupla"";""Reta"";""Não"";464986;""Caminhão-trator"";""VOLVO/FH 540 6X4T"";2019;""Condutor"";""Ileso"";25;""Masculino"";1;0;0;0;-12",64828829;-39,"60617355;""SR-BA"";""DEL10/3"";""UOP02/BA""",
"260502;NA;2020-01-03;""sexta"";""05:17:00"";""BA"";116;511;""SANTA TERESINHA"";""Sim"";""Falta de Atenção à Condução"";1;""Colisão lateral"";""Sem Vítimas"";""Amanhecer"";""Crescente"";""Céu Claro"";""Dupla"";""Reta"";""Não"";468011;""Reboque"";""REB/REBOQUE"";2018;""Não Informado"";""Não Informado"";NA;""Não Informado"";0;0;0;0;-12",64828829;-39,"60617355;""SR-BA"";""DEL10/3"";""UOP02/BA""",
"260502;584147;2020-01-03;""sexta"";""05:17:00"";""BA"";116;511;""SANTA TERESINHA"";""Sim"";""Falta de Atenção à Condução"";1;""Colisão lateral"";""Sem Vítimas"";""Amanhecer"";""Crescente"";""Céu Claro"";""Dupla"";""Reta"";""Não"";464985;""Micro-ônibus"";""FIAT/DUCATO MARTICAR 16"";2012;""Condutor"";""Ileso"";33;""Masculino"";1;0;0;0;-12",64828829;-39,"60617355;""SR-BA"";""DEL10/3"";""UOP02/BA""",
"260503;580267;2020-01-03;""sexta"";""05:25:00"";""ES"";101;264","5;""SERRA"";""Sim"";""Desobediência às normas de trânsito pelo condutor"";1;""Colisão transversal"";""Com Vítimas Feridas"";""Pleno dia"";""Crescente"";""Chuva"";""Múltipla"";""Interseção de vias"";""Sim"";464835;""Automóvel"";""PEUGEOT/206 14 PRESEN FX"";2008;""Passageiro"";""Lesões Leves"";32;""Feminino"";0;1;0;0;-20",17889309;-40,"26530538;""SR-ES"";""DEL12/2"";""UOP01/ES"""
"260503;580137;2020-01-03;""sexta"";""05:25:00"";""ES"";101;264","5;""SERRA"";""Sim"";""Desobediência às normas de trânsito pelo condutor"";1;""Colisão transversal"";""Com Vítimas Feridas"";""Pleno dia"";""Crescente"";""Chuva"";""Múltipla"";""Interseção de vias"";""Sim"";464835;""Automóvel"";""PEUGEOT/206 14 PRESEN FX"";2008;""Condutor"";""Lesões Graves"";33;""Masculino"";0;0;1;0;-20",17889309;-40,"26530538;""SR-ES"";""DEL12/2"";""UOP01/ES"""
"260503;580061;2020-01-03;""sexta"";""05:25:00"";""ES"";101;264","5;""SERRA"";""Sim"";""Desobediência às normas de trânsito pelo condutor"";1;""Colisão transversal"";""Com Vítimas Feridas"";""Pleno dia"";""Crescente"";""Chuva"";""Múltipla"";""Interseção de vias"";""Sim"";465222;""Caminhão"";""VOLVO/VM 330 8X2R"";2018;""Condutor"";""Ileso"";42;""Masculino"";1;0;0;0;-20",17889309;-40,"26530538;""SR-ES"";""DEL12/2"";""UOP01/ES"""
"260504;581213;2020-01-03;""sexta"";""05:35:00"";""SC"";470;61","8;""INDAIAL"";""Sim"";""Falta de Atenção à Condução"";1;""Capotamento"";""Com Vítimas Feridas"";""Pleno dia"";""Crescente"";""Nublado"";""Simples"";""Curva"";""Não"";464830;""Automóvel"";""VW/NOVO VOYAGE 1.6"";2013;""Passageiro"";""Lesões Leves"";23;""Feminino"";0;1;0;0;-26",87296395;-49,"19126901;""SR-SC"";""DEL8/4"";""UOP01/SC"""
"260504;581210;2020-01-03;""sexta"";""05:35:00"";""SC"";470;61","8;""INDAIAL"";""Sim"";""Falta de Atenção à Condução"";1;""Capotamento"";""Com Vítimas Feridas"";""Pleno dia"";""Crescente"";""Nublado"";""Simples"";""Curva"";""Não"";464830;""Automóvel"";""VW/NOVO VOYAGE 1.6"";2013;""Passageiro"";""Lesões Leves"";10;""Masculino"";0;1;0;0;-26",87296395;-49,"19126901;""SR-SC"";""DEL8/4"";""UOP01/SC"""
"260504;581206;2020-01-03;""sexta"";""05:35:00"";""SC"";470;61","8;""INDAIAL"";""Sim"";""Falta de Atenção à Condução"";1;""Capotamento"";""Com Vítimas Feridas"";""Pleno dia"";""Crescente"";""Nublado"";""Simples"";""Curva"";""Não"";464830;""Automóvel"";""VW/NOVO VOYAGE 1.6"";2013;""Passageiro"";""Lesões Leves"";49;""Feminino"";0;1;0;0;-26",87296395;-49,"19126901;""SR-SC"";""DEL8/4"";""UOP01/SC"""
"260504;581204;2020-01-03;""sexta"";""05:35:00"";""SC"";470;61","8;""INDAIAL"";""Sim"";""Falta de Atenção à Condução"";1;""Capotamento"";""Com Vítimas Feridas"";""Pleno dia"";""Crescente"";""Nublado"";""Simples"";""Curva"";""Não"";464830;""Automóvel"";""VW/NOVO VOYAGE 1.6"";2013;""Condutor"";""Lesões Leves"";36;""Masculino"";0;1;0;0;-26",87296395;-49,"19126901;""SR-SC"";""DEL8/4"";""UOP01/SC"""