"id;""pesid"";""data_inversa"";""dia_semana"";""horario"";""uf"";""br"";""km"";""municipio"";""causa_principal"";""causa_acidente"";""ordem_tipo_acidente"";""tipo_acidente"";""classificacao_acidente"";""fase_dia"";""sentido_via"";""condicao_metereologica"";""tipo_pista"";""tracado_via"";""uso_solo"";""id_veiculo"";""tipo_veiculo"";""marca"";""ano_fabricacao_veiculo"";""tipo_envolvido"";""estado_fisico"";""idade"";""sexo"";""ilesos"";""feridos_leves"";""feridos_graves"";""mortos"";""latitude"";""longitude"";""regional"";""delegacia"";""uop""",,,
"260505;579537;2020-01-02;""quinta"";""19:00:00"";""CE"";116;139","3;""RUSSAS"";""Sim"";""Falta de Atenção à Condução"";1;""Saída de leito carroçável"";""Com Vítimas Feridas"";""Plena Noite"";""Decrescente"";""Céu Claro"";""Simples"";""Reta"";""Não"";464839;""Motocicleta"";""YAMAHA/FACTOR YBR125 K"";2011;""Condutor"";""Lesões Graves"";37;""Masculino"";0;0;1;0;-4",75147981;-38,"06476096;""SR-CE"";""DEL16/3"";""UOP01/CE"""
"260506;579509;2020-01-03;""sexta"";""05:15:00"";""RS"";386;423;""MONTENEGRO"";""Sim"";""Condutor Dormindo"";2;""Colisão com objeto estático"";""Com Vítimas Feridas"";""Amanhecer"";""Decrescente"";""Sol"";""Dupla"";""Retorno Regulamentado"";""Não"";464821;""Caminhão"";""VOLVO/VM 270 6X2R"";2013;""Condutor"";""Lesões Leves"";41;""Masculino"";0;1;0;0;-29",816875;-51,"392719;""SR-RS"";""DEL9/4"";""UOP02/RS""",
"260506;579509;2020-01-03;""sexta"";""05:15:00"";""RS"";386;423;""MONTENEGRO"";""Sim"";""Condutor Dormindo"";1;""Saída de leito carroçável"";""Com Vítimas Feridas"";""Amanhecer"";""Decrescente"";""Sol"";""Dupla"";""Retorno Regulamentado"";""Não"";464821;""Caminhão"";""VOLVO/VM 270 6X2R"";2013;""Condutor"";""Lesões Leves"";41;""Masculino"";0;1;0;0;-29",816875;-51,"392719;""SR-RS"";""DEL9/4"";""UOP02/RS""",
"260507;579510;2020-01-02;""quinta"";""19:30:00"";""MG"";50;176;""UBERABA"";""Sim"";""Falta de Atenção à Condução"";2;""Colisão com objeto estático"";""Sem Vítimas"";""Plena Noite"";""Decrescente"";""Chuva"";""Dupla"";""Desvio Temporário"";""Sim"";464827;""Caminhão-trator"";"""";NA;""Condutor"";""Não Informado"";NA;""Não Informado"";0;0;0;0;-19",77919981;-47,"960032;""SR-MG"";""DEL13"";""UOP01/MG""",
"260507;579508;2020-01-02;""quinta"";""19:30:00"";""MG"";50;176;""UBERABA"";""Sim"";""Falta de Atenção à Condução"";2;""Colisão com objeto estático"";""Sem Vítimas"";""Plena Noite"";""Decrescente"";""Chuva"";""Dupla"";""Desvio Temporário"";""Sim"";464819;""Automóvel"";""FIAT/PALIO 1.0"";2000;""Condutor"";""Não Informado"";NA;""Não Informado"";0;0;0;0;-19",77919981;-47,"960032;""SR-MG"";""DEL13"";""UOP01/MG""",
"260507;579510;2020-01-02;""quinta"";""19:30:00"";""MG"";50;176;""UBERABA"";""Sim"";""Falta de Atenção à Condução"";1;""Colisão traseira"";""Sem Vítimas"";""Plena Noite"";""Decrescente"";""Chuva"";""Dupla"";""Desvio Temporário"";""Sim"";464827;""Caminhão-trator"";"""";NA;""Condutor"";""Não Informado"";NA;""Não Informado"";0;0;0;0;-19",77919981;-47,"960032;""SR-MG"";""DEL13"";""UOP01/MG""",
"260507;579508;2020-01-02;""quinta"";""19:30:00"";""MG"";50;176;""UBERABA"";""Sim"";""Falta de Atenção à Condução"";1;""Colisão traseira"";""Sem Vítimas"";""Plena Noite"";""Decrescente"";""Chuva"";""Dupla"";""Desvio Temporário"";""Sim"";464819;""Automóvel"";""FIAT/PALIO 1.0"";2000;""Condutor"";""Não Informado"";NA;""Não Informado"";0;0;0;0;-19",77919981;-47,"960032;""SR-MG"";""DEL13"";""UOP01/MG""",
"260508;580913;2020-01-03;""sexta"";""06:30:00"";""PI"";316;9;""TERESINA"";""Não"";""Desobediência às normas de trânsito pelo condutor"";1;""Colisão lateral"";""Com Vítimas Feridas"";""Amanhecer"";""Decrescente"";""Céu Claro"";""Simples"";""Reta"";""Sim"";464859;""Motocicleta"";""YAMAHA/FACTOR YBR125 K"";2011;""Passageiro"";""Lesões Leves"";30;""Feminino"";0;1;0;0;-5",17381686;-42,"76624952;""SR-PI"";""DEL17/1"";""UOP02/PI""",
"260508;580893;2020-01-03;""sexta"";""06:30:00"";""PI"";316;9;""TERESINA"";""Não"";""Desobediência às normas de trânsito pelo condutor"";1;""Colisão lateral"";""Com Vítimas Feridas"";""Amanhecer"";""Decrescente"";""Céu Claro"";""Simples"";""Reta"";""Sim"";464859;""Motocicleta"";""YAMAHA/FACTOR YBR125 K"";2011;""Condutor"";""Lesões Leves"";29;""Masculino"";0;1;0;0;-5",17381686;-42,"76624952;""SR-PI"";""DEL17/1"";""UOP02/PI""",
"260508;NA;2020-01-03;""sexta"";""06:30:00"";""PI"";316;9;""TERESINA"";""Não"";""Desobediência às normas de trânsito pelo condutor"";1;""Colisão lateral"";""Com Vítimas Feridas"";""Amanhecer"";""Decrescente"";""Céu Claro"";""Simples"";""Reta"";""Sim"";465781;""Semireboque"";""SR/GUERRA AG GR"";2012;""Não Informado"";""Não Informado"";NA;""Não Informado"";0;0;0;0;-5",17381686;-42,"76624952;""SR-PI"";""DEL17/1"";""UOP02/PI""",
"260508;580917;2020-01-03;""sexta"";""06:30:00"";""PI"";316;9;""TERESINA"";""Não"";""Desobediência às normas de trânsito pelo condutor"";1;""Colisão lateral"";""Com Vítimas Feridas"";""Amanhecer"";""Decrescente"";""Céu Claro"";""Simples"";""Reta"";""Sim"";464858;""Caminhão-trator"";""SCANIA/R 440 A6X2"";2012;""Condutor"";""Ileso"";52;""Masculino"";1;0;0;0;-5",17381686;-42,"76624952;""SR-PI"";""DEL17/1"";""UOP02/PI""",
"260508;580913;2020-01-03;""sexta"";""06:30:00"";""PI"";316;9;""TERESINA"";""Não"";""Desobediência às normas de trânsito pelo condutor"";2;""Queda de ocupante de veículo"";""Com Vítimas Feridas"";""Amanhecer"";""Decrescente"";""Céu Claro"";""Simples"";""Reta"";""Sim"";464859;""Motocicleta"";""YAMAHA/FACTOR YBR125 K"";2011;""Passageiro"";""Lesões Leves"";30;""Feminino"";0;1;0;0;-5",17381686;-42,"76624952;""SR-PI"";""DEL17/1"";""UOP02/PI""",
"260508;580893;2020-01-03;""sexta"";""06:30:00"";""PI"";316;9;""TERESINA"";""Não"";""Desobediência às normas de trânsito pelo condutor"";2;""Queda de ocupante de veículo"";""Com Vítimas Feridas"";""Amanhecer"";""Decrescente"";""Céu Claro"";""Simples"";""Reta"";""Sim"";464859;""Motocicleta"";""YAMAHA/FACTOR YBR125 K"";2011;""Condutor"";""Lesões Leves"";29;""Masculino"";0;1;0;0;-5",17381686;-42,"76624952;""SR-PI"";""DEL17/1"";""UOP02/PI""",
"260508;NA;2020-01-03;""sexta"";""06:30:00"";""PI"";316;9;""TERESINA"";""Não"";""Desobediência às normas de trânsito pelo condutor"";2;""Queda de ocupante de veículo"";""Com Vítimas Feridas"";""Amanhecer"";""Decrescente"";""Céu Claro"";""Simples"";""Reta"";""Sim"";465781;""Semireboque"";""SR/GUERRA AG GR"";2012;""Não Informado"";""Não Informado"";NA;""Não Informado"";0;0;0;0;-5",17381686;-42,"76624952;""SR-PI"";""DEL17/1"";""UOP02/PI""",
"260508;580917;2020-01-03;""sexta"";""06:30:00"";""PI"";316;9;""TERESINA"";""Não"";""Desobediência às normas de trânsito pelo condutor"";2;""Queda de ocupante de veículo"";""Com Vítimas Feridas"";""Amanhecer"";""Decrescente"";""Céu Claro"";""Simples"";""Reta"";""Sim"";464858;""Caminhão-trator"";""SCANIA/R 440 A6X2"";2012;""Condutor"";""Ileso"";52;""Masculino"";1;0;0;0;-5",17381686;-42,"76624952;""SR-PI"";""DEL17/1"";""UOP02/PI""",
"260508;580913;2020-01-03;""sexta"";""06:30:00"";""PI"";316;9;""TERESINA"";""Sim"";""Ultrapassagem Indevida"";1;""Colisão lateral"";""Com Vítimas Feridas"";""Amanhecer"";""Decrescente"";""Céu Claro"";""Simples"";""Reta"";""Sim"";464859;""Motocicleta"";""YAMAHA/FACTOR YBR125 K"";2011;""Passageiro"";""Lesões Leves"";30;""Feminino"";0;1;0;0;-5",17381686;-42,"76624952;""SR-PI"";""DEL17/1"";""UOP02/PI""",
"260508;580893;2020-01-03;""sexta"";""06:30:00"";""PI"";316;9;""TERESINA"";""Sim"";""Ultrapassagem Indevida"";1;""Colisão lateral"";""Com Vítimas Feridas"";""Amanhecer"";""Decrescente"";""Céu Claro"";""Simples"";""Reta"";""Sim"";464859;""Motocicleta"";""YAMAHA/FACTOR YBR125 K"";2011;""Condutor"";""Lesões Leves"";29;""Masculino"";0;1;0;0;-5",17381686;-42,"76624952;""SR-PI"";""DEL17/1"";""UOP02/PI""",
"260508;NA;2020-01-03;""sexta"";""06:30:00"";""PI"";316;9;""TERESINA"";""Sim"";""Ultrapassagem Indevida"";1;""Colisão lateral"";""Com Vítimas Feridas"";""Amanhecer"";""Decrescente"";""Céu Claro"";""Simples"";""Reta"";""Sim"";465781;""Semireboque"";""SR/GUERRA AG GR"";2012;""Não Informado"";""Não Informado"";NA;""Não Informado"";0;0;0;0;-5",17381686;-42,"76624952;""SR-PI"";""DEL17/1"";""UOP02/PI""",
"260508;580917;2020-01-03;""sexta"";""06:30:00"";""PI"";316;9;""TERESINA"";""Sim"";""Ultrapassagem Indevida"";1;""Colisão lateral"";""Com Vítimas Feridas"";""Amanhecer"";""Decrescente"";""Céu Claro"";""Simples"";""Reta"";""Sim"";464858;""Caminhão-trator"";""SCANIA/R 440 A6X2"";2012;""Condutor"";""Ileso"";52;""Masculino"";1;0;0;0;-5",17381686;-42,"76624952;""SR-PI"";""DEL17/1"";""UOP02/PI""",
"260508;580913;2020-01-03;""sexta"";""06:30:00"";""PI"";316;9;""TERESINA"";""Sim"";""Ultrapassagem Indevida"";2;""Queda de ocupante de veículo"";""Com Vítimas Feridas"";""Amanhecer"";""Decrescente"";""Céu Claro"";""Simples"";""Reta"";""Sim"";464859;""Motocicleta"";""YAMAHA/FACTOR YBR125 K"";2011;""Passageiro"";""Lesões Leves"";30;""Feminino"";0;1;0;0;-5",17381686;-42,"76624952;""SR-PI"";""DEL17/1"";""UOP02/PI""",
"260508;580893;2020-01-03;""sexta"";""06:30:00"";""PI"";316;9;""TERESINA"";""Sim"";""Ultrapassagem Indevida"";2;""Queda de ocupante de veículo"";""Com Vítimas Feridas"";""Amanhecer"";""Decrescente"";""Céu Claro"";""Simples"";""Reta"";""Sim"";464859;""Motocicleta"";""YAMAHA/FACTOR YBR125 K"";2011;""Condutor"";""Lesões Leves"";29;""Masculino"";0;1;0;0;-5",17381686;-42,"76624952;""SR-PI"";""DEL17/1"";""UOP02/PI""",
"260508;NA;2020-01-03;""sexta"";""06:30:00"";""PI"";316;9;""TERESINA"";""Sim"";""Ultrapassagem Indevida"";2;""Queda de ocupante de veículo"";""Com Vítimas Feridas"";""Amanhecer"";""Decrescente"";""Céu Claro"";""Simples"";""Reta"";""Sim"";465781;""Semireboque"";""SR/GUERRA AG GR"";2012;""Não Informado"";""Não Informado"";NA;""Não Informado"";0;0;0;0;-5",17381686;-42,"76624952;""SR-PI"";""DEL17/1"";""UOP02/PI""",
"260508;580917;2020-01-03;""sexta"";""06:30:00"";""PI"";316;9;""TERESINA"";""Sim"";""Ultrapassagem Indevida"";2;""Queda de ocupante de veículo"";""Com Vítimas Feridas"";""Amanhecer"";""Decrescente"";""Céu Claro"";""Simples"";""Reta"";""Sim"";464858;""Caminhão-trator"";""SCANIA/R 440 A6X2"";2012;""Condutor"";""Ileso"";52;""Masculino"";1;0;0;0;-5",17381686;-42,"76624952;""SR-PI"";""DEL17/1"";""UOP02/PI""",
"260509;580521;2020-01-03;""sexta"";""06:40:00"";""SP"";116;340;""JUQUITIBA"";""Sim"";""Defeito Mecânico no Veículo"";1;""Saída de leito carroçável"";""Com Vítimas Feridas"";""Pleno dia"";""Decrescente"";""Nublado"";""Dupla"";""Curva"";""Não"";464862;""Automóvel"";""GM/CORSA GL 1.6"";1996;""Condutor"";""Ileso"";44;""Masculino"";1;0;0;0;-24",00328505;-47,"15633198;""SR-SP"";""DEL6/4"";""UOP03/SP""",
"260509;580522;2020-01-03;""sexta"";""06:40:00"";""SP"";116;340;""JUQUITIBA"";""Sim"";""Defeito Mecânico no Veículo"";1;""Saída de leito carroçável"";""Com Vítimas Feridas"";""Pleno dia"";""Decrescente"";""Nublado"";""Dupla"";""Curva"";""Não"";464862;""Automóvel"";""GM/CORSA GL 1.6"";1996;""Passageiro"";""Lesões Leves"";39;""Feminino"";0;1;0;0;-24",00328505;-47,"15633198;""SR-SP"";""DEL6/4"";""UOP03/SP""",
"260510;581888;2020-01-03;""sexta"";""06:55:00"";""BA"";407;5;""JUAZEIRO"";""Sim"";""Desobediência às normas de trânsito pelo condutor"";1;""Colisão frontal"";""Com Vítimas Feridas"";""Pleno dia"";""Crescente"";""Nublado"";""Simples"";""Reta"";""Sim"";464849;""Motocicleta"";""YAMAHA/YBR125 FACTOR K1"";2014;""Condutor"";""Lesões Leves"";37;""Masculino"";0;1;0;0;-9",44778544;-40,"49043801;""SR-BA"";""DEL10/4"";""UOP01/BA""",
"260510;579530;2020-01-03;""sexta"";""06:55:00"";""BA"";407;5;""JUAZEIRO"";""Sim"";""Desobediência às normas de trânsito pelo condutor"";1;""Colisão frontal"";""Com Vítimas Feridas"";""Pleno dia"";""Crescente"";""Nublado"";""Simples"";""Reta"";""Sim"";464848;""Motocicleta"";""YAMAHA/FACTOR YBR125 K"";2012;""Condutor"";""Lesões Leves"";48;""Masculino"";0;1;0;0;-9",44778544;-40,"49043801;""SR-BA"";""DEL10/4"";""UOP01/BA""",
"260511;581173;2020-01-03;""sexta"";""04:40:00"";""MS"";163;0","6;""MUNDO NOVO"";""Sim"";""Desobediência às normas de trânsito pelo condutor"";3;""Saída de leito carroçável"";""Sem Vítimas"";""Amanhecer"";""Crescente"";""Céu Claro"";""Simples"";""Reta"";""Não"";464861;""Caminhonete"";""NISSAN/FRONTIER XE 25 X4"";2011;""Condutor"";""Ileso"";25;""Masculino"";1;0;0;0;-24",044483;-54,"272316;""SR-MS"";""DEL3/09"";""UOP02/MS"""
"260511;581171;2020-01-03;""sexta"";""04:40:00"";""MS"";163;0","6;""MUNDO NOVO"";""Sim"";""Desobediência às normas de trânsito pelo condutor"";3;""Saída de leito carroçável"";""Sem Vítimas"";""Amanhecer"";""Crescente"";""Céu Claro"";""Simples"";""Reta"";""Não"";464860;""Caminhonete"";""I/TOYOTA HILUX CDLOWM4FD"";2018;""Condutor"";""Ileso"";38;""Masculino"";1;0;0;0;-24",044483;-54,"272316;""SR-MS"";""DEL3/09"";""UOP02/MS"""
"260511;581173;2020-01-03;""sexta"";""04:40:00"";""MS"";163;0","6;""MUNDO NOVO"";""Sim"";""Desobediência às normas de trânsito pelo condutor"";2;""Colisão lateral"";""Sem Vítimas"";""Amanhecer"";""Crescente"";""Céu Claro"";""Simples"";""Reta"";""Não"";464861;""Caminhonete"";""NISSAN/FRONTIER XE 25 X4"";2011;""Condutor"";""Ileso"";25;""Masculino"";1;0;0;0;-24",044483;-54,"272316;""SR-MS"";""DEL3/09"";""UOP02/MS"""
"260511;581171;2020-01-03;""sexta"";""04:40:00"";""MS"";163;0","6;""MUNDO NOVO"";""Sim"";""Desobediência às normas de trânsito pelo condutor"";2;""Colisão lateral"";""Sem Vítimas"";""Amanhecer"";""Crescente"";""Céu Claro"";""Simples"";""Reta"";""Não"";464860;""Caminhonete"";""I/TOYOTA HILUX CDLOWM4FD"";2018;""Condutor"";""Ileso"";38;""Masculino"";1;0;0;0;-24",044483;-54,"272316;""SR-MS"";""DEL3/09"";""UOP02/MS"""
"260511;581173;2020-01-03;""sexta"";""04:40:00"";""MS"";163;0","6;""MUNDO NOVO"";""Sim"";""Desobediência às normas de trânsito pelo condutor"";1;""Colisão traseira"";""Sem Vítimas"";""Amanhecer"";""Crescente"";""Céu Claro"";""Simples"";""Reta"";""Não"";464861;""Caminhonete"";""NISSAN/FRONTIER XE 25 X4"";2011;""Condutor"";""Ileso"";25;""Masculino"";1;0;0;0;-24",044483;-54,"272316;""SR-MS"";""DEL3/09"";""UOP02/MS"""
"260511;581171;2020-01-03;""sexta"";""04:40:00"";""MS"";163;0","6;""MUNDO NOVO"";""Sim"";""Desobediência às normas de trânsito pelo condutor"";1;""Colisão traseira"";""Sem Vítimas"";""Amanhecer"";""Crescente"";""Céu Claro"";""Simples"";""Reta"";""Não"";464860;""Caminhonete"";""I/TOYOTA HILUX CDLOWM4FD"";2018;""Condutor"";""Ileso"";38;""Masculino"";1;0;0;0;-24",044483;-54,"272316;""SR-MS"";""DEL3/09"";""UOP02/MS"""
"260511;581173;2020-01-03;""sexta"";""04:40:00"";""MS"";163;0","6;""MUNDO NOVO"";""Não"";""Ultrapassagem Indevida"";3;""Saída de leito carroçável"";""Sem Vítimas"";""Amanhecer"";""Crescente"";""Céu Claro"";""Simples"";""Reta"";""Não"";464861;""Caminhonete"";""NISSAN/FRONTIER XE 25 X4"";2011;""Condutor"";""Ileso"";25;""Masculino"";1;0;0;0;-24",044483;-54,"272316;""SR-MS"";""DEL3/09"";""UOP02/MS"""
"260511;581171;2020-01-03;""sexta"";""04:40:00"";""MS"";163;0","6;""MUNDO NOVO"";""Não"";""Ultrapassagem Indevida"";3;""Saída de leito carroçável"";""Sem Vítimas"";""Amanhecer"";""Crescente"";""Céu Claro"";""Simples"";""Reta"";""Não"";464860;""Caminhonete"";""I/TOYOTA HILUX CDLOWM4FD"";2018;""Condutor"";""Ileso"";38;""Masculino"";1;0;0;0;-24",044483;-54,"272316;""SR-MS"";""DEL3/09"";""UOP02/MS"""
"260511;581173;2020-01-03;""sexta"";""04:40:00"";""MS"";163;0","6;""MUNDO NOVO"";""Não"";""Ultrapassagem Indevida"";2;""Colisão lateral"";""Sem Vítimas"";""Amanhecer"";""Crescente"";""Céu Claro"";""Simples"";""Reta"";""Não"";464861;""Caminhonete"";""NISSAN/FRONTIER XE 25 X4"";2011;""Condutor"";""Ileso"";25;""Masculino"";1;0;0;0;-24",044483;-54,"272316;""SR-MS"";""DEL3/09"";""UOP02/MS"""
"260511;581171;2020-01-03;""sexta"";""04:40:00"";""MS"";163;0","6;""MUNDO NOVO"";""Não"";""Ultrapassagem Indevida"";2;""Colisão lateral"";""Sem Vítimas"";""Amanhecer"";""Crescente"";""Céu Claro"";""Simples"";""Reta"";""Não"";464860;""Caminhonete"";""I/TOYOTA HILUX CDLOWM4FD"";2018;""Condutor"";""Ileso"";38;""Masculino"";1;0;0;0;-24",044483;-54,"272316;""SR-MS"";""DEL3/09"";""UOP02/MS"""
"260511;581173;2020-01-03;""sexta"";""04:40:00"";""MS"";163;0","6;""MUNDO NOVO"";""Não"";""Ultrapassagem Indevida"";1;""Colisão traseira"";""Sem Vítimas"";""Amanhecer"";""Crescente"";""Céu Claro"";""Simples"";""Reta"";""Não"";464861;""Caminhonete"";""NISSAN/FRONTIER XE 25 X4"";2011;""Condutor"";""Ileso"";25;""Masculino"";1;0;0;0;-24",044483;-54,"272316;""SR-MS"";""DEL3/09"";""UOP02/MS"""
"260511;581171;2020-01-03;""sexta"";""04:40:00"";""MS"";163;0","6;""MUNDO NOVO"";""Não"";""Ultrapassagem Indevida"";1;""Colisão traseira"";""Sem Vítimas"";""Amanhecer"";""Crescente"";""Céu Claro"";""Simples"";""Reta"";""Não"";464860;""Caminhonete"";""I/TOYOTA HILUX CDLOWM4FD"";2018;""Condutor"";""Ileso"";38;""Masculino"";1;0;0;0;-24",044483;-54,"272316;""SR-MS"";""DEL3/09"";""UOP02/MS"""
"260512;581494;2020-01-03;""sexta"";""06:10:00"";""SP"";101;47","2;""UBATUBA"";""Sim"";""Falta de Atenção à Condução"";1;""Colisão transversal"";""Com Vítimas Feridas"";""Amanhecer"";""Decrescente"";""Céu Claro"";""Simples"";""Rotatória"";""Sim"";464846;""Bicicleta"";"""";NA;""Condutor"";""Lesões Leves"";17;""Feminino"";0;1;0;0;-23",43387535;-45,"08591652;""SR-SP"";""DEL6"";""UOP03/SP"""
"260512;581488;2020-01-03;""sexta"";""06:10:00"";""SP"";101;47","2;""UBATUBA"";""Sim"";""Falta de Atenção à Condução"";1;""Colisão transversal"";""Com Vítimas Feridas"";""Amanhecer"";""Decrescente"";""Céu Claro"";""Simples"";""Rotatória"";""Sim"";464845;""Automóvel"";""CHEV/PRISMA 1.4AT LT"";2013;""Condutor"";""Ileso"";43;""Masculino"";1;0;0;0;-23",43387535;-45,"08591652;""SR-SP"";""DEL6"";""UOP03/SP"""
"260513;581030;2020-01-03;""sexta"";""06:30:00"";""PR"";476;147","5;""ARAUCARIA"";""Sim"";""Não guardar distância de segurança"";3;""Queda de ocupante de veículo"";""Com Vítimas Feridas"";""Pleno dia"";""Decrescente"";""Nublado"";""Dupla"";""Reta"";""Sim"";464838;""Automóvel"";""FIAT/UNO MILLE FIRE FLEX"";2008;""Condutor"";""Lesões Leves"";41;""Masculino"";0;1;0;0;-25",554628;-49,"339268;""SR-PR"";""DEL7/1"";""UOP04/PR"""
"260513;581026;2020-01-03;""sexta"";""06:30:00"";""PR"";476;147","5;""ARAUCARIA"";""Sim"";""Não guardar distância de segurança"";3;""Queda de ocupante de veículo"";""Com Vítimas Feridas"";""Pleno dia"";""Decrescente"";""Nublado"";""Dupla"";""Reta"";""Sim"";464837;""Motocicleta"";""HONDA/CG 150 TITAN ESD"";2009;""Condutor"";""Lesões Leves"";29;""Masculino"";0;1;0;0;-25",554628;-49,"339268;""SR-PR"";""DEL7/1"";""UOP04/PR"""
"260513;581030;2020-01-03;""sexta"";""06:30:00"";""PR"";476;147","5;""ARAUCARIA"";""Sim"";""Não guardar distância de segurança"";2;""Tombamento"";""Com Vítimas Feridas"";""Pleno dia"";""Decrescente"";""Nublado"";""Dupla"";""Reta"";""Sim"";464838;""Automóvel"";""FIAT/UNO MILLE FIRE FLEX"";2008;""Condutor"";""Lesões Leves"";41;""Masculino"";0;1;0;0;-25",554628;-49,"339268;""SR-PR"";""DEL7/1"";""UOP04/PR"""
"260513;581026;2020-01-03;""sexta"";""06:30:00"";""PR"";476;147","5;""ARAUCARIA"";""Sim"";""Não guardar distância de segurança"";2;""Tombamento"";""Com Vítimas Feridas"";""Pleno dia"";""Decrescente"";""Nublado"";""Dupla"";""Reta"";""Sim"";464837;""Motocicleta"";""HONDA/CG 150 TITAN ESD"";2009;""Condutor"";""Lesões Leves"";29;""Masculino"";0;1;0;0;-25",554628;-49,"339268;""SR-PR"";""DEL7/1"";""UOP04/PR"""
"260513;581030;2020-01-03;""sexta"";""06:30:00"";""PR"";476;147","5;""ARAUCARIA"";""Sim"";""Não guardar distância de segurança"";1;""Colisão traseira"";""Com Vítimas Feridas"";""Pleno dia"";""Decrescente"";""Nublado"";""Dupla"";""Reta"";""Sim"";464838;""Automóvel"";""FIAT/UNO MILLE FIRE FLEX"";2008;""Condutor"";""Lesões Leves"";41;""Masculino"";0;1;0;0;-25",554628;-49,"339268;""SR-PR"";""DEL7/1"";""UOP04/PR"""
"260513;581026;2020-01-03;""sexta"";""06:30:00"";""PR"";476;147","5;""ARAUCARIA"";""Sim"";""Não guardar distância de segurança"";1;""Colisão traseira"";""Com Vítimas Feridas"";""Pleno dia"";""Decrescente"";""Nublado"";""Dupla"";""Reta"";""Sim"";464837;""Motocicleta"";""HONDA/CG 150 TITAN ESD"";2009;""Condutor"";""Lesões Leves"";29;""Masculino"";0;1;0;0;-25",554628;-49,"339268;""SR-PR"";""DEL7/1"";""UOP04/PR"""
"260515;580683;2020-01-03;""sexta"";""05:50:00"";""MG"";262;61;""MATIPO"";""Não"";""Defeito na Via"";1;""Colisão com objeto estático"";""Com Vítimas Feridas"";""Pleno dia"";""Crescente"";""Chuva"";""Simples"";""Curva"";""Não"";464850;""Automóvel"";""FORD/KA SE 1.0 HA C"";2019;""Passageiro"";""Lesões Leves"";11;""Feminino"";0;1;0;0;-20",2924829;-42,"21744498;""SR-MG"";""DEL4/6"";""UOP04/MG""",
"260515;580682;2020-01-03;""sexta"";""05:50:00"";""MG"";262;61;""MATIPO"";""Não"";""Defeito na Via"";1;""Colisão com objeto estático"";""Com Vítimas Feridas"";""Pleno dia"";""Crescente"";""Chuva"";""Simples"";""Curva"";""Não"";464850;""Automóvel"";""FORD/KA SE 1.0 HA C"";2019;""Passageiro"";""Lesões Leves"";67;""Masculino"";0;1;0;0;-20",2924829;-42,"21744498;""SR-MG"";""DEL4/6"";""UOP04/MG""",
"260515;580680;2020-01-03;""sexta"";""05:50:00"";""MG"";262;61;""MATIPO"";""Não"";""Defeito na Via"";1;""Colisão com objeto estático"";""Com Vítimas Feridas"";""Pleno dia"";""Crescente"";""Chuva"";""Simples"";""Curva"";""Não"";464850;""Automóvel"";""FORD/KA SE 1.0 HA C"";2019;""Passageiro"";""Lesões Leves"";61;""Feminino"";0;1;0;0;-20",2924829;-42,"21744498;""SR-MG"";""DEL4/6"";""UOP04/MG""",
"260515;580679;2020-01-03;""sexta"";""05:50:00"";""MG"";262;61;""MATIPO"";""Não"";""Defeito na Via"";1;""Colisão com objeto estático"";""Com Vítimas Feridas"";""Pleno dia"";""Crescente"";""Chuva"";""Simples"";""Curva"";""Não"";464850;""Automóvel"";""FORD/KA SE 1.0 HA C"";2019;""Condutor"";""Lesões Leves"";24;""Masculino"";0;1;0;0;-20",2924829;-42,"21744498;""SR-MG"";""DEL4/6"";""UOP04/MG""",
"260515;580683;2020-01-03;""sexta"";""05:50:00"";""MG"";262;61;""MATIPO"";""Não"";""Defeito na Via"";2;""Colisão com objeto estático"";""Com Vítimas Feridas"";""Pleno dia"";""Crescente"";""Chuva"";""Simples"";""Curva"";""Não"";464850;""Automóvel"";""FORD/KA SE 1.0 HA C"";2019;""Passageiro"";""Lesões Leves"";11;""Feminino"";0;1;0;0;-20",2924829;-42,"21744498;""SR-MG"";""DEL4/6"";""UOP04/MG""",
"260515;580682;2020-01-03;""sexta"";""05:50:00"";""MG"";262;61;""MATIPO"";""Não"";""Defeito na Via"";2;""Colisão com objeto estático"";""Com Vítimas Feridas"";""Pleno dia"";""Crescente"";""Chuva"";""Simples"";""Curva"";""Não"";464850;""Automóvel"";""FORD/KA SE 1.0 HA C"";2019;""Passageiro"";""Lesões Leves"";67;""Masculino"";0;1;0;0;-20",2924829;-42,"21744498;""SR-MG"";""DEL4/6"";""UOP04/MG""",
"260515;580680;2020-01-03;""sexta"";""05:50:00"";""MG"";262;61;""MATIPO"";""Não"";""Defeito na Via"";2;""Colisão com objeto estático"";""Com Vítimas Feridas"";""Pleno dia"";""Crescente"";""Chuva"";""Simples"";""Curva"";""Não"";464850;""Automóvel"";""FORD/KA SE 1.0 HA C"";2019;""Passageiro"";""Lesões Leves"";61;""Feminino"";0;1;0;0;-20",2924829;-42,"21744498;""SR-MG"";""DEL4/6"";""UOP04/MG""",
"260515;580679;2020-01-03;""sexta"";""05:50:00"";""MG"";262;61;""MATIPO"";""Não"";""Defeito na Via"";2;""Colisão com objeto estático"";""Com Vítimas Feridas"";""Pleno dia"";""Crescente"";""Chuva"";""Simples"";""Curva"";""Não"";464850;""Automóvel"";""FORD/KA SE 1.0 HA C"";2019;""Condutor"";""Lesões Leves"";24;""Masculino"";0;1;0;0;-20",2924829;-42,"21744498;""SR-MG"";""DEL4/6"";""UOP04/MG""",