"id;""pesid"";""data_inversa"";""dia_semana"";""horario"";""uf"";""br"";""km"";""municipio"";""causa_principal"";""causa_acidente"";""ordem_tipo_acidente"";""tipo_acidente"";""classificacao_acidente"";""fase_dia"";""sentido_via"";""condicao_metereologica"";""tipo_pista"";""tracado_via"";""uso_solo"";""id_veiculo"";""tipo_veiculo"";""marca"";""ano_fabricacao_veiculo"";""tipo_envolvido"";""estado_fisico"";""idade"";""sexo"";""ilesos"";""feridos_leves"";""feridos_graves"";""mortos"";""latitude"";""longitude"";""regional"";""delegacia"";""uop""",,,
"260515;580683;2020-01-03;""sexta"";""05:50:00"";""MG"";262;61;""MATIPO"";""Sim"";""Condutor Dormindo"";1;""Colisão com objeto estático"";""Com Vítimas Feridas"";""Pleno dia"";""Crescente"";""Chuva"";""Simples"";""Curva"";""Não"";464850;""Automóvel"";""FORD/KA SE 1.0 HA C"";2019;""Passageiro"";""Lesões Leves"";11;""Feminino"";0;1;0;0;-20",2924829;-42,"21744498;""SR-MG"";""DEL4/6"";""UOP04/MG""",
"260515;580682;2020-01-03;""sexta"";""05:50:00"";""MG"";262;61;""MATIPO"";""Sim"";""Condutor Dormindo"";1;""Colisão com objeto estático"";""Com Vítimas Feridas"";""Pleno dia"";""Crescente"";""Chuva"";""Simples"";""Curva"";""Não"";464850;""Automóvel"";""FORD/KA SE 1.0 HA C"";2019;""Passageiro"";""Lesões Leves"";67;""Masculino"";0;1;0;0;-20",2924829;-42,"21744498;""SR-MG"";""DEL4/6"";""UOP04/MG""",
"260515;580680;2020-01-03;""sexta"";""05:50:00"";""MG"";262;61;""MATIPO"";""Sim"";""Condutor Dormindo"";1;""Colisão com objeto estático"";""Com Vítimas Feridas"";""Pleno dia"";""Crescente"";""Chuva"";""Simples"";""Curva"";""Não"";464850;""Automóvel"";""FORD/KA SE 1.0 HA C"";2019;""Passageiro"";""Lesões Leves"";61;""Feminino"";0;1;0;0;-20",2924829;-42,"21744498;""SR-MG"";""DEL4/6"";""UOP04/MG""",
"260515;580679;2020-01-03;""sexta"";""05:50:00"";""MG"";262;61;""MATIPO"";""Sim"";""Condutor Dormindo"";1;""Colisão com objeto estático"";""Com Vítimas Feridas"";""Pleno dia"";""Crescente"";""Chuva"";""Simples"";""Curva"";""Não"";464850;""Automóvel"";""FORD/KA SE 1.0 HA C"";2019;""Condutor"";""Lesões Leves"";24;""Masculino"";0;1;0;0;-20",2924829;-42,"21744498;""SR-MG"";""DEL4/6"";""UOP04/MG""",
"260515;580683;2020-01-03;""sexta"";""05:50:00"";""MG"";262;61;""MATIPO"";""Sim"";""Condutor Dormindo"";2;""Colisão com objeto estático"";""Com Vítimas Feridas"";""Pleno dia"";""Crescente"";""Chuva"";""Simples"";""Curva"";""Não"";464850;""Automóvel"";""FORD/KA SE 1.0 HA C"";2019;""Passageiro"";""Lesões Leves"";11;""Feminino"";0;1;0;0;-20",2924829;-42,"21744498;""SR-MG"";""DEL4/6"";""UOP04/MG""",
"260515;580682;2020-01-03;""sexta"";""05:50:00"";""MG"";262;61;""MATIPO"";""Sim"";""Condutor Dormindo"";2;""Colisão com objeto estático"";""Com Vítimas Feridas"";""Pleno dia"";""Crescente"";""Chuva"";""Simples"";""Curva"";""Não"";464850;""Automóvel"";""FORD/KA SE 1.0 HA C"";2019;""Passageiro"";""Lesões Leves"";67;""Masculino"";0;1;0;0;-20",2924829;-42,"21744498;""SR-MG"";""DEL4/6"";""UOP04/MG""",
"260515;580680;2020-01-03;""sexta"";""05:50:00"";""MG"";262;61;""MATIPO"";""Sim"";""Condutor Dormindo"";2;""Colisão com objeto estático"";""Com Vítimas Feridas"";""Pleno dia"";""Crescente"";""Chuva"";""Simples"";""Curva"";""Não"";464850;""Automóvel"";""FORD/KA SE 1.0 HA C"";2019;""Passageiro"";""Lesões Leves"";61;""Feminino"";0;1;0;0;-20",2924829;-42,"21744498;""SR-MG"";""DEL4/6"";""UOP04/MG""",
"260515;580679;2020-01-03;""sexta"";""05:50:00"";""MG"";262;61;""MATIPO"";""Sim"";""Condutor Dormindo"";2;""Colisão com objeto estático"";""Com Vítimas Feridas"";""Pleno dia"";""Crescente"";""Chuva"";""Simples"";""Curva"";""Não"";464850;""Automóvel"";""FORD/KA SE 1.0 HA C"";2019;""Condutor"";""Lesões Leves"";24;""Masculino"";0;1;0;0;-20",2924829;-42,"21744498;""SR-MG"";""DEL4/6"";""UOP04/MG""",
"260518;579747;2020-01-03;""sexta"";""08:25:00"";""MG"";40;462","8;""SETE LAGOAS"";""Sim"";""Falta de Atenção à Condução"";1;""Colisão traseira"";""Com Vítimas Feridas"";""Pleno dia"";""Decrescente"";""Nublado"";""Dupla"";""Não Informado"";""Não"";464984;""Automóvel"";""VW/T CROSS CL TSI AD"";2019;""Passageiro"";""Ileso"";5;""Masculino"";1;0;0;0;-19",418214;-44,"339468;""SR-MG"";""DEL4/2"";""UOP01/MG"""
"260518;579750;2020-01-03;""sexta"";""08:25:00"";""MG"";40;462","8;""SETE LAGOAS"";""Sim"";""Falta de Atenção à Condução"";1;""Colisão traseira"";""Com Vítimas Feridas"";""Pleno dia"";""Decrescente"";""Nublado"";""Dupla"";""Não Informado"";""Não"";464984;""Automóvel"";""VW/T CROSS CL TSI AD"";2019;""Testemunha"";""Não Informado"";NA;""Não Informado"";0;0;0;0;-19",418214;-44,"339468;""SR-MG"";""DEL4/2"";""UOP01/MG"""
"260518;579745;2020-01-03;""sexta"";""08:25:00"";""MG"";40;462","8;""SETE LAGOAS"";""Sim"";""Falta de Atenção à Condução"";1;""Colisão traseira"";""Com Vítimas Feridas"";""Pleno dia"";""Decrescente"";""Nublado"";""Dupla"";""Não Informado"";""Não"";464984;""Automóvel"";""VW/T CROSS CL TSI AD"";2019;""Passageiro"";""Lesões Leves"";35;""Feminino"";0;1;0;0;-19",418214;-44,"339468;""SR-MG"";""DEL4/2"";""UOP01/MG"""
"260518;579744;2020-01-03;""sexta"";""08:25:00"";""MG"";40;462","8;""SETE LAGOAS"";""Sim"";""Falta de Atenção à Condução"";1;""Colisão traseira"";""Com Vítimas Feridas"";""Pleno dia"";""Decrescente"";""Nublado"";""Dupla"";""Não Informado"";""Não"";464984;""Automóvel"";""VW/T CROSS CL TSI AD"";2019;""Condutor"";""Lesões Leves"";29;""Masculino"";0;1;0;0;-19",418214;-44,"339468;""SR-MG"";""DEL4/2"";""UOP01/MG"""
"260518;579750;2020-01-03;""sexta"";""08:25:00"";""MG"";40;462","8;""SETE LAGOAS"";""Sim"";""Falta de Atenção à Condução"";1;""Colisão traseira"";""Com Vítimas Feridas"";""Pleno dia"";""Decrescente"";""Nublado"";""Dupla"";""Não Informado"";""Não"";464983;""Caminhão-trator"";""M.BENZ/ACTROS 2651LS6X4"";2018;""Testemunha"";""Não Informado"";NA;""Não Informado"";0;0;0;0;-19",418214;-44,"339468;""SR-MG"";""DEL4/2"";""UOP01/MG"""
"260518;579741;2020-01-03;""sexta"";""08:25:00"";""MG"";40;462","8;""SETE LAGOAS"";""Sim"";""Falta de Atenção à Condução"";1;""Colisão traseira"";""Com Vítimas Feridas"";""Pleno dia"";""Decrescente"";""Nublado"";""Dupla"";""Não Informado"";""Não"";464983;""Caminhão-trator"";""M.BENZ/ACTROS 2651LS6X4"";2018;""Condutor"";""Ileso"";59;""Masculino"";1;0;0;0;-19",418214;-44,"339468;""SR-MG"";""DEL4/2"";""UOP01/MG"""
"260518;579750;2020-01-03;""sexta"";""08:25:00"";""MG"";40;462","8;""SETE LAGOAS"";""Sim"";""Falta de Atenção à Condução"";1;""Colisão traseira"";""Com Vítimas Feridas"";""Pleno dia"";""Decrescente"";""Nublado"";""Dupla"";""Não Informado"";""Não"";464990;""Semireboque"";""SR/RANDON SR TQ"";2012;""Testemunha"";""Não Informado"";NA;""Não Informado"";0;0;0;0;-19",418214;-44,"339468;""SR-MG"";""DEL4/2"";""UOP01/MG"""
"260519;581838;2020-01-03;""sexta"";""06:00:00"";""SC"";282;435;""VARGEM BONITA"";""Sim"";""Condutor Dormindo"";2;""Saída de leito carroçável"";""Com Vítimas Feridas"";""Pleno dia"";""Decrescente"";""Céu Claro"";""Simples"";""Reta"";""Não"";464856;""Automóvel"";""RENAULT/SANDERO AUT1016V"";2011;""Condutor"";""Lesões Leves"";55;""Masculino"";0;1;0;0;-26",973248;-51,"841671;""SR-SC"";""DEL7"";""UOP05/SC""",
"260519;581841;2020-01-03;""sexta"";""06:00:00"";""SC"";282;435;""VARGEM BONITA"";""Sim"";""Condutor Dormindo"";2;""Saída de leito carroçável"";""Com Vítimas Feridas"";""Pleno dia"";""Decrescente"";""Céu Claro"";""Simples"";""Reta"";""Não"";464856;""Automóvel"";""RENAULT/SANDERO AUT1016V"";2011;""Passageiro"";""Lesões Leves"";18;""Feminino"";0;1;0;0;-26",973248;-51,"841671;""SR-SC"";""DEL7"";""UOP05/SC""",
"260519;581840;2020-01-03;""sexta"";""06:00:00"";""SC"";282;435;""VARGEM BONITA"";""Sim"";""Condutor Dormindo"";2;""Saída de leito carroçável"";""Com Vítimas Feridas"";""Pleno dia"";""Decrescente"";""Céu Claro"";""Simples"";""Reta"";""Não"";464856;""Automóvel"";""RENAULT/SANDERO AUT1016V"";2011;""Passageiro"";""Ileso"";47;""Feminino"";1;0;0;0;-26",973248;-51,"841671;""SR-SC"";""DEL7"";""UOP05/SC""",
"260519;581805;2020-01-03;""sexta"";""06:00:00"";""SC"";282;435;""VARGEM BONITA"";""Sim"";""Condutor Dormindo"";2;""Saída de leito carroçável"";""Com Vítimas Feridas"";""Pleno dia"";""Decrescente"";""Céu Claro"";""Simples"";""Reta"";""Não"";464855;""Automóvel"";""FIAT/PALIO FIRE"";2014;""Condutor"";""Lesões Leves"";57;""Masculino"";0;1;0;0;-26",973248;-51,"841671;""SR-SC"";""DEL7"";""UOP05/SC""",
"260519;581837;2020-01-03;""sexta"";""06:00:00"";""SC"";282;435;""VARGEM BONITA"";""Sim"";""Condutor Dormindo"";2;""Saída de leito carroçável"";""Com Vítimas Feridas"";""Pleno dia"";""Decrescente"";""Céu Claro"";""Simples"";""Reta"";""Não"";464855;""Automóvel"";""FIAT/PALIO FIRE"";2014;""Passageiro"";""Ileso"";46;""Feminino"";1;0;0;0;-26",973248;-51,"841671;""SR-SC"";""DEL7"";""UOP05/SC""",
"260519;581806;2020-01-03;""sexta"";""06:00:00"";""SC"";282;435;""VARGEM BONITA"";""Sim"";""Condutor Dormindo"";2;""Saída de leito carroçável"";""Com Vítimas Feridas"";""Pleno dia"";""Decrescente"";""Céu Claro"";""Simples"";""Reta"";""Não"";464855;""Automóvel"";""FIAT/PALIO FIRE"";2014;""Passageiro"";""Ileso"";51;""Feminino"";1;0;0;0;-26",973248;-51,"841671;""SR-SC"";""DEL7"";""UOP05/SC""",
"260519;581838;2020-01-03;""sexta"";""06:00:00"";""SC"";282;435;""VARGEM BONITA"";""Sim"";""Condutor Dormindo"";1;""Colisão lateral"";""Com Vítimas Feridas"";""Pleno dia"";""Decrescente"";""Céu Claro"";""Simples"";""Reta"";""Não"";464856;""Automóvel"";""RENAULT/SANDERO AUT1016V"";2011;""Condutor"";""Lesões Leves"";55;""Masculino"";0;1;0;0;-26",973248;-51,"841671;""SR-SC"";""DEL7"";""UOP05/SC""",
"260519;581841;2020-01-03;""sexta"";""06:00:00"";""SC"";282;435;""VARGEM BONITA"";""Sim"";""Condutor Dormindo"";1;""Colisão lateral"";""Com Vítimas Feridas"";""Pleno dia"";""Decrescente"";""Céu Claro"";""Simples"";""Reta"";""Não"";464856;""Automóvel"";""RENAULT/SANDERO AUT1016V"";2011;""Passageiro"";""Lesões Leves"";18;""Feminino"";0;1;0;0;-26",973248;-51,"841671;""SR-SC"";""DEL7"";""UOP05/SC""",
"260519;581840;2020-01-03;""sexta"";""06:00:00"";""SC"";282;435;""VARGEM BONITA"";""Sim"";""Condutor Dormindo"";1;""Colisão lateral"";""Com Vítimas Feridas"";""Pleno dia"";""Decrescente"";""Céu Claro"";""Simples"";""Reta"";""Não"";464856;""Automóvel"";""RENAULT/SANDERO AUT1016V"";2011;""Passageiro"";""Ileso"";47;""Feminino"";1;0;0;0;-26",973248;-51,"841671;""SR-SC"";""DEL7"";""UOP05/SC""",
"260519;581805;2020-01-03;""sexta"";""06:00:00"";""SC"";282;435;""VARGEM BONITA"";""Sim"";""Condutor Dormindo"";1;""Colisão lateral"";""Com Vítimas Feridas"";""Pleno dia"";""Decrescente"";""Céu Claro"";""Simples"";""Reta"";""Não"";464855;""Automóvel"";""FIAT/PALIO FIRE"";2014;""Condutor"";""Lesões Leves"";57;""Masculino"";0;1;0;0;-26",973248;-51,"841671;""SR-SC"";""DEL7"";""UOP05/SC""",
"260519;581837;2020-01-03;""sexta"";""06:00:00"";""SC"";282;435;""VARGEM BONITA"";""Sim"";""Condutor Dormindo"";1;""Colisão lateral"";""Com Vítimas Feridas"";""Pleno dia"";""Decrescente"";""Céu Claro"";""Simples"";""Reta"";""Não"";464855;""Automóvel"";""FIAT/PALIO FIRE"";2014;""Passageiro"";""Ileso"";46;""Feminino"";1;0;0;0;-26",973248;-51,"841671;""SR-SC"";""DEL7"";""UOP05/SC""",
"260519;581806;2020-01-03;""sexta"";""06:00:00"";""SC"";282;435;""VARGEM BONITA"";""Sim"";""Condutor Dormindo"";1;""Colisão lateral"";""Com Vítimas Feridas"";""Pleno dia"";""Decrescente"";""Céu Claro"";""Simples"";""Reta"";""Não"";464855;""Automóvel"";""FIAT/PALIO FIRE"";2014;""Passageiro"";""Ileso"";51;""Feminino"";1;0;0;0;-26",973248;-51,"841671;""SR-SC"";""DEL7"";""UOP05/SC""",
"260520;579543;2020-01-03;""sexta"";""08:05:00"";""RS"";386;50","3;""SEBERI"";""Sim"";""Avarias e/ou desgaste excessivo no pneu"";2;""Saída de leito carroçável"";""Com Vítimas Feridas"";""Pleno dia"";""Decrescente"";""Céu Claro"";""Simples"";""Reta"";""Sim"";464863;""Motocicleta"";""HONDA/XLR 125"";1998;""Passageiro"";""Lesões Leves"";55;""Feminino"";0;1;0;0;-27",491682;-53,"389172;""SR-RS"";""DEL08"";""UOP02/RS"""
"260520;579542;2020-01-03;""sexta"";""08:05:00"";""RS"";386;50","3;""SEBERI"";""Sim"";""Avarias e/ou desgaste excessivo no pneu"";2;""Saída de leito carroçável"";""Com Vítimas Feridas"";""Pleno dia"";""Decrescente"";""Céu Claro"";""Simples"";""Reta"";""Sim"";464863;""Motocicleta"";""HONDA/XLR 125"";1998;""Condutor"";""Ileso"";52;""Masculino"";1;0;0;0;-27",491682;-53,"389172;""SR-RS"";""DEL08"";""UOP02/RS"""
"260520;579543;2020-01-03;""sexta"";""08:05:00"";""RS"";386;50","3;""SEBERI"";""Sim"";""Avarias e/ou desgaste excessivo no pneu"";1;""Queda de ocupante de veículo"";""Com Vítimas Feridas"";""Pleno dia"";""Decrescente"";""Céu Claro"";""Simples"";""Reta"";""Sim"";464863;""Motocicleta"";""HONDA/XLR 125"";1998;""Passageiro"";""Lesões Leves"";55;""Feminino"";0;1;0;0;-27",491682;-53,"389172;""SR-RS"";""DEL08"";""UOP02/RS"""
"260520;579542;2020-01-03;""sexta"";""08:05:00"";""RS"";386;50","3;""SEBERI"";""Sim"";""Avarias e/ou desgaste excessivo no pneu"";1;""Queda de ocupante de veículo"";""Com Vítimas Feridas"";""Pleno dia"";""Decrescente"";""Céu Claro"";""Simples"";""Reta"";""Sim"";464863;""Motocicleta"";""HONDA/XLR 125"";1998;""Condutor"";""Ileso"";52;""Masculino"";1;0;0;0;-27",491682;-53,"389172;""SR-RS"";""DEL08"";""UOP02/RS"""
"260521;579644;2020-01-03;""sexta"";""07:30:00"";""MG"";40;735","8;""SANTOS DUMONT"";""Sim"";""Velocidade Incompatível"";1;""Tombamento"";""Com Vítimas Feridas"";""Pleno dia"";""Crescente"";""Nublado"";""Simples"";""Curva"";""Não"";464922;""Caminhão-trator"";""M.BENZ/AXOR 2540 S"";2008;""Condutor"";""Lesões Leves"";59;""Masculino"";0;1;0;0;-21",37449311;-43,"56992662;""SR-MG"";""DEL5"";""UOP01/MG"""
"260521;NA;2020-01-03;""sexta"";""07:30:00"";""MG"";40;735","8;""SANTOS DUMONT"";""Sim"";""Velocidade Incompatível"";1;""Tombamento"";""Com Vítimas Feridas"";""Pleno dia"";""Crescente"";""Nublado"";""Simples"";""Curva"";""Não"";464925;""Semireboque"";""REB/ROSSETTI SRBA ST3.25"";2006;""Não Informado"";""Não Informado"";NA;""Não Informado"";0;0;0;0;-21",37449311;-43,"56992662;""SR-MG"";""DEL5"";""UOP01/MG"""
"260522;579637;2020-01-03;""sexta"";""08:00:00"";""ES"";101;269","1;""SERRA"";""Sim"";""Falta de Atenção à Condução"";1;""Colisão lateral"";""Com Vítimas Feridas"";""Pleno dia"";""Decrescente"";""Céu Claro"";""Dupla"";""Reta"";""Sim"";464916;""Motocicleta"";""HONDA/CG 160 FAN"";2018;""Condutor"";""Lesões Graves"";25;""Masculino"";0;0;1;0;-20",21740496;-40,"26990578;""SR-ES"";""DEL12/2"";""UOP01/ES"""
"260522;579632;2020-01-03;""sexta"";""08:00:00"";""ES"";101;269","1;""SERRA"";""Sim"";""Falta de Atenção à Condução"";1;""Colisão lateral"";""Com Vítimas Feridas"";""Pleno dia"";""Decrescente"";""Céu Claro"";""Dupla"";""Reta"";""Sim"";464887;""Automóvel"";""VW/GOL CL MB"";2014;""Condutor"";""Ileso"";40;""Feminino"";1;0;0;0;-20",21740496;-40,"26990578;""SR-ES"";""DEL12/2"";""UOP01/ES"""
"260523;581035;2020-01-03;""sexta"";""07:20:00"";""BA"";101;717","5;""EUNAPOLIS"";""Sim"";""Falta de Atenção à Condução"";1;""Colisão transversal"";""Com Vítimas Feridas"";""Pleno dia"";""Decrescente"";""Céu Claro"";""Simples"";""Interseção de vias"";""Sim"";465845;""Motocicleta"";""YAMAHA/FACTOR YBR125 E"";2008;""Condutor"";""Lesões Leves"";52;""Masculino"";0;1;0;0;-16",32475225;-39,"59403992;""SR-BA"";""DEL10/9"";""UOP01/BA"""
"260523;581034;2020-01-03;""sexta"";""07:20:00"";""BA"";101;717","5;""EUNAPOLIS"";""Sim"";""Falta de Atenção à Condução"";1;""Colisão transversal"";""Com Vítimas Feridas"";""Pleno dia"";""Decrescente"";""Céu Claro"";""Simples"";""Interseção de vias"";""Sim"";465844;""Automóvel"";""HONDA/HR-V EXL CVT"";2016;""Condutor"";""Ileso"";41;""Masculino"";1;0;0;0;-16",32475225;-39,"59403992;""SR-BA"";""DEL10/9"";""UOP01/BA"""
"260524;579907;2020-01-03;""sexta"";""07:00:00"";""PR"";369;22","5;""CAMBARA"";""Sim"";""Falta de Atenção à Condução"";1;""Colisão transversal"";""Com Vítimas Feridas"";""Pleno dia"";""Crescente"";""Céu Claro"";""Simples"";""Interseção de vias"";""Não"";464907;""Caminhonete"";""FIAT/STRADA FIRE FLEX"";2011;""Passageiro"";""Lesões Leves"";53;""Masculino"";0;1;0;0;-23",0431141;-50,"104056;""SR-PR"";""DEL7/7"";""UOP06/PR"""
"260524;579906;2020-01-03;""sexta"";""07:00:00"";""PR"";369;22","5;""CAMBARA"";""Sim"";""Falta de Atenção à Condução"";1;""Colisão transversal"";""Com Vítimas Feridas"";""Pleno dia"";""Crescente"";""Céu Claro"";""Simples"";""Interseção de vias"";""Não"";464907;""Caminhonete"";""FIAT/STRADA FIRE FLEX"";2011;""Condutor"";""Ileso"";69;""Masculino"";1;0;0;0;-23",0431141;-50,"104056;""SR-PR"";""DEL7/7"";""UOP06/PR"""
"260524;579908;2020-01-03;""sexta"";""07:00:00"";""PR"";369;22","5;""CAMBARA"";""Sim"";""Falta de Atenção à Condução"";1;""Colisão transversal"";""Com Vítimas Feridas"";""Pleno dia"";""Crescente"";""Céu Claro"";""Simples"";""Interseção de vias"";""Não"";464908;""Caminhão-trator"";""MAN/TGX 28.440 6X2 T"";2014;""Condutor"";""Ileso"";34;""Masculino"";1;0;0;0;-23",0431141;-50,"104056;""SR-PR"";""DEL7/7"";""UOP06/PR"""
"260524;NA;2020-01-03;""sexta"";""07:00:00"";""PR"";369;22","5;""CAMBARA"";""Sim"";""Falta de Atenção à Condução"";1;""Colisão transversal"";""Com Vítimas Feridas"";""Pleno dia"";""Crescente"";""Céu Claro"";""Simples"";""Interseção de vias"";""Não"";464909;""Semireboque"";""SR/RHODOSS TQ3 COT"";2015;""Não Informado"";""Não Informado"";NA;""Não Informado"";0;0;0;0;-23",0431141;-50,"104056;""SR-PR"";""DEL7/7"";""UOP06/PR"""
"260525;579600;2020-01-03;""sexta"";""08:20:00"";""GO"";452;164","6;""ITUMBIARA"";""Sim"";""Ultrapassagem Indevida"";1;""Colisão transversal"";""Com Vítimas Feridas"";""Pleno dia"";""Crescente"";""Céu Claro"";""Simples"";""Reta"";""Não"";464885;""Automóvel"";""FIAT/UNO MILLE FIRE FLEX"";2007;""Passageiro"";""Lesões Leves"";33;""Feminino"";0;1;0;0;-18",32249395;-49,"47512698;""SR-GO"";""DEL1/3"";""UOP02/GO"""
"260525;579598;2020-01-03;""sexta"";""08:20:00"";""GO"";452;164","6;""ITUMBIARA"";""Sim"";""Ultrapassagem Indevida"";1;""Colisão transversal"";""Com Vítimas Feridas"";""Pleno dia"";""Crescente"";""Céu Claro"";""Simples"";""Reta"";""Não"";464885;""Automóvel"";""FIAT/UNO MILLE FIRE FLEX"";2007;""Condutor"";""Lesões Leves"";42;""Masculino"";0;1;0;0;-18",32249395;-49,"47512698;""SR-GO"";""DEL1/3"";""UOP02/GO"""
"260525;579597;2020-01-03;""sexta"";""08:20:00"";""GO"";452;164","6;""ITUMBIARA"";""Sim"";""Ultrapassagem Indevida"";1;""Colisão transversal"";""Com Vítimas Feridas"";""Pleno dia"";""Crescente"";""Céu Claro"";""Simples"";""Reta"";""Não"";464884;""Automóvel"";""RENAULT/SANDERO STEPWAY"";2011;""Condutor"";""Lesões Leves"";45;""Masculino"";0;1;0;0;-18",32249395;-49,"47512698;""SR-GO"";""DEL1/3"";""UOP02/GO"""
"260525;579600;2020-01-03;""sexta"";""08:20:00"";""GO"";452;164","6;""ITUMBIARA"";""Sim"";""Ultrapassagem Indevida"";2;""Saída de leito carroçável"";""Com Vítimas Feridas"";""Pleno dia"";""Crescente"";""Céu Claro"";""Simples"";""Reta"";""Não"";464885;""Automóvel"";""FIAT/UNO MILLE FIRE FLEX"";2007;""Passageiro"";""Lesões Leves"";33;""Feminino"";0;1;0;0;-18",32249395;-49,"47512698;""SR-GO"";""DEL1/3"";""UOP02/GO"""
"260525;579598;2020-01-03;""sexta"";""08:20:00"";""GO"";452;164","6;""ITUMBIARA"";""Sim"";""Ultrapassagem Indevida"";2;""Saída de leito carroçável"";""Com Vítimas Feridas"";""Pleno dia"";""Crescente"";""Céu Claro"";""Simples"";""Reta"";""Não"";464885;""Automóvel"";""FIAT/UNO MILLE FIRE FLEX"";2007;""Condutor"";""Lesões Leves"";42;""Masculino"";0;1;0;0;-18",32249395;-49,"47512698;""SR-GO"";""DEL1/3"";""UOP02/GO"""
"260525;579597;2020-01-03;""sexta"";""08:20:00"";""GO"";452;164","6;""ITUMBIARA"";""Sim"";""Ultrapassagem Indevida"";2;""Saída de leito carroçável"";""Com Vítimas Feridas"";""Pleno dia"";""Crescente"";""Céu Claro"";""Simples"";""Reta"";""Não"";464884;""Automóvel"";""RENAULT/SANDERO STEPWAY"";2011;""Condutor"";""Lesões Leves"";45;""Masculino"";0;1;0;0;-18",32249395;-49,"47512698;""SR-GO"";""DEL1/3"";""UOP02/GO"""
"260525;579600;2020-01-03;""sexta"";""08:20:00"";""GO"";452;164","6;""ITUMBIARA"";""Não"";""Velocidade Incompatível"";1;""Colisão transversal"";""Com Vítimas Feridas"";""Pleno dia"";""Crescente"";""Céu Claro"";""Simples"";""Reta"";""Não"";464885;""Automóvel"";""FIAT/UNO MILLE FIRE FLEX"";2007;""Passageiro"";""Lesões Leves"";33;""Feminino"";0;1;0;0;-18",32249395;-49,"47512698;""SR-GO"";""DEL1/3"";""UOP02/GO"""
"260525;579598;2020-01-03;""sexta"";""08:20:00"";""GO"";452;164","6;""ITUMBIARA"";""Não"";""Velocidade Incompatível"";1;""Colisão transversal"";""Com Vítimas Feridas"";""Pleno dia"";""Crescente"";""Céu Claro"";""Simples"";""Reta"";""Não"";464885;""Automóvel"";""FIAT/UNO MILLE FIRE FLEX"";2007;""Condutor"";""Lesões Leves"";42;""Masculino"";0;1;0;0;-18",32249395;-49,"47512698;""SR-GO"";""DEL1/3"";""UOP02/GO"""
"260525;579597;2020-01-03;""sexta"";""08:20:00"";""GO"";452;164","6;""ITUMBIARA"";""Não"";""Velocidade Incompatível"";1;""Colisão transversal"";""Com Vítimas Feridas"";""Pleno dia"";""Crescente"";""Céu Claro"";""Simples"";""Reta"";""Não"";464884;""Automóvel"";""RENAULT/SANDERO STEPWAY"";2011;""Condutor"";""Lesões Leves"";45;""Masculino"";0;1;0;0;-18",32249395;-49,"47512698;""SR-GO"";""DEL1/3"";""UOP02/GO"""
"260525;579600;2020-01-03;""sexta"";""08:20:00"";""GO"";452;164","6;""ITUMBIARA"";""Não"";""Velocidade Incompatível"";2;""Saída de leito carroçável"";""Com Vítimas Feridas"";""Pleno dia"";""Crescente"";""Céu Claro"";""Simples"";""Reta"";""Não"";464885;""Automóvel"";""FIAT/UNO MILLE FIRE FLEX"";2007;""Passageiro"";""Lesões Leves"";33;""Feminino"";0;1;0;0;-18",32249395;-49,"47512698;""SR-GO"";""DEL1/3"";""UOP02/GO"""
"260525;579598;2020-01-03;""sexta"";""08:20:00"";""GO"";452;164","6;""ITUMBIARA"";""Não"";""Velocidade Incompatível"";2;""Saída de leito carroçável"";""Com Vítimas Feridas"";""Pleno dia"";""Crescente"";""Céu Claro"";""Simples"";""Reta"";""Não"";464885;""Automóvel"";""FIAT/UNO MILLE FIRE FLEX"";2007;""Condutor"";""Lesões Leves"";42;""Masculino"";0;1;0;0;-18",32249395;-49,"47512698;""SR-GO"";""DEL1/3"";""UOP02/GO"""
"260525;579597;2020-01-03;""sexta"";""08:20:00"";""GO"";452;164","6;""ITUMBIARA"";""Não"";""Velocidade Incompatível"";2;""Saída de leito carroçável"";""Com Vítimas Feridas"";""Pleno dia"";""Crescente"";""Céu Claro"";""Simples"";""Reta"";""Não"";464884;""Automóvel"";""RENAULT/SANDERO STEPWAY"";2011;""Condutor"";""Lesões Leves"";45;""Masculino"";0;1;0;0;-18",32249395;-49,"47512698;""SR-GO"";""DEL1/3"";""UOP02/GO"""
"260526;NA;2020-01-03;""sexta"";""07:55:00"";""GO"";50;281;""CATALAO"";""Sim"";""Desobediência às normas de trânsito pelo condutor"";1;""Colisão frontal"";""Com Vítimas Feridas"";""Pleno dia"";""Decrescente"";""Céu Claro"";""Simples"";""Reta"";""Sim"";464998;""Semireboque"";""SR/NOMA SR3E27 CG"";2015;""Não Informado"";""Não Informado"";NA;""Não Informado"";0;0;0;0;-18",1838;-47,"9441;""SR-GO"";""DEL1/6"";""UOP01/GO""",
"260526;579761;2020-01-03;""sexta"";""07:55:00"";""GO"";50;281;""CATALAO"";""Sim"";""Desobediência às normas de trânsito pelo condutor"";1;""Colisão frontal"";""Com Vítimas Feridas"";""Pleno dia"";""Decrescente"";""Céu Claro"";""Simples"";""Reta"";""Sim"";464867;""Caminhão-trator"";""VOLVO/FH 440 6X2T"";2010;""Condutor"";""Ileso"";42;""Masculino"";1;0;0;0;-18",1838;-47,"9441;""SR-GO"";""DEL1/6"";""UOP01/GO""",