"id;""pesid"";""data_inversa"";""dia_semana"";""horario"";""uf"";""br"";""km"";""municipio"";""causa_principal"";""causa_acidente"";""ordem_tipo_acidente"";""tipo_acidente"";""classificacao_acidente"";""fase_dia"";""sentido_via"";""condicao_metereologica"";""tipo_pista"";""tracado_via"";""uso_solo"";""id_veiculo"";""tipo_veiculo"";""marca"";""ano_fabricacao_veiculo"";""tipo_envolvido"";""estado_fisico"";""idade"";""sexo"";""ilesos"";""feridos_leves"";""feridos_graves"";""mortos"";""latitude"";""longitude"";""regional"";""delegacia"";""uop""",,,
"260526;579786;2020-01-03;""sexta"";""07:55:00"";""GO"";50;281;""CATALAO"";""Sim"";""Desobediência às normas de trânsito pelo condutor"";1;""Colisão frontal"";""Com Vítimas Feridas"";""Pleno dia"";""Decrescente"";""Céu Claro"";""Simples"";""Reta"";""Sim"";464866;""Automóvel"";""VW/GOL 1.6 POWER"";2007;""Passageiro"";""Lesões Leves"";7;""Masculino"";0;1;0;0;-18",1838;-47,"9441;""SR-GO"";""DEL1/6"";""UOP01/GO""",
"260526;579784;2020-01-03;""sexta"";""07:55:00"";""GO"";50;281;""CATALAO"";""Sim"";""Desobediência às normas de trânsito pelo condutor"";1;""Colisão frontal"";""Com Vítimas Feridas"";""Pleno dia"";""Decrescente"";""Céu Claro"";""Simples"";""Reta"";""Sim"";464866;""Automóvel"";""VW/GOL 1.6 POWER"";2007;""Passageiro"";""Lesões Leves"";32;""Masculino"";0;1;0;0;-18",1838;-47,"9441;""SR-GO"";""DEL1/6"";""UOP01/GO""",
"260526;579757;2020-01-03;""sexta"";""07:55:00"";""GO"";50;281;""CATALAO"";""Sim"";""Desobediência às normas de trânsito pelo condutor"";1;""Colisão frontal"";""Com Vítimas Feridas"";""Pleno dia"";""Decrescente"";""Céu Claro"";""Simples"";""Reta"";""Sim"";464866;""Automóvel"";""VW/GOL 1.6 POWER"";2007;""Condutor"";""Ileso"";30;""Masculino"";1;0;0;0;-18",1838;-47,"9441;""SR-GO"";""DEL1/6"";""UOP01/GO""",
"260527;NA;2020-01-03;""sexta"";""08:40:00"";""PI"";316;298;""PICOS"";""Sim"";""Falta de Atenção à Condução"";1;""Tombamento"";""Com Vítimas Feridas"";""Pleno dia"";""Crescente"";""Céu Claro"";""Simples"";""Não Informado"";""Não"";465195;""Semireboque"";""SR/LIBRELATO CACAENCR 3E"";2013;""Não Informado"";""Não Informado"";NA;""Não Informado"";0;0;0;0;-7",02855707;-41,"5570932;""SR-PI"";""DEL17/4"";""UOP01/PI""",
"260527;NA;2020-01-03;""sexta"";""08:40:00"";""PI"";316;298;""PICOS"";""Sim"";""Falta de Atenção à Condução"";1;""Tombamento"";""Com Vítimas Feridas"";""Pleno dia"";""Crescente"";""Céu Claro"";""Simples"";""Não Informado"";""Não"";465196;""Semireboque"";""SR/LIBRELATO SRCS 3E"";2011;""Não Informado"";""Não Informado"";NA;""Não Informado"";0;0;0;0;-7",02855707;-41,"5570932;""SR-PI"";""DEL17/4"";""UOP01/PI""",
"260527;580275;2020-01-03;""sexta"";""08:40:00"";""PI"";316;298;""PICOS"";""Sim"";""Falta de Atenção à Condução"";1;""Tombamento"";""Com Vítimas Feridas"";""Pleno dia"";""Crescente"";""Céu Claro"";""Simples"";""Não Informado"";""Não"";464918;""Caminhão-trator"";""VOLVO/FH 540 6X4T"";2019;""Passageiro"";""Lesões Leves"";4;""Masculino"";0;1;0;0;-7",02855707;-41,"5570932;""SR-PI"";""DEL17/4"";""UOP01/PI""",
"260527;580015;2020-01-03;""sexta"";""08:40:00"";""PI"";316;298;""PICOS"";""Sim"";""Falta de Atenção à Condução"";1;""Tombamento"";""Com Vítimas Feridas"";""Pleno dia"";""Crescente"";""Céu Claro"";""Simples"";""Não Informado"";""Não"";464918;""Caminhão-trator"";""VOLVO/FH 540 6X4T"";2019;""Passageiro"";""Lesões Leves"";28;""Feminino"";0;1;0;0;-7",02855707;-41,"5570932;""SR-PI"";""DEL17/4"";""UOP01/PI""",
"260527;579938;2020-01-03;""sexta"";""08:40:00"";""PI"";316;298;""PICOS"";""Sim"";""Falta de Atenção à Condução"";1;""Tombamento"";""Com Vítimas Feridas"";""Pleno dia"";""Crescente"";""Céu Claro"";""Simples"";""Não Informado"";""Não"";464918;""Caminhão-trator"";""VOLVO/FH 540 6X4T"";2019;""Condutor"";""Lesões Leves"";34;""Masculino"";0;1;0;0;-7",02855707;-41,"5570932;""SR-PI"";""DEL17/4"";""UOP01/PI""",
"260528;579631;2020-01-03;""sexta"";""08:00:00"";""RS"";392;1","6;""RIO GRANDE"";""Sim"";""Defeito Mecânico no Veículo"";1;""Colisão frontal"";""Com Vítimas Feridas"";""Pleno dia"";""Crescente"";""Céu Claro"";""Simples"";""Curva"";""Sim"";464898;""Caminhão-trator"";""SCANIA/T112 H"";1985;""Condutor"";""Ileso"";58;""Masculino"";1;0;0;0;-32",04488513;-52,"0855305;""SR-RS"";""DEL9/7"";""UOP02/RS"""
"260528;579623;2020-01-03;""sexta"";""08:00:00"";""RS"";392;1","6;""RIO GRANDE"";""Sim"";""Defeito Mecânico no Veículo"";1;""Colisão frontal"";""Com Vítimas Feridas"";""Pleno dia"";""Crescente"";""Céu Claro"";""Simples"";""Curva"";""Sim"";464897;""Automóvel"";""FORD/DEL REY BELINA L"";1988;""Condutor"";""Lesões Leves"";46;""Feminino"";0;1;0;0;-32",04488513;-52,"0855305;""SR-RS"";""DEL9/7"";""UOP02/RS"""
"260529;581294;2020-01-02;""quinta"";""16:00:00"";""MG"";116;765","5;""LEOPOLDINA"";""Sim"";""Falta de Atenção à Condução"";1;""Colisão transversal"";""Com Vítimas Feridas"";""Pleno dia"";""Decrescente"";""Chuva"";""Simples"";""Interseção de vias"";""Sim"";464959;""Motocicleta"";""YAMAHA/XTZ250 TENERE"";2013;""Condutor"";""Lesões Leves"";41;""Masculino"";0;1;0;0;-21",5197389;-42,"6491103;""SR-MG"";""DEL4/7"";""UOP01/MG"""
"260529;581291;2020-01-02;""quinta"";""16:00:00"";""MG"";116;765","5;""LEOPOLDINA"";""Sim"";""Falta de Atenção à Condução"";1;""Colisão transversal"";""Com Vítimas Feridas"";""Pleno dia"";""Decrescente"";""Chuva"";""Simples"";""Interseção de vias"";""Sim"";464958;""Automóvel"";""I/FIAT CRONOS DRIVE 1.3"";2018;""Condutor"";""Ileso"";70;""Masculino"";1;0;0;0;-21",5197389;-42,"6491103;""SR-MG"";""DEL4/7"";""UOP01/MG"""
"260530;580143;2020-01-03;""sexta"";""01:20:00"";""MG"";381;268;""TIMOTEO"";""Sim"";""Ultrapassagem Indevida"";1;""Colisão lateral"";""Com Vítimas Feridas"";""Plena Noite"";""Crescente"";""Nublado"";""Simples"";""Curva"";""Sim"";464865;""Caminhão"";""VW/17.210 MOTOR CUMMINS"";2002;""Condutor"";""Lesões Leves"";34;""Masculino"";0;1;0;0;-19",52832567;-42,"63334751;""SR-MG"";""DEL4/3"";""UOP02/MG""",
"260530;580141;2020-01-03;""sexta"";""01:20:00"";""MG"";381;268;""TIMOTEO"";""Sim"";""Ultrapassagem Indevida"";1;""Colisão lateral"";""Com Vítimas Feridas"";""Plena Noite"";""Crescente"";""Nublado"";""Simples"";""Curva"";""Sim"";464864;""Caminhão"";""FORD/CARGO 1722 E"";2009;""Condutor"";""Ileso"";62;""Masculino"";1;0;0;0;-19",52832567;-42,"63334751;""SR-MG"";""DEL4/3"";""UOP02/MG""",
"260531;579553;2020-01-03;""sexta"";""08:40:00"";""MG"";381;592;""CARMOPOLIS DE MINAS"";""Sim"";""Falta de Atenção à Condução"";1;""Colisão traseira"";""Sem Vítimas"";""Pleno dia"";""Decrescente"";""Nublado"";""Dupla"";""Curva"";""Não"";464870;""Automóvel"";""FIAT/UNO ATTRACTIVE 1.0"";2016;""Condutor"";""Ileso"";39;""Masculino"";1;0;0;0;-20",57880683;-44,"6872411;""SR-MG"";""DEL4/4"";""UOP01/MG""",
"260531;579551;2020-01-03;""sexta"";""08:40:00"";""MG"";381;592;""CARMOPOLIS DE MINAS"";""Sim"";""Falta de Atenção à Condução"";1;""Colisão traseira"";""Sem Vítimas"";""Pleno dia"";""Decrescente"";""Nublado"";""Dupla"";""Curva"";""Não"";464869;""Automóvel"";""FIAT/UNO WAY 1.3 E"";2016;""Condutor"";""Ileso"";60;""Masculino"";1;0;0;0;-20",57880683;-44,"6872411;""SR-MG"";""DEL4/4"";""UOP01/MG""",
"260532;579609;2020-01-03;""sexta"";""08:00:00"";""MT"";70;47","8;""BARRA DO GARCAS"";""Sim"";""Falta de Atenção à Condução"";1;""Saída de leito carroçável"";""Com Vítimas Feridas"";""Pleno dia"";""Decrescente"";""Chuva"";""Simples"";""Curva"";""Não"";464888;""Automóvel"";""I/NISSAN SENTRA 20 FLEX"";2012;""Passageiro"";""Lesões Leves"";60;""Masculino"";0;1;0;0;-15",74586406;-52,"61386501;""SR-MT"";""DEL2/8"";""UOP01/MT"""
"260532;579608;2020-01-03;""sexta"";""08:00:00"";""MT"";70;47","8;""BARRA DO GARCAS"";""Sim"";""Falta de Atenção à Condução"";1;""Saída de leito carroçável"";""Com Vítimas Feridas"";""Pleno dia"";""Decrescente"";""Chuva"";""Simples"";""Curva"";""Não"";464888;""Automóvel"";""I/NISSAN SENTRA 20 FLEX"";2012;""Passageiro"";""Lesões Leves"";59;""Feminino"";0;1;0;0;-15",74586406;-52,"61386501;""SR-MT"";""DEL2/8"";""UOP01/MT"""
"260532;579607;2020-01-03;""sexta"";""08:00:00"";""MT"";70;47","8;""BARRA DO GARCAS"";""Sim"";""Falta de Atenção à Condução"";1;""Saída de leito carroçável"";""Com Vítimas Feridas"";""Pleno dia"";""Decrescente"";""Chuva"";""Simples"";""Curva"";""Não"";464888;""Automóvel"";""I/NISSAN SENTRA 20 FLEX"";2012;""Passageiro"";""Ileso"";13;""Feminino"";1;0;0;0;-15",74586406;-52,"61386501;""SR-MT"";""DEL2/8"";""UOP01/MT"""
"260532;579606;2020-01-03;""sexta"";""08:00:00"";""MT"";70;47","8;""BARRA DO GARCAS"";""Sim"";""Falta de Atenção à Condução"";1;""Saída de leito carroçável"";""Com Vítimas Feridas"";""Pleno dia"";""Decrescente"";""Chuva"";""Simples"";""Curva"";""Não"";464888;""Automóvel"";""I/NISSAN SENTRA 20 FLEX"";2012;""Condutor"";""Ileso"";37;""Masculino"";1;0;0;0;-15",74586406;-52,"61386501;""SR-MT"";""DEL2/8"";""UOP01/MT"""
"260534;579560;2020-01-02;""quinta"";""18:40:00"";""MG"";40;42","2;""PARACATU"";""Sim"";""Falta de Atenção à Condução"";3;""Queda de ocupante de veículo"";""Com Vítimas Feridas"";""Plena Noite"";""Crescente"";""Chuva"";""Simples"";""Não Informado"";""Sim"";464872;""Motocicleta"";""HONDA/CG 150 FAN ESI"";2010;""Condutor"";""Lesões Leves"";48;""Masculino"";0;1;0;0;-17",2188441;-46,"8666753;""SR-MG"";""DEL4/14"";""UOP01/MG"""
"260534;579558;2020-01-02;""quinta"";""18:40:00"";""MG"";40;42","2;""PARACATU"";""Sim"";""Falta de Atenção à Condução"";3;""Queda de ocupante de veículo"";""Com Vítimas Feridas"";""Plena Noite"";""Crescente"";""Chuva"";""Simples"";""Não Informado"";""Sim"";464871;""Motocicleta"";""HONDA/NXR160 BROS ESDD"";2017;""Condutor"";""Lesões Leves"";66;""Masculino"";0;1;0;0;-17",2188441;-46,"8666753;""SR-MG"";""DEL4/14"";""UOP01/MG"""
"260534;579560;2020-01-02;""quinta"";""18:40:00"";""MG"";40;42","2;""PARACATU"";""Sim"";""Falta de Atenção à Condução"";2;""Tombamento"";""Com Vítimas Feridas"";""Plena Noite"";""Crescente"";""Chuva"";""Simples"";""Não Informado"";""Sim"";464872;""Motocicleta"";""HONDA/CG 150 FAN ESI"";2010;""Condutor"";""Lesões Leves"";48;""Masculino"";0;1;0;0;-17",2188441;-46,"8666753;""SR-MG"";""DEL4/14"";""UOP01/MG"""
"260534;579558;2020-01-02;""quinta"";""18:40:00"";""MG"";40;42","2;""PARACATU"";""Sim"";""Falta de Atenção à Condução"";2;""Tombamento"";""Com Vítimas Feridas"";""Plena Noite"";""Crescente"";""Chuva"";""Simples"";""Não Informado"";""Sim"";464871;""Motocicleta"";""HONDA/NXR160 BROS ESDD"";2017;""Condutor"";""Lesões Leves"";66;""Masculino"";0;1;0;0;-17",2188441;-46,"8666753;""SR-MG"";""DEL4/14"";""UOP01/MG"""
"260534;579560;2020-01-02;""quinta"";""18:40:00"";""MG"";40;42","2;""PARACATU"";""Sim"";""Falta de Atenção à Condução"";1;""Colisão transversal"";""Com Vítimas Feridas"";""Plena Noite"";""Crescente"";""Chuva"";""Simples"";""Não Informado"";""Sim"";464872;""Motocicleta"";""HONDA/CG 150 FAN ESI"";2010;""Condutor"";""Lesões Leves"";48;""Masculino"";0;1;0;0;-17",2188441;-46,"8666753;""SR-MG"";""DEL4/14"";""UOP01/MG"""
"260534;579558;2020-01-02;""quinta"";""18:40:00"";""MG"";40;42","2;""PARACATU"";""Sim"";""Falta de Atenção à Condução"";1;""Colisão transversal"";""Com Vítimas Feridas"";""Plena Noite"";""Crescente"";""Chuva"";""Simples"";""Não Informado"";""Sim"";464871;""Motocicleta"";""HONDA/NXR160 BROS ESDD"";2017;""Condutor"";""Lesões Leves"";66;""Masculino"";0;1;0;0;-17",2188441;-46,"8666753;""SR-MG"";""DEL4/14"";""UOP01/MG"""
"260535;579844;2020-01-03;""sexta"";""08:40:00"";""RS"";290;25","7;""SANTO ANTONIO DA PATRULHA"";""Sim"";""Falta de Atenção à Condução"";2;""Tombamento"";""Com Vítimas Feridas"";""Pleno dia"";""Crescente"";""Garoa/Chuvisco"";""Dupla"";""Reta"";""Não"";465015;""Motocicleta"";""HONDA/CB 500X"";2019;""Passageiro"";""Lesões Leves"";17;""Feminino"";0;1;0;0;-29",879977;-50,"51217;""SR-RS"";""DEL9/3"";""UOP01/RS"""
"260535;579835;2020-01-03;""sexta"";""08:40:00"";""RS"";290;25","7;""SANTO ANTONIO DA PATRULHA"";""Sim"";""Falta de Atenção à Condução"";2;""Tombamento"";""Com Vítimas Feridas"";""Pleno dia"";""Crescente"";""Garoa/Chuvisco"";""Dupla"";""Reta"";""Não"";465015;""Motocicleta"";""HONDA/CB 500X"";2019;""Condutor"";""Lesões Graves"";37;""Masculino"";0;0;1;0;-29",879977;-50,"51217;""SR-RS"";""DEL9/3"";""UOP01/RS"""
"260535;NA;2020-01-03;""sexta"";""08:40:00"";""RS"";290;25","7;""SANTO ANTONIO DA PATRULHA"";""Sim"";""Falta de Atenção à Condução"";2;""Tombamento"";""Com Vítimas Feridas"";""Pleno dia"";""Crescente"";""Garoa/Chuvisco"";""Dupla"";""Reta"";""Não"";465043;""Semireboque"";""REB/RANDON SR GR TR"";1991;""Não Informado"";""Não Informado"";NA;""Não Informado"";0;0;0;0;-29",879977;-50,"51217;""SR-RS"";""DEL9/3"";""UOP01/RS"""
"260535;579816;2020-01-03;""sexta"";""08:40:00"";""RS"";290;25","7;""SANTO ANTONIO DA PATRULHA"";""Sim"";""Falta de Atenção à Condução"";2;""Tombamento"";""Com Vítimas Feridas"";""Pleno dia"";""Crescente"";""Garoa/Chuvisco"";""Dupla"";""Reta"";""Não"";465014;""Caminhão-trator"";""M.BENZ/LS 1935"";1992;""Condutor"";""Ileso"";52;""Masculino"";1;0;0;0;-29",879977;-50,"51217;""SR-RS"";""DEL9/3"";""UOP01/RS"""
"260535;579844;2020-01-03;""sexta"";""08:40:00"";""RS"";290;25","7;""SANTO ANTONIO DA PATRULHA"";""Sim"";""Falta de Atenção à Condução"";1;""Colisão traseira"";""Com Vítimas Feridas"";""Pleno dia"";""Crescente"";""Garoa/Chuvisco"";""Dupla"";""Reta"";""Não"";465015;""Motocicleta"";""HONDA/CB 500X"";2019;""Passageiro"";""Lesões Leves"";17;""Feminino"";0;1;0;0;-29",879977;-50,"51217;""SR-RS"";""DEL9/3"";""UOP01/RS"""
"260535;579835;2020-01-03;""sexta"";""08:40:00"";""RS"";290;25","7;""SANTO ANTONIO DA PATRULHA"";""Sim"";""Falta de Atenção à Condução"";1;""Colisão traseira"";""Com Vítimas Feridas"";""Pleno dia"";""Crescente"";""Garoa/Chuvisco"";""Dupla"";""Reta"";""Não"";465015;""Motocicleta"";""HONDA/CB 500X"";2019;""Condutor"";""Lesões Graves"";37;""Masculino"";0;0;1;0;-29",879977;-50,"51217;""SR-RS"";""DEL9/3"";""UOP01/RS"""
"260535;NA;2020-01-03;""sexta"";""08:40:00"";""RS"";290;25","7;""SANTO ANTONIO DA PATRULHA"";""Sim"";""Falta de Atenção à Condução"";1;""Colisão traseira"";""Com Vítimas Feridas"";""Pleno dia"";""Crescente"";""Garoa/Chuvisco"";""Dupla"";""Reta"";""Não"";465043;""Semireboque"";""REB/RANDON SR GR TR"";1991;""Não Informado"";""Não Informado"";NA;""Não Informado"";0;0;0;0;-29",879977;-50,"51217;""SR-RS"";""DEL9/3"";""UOP01/RS"""
"260535;579816;2020-01-03;""sexta"";""08:40:00"";""RS"";290;25","7;""SANTO ANTONIO DA PATRULHA"";""Sim"";""Falta de Atenção à Condução"";1;""Colisão traseira"";""Com Vítimas Feridas"";""Pleno dia"";""Crescente"";""Garoa/Chuvisco"";""Dupla"";""Reta"";""Não"";465014;""Caminhão-trator"";""M.BENZ/LS 1935"";1992;""Condutor"";""Ileso"";52;""Masculino"";1;0;0;0;-29",879977;-50,"51217;""SR-RS"";""DEL9/3"";""UOP01/RS"""
"260536;579912;2020-01-03;""sexta"";""08:15:00"";""PB"";230;46","9;""SANTA RITA"";""Não"";""Sinalização da via insuficiente ou inadequada"";1;""Colisão traseira"";""Com Vítimas Feridas"";""Pleno dia"";""Decrescente"";""Céu Claro"";""Dupla"";""Não Informado"";""Não"";464975;""Caminhonete"";""MMC/L200 TRITON 3.2 D"";2009;""Testemunha"";""Não Informado"";NA;""Não Informado"";0;0;0;0;-7",17221614;-35,"03649044;""SR-PB"";""DEL14/1"";""UOP02/PB"""
"260536;579911;2020-01-03;""sexta"";""08:15:00"";""PB"";230;46","9;""SANTA RITA"";""Não"";""Sinalização da via insuficiente ou inadequada"";1;""Colisão traseira"";""Com Vítimas Feridas"";""Pleno dia"";""Decrescente"";""Céu Claro"";""Dupla"";""Não Informado"";""Não"";464975;""Caminhonete"";""MMC/L200 TRITON 3.2 D"";2009;""Testemunha"";""Não Informado"";NA;""Não Informado"";0;0;0;0;-7",17221614;-35,"03649044;""SR-PB"";""DEL14/1"";""UOP02/PB"""
"260536;579910;2020-01-03;""sexta"";""08:15:00"";""PB"";230;46","9;""SANTA RITA"";""Não"";""Sinalização da via insuficiente ou inadequada"";1;""Colisão traseira"";""Com Vítimas Feridas"";""Pleno dia"";""Decrescente"";""Céu Claro"";""Dupla"";""Não Informado"";""Não"";464975;""Caminhonete"";""MMC/L200 TRITON 3.2 D"";2009;""Testemunha"";""Não Informado"";NA;""Não Informado"";0;0;0;0;-7",17221614;-35,"03649044;""SR-PB"";""DEL14/1"";""UOP02/PB"""
"260536;579756;2020-01-03;""sexta"";""08:15:00"";""PB"";230;46","9;""SANTA RITA"";""Não"";""Sinalização da via insuficiente ou inadequada"";1;""Colisão traseira"";""Com Vítimas Feridas"";""Pleno dia"";""Decrescente"";""Céu Claro"";""Dupla"";""Não Informado"";""Não"";464975;""Caminhonete"";""MMC/L200 TRITON 3.2 D"";2009;""Passageiro"";""Lesões Graves"";19;""Masculino"";0;0;1;0;-7",17221614;-35,"03649044;""SR-PB"";""DEL14/1"";""UOP02/PB"""
"260536;579753;2020-01-03;""sexta"";""08:15:00"";""PB"";230;46","9;""SANTA RITA"";""Não"";""Sinalização da via insuficiente ou inadequada"";1;""Colisão traseira"";""Com Vítimas Feridas"";""Pleno dia"";""Decrescente"";""Céu Claro"";""Dupla"";""Não Informado"";""Não"";464975;""Caminhonete"";""MMC/L200 TRITON 3.2 D"";2009;""Condutor"";""Ileso"";45;""Masculino"";1;0;0;0;-7",17221614;-35,"03649044;""SR-PB"";""DEL14/1"";""UOP02/PB"""
"260536;579746;2020-01-03;""sexta"";""08:15:00"";""PB"";230;46","9;""SANTA RITA"";""Não"";""Sinalização da via insuficiente ou inadequada"";1;""Colisão traseira"";""Com Vítimas Feridas"";""Pleno dia"";""Decrescente"";""Céu Claro"";""Dupla"";""Não Informado"";""Não"";464974;""Automóvel"";""GM/CORSA HATCH PREMIUM"";2004;""Condutor"";""Lesões Graves"";68;""Masculino"";0;0;1;0;-7",17221614;-35,"03649044;""SR-PB"";""DEL14/1"";""UOP02/PB"""
"260536;579912;2020-01-03;""sexta"";""08:15:00"";""PB"";230;46","9;""SANTA RITA"";""Não"";""Sinalização da via insuficiente ou inadequada"";1;""Colisão traseira"";""Com Vítimas Feridas"";""Pleno dia"";""Decrescente"";""Céu Claro"";""Dupla"";""Não Informado"";""Não"";464974;""Automóvel"";""GM/CORSA HATCH PREMIUM"";2004;""Testemunha"";""Não Informado"";NA;""Não Informado"";0;0;0;0;-7",17221614;-35,"03649044;""SR-PB"";""DEL14/1"";""UOP02/PB"""
"260536;579911;2020-01-03;""sexta"";""08:15:00"";""PB"";230;46","9;""SANTA RITA"";""Não"";""Sinalização da via insuficiente ou inadequada"";1;""Colisão traseira"";""Com Vítimas Feridas"";""Pleno dia"";""Decrescente"";""Céu Claro"";""Dupla"";""Não Informado"";""Não"";464974;""Automóvel"";""GM/CORSA HATCH PREMIUM"";2004;""Testemunha"";""Não Informado"";NA;""Não Informado"";0;0;0;0;-7",17221614;-35,"03649044;""SR-PB"";""DEL14/1"";""UOP02/PB"""
"260536;579910;2020-01-03;""sexta"";""08:15:00"";""PB"";230;46","9;""SANTA RITA"";""Não"";""Sinalização da via insuficiente ou inadequada"";1;""Colisão traseira"";""Com Vítimas Feridas"";""Pleno dia"";""Decrescente"";""Céu Claro"";""Dupla"";""Não Informado"";""Não"";464974;""Automóvel"";""GM/CORSA HATCH PREMIUM"";2004;""Testemunha"";""Não Informado"";NA;""Não Informado"";0;0;0;0;-7",17221614;-35,"03649044;""SR-PB"";""DEL14/1"";""UOP02/PB"""
"260536;579749;2020-01-03;""sexta"";""08:15:00"";""PB"";230;46","9;""SANTA RITA"";""Não"";""Sinalização da via insuficiente ou inadequada"";1;""Colisão traseira"";""Com Vítimas Feridas"";""Pleno dia"";""Decrescente"";""Céu Claro"";""Dupla"";""Não Informado"";""Não"";464974;""Automóvel"";""GM/CORSA HATCH PREMIUM"";2004;""Passageiro"";""Lesões Graves"";47;""Feminino"";0;0;1;0;-7",17221614;-35,"03649044;""SR-PB"";""DEL14/1"";""UOP02/PB"""
"260536;579912;2020-01-03;""sexta"";""08:15:00"";""PB"";230;46","9;""SANTA RITA"";""Não"";""Sinalização da via insuficiente ou inadequada"";3;""Capotamento"";""Com Vítimas Feridas"";""Pleno dia"";""Decrescente"";""Céu Claro"";""Dupla"";""Não Informado"";""Não"";464975;""Caminhonete"";""MMC/L200 TRITON 3.2 D"";2009;""Testemunha"";""Não Informado"";NA;""Não Informado"";0;0;0;0;-7",17221614;-35,"03649044;""SR-PB"";""DEL14/1"";""UOP02/PB"""
"260536;579911;2020-01-03;""sexta"";""08:15:00"";""PB"";230;46","9;""SANTA RITA"";""Não"";""Sinalização da via insuficiente ou inadequada"";3;""Capotamento"";""Com Vítimas Feridas"";""Pleno dia"";""Decrescente"";""Céu Claro"";""Dupla"";""Não Informado"";""Não"";464975;""Caminhonete"";""MMC/L200 TRITON 3.2 D"";2009;""Testemunha"";""Não Informado"";NA;""Não Informado"";0;0;0;0;-7",17221614;-35,"03649044;""SR-PB"";""DEL14/1"";""UOP02/PB"""
"260536;579910;2020-01-03;""sexta"";""08:15:00"";""PB"";230;46","9;""SANTA RITA"";""Não"";""Sinalização da via insuficiente ou inadequada"";3;""Capotamento"";""Com Vítimas Feridas"";""Pleno dia"";""Decrescente"";""Céu Claro"";""Dupla"";""Não Informado"";""Não"";464975;""Caminhonete"";""MMC/L200 TRITON 3.2 D"";2009;""Testemunha"";""Não Informado"";NA;""Não Informado"";0;0;0;0;-7",17221614;-35,"03649044;""SR-PB"";""DEL14/1"";""UOP02/PB"""
"260536;579756;2020-01-03;""sexta"";""08:15:00"";""PB"";230;46","9;""SANTA RITA"";""Não"";""Sinalização da via insuficiente ou inadequada"";3;""Capotamento"";""Com Vítimas Feridas"";""Pleno dia"";""Decrescente"";""Céu Claro"";""Dupla"";""Não Informado"";""Não"";464975;""Caminhonete"";""MMC/L200 TRITON 3.2 D"";2009;""Passageiro"";""Lesões Graves"";19;""Masculino"";0;0;1;0;-7",17221614;-35,"03649044;""SR-PB"";""DEL14/1"";""UOP02/PB"""
"260536;579753;2020-01-03;""sexta"";""08:15:00"";""PB"";230;46","9;""SANTA RITA"";""Não"";""Sinalização da via insuficiente ou inadequada"";3;""Capotamento"";""Com Vítimas Feridas"";""Pleno dia"";""Decrescente"";""Céu Claro"";""Dupla"";""Não Informado"";""Não"";464975;""Caminhonete"";""MMC/L200 TRITON 3.2 D"";2009;""Condutor"";""Ileso"";45;""Masculino"";1;0;0;0;-7",17221614;-35,"03649044;""SR-PB"";""DEL14/1"";""UOP02/PB"""
"260536;579746;2020-01-03;""sexta"";""08:15:00"";""PB"";230;46","9;""SANTA RITA"";""Não"";""Sinalização da via insuficiente ou inadequada"";3;""Capotamento"";""Com Vítimas Feridas"";""Pleno dia"";""Decrescente"";""Céu Claro"";""Dupla"";""Não Informado"";""Não"";464974;""Automóvel"";""GM/CORSA HATCH PREMIUM"";2004;""Condutor"";""Lesões Graves"";68;""Masculino"";0;0;1;0;-7",17221614;-35,"03649044;""SR-PB"";""DEL14/1"";""UOP02/PB"""
"260536;579912;2020-01-03;""sexta"";""08:15:00"";""PB"";230;46","9;""SANTA RITA"";""Não"";""Sinalização da via insuficiente ou inadequada"";3;""Capotamento"";""Com Vítimas Feridas"";""Pleno dia"";""Decrescente"";""Céu Claro"";""Dupla"";""Não Informado"";""Não"";464974;""Automóvel"";""GM/CORSA HATCH PREMIUM"";2004;""Testemunha"";""Não Informado"";NA;""Não Informado"";0;0;0;0;-7",17221614;-35,"03649044;""SR-PB"";""DEL14/1"";""UOP02/PB"""
"260536;579911;2020-01-03;""sexta"";""08:15:00"";""PB"";230;46","9;""SANTA RITA"";""Não"";""Sinalização da via insuficiente ou inadequada"";3;""Capotamento"";""Com Vítimas Feridas"";""Pleno dia"";""Decrescente"";""Céu Claro"";""Dupla"";""Não Informado"";""Não"";464974;""Automóvel"";""GM/CORSA HATCH PREMIUM"";2004;""Testemunha"";""Não Informado"";NA;""Não Informado"";0;0;0;0;-7",17221614;-35,"03649044;""SR-PB"";""DEL14/1"";""UOP02/PB"""
"260536;579910;2020-01-03;""sexta"";""08:15:00"";""PB"";230;46","9;""SANTA RITA"";""Não"";""Sinalização da via insuficiente ou inadequada"";3;""Capotamento"";""Com Vítimas Feridas"";""Pleno dia"";""Decrescente"";""Céu Claro"";""Dupla"";""Não Informado"";""Não"";464974;""Automóvel"";""GM/CORSA HATCH PREMIUM"";2004;""Testemunha"";""Não Informado"";NA;""Não Informado"";0;0;0;0;-7",17221614;-35,"03649044;""SR-PB"";""DEL14/1"";""UOP02/PB"""