"id;""pesid"";""data_inversa"";""dia_semana"";""horario"";""uf"";""br"";""km"";""municipio"";""causa_principal"";""causa_acidente"";""ordem_tipo_acidente"";""tipo_acidente"";""classificacao_acidente"";""fase_dia"";""sentido_via"";""condicao_metereologica"";""tipo_pista"";""tracado_via"";""uso_solo"";""id_veiculo"";""tipo_veiculo"";""marca"";""ano_fabricacao_veiculo"";""tipo_envolvido"";""estado_fisico"";""idade"";""sexo"";""ilesos"";""feridos_leves"";""feridos_graves"";""mortos"";""latitude"";""longitude"";""regional"";""delegacia"";""uop""",,,
"260536;579749;2020-01-03;""sexta"";""08:15:00"";""PB"";230;46","9;""SANTA RITA"";""Não"";""Sinalização da via insuficiente ou inadequada"";3;""Capotamento"";""Com Vítimas Feridas"";""Pleno dia"";""Decrescente"";""Céu Claro"";""Dupla"";""Não Informado"";""Não"";464974;""Automóvel"";""GM/CORSA HATCH PREMIUM"";2004;""Passageiro"";""Lesões Graves"";47;""Feminino"";0;0;1;0;-7",17221614;-35,"03649044;""SR-PB"";""DEL14/1"";""UOP02/PB"""
"260536;579912;2020-01-03;""sexta"";""08:15:00"";""PB"";230;46","9;""SANTA RITA"";""Não"";""Sinalização da via insuficiente ou inadequada"";2;""Colisão com objeto estático"";""Com Vítimas Feridas"";""Pleno dia"";""Decrescente"";""Céu Claro"";""Dupla"";""Não Informado"";""Não"";464975;""Caminhonete"";""MMC/L200 TRITON 3.2 D"";2009;""Testemunha"";""Não Informado"";NA;""Não Informado"";0;0;0;0;-7",17221614;-35,"03649044;""SR-PB"";""DEL14/1"";""UOP02/PB"""
"260536;579911;2020-01-03;""sexta"";""08:15:00"";""PB"";230;46","9;""SANTA RITA"";""Não"";""Sinalização da via insuficiente ou inadequada"";2;""Colisão com objeto estático"";""Com Vítimas Feridas"";""Pleno dia"";""Decrescente"";""Céu Claro"";""Dupla"";""Não Informado"";""Não"";464975;""Caminhonete"";""MMC/L200 TRITON 3.2 D"";2009;""Testemunha"";""Não Informado"";NA;""Não Informado"";0;0;0;0;-7",17221614;-35,"03649044;""SR-PB"";""DEL14/1"";""UOP02/PB"""
"260536;579910;2020-01-03;""sexta"";""08:15:00"";""PB"";230;46","9;""SANTA RITA"";""Não"";""Sinalização da via insuficiente ou inadequada"";2;""Colisão com objeto estático"";""Com Vítimas Feridas"";""Pleno dia"";""Decrescente"";""Céu Claro"";""Dupla"";""Não Informado"";""Não"";464975;""Caminhonete"";""MMC/L200 TRITON 3.2 D"";2009;""Testemunha"";""Não Informado"";NA;""Não Informado"";0;0;0;0;-7",17221614;-35,"03649044;""SR-PB"";""DEL14/1"";""UOP02/PB"""
"260536;579756;2020-01-03;""sexta"";""08:15:00"";""PB"";230;46","9;""SANTA RITA"";""Não"";""Sinalização da via insuficiente ou inadequada"";2;""Colisão com objeto estático"";""Com Vítimas Feridas"";""Pleno dia"";""Decrescente"";""Céu Claro"";""Dupla"";""Não Informado"";""Não"";464975;""Caminhonete"";""MMC/L200 TRITON 3.2 D"";2009;""Passageiro"";""Lesões Graves"";19;""Masculino"";0;0;1;0;-7",17221614;-35,"03649044;""SR-PB"";""DEL14/1"";""UOP02/PB"""
"260536;579753;2020-01-03;""sexta"";""08:15:00"";""PB"";230;46","9;""SANTA RITA"";""Não"";""Sinalização da via insuficiente ou inadequada"";2;""Colisão com objeto estático"";""Com Vítimas Feridas"";""Pleno dia"";""Decrescente"";""Céu Claro"";""Dupla"";""Não Informado"";""Não"";464975;""Caminhonete"";""MMC/L200 TRITON 3.2 D"";2009;""Condutor"";""Ileso"";45;""Masculino"";1;0;0;0;-7",17221614;-35,"03649044;""SR-PB"";""DEL14/1"";""UOP02/PB"""
"260536;579746;2020-01-03;""sexta"";""08:15:00"";""PB"";230;46","9;""SANTA RITA"";""Não"";""Sinalização da via insuficiente ou inadequada"";2;""Colisão com objeto estático"";""Com Vítimas Feridas"";""Pleno dia"";""Decrescente"";""Céu Claro"";""Dupla"";""Não Informado"";""Não"";464974;""Automóvel"";""GM/CORSA HATCH PREMIUM"";2004;""Condutor"";""Lesões Graves"";68;""Masculino"";0;0;1;0;-7",17221614;-35,"03649044;""SR-PB"";""DEL14/1"";""UOP02/PB"""
"260536;579912;2020-01-03;""sexta"";""08:15:00"";""PB"";230;46","9;""SANTA RITA"";""Não"";""Sinalização da via insuficiente ou inadequada"";2;""Colisão com objeto estático"";""Com Vítimas Feridas"";""Pleno dia"";""Decrescente"";""Céu Claro"";""Dupla"";""Não Informado"";""Não"";464974;""Automóvel"";""GM/CORSA HATCH PREMIUM"";2004;""Testemunha"";""Não Informado"";NA;""Não Informado"";0;0;0;0;-7",17221614;-35,"03649044;""SR-PB"";""DEL14/1"";""UOP02/PB"""
"260536;579911;2020-01-03;""sexta"";""08:15:00"";""PB"";230;46","9;""SANTA RITA"";""Não"";""Sinalização da via insuficiente ou inadequada"";2;""Colisão com objeto estático"";""Com Vítimas Feridas"";""Pleno dia"";""Decrescente"";""Céu Claro"";""Dupla"";""Não Informado"";""Não"";464974;""Automóvel"";""GM/CORSA HATCH PREMIUM"";2004;""Testemunha"";""Não Informado"";NA;""Não Informado"";0;0;0;0;-7",17221614;-35,"03649044;""SR-PB"";""DEL14/1"";""UOP02/PB"""
"260536;579910;2020-01-03;""sexta"";""08:15:00"";""PB"";230;46","9;""SANTA RITA"";""Não"";""Sinalização da via insuficiente ou inadequada"";2;""Colisão com objeto estático"";""Com Vítimas Feridas"";""Pleno dia"";""Decrescente"";""Céu Claro"";""Dupla"";""Não Informado"";""Não"";464974;""Automóvel"";""GM/CORSA HATCH PREMIUM"";2004;""Testemunha"";""Não Informado"";NA;""Não Informado"";0;0;0;0;-7",17221614;-35,"03649044;""SR-PB"";""DEL14/1"";""UOP02/PB"""
"260536;579749;2020-01-03;""sexta"";""08:15:00"";""PB"";230;46","9;""SANTA RITA"";""Não"";""Sinalização da via insuficiente ou inadequada"";2;""Colisão com objeto estático"";""Com Vítimas Feridas"";""Pleno dia"";""Decrescente"";""Céu Claro"";""Dupla"";""Não Informado"";""Não"";464974;""Automóvel"";""GM/CORSA HATCH PREMIUM"";2004;""Passageiro"";""Lesões Graves"";47;""Feminino"";0;0;1;0;-7",17221614;-35,"03649044;""SR-PB"";""DEL14/1"";""UOP02/PB"""
"260536;579912;2020-01-03;""sexta"";""08:15:00"";""PB"";230;46","9;""SANTA RITA"";""Sim"";""Falta de Atenção à Condução"";1;""Colisão traseira"";""Com Vítimas Feridas"";""Pleno dia"";""Decrescente"";""Céu Claro"";""Dupla"";""Não Informado"";""Não"";464975;""Caminhonete"";""MMC/L200 TRITON 3.2 D"";2009;""Testemunha"";""Não Informado"";NA;""Não Informado"";0;0;0;0;-7",17221614;-35,"03649044;""SR-PB"";""DEL14/1"";""UOP02/PB"""
"260536;579911;2020-01-03;""sexta"";""08:15:00"";""PB"";230;46","9;""SANTA RITA"";""Sim"";""Falta de Atenção à Condução"";1;""Colisão traseira"";""Com Vítimas Feridas"";""Pleno dia"";""Decrescente"";""Céu Claro"";""Dupla"";""Não Informado"";""Não"";464975;""Caminhonete"";""MMC/L200 TRITON 3.2 D"";2009;""Testemunha"";""Não Informado"";NA;""Não Informado"";0;0;0;0;-7",17221614;-35,"03649044;""SR-PB"";""DEL14/1"";""UOP02/PB"""
"260536;579910;2020-01-03;""sexta"";""08:15:00"";""PB"";230;46","9;""SANTA RITA"";""Sim"";""Falta de Atenção à Condução"";1;""Colisão traseira"";""Com Vítimas Feridas"";""Pleno dia"";""Decrescente"";""Céu Claro"";""Dupla"";""Não Informado"";""Não"";464975;""Caminhonete"";""MMC/L200 TRITON 3.2 D"";2009;""Testemunha"";""Não Informado"";NA;""Não Informado"";0;0;0;0;-7",17221614;-35,"03649044;""SR-PB"";""DEL14/1"";""UOP02/PB"""
"260536;579756;2020-01-03;""sexta"";""08:15:00"";""PB"";230;46","9;""SANTA RITA"";""Sim"";""Falta de Atenção à Condução"";1;""Colisão traseira"";""Com Vítimas Feridas"";""Pleno dia"";""Decrescente"";""Céu Claro"";""Dupla"";""Não Informado"";""Não"";464975;""Caminhonete"";""MMC/L200 TRITON 3.2 D"";2009;""Passageiro"";""Lesões Graves"";19;""Masculino"";0;0;1;0;-7",17221614;-35,"03649044;""SR-PB"";""DEL14/1"";""UOP02/PB"""
"260536;579753;2020-01-03;""sexta"";""08:15:00"";""PB"";230;46","9;""SANTA RITA"";""Sim"";""Falta de Atenção à Condução"";1;""Colisão traseira"";""Com Vítimas Feridas"";""Pleno dia"";""Decrescente"";""Céu Claro"";""Dupla"";""Não Informado"";""Não"";464975;""Caminhonete"";""MMC/L200 TRITON 3.2 D"";2009;""Condutor"";""Ileso"";45;""Masculino"";1;0;0;0;-7",17221614;-35,"03649044;""SR-PB"";""DEL14/1"";""UOP02/PB"""
"260536;579746;2020-01-03;""sexta"";""08:15:00"";""PB"";230;46","9;""SANTA RITA"";""Sim"";""Falta de Atenção à Condução"";1;""Colisão traseira"";""Com Vítimas Feridas"";""Pleno dia"";""Decrescente"";""Céu Claro"";""Dupla"";""Não Informado"";""Não"";464974;""Automóvel"";""GM/CORSA HATCH PREMIUM"";2004;""Condutor"";""Lesões Graves"";68;""Masculino"";0;0;1;0;-7",17221614;-35,"03649044;""SR-PB"";""DEL14/1"";""UOP02/PB"""
"260536;579912;2020-01-03;""sexta"";""08:15:00"";""PB"";230;46","9;""SANTA RITA"";""Sim"";""Falta de Atenção à Condução"";1;""Colisão traseira"";""Com Vítimas Feridas"";""Pleno dia"";""Decrescente"";""Céu Claro"";""Dupla"";""Não Informado"";""Não"";464974;""Automóvel"";""GM/CORSA HATCH PREMIUM"";2004;""Testemunha"";""Não Informado"";NA;""Não Informado"";0;0;0;0;-7",17221614;-35,"03649044;""SR-PB"";""DEL14/1"";""UOP02/PB"""
"260536;579911;2020-01-03;""sexta"";""08:15:00"";""PB"";230;46","9;""SANTA RITA"";""Sim"";""Falta de Atenção à Condução"";1;""Colisão traseira"";""Com Vítimas Feridas"";""Pleno dia"";""Decrescente"";""Céu Claro"";""Dupla"";""Não Informado"";""Não"";464974;""Automóvel"";""GM/CORSA HATCH PREMIUM"";2004;""Testemunha"";""Não Informado"";NA;""Não Informado"";0;0;0;0;-7",17221614;-35,"03649044;""SR-PB"";""DEL14/1"";""UOP02/PB"""
"260536;579910;2020-01-03;""sexta"";""08:15:00"";""PB"";230;46","9;""SANTA RITA"";""Sim"";""Falta de Atenção à Condução"";1;""Colisão traseira"";""Com Vítimas Feridas"";""Pleno dia"";""Decrescente"";""Céu Claro"";""Dupla"";""Não Informado"";""Não"";464974;""Automóvel"";""GM/CORSA HATCH PREMIUM"";2004;""Testemunha"";""Não Informado"";NA;""Não Informado"";0;0;0;0;-7",17221614;-35,"03649044;""SR-PB"";""DEL14/1"";""UOP02/PB"""
"260536;579749;2020-01-03;""sexta"";""08:15:00"";""PB"";230;46","9;""SANTA RITA"";""Sim"";""Falta de Atenção à Condução"";1;""Colisão traseira"";""Com Vítimas Feridas"";""Pleno dia"";""Decrescente"";""Céu Claro"";""Dupla"";""Não Informado"";""Não"";464974;""Automóvel"";""GM/CORSA HATCH PREMIUM"";2004;""Passageiro"";""Lesões Graves"";47;""Feminino"";0;0;1;0;-7",17221614;-35,"03649044;""SR-PB"";""DEL14/1"";""UOP02/PB"""
"260536;579912;2020-01-03;""sexta"";""08:15:00"";""PB"";230;46","9;""SANTA RITA"";""Sim"";""Falta de Atenção à Condução"";3;""Capotamento"";""Com Vítimas Feridas"";""Pleno dia"";""Decrescente"";""Céu Claro"";""Dupla"";""Não Informado"";""Não"";464975;""Caminhonete"";""MMC/L200 TRITON 3.2 D"";2009;""Testemunha"";""Não Informado"";NA;""Não Informado"";0;0;0;0;-7",17221614;-35,"03649044;""SR-PB"";""DEL14/1"";""UOP02/PB"""
"260536;579911;2020-01-03;""sexta"";""08:15:00"";""PB"";230;46","9;""SANTA RITA"";""Sim"";""Falta de Atenção à Condução"";3;""Capotamento"";""Com Vítimas Feridas"";""Pleno dia"";""Decrescente"";""Céu Claro"";""Dupla"";""Não Informado"";""Não"";464975;""Caminhonete"";""MMC/L200 TRITON 3.2 D"";2009;""Testemunha"";""Não Informado"";NA;""Não Informado"";0;0;0;0;-7",17221614;-35,"03649044;""SR-PB"";""DEL14/1"";""UOP02/PB"""
"260536;579910;2020-01-03;""sexta"";""08:15:00"";""PB"";230;46","9;""SANTA RITA"";""Sim"";""Falta de Atenção à Condução"";3;""Capotamento"";""Com Vítimas Feridas"";""Pleno dia"";""Decrescente"";""Céu Claro"";""Dupla"";""Não Informado"";""Não"";464975;""Caminhonete"";""MMC/L200 TRITON 3.2 D"";2009;""Testemunha"";""Não Informado"";NA;""Não Informado"";0;0;0;0;-7",17221614;-35,"03649044;""SR-PB"";""DEL14/1"";""UOP02/PB"""
"260536;579756;2020-01-03;""sexta"";""08:15:00"";""PB"";230;46","9;""SANTA RITA"";""Sim"";""Falta de Atenção à Condução"";3;""Capotamento"";""Com Vítimas Feridas"";""Pleno dia"";""Decrescente"";""Céu Claro"";""Dupla"";""Não Informado"";""Não"";464975;""Caminhonete"";""MMC/L200 TRITON 3.2 D"";2009;""Passageiro"";""Lesões Graves"";19;""Masculino"";0;0;1;0;-7",17221614;-35,"03649044;""SR-PB"";""DEL14/1"";""UOP02/PB"""
"260536;579753;2020-01-03;""sexta"";""08:15:00"";""PB"";230;46","9;""SANTA RITA"";""Sim"";""Falta de Atenção à Condução"";3;""Capotamento"";""Com Vítimas Feridas"";""Pleno dia"";""Decrescente"";""Céu Claro"";""Dupla"";""Não Informado"";""Não"";464975;""Caminhonete"";""MMC/L200 TRITON 3.2 D"";2009;""Condutor"";""Ileso"";45;""Masculino"";1;0;0;0;-7",17221614;-35,"03649044;""SR-PB"";""DEL14/1"";""UOP02/PB"""
"260536;579746;2020-01-03;""sexta"";""08:15:00"";""PB"";230;46","9;""SANTA RITA"";""Sim"";""Falta de Atenção à Condução"";3;""Capotamento"";""Com Vítimas Feridas"";""Pleno dia"";""Decrescente"";""Céu Claro"";""Dupla"";""Não Informado"";""Não"";464974;""Automóvel"";""GM/CORSA HATCH PREMIUM"";2004;""Condutor"";""Lesões Graves"";68;""Masculino"";0;0;1;0;-7",17221614;-35,"03649044;""SR-PB"";""DEL14/1"";""UOP02/PB"""
"260536;579912;2020-01-03;""sexta"";""08:15:00"";""PB"";230;46","9;""SANTA RITA"";""Sim"";""Falta de Atenção à Condução"";3;""Capotamento"";""Com Vítimas Feridas"";""Pleno dia"";""Decrescente"";""Céu Claro"";""Dupla"";""Não Informado"";""Não"";464974;""Automóvel"";""GM/CORSA HATCH PREMIUM"";2004;""Testemunha"";""Não Informado"";NA;""Não Informado"";0;0;0;0;-7",17221614;-35,"03649044;""SR-PB"";""DEL14/1"";""UOP02/PB"""
"260536;579911;2020-01-03;""sexta"";""08:15:00"";""PB"";230;46","9;""SANTA RITA"";""Sim"";""Falta de Atenção à Condução"";3;""Capotamento"";""Com Vítimas Feridas"";""Pleno dia"";""Decrescente"";""Céu Claro"";""Dupla"";""Não Informado"";""Não"";464974;""Automóvel"";""GM/CORSA HATCH PREMIUM"";2004;""Testemunha"";""Não Informado"";NA;""Não Informado"";0;0;0;0;-7",17221614;-35,"03649044;""SR-PB"";""DEL14/1"";""UOP02/PB"""
"260536;579910;2020-01-03;""sexta"";""08:15:00"";""PB"";230;46","9;""SANTA RITA"";""Sim"";""Falta de Atenção à Condução"";3;""Capotamento"";""Com Vítimas Feridas"";""Pleno dia"";""Decrescente"";""Céu Claro"";""Dupla"";""Não Informado"";""Não"";464974;""Automóvel"";""GM/CORSA HATCH PREMIUM"";2004;""Testemunha"";""Não Informado"";NA;""Não Informado"";0;0;0;0;-7",17221614;-35,"03649044;""SR-PB"";""DEL14/1"";""UOP02/PB"""
"260536;579749;2020-01-03;""sexta"";""08:15:00"";""PB"";230;46","9;""SANTA RITA"";""Sim"";""Falta de Atenção à Condução"";3;""Capotamento"";""Com Vítimas Feridas"";""Pleno dia"";""Decrescente"";""Céu Claro"";""Dupla"";""Não Informado"";""Não"";464974;""Automóvel"";""GM/CORSA HATCH PREMIUM"";2004;""Passageiro"";""Lesões Graves"";47;""Feminino"";0;0;1;0;-7",17221614;-35,"03649044;""SR-PB"";""DEL14/1"";""UOP02/PB"""
"260536;579912;2020-01-03;""sexta"";""08:15:00"";""PB"";230;46","9;""SANTA RITA"";""Sim"";""Falta de Atenção à Condução"";2;""Colisão com objeto estático"";""Com Vítimas Feridas"";""Pleno dia"";""Decrescente"";""Céu Claro"";""Dupla"";""Não Informado"";""Não"";464975;""Caminhonete"";""MMC/L200 TRITON 3.2 D"";2009;""Testemunha"";""Não Informado"";NA;""Não Informado"";0;0;0;0;-7",17221614;-35,"03649044;""SR-PB"";""DEL14/1"";""UOP02/PB"""
"260536;579911;2020-01-03;""sexta"";""08:15:00"";""PB"";230;46","9;""SANTA RITA"";""Sim"";""Falta de Atenção à Condução"";2;""Colisão com objeto estático"";""Com Vítimas Feridas"";""Pleno dia"";""Decrescente"";""Céu Claro"";""Dupla"";""Não Informado"";""Não"";464975;""Caminhonete"";""MMC/L200 TRITON 3.2 D"";2009;""Testemunha"";""Não Informado"";NA;""Não Informado"";0;0;0;0;-7",17221614;-35,"03649044;""SR-PB"";""DEL14/1"";""UOP02/PB"""
"260536;579910;2020-01-03;""sexta"";""08:15:00"";""PB"";230;46","9;""SANTA RITA"";""Sim"";""Falta de Atenção à Condução"";2;""Colisão com objeto estático"";""Com Vítimas Feridas"";""Pleno dia"";""Decrescente"";""Céu Claro"";""Dupla"";""Não Informado"";""Não"";464975;""Caminhonete"";""MMC/L200 TRITON 3.2 D"";2009;""Testemunha"";""Não Informado"";NA;""Não Informado"";0;0;0;0;-7",17221614;-35,"03649044;""SR-PB"";""DEL14/1"";""UOP02/PB"""
"260536;579756;2020-01-03;""sexta"";""08:15:00"";""PB"";230;46","9;""SANTA RITA"";""Sim"";""Falta de Atenção à Condução"";2;""Colisão com objeto estático"";""Com Vítimas Feridas"";""Pleno dia"";""Decrescente"";""Céu Claro"";""Dupla"";""Não Informado"";""Não"";464975;""Caminhonete"";""MMC/L200 TRITON 3.2 D"";2009;""Passageiro"";""Lesões Graves"";19;""Masculino"";0;0;1;0;-7",17221614;-35,"03649044;""SR-PB"";""DEL14/1"";""UOP02/PB"""
"260536;579753;2020-01-03;""sexta"";""08:15:00"";""PB"";230;46","9;""SANTA RITA"";""Sim"";""Falta de Atenção à Condução"";2;""Colisão com objeto estático"";""Com Vítimas Feridas"";""Pleno dia"";""Decrescente"";""Céu Claro"";""Dupla"";""Não Informado"";""Não"";464975;""Caminhonete"";""MMC/L200 TRITON 3.2 D"";2009;""Condutor"";""Ileso"";45;""Masculino"";1;0;0;0;-7",17221614;-35,"03649044;""SR-PB"";""DEL14/1"";""UOP02/PB"""
"260536;579746;2020-01-03;""sexta"";""08:15:00"";""PB"";230;46","9;""SANTA RITA"";""Sim"";""Falta de Atenção à Condução"";2;""Colisão com objeto estático"";""Com Vítimas Feridas"";""Pleno dia"";""Decrescente"";""Céu Claro"";""Dupla"";""Não Informado"";""Não"";464974;""Automóvel"";""GM/CORSA HATCH PREMIUM"";2004;""Condutor"";""Lesões Graves"";68;""Masculino"";0;0;1;0;-7",17221614;-35,"03649044;""SR-PB"";""DEL14/1"";""UOP02/PB"""
"260536;579912;2020-01-03;""sexta"";""08:15:00"";""PB"";230;46","9;""SANTA RITA"";""Sim"";""Falta de Atenção à Condução"";2;""Colisão com objeto estático"";""Com Vítimas Feridas"";""Pleno dia"";""Decrescente"";""Céu Claro"";""Dupla"";""Não Informado"";""Não"";464974;""Automóvel"";""GM/CORSA HATCH PREMIUM"";2004;""Testemunha"";""Não Informado"";NA;""Não Informado"";0;0;0;0;-7",17221614;-35,"03649044;""SR-PB"";""DEL14/1"";""UOP02/PB"""
"260536;579911;2020-01-03;""sexta"";""08:15:00"";""PB"";230;46","9;""SANTA RITA"";""Sim"";""Falta de Atenção à Condução"";2;""Colisão com objeto estático"";""Com Vítimas Feridas"";""Pleno dia"";""Decrescente"";""Céu Claro"";""Dupla"";""Não Informado"";""Não"";464974;""Automóvel"";""GM/CORSA HATCH PREMIUM"";2004;""Testemunha"";""Não Informado"";NA;""Não Informado"";0;0;0;0;-7",17221614;-35,"03649044;""SR-PB"";""DEL14/1"";""UOP02/PB"""
"260536;579910;2020-01-03;""sexta"";""08:15:00"";""PB"";230;46","9;""SANTA RITA"";""Sim"";""Falta de Atenção à Condução"";2;""Colisão com objeto estático"";""Com Vítimas Feridas"";""Pleno dia"";""Decrescente"";""Céu Claro"";""Dupla"";""Não Informado"";""Não"";464974;""Automóvel"";""GM/CORSA HATCH PREMIUM"";2004;""Testemunha"";""Não Informado"";NA;""Não Informado"";0;0;0;0;-7",17221614;-35,"03649044;""SR-PB"";""DEL14/1"";""UOP02/PB"""
"260536;579749;2020-01-03;""sexta"";""08:15:00"";""PB"";230;46","9;""SANTA RITA"";""Sim"";""Falta de Atenção à Condução"";2;""Colisão com objeto estático"";""Com Vítimas Feridas"";""Pleno dia"";""Decrescente"";""Céu Claro"";""Dupla"";""Não Informado"";""Não"";464974;""Automóvel"";""GM/CORSA HATCH PREMIUM"";2004;""Passageiro"";""Lesões Graves"";47;""Feminino"";0;0;1;0;-7",17221614;-35,"03649044;""SR-PB"";""DEL14/1"";""UOP02/PB"""
"260537;579693;2020-01-03;""sexta"";""09:55:00"";""PR"";369;155;""LONDRINA"";""Sim"";""Não guardar distância de segurança"";1;""Colisão traseira"";""Com Vítimas Feridas"";""Pleno dia"";""Decrescente"";""Nublado"";""Dupla"";""Interseção de vias"";""Sim"";464901;""Ônibus"";""M.BENZ/MPOLO TORINO U"";2011;""Condutor"";""Ileso"";39;""Masculino"";1;0;0;0;-23",29567178;-51,"20865405;""SR-PR"";""DEL7/7"";""UOP01/PR""",
"260537;579686;2020-01-03;""sexta"";""09:55:00"";""PR"";369;155;""LONDRINA"";""Sim"";""Não guardar distância de segurança"";1;""Colisão traseira"";""Com Vítimas Feridas"";""Pleno dia"";""Decrescente"";""Nublado"";""Dupla"";""Interseção de vias"";""Sim"";464900;""Motocicleta"";""HONDA/CB 300R"";2009;""Condutor"";""Lesões Leves"";22;""Masculino"";0;1;0;0;-23",29567178;-51,"20865405;""SR-PR"";""DEL7/7"";""UOP01/PR""",
"260538;579909;2020-01-03;""sexta"";""09:15:00"";""PI"";316;2","4;""TERESINA"";""Sim"";""Desobediência às normas de trânsito pelo condutor"";2;""Colisão transversal"";""Com Vítimas Feridas"";""Pleno dia"";""Decrescente"";""Nublado"";""Dupla"";""Rotatória"";""Sim"";464879;""Motocicleta"";""HONDA/CG 125 FAN KS"";2010;""Condutor"";""Lesões Graves"";29;""Masculino"";0;0;1;0;-5",123238;-42,"79601812;""SR-PI"";""DEL17/1"";""UOP02/PI"""
"260538;579914;2020-01-03;""sexta"";""09:15:00"";""PI"";316;2","4;""TERESINA"";""Sim"";""Desobediência às normas de trânsito pelo condutor"";2;""Colisão transversal"";""Com Vítimas Feridas"";""Pleno dia"";""Decrescente"";""Nublado"";""Dupla"";""Rotatória"";""Sim"";464881;""Caminhão"";""M.BENZ/L 1620"";2009;""Condutor"";""Ileso"";43;""Masculino"";1;0;0;0;-5",123238;-42,"79601812;""SR-PI"";""DEL17/1"";""UOP02/PI"""
"260538;579952;2020-01-03;""sexta"";""09:15:00"";""PI"";316;2","4;""TERESINA"";""Sim"";""Desobediência às normas de trânsito pelo condutor"";2;""Colisão transversal"";""Com Vítimas Feridas"";""Pleno dia"";""Decrescente"";""Nublado"";""Dupla"";""Rotatória"";""Sim"";464880;""Automóvel"";"""";NA;""Condutor"";""Não Informado"";NA;""Não Informado"";0;0;0;0;-5",123238;-42,"79601812;""SR-PI"";""DEL17/1"";""UOP02/PI"""
"260538;579909;2020-01-03;""sexta"";""09:15:00"";""PI"";316;2","4;""TERESINA"";""Sim"";""Desobediência às normas de trânsito pelo condutor"";3;""Queda de ocupante de veículo"";""Com Vítimas Feridas"";""Pleno dia"";""Decrescente"";""Nublado"";""Dupla"";""Rotatória"";""Sim"";464879;""Motocicleta"";""HONDA/CG 125 FAN KS"";2010;""Condutor"";""Lesões Graves"";29;""Masculino"";0;0;1;0;-5",123238;-42,"79601812;""SR-PI"";""DEL17/1"";""UOP02/PI"""
"260538;579914;2020-01-03;""sexta"";""09:15:00"";""PI"";316;2","4;""TERESINA"";""Sim"";""Desobediência às normas de trânsito pelo condutor"";3;""Queda de ocupante de veículo"";""Com Vítimas Feridas"";""Pleno dia"";""Decrescente"";""Nublado"";""Dupla"";""Rotatória"";""Sim"";464881;""Caminhão"";""M.BENZ/L 1620"";2009;""Condutor"";""Ileso"";43;""Masculino"";1;0;0;0;-5",123238;-42,"79601812;""SR-PI"";""DEL17/1"";""UOP02/PI"""
"260538;579952;2020-01-03;""sexta"";""09:15:00"";""PI"";316;2","4;""TERESINA"";""Sim"";""Desobediência às normas de trânsito pelo condutor"";3;""Queda de ocupante de veículo"";""Com Vítimas Feridas"";""Pleno dia"";""Decrescente"";""Nublado"";""Dupla"";""Rotatória"";""Sim"";464880;""Automóvel"";"""";NA;""Condutor"";""Não Informado"";NA;""Não Informado"";0;0;0;0;-5",123238;-42,"79601812;""SR-PI"";""DEL17/1"";""UOP02/PI"""
"260538;579909;2020-01-03;""sexta"";""09:15:00"";""PI"";316;2","4;""TERESINA"";""Sim"";""Desobediência às normas de trânsito pelo condutor"";1;""Colisão lateral"";""Com Vítimas Feridas"";""Pleno dia"";""Decrescente"";""Nublado"";""Dupla"";""Rotatória"";""Sim"";464879;""Motocicleta"";""HONDA/CG 125 FAN KS"";2010;""Condutor"";""Lesões Graves"";29;""Masculino"";0;0;1;0;-5",123238;-42,"79601812;""SR-PI"";""DEL17/1"";""UOP02/PI"""
"260538;579914;2020-01-03;""sexta"";""09:15:00"";""PI"";316;2","4;""TERESINA"";""Sim"";""Desobediência às normas de trânsito pelo condutor"";1;""Colisão lateral"";""Com Vítimas Feridas"";""Pleno dia"";""Decrescente"";""Nublado"";""Dupla"";""Rotatória"";""Sim"";464881;""Caminhão"";""M.BENZ/L 1620"";2009;""Condutor"";""Ileso"";43;""Masculino"";1;0;0;0;-5",123238;-42,"79601812;""SR-PI"";""DEL17/1"";""UOP02/PI"""
"260538;579952;2020-01-03;""sexta"";""09:15:00"";""PI"";316;2","4;""TERESINA"";""Sim"";""Desobediência às normas de trânsito pelo condutor"";1;""Colisão lateral"";""Com Vítimas Feridas"";""Pleno dia"";""Decrescente"";""Nublado"";""Dupla"";""Rotatória"";""Sim"";464880;""Automóvel"";"""";NA;""Condutor"";""Não Informado"";NA;""Não Informado"";0;0;0;0;-5",123238;-42,"79601812;""SR-PI"";""DEL17/1"";""UOP02/PI"""
"260538;579909;2020-01-03;""sexta"";""09:15:00"";""PI"";316;2","4;""TERESINA"";""Não"";""Não guardar distância de segurança"";2;""Colisão transversal"";""Com Vítimas Feridas"";""Pleno dia"";""Decrescente"";""Nublado"";""Dupla"";""Rotatória"";""Sim"";464879;""Motocicleta"";""HONDA/CG 125 FAN KS"";2010;""Condutor"";""Lesões Graves"";29;""Masculino"";0;0;1;0;-5",123238;-42,"79601812;""SR-PI"";""DEL17/1"";""UOP02/PI"""