"id;""pesid"";""data_inversa"";""dia_semana"";""horario"";""uf"";""br"";""km"";""municipio"";""causa_principal"";""causa_acidente"";""ordem_tipo_acidente"";""tipo_acidente"";""classificacao_acidente"";""fase_dia"";""sentido_via"";""condicao_metereologica"";""tipo_pista"";""tracado_via"";""uso_solo"";""id_veiculo"";""tipo_veiculo"";""marca"";""ano_fabricacao_veiculo"";""tipo_envolvido"";""estado_fisico"";""idade"";""sexo"";""ilesos"";""feridos_leves"";""feridos_graves"";""mortos"";""latitude"";""longitude"";""regional"";""delegacia"";""uop""",,,
"260538;579914;2020-01-03;""sexta"";""09:15:00"";""PI"";316;2","4;""TERESINA"";""Não"";""Não guardar distância de segurança"";2;""Colisão transversal"";""Com Vítimas Feridas"";""Pleno dia"";""Decrescente"";""Nublado"";""Dupla"";""Rotatória"";""Sim"";464881;""Caminhão"";""M.BENZ/L 1620"";2009;""Condutor"";""Ileso"";43;""Masculino"";1;0;0;0;-5",123238;-42,"79601812;""SR-PI"";""DEL17/1"";""UOP02/PI"""
"260538;579952;2020-01-03;""sexta"";""09:15:00"";""PI"";316;2","4;""TERESINA"";""Não"";""Não guardar distância de segurança"";2;""Colisão transversal"";""Com Vítimas Feridas"";""Pleno dia"";""Decrescente"";""Nublado"";""Dupla"";""Rotatória"";""Sim"";464880;""Automóvel"";"""";NA;""Condutor"";""Não Informado"";NA;""Não Informado"";0;0;0;0;-5",123238;-42,"79601812;""SR-PI"";""DEL17/1"";""UOP02/PI"""
"260538;579909;2020-01-03;""sexta"";""09:15:00"";""PI"";316;2","4;""TERESINA"";""Não"";""Não guardar distância de segurança"";3;""Queda de ocupante de veículo"";""Com Vítimas Feridas"";""Pleno dia"";""Decrescente"";""Nublado"";""Dupla"";""Rotatória"";""Sim"";464879;""Motocicleta"";""HONDA/CG 125 FAN KS"";2010;""Condutor"";""Lesões Graves"";29;""Masculino"";0;0;1;0;-5",123238;-42,"79601812;""SR-PI"";""DEL17/1"";""UOP02/PI"""
"260538;579914;2020-01-03;""sexta"";""09:15:00"";""PI"";316;2","4;""TERESINA"";""Não"";""Não guardar distância de segurança"";3;""Queda de ocupante de veículo"";""Com Vítimas Feridas"";""Pleno dia"";""Decrescente"";""Nublado"";""Dupla"";""Rotatória"";""Sim"";464881;""Caminhão"";""M.BENZ/L 1620"";2009;""Condutor"";""Ileso"";43;""Masculino"";1;0;0;0;-5",123238;-42,"79601812;""SR-PI"";""DEL17/1"";""UOP02/PI"""
"260538;579952;2020-01-03;""sexta"";""09:15:00"";""PI"";316;2","4;""TERESINA"";""Não"";""Não guardar distância de segurança"";3;""Queda de ocupante de veículo"";""Com Vítimas Feridas"";""Pleno dia"";""Decrescente"";""Nublado"";""Dupla"";""Rotatória"";""Sim"";464880;""Automóvel"";"""";NA;""Condutor"";""Não Informado"";NA;""Não Informado"";0;0;0;0;-5",123238;-42,"79601812;""SR-PI"";""DEL17/1"";""UOP02/PI"""
"260538;579909;2020-01-03;""sexta"";""09:15:00"";""PI"";316;2","4;""TERESINA"";""Não"";""Não guardar distância de segurança"";1;""Colisão lateral"";""Com Vítimas Feridas"";""Pleno dia"";""Decrescente"";""Nublado"";""Dupla"";""Rotatória"";""Sim"";464879;""Motocicleta"";""HONDA/CG 125 FAN KS"";2010;""Condutor"";""Lesões Graves"";29;""Masculino"";0;0;1;0;-5",123238;-42,"79601812;""SR-PI"";""DEL17/1"";""UOP02/PI"""
"260538;579914;2020-01-03;""sexta"";""09:15:00"";""PI"";316;2","4;""TERESINA"";""Não"";""Não guardar distância de segurança"";1;""Colisão lateral"";""Com Vítimas Feridas"";""Pleno dia"";""Decrescente"";""Nublado"";""Dupla"";""Rotatória"";""Sim"";464881;""Caminhão"";""M.BENZ/L 1620"";2009;""Condutor"";""Ileso"";43;""Masculino"";1;0;0;0;-5",123238;-42,"79601812;""SR-PI"";""DEL17/1"";""UOP02/PI"""
"260538;579952;2020-01-03;""sexta"";""09:15:00"";""PI"";316;2","4;""TERESINA"";""Não"";""Não guardar distância de segurança"";1;""Colisão lateral"";""Com Vítimas Feridas"";""Pleno dia"";""Decrescente"";""Nublado"";""Dupla"";""Rotatória"";""Sim"";464880;""Automóvel"";"""";NA;""Condutor"";""Não Informado"";NA;""Não Informado"";0;0;0;0;-5",123238;-42,"79601812;""SR-PI"";""DEL17/1"";""UOP02/PI"""
"260539;581715;2020-01-03;""sexta"";""09:30:00"";""PR"";376;169;""MARINGA"";""Sim"";""Falta de Atenção à Condução"";1;""Colisão lateral"";""Com Vítimas Feridas"";""Pleno dia"";""Decrescente"";""Céu Claro"";""Dupla"";""Reta"";""Não"";464903;""Motocicleta"";""JTA/SUZUKI BANDIT N600"";2005;""Condutor"";""Lesões Leves"";55;""Masculino"";0;1;0;0;-23",39457259;-52,"0085907;""SR-PR"";""DEL7/7"";""UOP04/PR""",
"260539;581714;2020-01-03;""sexta"";""09:30:00"";""PR"";376;169;""MARINGA"";""Sim"";""Falta de Atenção à Condução"";1;""Colisão lateral"";""Com Vítimas Feridas"";""Pleno dia"";""Decrescente"";""Céu Claro"";""Dupla"";""Reta"";""Não"";464902;""Automóvel"";""HONDA/HR-V EXL CVT"";2018;""Condutor"";""Ileso"";59;""Feminino"";1;0;0;0;-23",39457259;-52,"0085907;""SR-PR"";""DEL7/7"";""UOP04/PR""",
"260540;579654;2020-01-03;""sexta"";""09:15:00"";""SC"";101;215","5;""PALHOCA"";""Sim"";""Falta de Atenção à Condução"";3;""Queda de ocupante de veículo"";""Com Vítimas Feridas"";""Pleno dia"";""Decrescente"";""Nublado"";""Simples"";""Reta"";""Sim"";464929;""Automóvel"";""VW/NOVO VOYAGE 1.6 COMF."";2013;""Condutor"";""Ileso"";60;""Masculino"";1;0;0;0;-27",65184843;-48,"67604941;""SR-SC"";""DEL8/1"";""UOP02/SC"""
"260540;579651;2020-01-03;""sexta"";""09:15:00"";""SC"";101;215","5;""PALHOCA"";""Sim"";""Falta de Atenção à Condução"";3;""Queda de ocupante de veículo"";""Com Vítimas Feridas"";""Pleno dia"";""Decrescente"";""Nublado"";""Simples"";""Reta"";""Sim"";464928;""Motocicleta"";""HONDA/CG150 FAN ESDI"";2013;""Condutor"";""Lesões Leves"";47;""Masculino"";0;1;0;0;-27",65184843;-48,"67604941;""SR-SC"";""DEL8/1"";""UOP02/SC"""
"260540;579654;2020-01-03;""sexta"";""09:15:00"";""SC"";101;215","5;""PALHOCA"";""Sim"";""Falta de Atenção à Condução"";2;""Tombamento"";""Com Vítimas Feridas"";""Pleno dia"";""Decrescente"";""Nublado"";""Simples"";""Reta"";""Sim"";464929;""Automóvel"";""VW/NOVO VOYAGE 1.6 COMF."";2013;""Condutor"";""Ileso"";60;""Masculino"";1;0;0;0;-27",65184843;-48,"67604941;""SR-SC"";""DEL8/1"";""UOP02/SC"""
"260540;579651;2020-01-03;""sexta"";""09:15:00"";""SC"";101;215","5;""PALHOCA"";""Sim"";""Falta de Atenção à Condução"";2;""Tombamento"";""Com Vítimas Feridas"";""Pleno dia"";""Decrescente"";""Nublado"";""Simples"";""Reta"";""Sim"";464928;""Motocicleta"";""HONDA/CG150 FAN ESDI"";2013;""Condutor"";""Lesões Leves"";47;""Masculino"";0;1;0;0;-27",65184843;-48,"67604941;""SR-SC"";""DEL8/1"";""UOP02/SC"""
"260540;579654;2020-01-03;""sexta"";""09:15:00"";""SC"";101;215","5;""PALHOCA"";""Sim"";""Falta de Atenção à Condução"";1;""Colisão lateral"";""Com Vítimas Feridas"";""Pleno dia"";""Decrescente"";""Nublado"";""Simples"";""Reta"";""Sim"";464929;""Automóvel"";""VW/NOVO VOYAGE 1.6 COMF."";2013;""Condutor"";""Ileso"";60;""Masculino"";1;0;0;0;-27",65184843;-48,"67604941;""SR-SC"";""DEL8/1"";""UOP02/SC"""
"260540;579651;2020-01-03;""sexta"";""09:15:00"";""SC"";101;215","5;""PALHOCA"";""Sim"";""Falta de Atenção à Condução"";1;""Colisão lateral"";""Com Vítimas Feridas"";""Pleno dia"";""Decrescente"";""Nublado"";""Simples"";""Reta"";""Sim"";464928;""Motocicleta"";""HONDA/CG150 FAN ESDI"";2013;""Condutor"";""Lesões Leves"";47;""Masculino"";0;1;0;0;-27",65184843;-48,"67604941;""SR-SC"";""DEL8/1"";""UOP02/SC"""
"260541;581910;2020-01-03;""sexta"";""07:45:00"";""SC"";101;278;""IMBITUBA"";""Sim"";""Falta de Atenção à Condução"";1;""Colisão transversal"";""Com Vítimas Feridas"";""Pleno dia"";""Crescente"";""Céu Claro"";""Simples"";""Reta"";""Não"";464874;""Automóvel"";""I/RENAULT CLIO CAM1016VH"";2009;""Condutor"";""Ileso"";22;""Masculino"";1;0;0;0;-28",16300604;-48,"6939345;""SR-SC"";""DEL8/2"";""UOP03/SC""",
"260541;580009;2020-01-03;""sexta"";""07:45:00"";""SC"";101;278;""IMBITUBA"";""Sim"";""Falta de Atenção à Condução"";1;""Colisão transversal"";""Com Vítimas Feridas"";""Pleno dia"";""Crescente"";""Céu Claro"";""Simples"";""Reta"";""Não"";465193;""Bicicleta"";"""";NA;""Condutor"";""Lesões Graves"";72;""Masculino"";0;0;1;0;-28",16300604;-48,"6939345;""SR-SC"";""DEL8/2"";""UOP03/SC""",
"260542;579696;2020-01-03;""sexta"";""08:00:00"";""SC"";470;302;""CAMPOS NOVOS"";""Sim"";""Condutor Dormindo"";1;""Colisão transversal"";""Com Vítimas Feridas"";""Pleno dia"";""Crescente"";""Sol"";""Simples"";""Interseção de vias"";""Não"";464960;""Caminhonete"";""I/TOYOTA HILUX CD4X4 SRV"";2014;""Condutor"";""Ileso"";33;""Masculino"";1;0;0;0;-27",374527;-51,"065792;""SR-SC"";""DEL7"";""UOP08/SC""",
"260542;579695;2020-01-03;""sexta"";""08:00:00"";""SC"";470;302;""CAMPOS NOVOS"";""Sim"";""Condutor Dormindo"";1;""Colisão transversal"";""Com Vítimas Feridas"";""Pleno dia"";""Crescente"";""Sol"";""Simples"";""Interseção de vias"";""Não"";464875;""Automóvel"";""GM/CELTA 5 PORTAS"";2003;""Passageiro"";""Lesões Leves"";40;""Feminino"";0;1;0;0;-27",374527;-51,"065792;""SR-SC"";""DEL7"";""UOP08/SC""",
"260542;579694;2020-01-03;""sexta"";""08:00:00"";""SC"";470;302;""CAMPOS NOVOS"";""Sim"";""Condutor Dormindo"";1;""Colisão transversal"";""Com Vítimas Feridas"";""Pleno dia"";""Crescente"";""Sol"";""Simples"";""Interseção de vias"";""Não"";464875;""Automóvel"";""GM/CELTA 5 PORTAS"";2003;""Passageiro"";""Lesões Leves"";18;""Masculino"";0;1;0;0;-27",374527;-51,"065792;""SR-SC"";""DEL7"";""UOP08/SC""",
"260542;579688;2020-01-03;""sexta"";""08:00:00"";""SC"";470;302;""CAMPOS NOVOS"";""Sim"";""Condutor Dormindo"";1;""Colisão transversal"";""Com Vítimas Feridas"";""Pleno dia"";""Crescente"";""Sol"";""Simples"";""Interseção de vias"";""Não"";464875;""Automóvel"";""GM/CELTA 5 PORTAS"";2003;""Condutor"";""Lesões Leves"";40;""Feminino"";0;1;0;0;-27",374527;-51,"065792;""SR-SC"";""DEL7"";""UOP08/SC""",
"260543;579666;2020-01-03;""sexta"";""09:45:00"";""DF"";20;21;""BRASILIA"";""Sim"";""Velocidade Incompatível"";1;""Atropelamento de Pedestre"";""Com Vítimas Fatais"";""Pleno dia"";""Crescente"";""Nublado"";""Dupla"";""Reta"";""Sim"";464942;""Caminhonete"";""RENAULT/OROCH DYN 16 SCE"";2019;""Pedestre"";""Óbito"";39;""Feminino"";0;0;0;1;-15",603384;-47,"684692;""SR-DF"";""UOP01/DEL02/DF"";""""",
"260543;579675;2020-01-03;""sexta"";""09:45:00"";""DF"";20;21;""BRASILIA"";""Sim"";""Velocidade Incompatível"";1;""Atropelamento de Pedestre"";""Com Vítimas Fatais"";""Pleno dia"";""Crescente"";""Nublado"";""Dupla"";""Reta"";""Sim"";464942;""Caminhonete"";""RENAULT/OROCH DYN 16 SCE"";2019;""Condutor"";""Ileso"";40;""Masculino"";1;0;0;0;-15",603384;-47,"684692;""SR-DF"";""UOP01/DEL02/DF"";""""",
"260544;581604;2020-01-03;""sexta"";""10:25:00"";""SC"";282;57","8;""RANCHO QUEIMADO"";""Sim"";""Falta de Atenção à Condução"";2;""Tombamento"";""Com Vítimas Feridas"";""Pleno dia"";""Crescente"";""Nublado"";""Simples"";""Reta"";""Não"";464980;""Automóvel"";""VW/NOVO VOYAGE CL SBV"";2017;""Condutor"";""Ileso"";48;""Masculino"";1;0;0;0;-27",68421213;-49,"00410891;""SR-SC"";""DEL8/1"";""UOP03/SC"""
"260544;581607;2020-01-03;""sexta"";""10:25:00"";""SC"";282;57","8;""RANCHO QUEIMADO"";""Sim"";""Falta de Atenção à Condução"";2;""Tombamento"";""Com Vítimas Feridas"";""Pleno dia"";""Crescente"";""Nublado"";""Simples"";""Reta"";""Não"";464981;""Motocicleta"";""HONDA/CG 160 TITAN EX"";2016;""Passageiro"";""Lesões Leves"";42;""Feminino"";0;1;0;0;-27",68421213;-49,"00410891;""SR-SC"";""DEL8/1"";""UOP03/SC"""
"260544;581606;2020-01-03;""sexta"";""10:25:00"";""SC"";282;57","8;""RANCHO QUEIMADO"";""Sim"";""Falta de Atenção à Condução"";2;""Tombamento"";""Com Vítimas Feridas"";""Pleno dia"";""Crescente"";""Nublado"";""Simples"";""Reta"";""Não"";464981;""Motocicleta"";""HONDA/CG 160 TITAN EX"";2016;""Condutor"";""Lesões Leves"";48;""Masculino"";0;1;0;0;-27",68421213;-49,"00410891;""SR-SC"";""DEL8/1"";""UOP03/SC"""
"260544;581604;2020-01-03;""sexta"";""10:25:00"";""SC"";282;57","8;""RANCHO QUEIMADO"";""Sim"";""Falta de Atenção à Condução"";1;""Colisão traseira"";""Com Vítimas Feridas"";""Pleno dia"";""Crescente"";""Nublado"";""Simples"";""Reta"";""Não"";464980;""Automóvel"";""VW/NOVO VOYAGE CL SBV"";2017;""Condutor"";""Ileso"";48;""Masculino"";1;0;0;0;-27",68421213;-49,"00410891;""SR-SC"";""DEL8/1"";""UOP03/SC"""
"260544;581607;2020-01-03;""sexta"";""10:25:00"";""SC"";282;57","8;""RANCHO QUEIMADO"";""Sim"";""Falta de Atenção à Condução"";1;""Colisão traseira"";""Com Vítimas Feridas"";""Pleno dia"";""Crescente"";""Nublado"";""Simples"";""Reta"";""Não"";464981;""Motocicleta"";""HONDA/CG 160 TITAN EX"";2016;""Passageiro"";""Lesões Leves"";42;""Feminino"";0;1;0;0;-27",68421213;-49,"00410891;""SR-SC"";""DEL8/1"";""UOP03/SC"""
"260544;581606;2020-01-03;""sexta"";""10:25:00"";""SC"";282;57","8;""RANCHO QUEIMADO"";""Sim"";""Falta de Atenção à Condução"";1;""Colisão traseira"";""Com Vítimas Feridas"";""Pleno dia"";""Crescente"";""Nublado"";""Simples"";""Reta"";""Não"";464981;""Motocicleta"";""HONDA/CG 160 TITAN EX"";2016;""Condutor"";""Lesões Leves"";48;""Masculino"";0;1;0;0;-27",68421213;-49,"00410891;""SR-SC"";""DEL8/1"";""UOP03/SC"""
"260545;581137;2020-01-03;""sexta"";""04:00:00"";""BA"";330;810;""IBIRAPITANGA"";""Sim"";""Falta de Atenção à Condução"";1;""Saída de leito carroçável"";""Com Vítimas Fatais"";""Amanhecer"";""Crescente"";""Céu Claro"";""Simples"";""Reta"";""Não"";464886;""Caminhonete"";""I/TOYOTA HILUX CD4X4 SRV"";2015;""Testemunha"";""Não Informado"";NA;""Não Informado"";0;0;0;0;-14",2260037;-39,"5058199;""SR-BA"";""DEL10/5"";""UOP01/BA""",
"260545;581022;2020-01-03;""sexta"";""04:00:00"";""BA"";330;810;""IBIRAPITANGA"";""Sim"";""Falta de Atenção à Condução"";1;""Saída de leito carroçável"";""Com Vítimas Fatais"";""Amanhecer"";""Crescente"";""Céu Claro"";""Simples"";""Reta"";""Não"";464886;""Caminhonete"";""I/TOYOTA HILUX CD4X4 SRV"";2015;""Passageiro"";""Óbito"";25;""Masculino"";0;0;0;1;-14",2260037;-39,"5058199;""SR-BA"";""DEL10/5"";""UOP01/BA""",
"260545;581017;2020-01-03;""sexta"";""04:00:00"";""BA"";330;810;""IBIRAPITANGA"";""Sim"";""Falta de Atenção à Condução"";1;""Saída de leito carroçável"";""Com Vítimas Fatais"";""Amanhecer"";""Crescente"";""Céu Claro"";""Simples"";""Reta"";""Não"";464886;""Caminhonete"";""I/TOYOTA HILUX CD4X4 SRV"";2015;""Condutor"";""Lesões Graves"";41;""Masculino"";0;0;1;0;-14",2260037;-39,"5058199;""SR-BA"";""DEL10/5"";""UOP01/BA""",
"260547;580629;2020-01-03;""sexta"";""11:00:00"";""PE"";101;86","6;""JABOATAO DOS GUARARAPES"";""Sim"";""Velocidade Incompatível"";1;""Colisão lateral"";""Com Vítimas Feridas"";""Pleno dia"";""Decrescente"";""Céu Claro"";""Dupla"";""Reta"";""Sim"";465029;""Automóvel"";""MMC/LANCER 2.0 HLE"";2015;""Condutor"";""Ileso"";25;""Masculino"";1;0;0;0;-8",18470013;-34,"96816895;""SR-PE"";""DEL11/1"";""UOP03/PE"""
"260547;580630;2020-01-03;""sexta"";""11:00:00"";""PE"";101;86","6;""JABOATAO DOS GUARARAPES"";""Sim"";""Velocidade Incompatível"";1;""Colisão lateral"";""Com Vítimas Feridas"";""Pleno dia"";""Decrescente"";""Céu Claro"";""Dupla"";""Reta"";""Sim"";465030;""Motocicleta"";""HONDA/CG 160 FAN"";2019;""Condutor"";""Lesões Graves"";42;""Masculino"";0;0;1;0;-8",18470013;-34,"96816895;""SR-PE"";""DEL11/1"";""UOP03/PE"""
"260548;579931;2020-01-03;""sexta"";""06:30:00"";""MG"";365;92","2;""JEQUITAI"";""Sim"";""Velocidade Incompatível"";1;""Colisão frontal"";""Com Vítimas Feridas"";""Pleno dia"";""Crescente"";""Chuva"";""Simples"";""Reta"";""Não"";465078;""Automóvel"";""VW/GOL 1.0"";2012;""Passageiro"";""Ileso"";52;""Masculino"";1;0;0;0;-17",21604745;-44,"45298992;""SR-MG"";""DEL4/12"";""UOP01/MG"""
"260548;579930;2020-01-03;""sexta"";""06:30:00"";""MG"";365;92","2;""JEQUITAI"";""Sim"";""Velocidade Incompatível"";1;""Colisão frontal"";""Com Vítimas Feridas"";""Pleno dia"";""Crescente"";""Chuva"";""Simples"";""Reta"";""Não"";465078;""Automóvel"";""VW/GOL 1.0"";2012;""Passageiro"";""Ileso"";41;""Masculino"";1;0;0;0;-17",21604745;-44,"45298992;""SR-MG"";""DEL4/12"";""UOP01/MG"""
"260548;579933;2020-01-03;""sexta"";""06:30:00"";""MG"";365;92","2;""JEQUITAI"";""Sim"";""Velocidade Incompatível"";1;""Colisão frontal"";""Com Vítimas Feridas"";""Pleno dia"";""Crescente"";""Chuva"";""Simples"";""Reta"";""Não"";465078;""Automóvel"";""VW/GOL 1.0"";2012;""Passageiro"";""Ileso"";19;""Feminino"";1;0;0;0;-17",21604745;-44,"45298992;""SR-MG"";""DEL4/12"";""UOP01/MG"""
"260548;579932;2020-01-03;""sexta"";""06:30:00"";""MG"";365;92","2;""JEQUITAI"";""Sim"";""Velocidade Incompatível"";1;""Colisão frontal"";""Com Vítimas Feridas"";""Pleno dia"";""Crescente"";""Chuva"";""Simples"";""Reta"";""Não"";465078;""Automóvel"";""VW/GOL 1.0"";2012;""Passageiro"";""Ileso"";15;""Masculino"";1;0;0;0;-17",21604745;-44,"45298992;""SR-MG"";""DEL4/12"";""UOP01/MG"""
"260548;579929;2020-01-03;""sexta"";""06:30:00"";""MG"";365;92","2;""JEQUITAI"";""Sim"";""Velocidade Incompatível"";1;""Colisão frontal"";""Com Vítimas Feridas"";""Pleno dia"";""Crescente"";""Chuva"";""Simples"";""Reta"";""Não"";465078;""Automóvel"";""VW/GOL 1.0"";2012;""Condutor"";""Ileso"";40;""Feminino"";1;0;0;0;-17",21604745;-44,"45298992;""SR-MG"";""DEL4/12"";""UOP01/MG"""
"260548;579924;2020-01-03;""sexta"";""06:30:00"";""MG"";365;92","2;""JEQUITAI"";""Sim"";""Velocidade Incompatível"";1;""Colisão frontal"";""Com Vítimas Feridas"";""Pleno dia"";""Crescente"";""Chuva"";""Simples"";""Reta"";""Não"";465077;""Automóvel"";""VW/NOVO GOL TL MCV"";2018;""Passageiro"";""Ileso"";15;""Masculino"";1;0;0;0;-17",21604745;-44,"45298992;""SR-MG"";""DEL4/12"";""UOP01/MG"""
"260548;579922;2020-01-03;""sexta"";""06:30:00"";""MG"";365;92","2;""JEQUITAI"";""Sim"";""Velocidade Incompatível"";1;""Colisão frontal"";""Com Vítimas Feridas"";""Pleno dia"";""Crescente"";""Chuva"";""Simples"";""Reta"";""Não"";465077;""Automóvel"";""VW/NOVO GOL TL MCV"";2018;""Passageiro"";""Lesões Graves"";31;""Feminino"";0;0;1;0;-17",21604745;-44,"45298992;""SR-MG"";""DEL4/12"";""UOP01/MG"""
"260548;579918;2020-01-03;""sexta"";""06:30:00"";""MG"";365;92","2;""JEQUITAI"";""Sim"";""Velocidade Incompatível"";1;""Colisão frontal"";""Com Vítimas Feridas"";""Pleno dia"";""Crescente"";""Chuva"";""Simples"";""Reta"";""Não"";465077;""Automóvel"";""VW/NOVO GOL TL MCV"";2018;""Condutor"";""Lesões Graves"";27;""Masculino"";0;0;1;0;-17",21604745;-44,"45298992;""SR-MG"";""DEL4/12"";""UOP01/MG"""
"260548;579916;2020-01-03;""sexta"";""06:30:00"";""MG"";365;92","2;""JEQUITAI"";""Sim"";""Velocidade Incompatível"";1;""Colisão frontal"";""Com Vítimas Feridas"";""Pleno dia"";""Crescente"";""Chuva"";""Simples"";""Reta"";""Não"";465076;""Automóvel"";""PEUGEOT/207PASSION XR S"";2009;""Passageiro"";""Lesões Leves"";45;""Masculino"";0;1;0;0;-17",21604745;-44,"45298992;""SR-MG"";""DEL4/12"";""UOP01/MG"""
"260548;579915;2020-01-03;""sexta"";""06:30:00"";""MG"";365;92","2;""JEQUITAI"";""Sim"";""Velocidade Incompatível"";1;""Colisão frontal"";""Com Vítimas Feridas"";""Pleno dia"";""Crescente"";""Chuva"";""Simples"";""Reta"";""Não"";465076;""Automóvel"";""PEUGEOT/207PASSION XR S"";2009;""Condutor"";""Lesões Graves"";64;""Masculino"";0;0;1;0;-17",21604745;-44,"45298992;""SR-MG"";""DEL4/12"";""UOP01/MG"""
"260550;NA;2020-01-03;""sexta"";""10:40:00"";""SC"";282;460;""PONTE SERRADA"";""Sim"";""Falta de Atenção à Condução"";1;""Colisão transversal"";""Com Vítimas Feridas"";""Pleno dia"";""Crescente"";""Céu Claro"";""Simples"";""Desvio Temporário"";""Não"";464923;""Semireboque"";""SR/GUERRA AG GR"";2008;""Não Informado"";""Não Informado"";NA;""Não Informado"";0;0;0;0;-26",856062;-52,"03215;""SR-SC"";""DEL7"";""UOP05/SC""",
"260550;579650;2020-01-03;""sexta"";""10:40:00"";""SC"";282;460;""PONTE SERRADA"";""Sim"";""Falta de Atenção à Condução"";1;""Colisão transversal"";""Com Vítimas Feridas"";""Pleno dia"";""Crescente"";""Céu Claro"";""Simples"";""Desvio Temporário"";""Não"";464914;""Automóvel"";""I/RENAULT CLIO EXP1016VH"";2013;""Passageiro"";""Lesões Leves"";71;""Masculino"";0;1;0;0;-26",856062;-52,"03215;""SR-SC"";""DEL7"";""UOP05/SC""",
"260550;579647;2020-01-03;""sexta"";""10:40:00"";""SC"";282;460;""PONTE SERRADA"";""Sim"";""Falta de Atenção à Condução"";1;""Colisão transversal"";""Com Vítimas Feridas"";""Pleno dia"";""Crescente"";""Céu Claro"";""Simples"";""Desvio Temporário"";""Não"";464914;""Automóvel"";""I/RENAULT CLIO EXP1016VH"";2013;""Condutor"";""Lesões Leves"";59;""Feminino"";0;1;0;0;-26",856062;-52,"03215;""SR-SC"";""DEL7"";""UOP05/SC""",
"260550;NA;2020-01-03;""sexta"";""10:40:00"";""SC"";282;460;""PONTE SERRADA"";""Sim"";""Falta de Atenção à Condução"";1;""Colisão transversal"";""Com Vítimas Feridas"";""Pleno dia"";""Crescente"";""Céu Claro"";""Simples"";""Desvio Temporário"";""Não"";464926;""Semireboque"";""SR/GUERRA AG GR"";2008;""Não Informado"";""Não Informado"";NA;""Não Informado"";0;0;0;0;-26",856062;-52,"03215;""SR-SC"";""DEL7"";""UOP05/SC""",
"260550;579646;2020-01-03;""sexta"";""10:40:00"";""SC"";282;460;""PONTE SERRADA"";""Sim"";""Falta de Atenção à Condução"";1;""Colisão transversal"";""Com Vítimas Feridas"";""Pleno dia"";""Crescente"";""Céu Claro"";""Simples"";""Desvio Temporário"";""Não"";464913;""Caminhão-trator"";""M.BENZ/1944 S"";2002;""Condutor"";""Ileso"";46;""Masculino"";1;0;0;0;-26",856062;-52,"03215;""SR-SC"";""DEL7"";""UOP05/SC""",
"260550;NA;2020-01-03;""sexta"";""10:40:00"";""SC"";282;460;""PONTE SERRADA"";""Não"";""Desobediência às normas de trânsito pelo condutor"";1;""Colisão transversal"";""Com Vítimas Feridas"";""Pleno dia"";""Crescente"";""Céu Claro"";""Simples"";""Desvio Temporário"";""Não"";464923;""Semireboque"";""SR/GUERRA AG GR"";2008;""Não Informado"";""Não Informado"";NA;""Não Informado"";0;0;0;0;-26",856062;-52,"03215;""SR-SC"";""DEL7"";""UOP05/SC""",
"260550;579650;2020-01-03;""sexta"";""10:40:00"";""SC"";282;460;""PONTE SERRADA"";""Não"";""Desobediência às normas de trânsito pelo condutor"";1;""Colisão transversal"";""Com Vítimas Feridas"";""Pleno dia"";""Crescente"";""Céu Claro"";""Simples"";""Desvio Temporário"";""Não"";464914;""Automóvel"";""I/RENAULT CLIO EXP1016VH"";2013;""Passageiro"";""Lesões Leves"";71;""Masculino"";0;1;0;0;-26",856062;-52,"03215;""SR-SC"";""DEL7"";""UOP05/SC""",
"260550;579647;2020-01-03;""sexta"";""10:40:00"";""SC"";282;460;""PONTE SERRADA"";""Não"";""Desobediência às normas de trânsito pelo condutor"";1;""Colisão transversal"";""Com Vítimas Feridas"";""Pleno dia"";""Crescente"";""Céu Claro"";""Simples"";""Desvio Temporário"";""Não"";464914;""Automóvel"";""I/RENAULT CLIO EXP1016VH"";2013;""Condutor"";""Lesões Leves"";59;""Feminino"";0;1;0;0;-26",856062;-52,"03215;""SR-SC"";""DEL7"";""UOP05/SC""",
"260550;NA;2020-01-03;""sexta"";""10:40:00"";""SC"";282;460;""PONTE SERRADA"";""Não"";""Desobediência às normas de trânsito pelo condutor"";1;""Colisão transversal"";""Com Vítimas Feridas"";""Pleno dia"";""Crescente"";""Céu Claro"";""Simples"";""Desvio Temporário"";""Não"";464926;""Semireboque"";""SR/GUERRA AG GR"";2008;""Não Informado"";""Não Informado"";NA;""Não Informado"";0;0;0;0;-26",856062;-52,"03215;""SR-SC"";""DEL7"";""UOP05/SC""",
"260550;579646;2020-01-03;""sexta"";""10:40:00"";""SC"";282;460;""PONTE SERRADA"";""Não"";""Desobediência às normas de trânsito pelo condutor"";1;""Colisão transversal"";""Com Vítimas Feridas"";""Pleno dia"";""Crescente"";""Céu Claro"";""Simples"";""Desvio Temporário"";""Não"";464913;""Caminhão-trator"";""M.BENZ/1944 S"";2002;""Condutor"";""Ileso"";46;""Masculino"";1;0;0;0;-26",856062;-52,"03215;""SR-SC"";""DEL7"";""UOP05/SC""",