"id;""pesid"";""data_inversa"";""dia_semana"";""horario"";""uf"";""br"";""km"";""municipio"";""causa_principal"";""causa_acidente"";""ordem_tipo_acidente"";""tipo_acidente"";""classificacao_acidente"";""fase_dia"";""sentido_via"";""condicao_metereologica"";""tipo_pista"";""tracado_via"";""uso_solo"";""id_veiculo"";""tipo_veiculo"";""marca"";""ano_fabricacao_veiculo"";""tipo_envolvido"";""estado_fisico"";""idade"";""sexo"";""ilesos"";""feridos_leves"";""feridos_graves"";""mortos"";""latitude"";""longitude"";""regional"";""delegacia"";""uop""",,,
"260551;579723;2020-01-03;""sexta"";""11:00:00"";""SC"";470;59","3;""BLUMENAU"";""Sim"";""Falta de Atenção à Condução"";1;""Colisão lateral"";""Com Vítimas Feridas"";""Pleno dia"";""Crescente"";""Céu Claro"";""Simples"";""Reta"";""Não"";464979;""Automóvel"";""IMP/VW GOL MI"";NA;""Condutor"";""Não Informado"";NA;""Não Informado"";0;0;0;0;-26",882812;-49,"1548;""SR-SC"";""DEL8/4"";""UOP01/SC"""
"260551;579722;2020-01-03;""sexta"";""11:00:00"";""SC"";470;59","3;""BLUMENAU"";""Sim"";""Falta de Atenção à Condução"";1;""Colisão lateral"";""Com Vítimas Feridas"";""Pleno dia"";""Crescente"";""Céu Claro"";""Simples"";""Reta"";""Não"";464978;""Motocicleta"";""HONDA/CG 125 FAN"";2007;""Condutor"";""Lesões Leves"";49;""Masculino"";0;1;0;0;-26",882812;-49,"1548;""SR-SC"";""DEL8/4"";""UOP01/SC"""
"260552;579853;2020-01-03;""sexta"";""11:15:00"";""RN"";101;109","6;""PARNAMIRIM"";""Sim"";""Avarias e/ou desgaste excessivo no pneu"";1;""Queda de ocupante de veículo"";""Com Vítimas Feridas"";""Pleno dia"";""Decrescente"";""Céu Claro"";""Dupla"";""Interseção de vias"";""Sim"";464905;""Motocicleta"";""HONDA/NXR160 BROS ESDD"";2019;""Condutor"";""Lesões Graves"";29;""Masculino"";0;0;1;0;-5",937378;-35,"26483;""SR-RN"";""DEL15/1"";""UOP01/RN"""
"260554;579943;2020-01-03;""sexta"";""07:25:00"";""MG"";251;506","7;""FRANCISCO SA"";""Sim"";""Velocidade Incompatível"";1;""Colisão com objeto estático"";""Com Vítimas Feridas"";""Pleno dia"";""Crescente"";""Chuva"";""Simples"";""Curva"";""Não"";464899;""Automóvel"";""I/GM CLASSIC LIFE"";2009;""Passageiro"";""Lesões Leves"";14;""Masculino"";0;1;0;0;-16",61894941;-43,"6887828;""SR-MG"";""DEL4/12"";""UOP01/MG"""
"260554;579892;2020-01-03;""sexta"";""07:25:00"";""MG"";251;506","7;""FRANCISCO SA"";""Sim"";""Velocidade Incompatível"";1;""Colisão com objeto estático"";""Com Vítimas Feridas"";""Pleno dia"";""Crescente"";""Chuva"";""Simples"";""Curva"";""Não"";464899;""Automóvel"";""I/GM CLASSIC LIFE"";2009;""Passageiro"";""Lesões Leves"";6;""Feminino"";0;1;0;0;-16",61894941;-43,"6887828;""SR-MG"";""DEL4/12"";""UOP01/MG"""
"260554;579882;2020-01-03;""sexta"";""07:25:00"";""MG"";251;506","7;""FRANCISCO SA"";""Sim"";""Velocidade Incompatível"";1;""Colisão com objeto estático"";""Com Vítimas Feridas"";""Pleno dia"";""Crescente"";""Chuva"";""Simples"";""Curva"";""Não"";464899;""Automóvel"";""I/GM CLASSIC LIFE"";2009;""Passageiro"";""Lesões Leves"";23;""Masculino"";0;1;0;0;-16",61894941;-43,"6887828;""SR-MG"";""DEL4/12"";""UOP01/MG"""
"260554;579878;2020-01-03;""sexta"";""07:25:00"";""MG"";251;506","7;""FRANCISCO SA"";""Sim"";""Velocidade Incompatível"";1;""Colisão com objeto estático"";""Com Vítimas Feridas"";""Pleno dia"";""Crescente"";""Chuva"";""Simples"";""Curva"";""Não"";464899;""Automóvel"";""I/GM CLASSIC LIFE"";2009;""Passageiro"";""Lesões Leves"";36;""Masculino"";0;1;0;0;-16",61894941;-43,"6887828;""SR-MG"";""DEL4/12"";""UOP01/MG"""
"260554;579873;2020-01-03;""sexta"";""07:25:00"";""MG"";251;506","7;""FRANCISCO SA"";""Sim"";""Velocidade Incompatível"";1;""Colisão com objeto estático"";""Com Vítimas Feridas"";""Pleno dia"";""Crescente"";""Chuva"";""Simples"";""Curva"";""Não"";464899;""Automóvel"";""I/GM CLASSIC LIFE"";2009;""Condutor"";""Lesões Leves"";34;""Feminino"";0;1;0;0;-16",61894941;-43,"6887828;""SR-MG"";""DEL4/12"";""UOP01/MG"""
"260554;579943;2020-01-03;""sexta"";""07:25:00"";""MG"";251;506","7;""FRANCISCO SA"";""Sim"";""Velocidade Incompatível"";3;""Capotamento"";""Com Vítimas Feridas"";""Pleno dia"";""Crescente"";""Chuva"";""Simples"";""Curva"";""Não"";464899;""Automóvel"";""I/GM CLASSIC LIFE"";2009;""Passageiro"";""Lesões Leves"";14;""Masculino"";0;1;0;0;-16",61894941;-43,"6887828;""SR-MG"";""DEL4/12"";""UOP01/MG"""
"260554;579892;2020-01-03;""sexta"";""07:25:00"";""MG"";251;506","7;""FRANCISCO SA"";""Sim"";""Velocidade Incompatível"";3;""Capotamento"";""Com Vítimas Feridas"";""Pleno dia"";""Crescente"";""Chuva"";""Simples"";""Curva"";""Não"";464899;""Automóvel"";""I/GM CLASSIC LIFE"";2009;""Passageiro"";""Lesões Leves"";6;""Feminino"";0;1;0;0;-16",61894941;-43,"6887828;""SR-MG"";""DEL4/12"";""UOP01/MG"""
"260554;579882;2020-01-03;""sexta"";""07:25:00"";""MG"";251;506","7;""FRANCISCO SA"";""Sim"";""Velocidade Incompatível"";3;""Capotamento"";""Com Vítimas Feridas"";""Pleno dia"";""Crescente"";""Chuva"";""Simples"";""Curva"";""Não"";464899;""Automóvel"";""I/GM CLASSIC LIFE"";2009;""Passageiro"";""Lesões Leves"";23;""Masculino"";0;1;0;0;-16",61894941;-43,"6887828;""SR-MG"";""DEL4/12"";""UOP01/MG"""
"260554;579878;2020-01-03;""sexta"";""07:25:00"";""MG"";251;506","7;""FRANCISCO SA"";""Sim"";""Velocidade Incompatível"";3;""Capotamento"";""Com Vítimas Feridas"";""Pleno dia"";""Crescente"";""Chuva"";""Simples"";""Curva"";""Não"";464899;""Automóvel"";""I/GM CLASSIC LIFE"";2009;""Passageiro"";""Lesões Leves"";36;""Masculino"";0;1;0;0;-16",61894941;-43,"6887828;""SR-MG"";""DEL4/12"";""UOP01/MG"""
"260554;579873;2020-01-03;""sexta"";""07:25:00"";""MG"";251;506","7;""FRANCISCO SA"";""Sim"";""Velocidade Incompatível"";3;""Capotamento"";""Com Vítimas Feridas"";""Pleno dia"";""Crescente"";""Chuva"";""Simples"";""Curva"";""Não"";464899;""Automóvel"";""I/GM CLASSIC LIFE"";2009;""Condutor"";""Lesões Leves"";34;""Feminino"";0;1;0;0;-16",61894941;-43,"6887828;""SR-MG"";""DEL4/12"";""UOP01/MG"""
"260554;579943;2020-01-03;""sexta"";""07:25:00"";""MG"";251;506","7;""FRANCISCO SA"";""Sim"";""Velocidade Incompatível"";2;""Saída de leito carroçável"";""Com Vítimas Feridas"";""Pleno dia"";""Crescente"";""Chuva"";""Simples"";""Curva"";""Não"";464899;""Automóvel"";""I/GM CLASSIC LIFE"";2009;""Passageiro"";""Lesões Leves"";14;""Masculino"";0;1;0;0;-16",61894941;-43,"6887828;""SR-MG"";""DEL4/12"";""UOP01/MG"""
"260554;579892;2020-01-03;""sexta"";""07:25:00"";""MG"";251;506","7;""FRANCISCO SA"";""Sim"";""Velocidade Incompatível"";2;""Saída de leito carroçável"";""Com Vítimas Feridas"";""Pleno dia"";""Crescente"";""Chuva"";""Simples"";""Curva"";""Não"";464899;""Automóvel"";""I/GM CLASSIC LIFE"";2009;""Passageiro"";""Lesões Leves"";6;""Feminino"";0;1;0;0;-16",61894941;-43,"6887828;""SR-MG"";""DEL4/12"";""UOP01/MG"""
"260554;579882;2020-01-03;""sexta"";""07:25:00"";""MG"";251;506","7;""FRANCISCO SA"";""Sim"";""Velocidade Incompatível"";2;""Saída de leito carroçável"";""Com Vítimas Feridas"";""Pleno dia"";""Crescente"";""Chuva"";""Simples"";""Curva"";""Não"";464899;""Automóvel"";""I/GM CLASSIC LIFE"";2009;""Passageiro"";""Lesões Leves"";23;""Masculino"";0;1;0;0;-16",61894941;-43,"6887828;""SR-MG"";""DEL4/12"";""UOP01/MG"""
"260554;579878;2020-01-03;""sexta"";""07:25:00"";""MG"";251;506","7;""FRANCISCO SA"";""Sim"";""Velocidade Incompatível"";2;""Saída de leito carroçável"";""Com Vítimas Feridas"";""Pleno dia"";""Crescente"";""Chuva"";""Simples"";""Curva"";""Não"";464899;""Automóvel"";""I/GM CLASSIC LIFE"";2009;""Passageiro"";""Lesões Leves"";36;""Masculino"";0;1;0;0;-16",61894941;-43,"6887828;""SR-MG"";""DEL4/12"";""UOP01/MG"""
"260554;579873;2020-01-03;""sexta"";""07:25:00"";""MG"";251;506","7;""FRANCISCO SA"";""Sim"";""Velocidade Incompatível"";2;""Saída de leito carroçável"";""Com Vítimas Feridas"";""Pleno dia"";""Crescente"";""Chuva"";""Simples"";""Curva"";""Não"";464899;""Automóvel"";""I/GM CLASSIC LIFE"";2009;""Condutor"";""Lesões Leves"";34;""Feminino"";0;1;0;0;-16",61894941;-43,"6887828;""SR-MG"";""DEL4/12"";""UOP01/MG"""
"260554;579943;2020-01-03;""sexta"";""07:25:00"";""MG"";251;506","7;""FRANCISCO SA"";""Não"";""Fenômenos da Natureza"";1;""Colisão com objeto estático"";""Com Vítimas Feridas"";""Pleno dia"";""Crescente"";""Chuva"";""Simples"";""Curva"";""Não"";464899;""Automóvel"";""I/GM CLASSIC LIFE"";2009;""Passageiro"";""Lesões Leves"";14;""Masculino"";0;1;0;0;-16",61894941;-43,"6887828;""SR-MG"";""DEL4/12"";""UOP01/MG"""
"260554;579892;2020-01-03;""sexta"";""07:25:00"";""MG"";251;506","7;""FRANCISCO SA"";""Não"";""Fenômenos da Natureza"";1;""Colisão com objeto estático"";""Com Vítimas Feridas"";""Pleno dia"";""Crescente"";""Chuva"";""Simples"";""Curva"";""Não"";464899;""Automóvel"";""I/GM CLASSIC LIFE"";2009;""Passageiro"";""Lesões Leves"";6;""Feminino"";0;1;0;0;-16",61894941;-43,"6887828;""SR-MG"";""DEL4/12"";""UOP01/MG"""
"260554;579882;2020-01-03;""sexta"";""07:25:00"";""MG"";251;506","7;""FRANCISCO SA"";""Não"";""Fenômenos da Natureza"";1;""Colisão com objeto estático"";""Com Vítimas Feridas"";""Pleno dia"";""Crescente"";""Chuva"";""Simples"";""Curva"";""Não"";464899;""Automóvel"";""I/GM CLASSIC LIFE"";2009;""Passageiro"";""Lesões Leves"";23;""Masculino"";0;1;0;0;-16",61894941;-43,"6887828;""SR-MG"";""DEL4/12"";""UOP01/MG"""
"260554;579878;2020-01-03;""sexta"";""07:25:00"";""MG"";251;506","7;""FRANCISCO SA"";""Não"";""Fenômenos da Natureza"";1;""Colisão com objeto estático"";""Com Vítimas Feridas"";""Pleno dia"";""Crescente"";""Chuva"";""Simples"";""Curva"";""Não"";464899;""Automóvel"";""I/GM CLASSIC LIFE"";2009;""Passageiro"";""Lesões Leves"";36;""Masculino"";0;1;0;0;-16",61894941;-43,"6887828;""SR-MG"";""DEL4/12"";""UOP01/MG"""
"260554;579873;2020-01-03;""sexta"";""07:25:00"";""MG"";251;506","7;""FRANCISCO SA"";""Não"";""Fenômenos da Natureza"";1;""Colisão com objeto estático"";""Com Vítimas Feridas"";""Pleno dia"";""Crescente"";""Chuva"";""Simples"";""Curva"";""Não"";464899;""Automóvel"";""I/GM CLASSIC LIFE"";2009;""Condutor"";""Lesões Leves"";34;""Feminino"";0;1;0;0;-16",61894941;-43,"6887828;""SR-MG"";""DEL4/12"";""UOP01/MG"""
"260554;579943;2020-01-03;""sexta"";""07:25:00"";""MG"";251;506","7;""FRANCISCO SA"";""Não"";""Fenômenos da Natureza"";3;""Capotamento"";""Com Vítimas Feridas"";""Pleno dia"";""Crescente"";""Chuva"";""Simples"";""Curva"";""Não"";464899;""Automóvel"";""I/GM CLASSIC LIFE"";2009;""Passageiro"";""Lesões Leves"";14;""Masculino"";0;1;0;0;-16",61894941;-43,"6887828;""SR-MG"";""DEL4/12"";""UOP01/MG"""
"260554;579892;2020-01-03;""sexta"";""07:25:00"";""MG"";251;506","7;""FRANCISCO SA"";""Não"";""Fenômenos da Natureza"";3;""Capotamento"";""Com Vítimas Feridas"";""Pleno dia"";""Crescente"";""Chuva"";""Simples"";""Curva"";""Não"";464899;""Automóvel"";""I/GM CLASSIC LIFE"";2009;""Passageiro"";""Lesões Leves"";6;""Feminino"";0;1;0;0;-16",61894941;-43,"6887828;""SR-MG"";""DEL4/12"";""UOP01/MG"""
"260554;579882;2020-01-03;""sexta"";""07:25:00"";""MG"";251;506","7;""FRANCISCO SA"";""Não"";""Fenômenos da Natureza"";3;""Capotamento"";""Com Vítimas Feridas"";""Pleno dia"";""Crescente"";""Chuva"";""Simples"";""Curva"";""Não"";464899;""Automóvel"";""I/GM CLASSIC LIFE"";2009;""Passageiro"";""Lesões Leves"";23;""Masculino"";0;1;0;0;-16",61894941;-43,"6887828;""SR-MG"";""DEL4/12"";""UOP01/MG"""
"260554;579878;2020-01-03;""sexta"";""07:25:00"";""MG"";251;506","7;""FRANCISCO SA"";""Não"";""Fenômenos da Natureza"";3;""Capotamento"";""Com Vítimas Feridas"";""Pleno dia"";""Crescente"";""Chuva"";""Simples"";""Curva"";""Não"";464899;""Automóvel"";""I/GM CLASSIC LIFE"";2009;""Passageiro"";""Lesões Leves"";36;""Masculino"";0;1;0;0;-16",61894941;-43,"6887828;""SR-MG"";""DEL4/12"";""UOP01/MG"""
"260554;579873;2020-01-03;""sexta"";""07:25:00"";""MG"";251;506","7;""FRANCISCO SA"";""Não"";""Fenômenos da Natureza"";3;""Capotamento"";""Com Vítimas Feridas"";""Pleno dia"";""Crescente"";""Chuva"";""Simples"";""Curva"";""Não"";464899;""Automóvel"";""I/GM CLASSIC LIFE"";2009;""Condutor"";""Lesões Leves"";34;""Feminino"";0;1;0;0;-16",61894941;-43,"6887828;""SR-MG"";""DEL4/12"";""UOP01/MG"""
"260554;579943;2020-01-03;""sexta"";""07:25:00"";""MG"";251;506","7;""FRANCISCO SA"";""Não"";""Fenômenos da Natureza"";2;""Saída de leito carroçável"";""Com Vítimas Feridas"";""Pleno dia"";""Crescente"";""Chuva"";""Simples"";""Curva"";""Não"";464899;""Automóvel"";""I/GM CLASSIC LIFE"";2009;""Passageiro"";""Lesões Leves"";14;""Masculino"";0;1;0;0;-16",61894941;-43,"6887828;""SR-MG"";""DEL4/12"";""UOP01/MG"""
"260554;579892;2020-01-03;""sexta"";""07:25:00"";""MG"";251;506","7;""FRANCISCO SA"";""Não"";""Fenômenos da Natureza"";2;""Saída de leito carroçável"";""Com Vítimas Feridas"";""Pleno dia"";""Crescente"";""Chuva"";""Simples"";""Curva"";""Não"";464899;""Automóvel"";""I/GM CLASSIC LIFE"";2009;""Passageiro"";""Lesões Leves"";6;""Feminino"";0;1;0;0;-16",61894941;-43,"6887828;""SR-MG"";""DEL4/12"";""UOP01/MG"""
"260554;579882;2020-01-03;""sexta"";""07:25:00"";""MG"";251;506","7;""FRANCISCO SA"";""Não"";""Fenômenos da Natureza"";2;""Saída de leito carroçável"";""Com Vítimas Feridas"";""Pleno dia"";""Crescente"";""Chuva"";""Simples"";""Curva"";""Não"";464899;""Automóvel"";""I/GM CLASSIC LIFE"";2009;""Passageiro"";""Lesões Leves"";23;""Masculino"";0;1;0;0;-16",61894941;-43,"6887828;""SR-MG"";""DEL4/12"";""UOP01/MG"""
"260554;579878;2020-01-03;""sexta"";""07:25:00"";""MG"";251;506","7;""FRANCISCO SA"";""Não"";""Fenômenos da Natureza"";2;""Saída de leito carroçável"";""Com Vítimas Feridas"";""Pleno dia"";""Crescente"";""Chuva"";""Simples"";""Curva"";""Não"";464899;""Automóvel"";""I/GM CLASSIC LIFE"";2009;""Passageiro"";""Lesões Leves"";36;""Masculino"";0;1;0;0;-16",61894941;-43,"6887828;""SR-MG"";""DEL4/12"";""UOP01/MG"""
"260554;579873;2020-01-03;""sexta"";""07:25:00"";""MG"";251;506","7;""FRANCISCO SA"";""Não"";""Fenômenos da Natureza"";2;""Saída de leito carroçável"";""Com Vítimas Feridas"";""Pleno dia"";""Crescente"";""Chuva"";""Simples"";""Curva"";""Não"";464899;""Automóvel"";""I/GM CLASSIC LIFE"";2009;""Condutor"";""Lesões Leves"";34;""Feminino"";0;1;0;0;-16",61894941;-43,"6887828;""SR-MG"";""DEL4/12"";""UOP01/MG"""
"260554;579943;2020-01-03;""sexta"";""07:25:00"";""MG"";251;506","7;""FRANCISCO SA"";""Não"";""Pista Escorregadia"";1;""Colisão com objeto estático"";""Com Vítimas Feridas"";""Pleno dia"";""Crescente"";""Chuva"";""Simples"";""Curva"";""Não"";464899;""Automóvel"";""I/GM CLASSIC LIFE"";2009;""Passageiro"";""Lesões Leves"";14;""Masculino"";0;1;0;0;-16",61894941;-43,"6887828;""SR-MG"";""DEL4/12"";""UOP01/MG"""
"260554;579892;2020-01-03;""sexta"";""07:25:00"";""MG"";251;506","7;""FRANCISCO SA"";""Não"";""Pista Escorregadia"";1;""Colisão com objeto estático"";""Com Vítimas Feridas"";""Pleno dia"";""Crescente"";""Chuva"";""Simples"";""Curva"";""Não"";464899;""Automóvel"";""I/GM CLASSIC LIFE"";2009;""Passageiro"";""Lesões Leves"";6;""Feminino"";0;1;0;0;-16",61894941;-43,"6887828;""SR-MG"";""DEL4/12"";""UOP01/MG"""
"260554;579882;2020-01-03;""sexta"";""07:25:00"";""MG"";251;506","7;""FRANCISCO SA"";""Não"";""Pista Escorregadia"";1;""Colisão com objeto estático"";""Com Vítimas Feridas"";""Pleno dia"";""Crescente"";""Chuva"";""Simples"";""Curva"";""Não"";464899;""Automóvel"";""I/GM CLASSIC LIFE"";2009;""Passageiro"";""Lesões Leves"";23;""Masculino"";0;1;0;0;-16",61894941;-43,"6887828;""SR-MG"";""DEL4/12"";""UOP01/MG"""
"260554;579878;2020-01-03;""sexta"";""07:25:00"";""MG"";251;506","7;""FRANCISCO SA"";""Não"";""Pista Escorregadia"";1;""Colisão com objeto estático"";""Com Vítimas Feridas"";""Pleno dia"";""Crescente"";""Chuva"";""Simples"";""Curva"";""Não"";464899;""Automóvel"";""I/GM CLASSIC LIFE"";2009;""Passageiro"";""Lesões Leves"";36;""Masculino"";0;1;0;0;-16",61894941;-43,"6887828;""SR-MG"";""DEL4/12"";""UOP01/MG"""
"260554;579873;2020-01-03;""sexta"";""07:25:00"";""MG"";251;506","7;""FRANCISCO SA"";""Não"";""Pista Escorregadia"";1;""Colisão com objeto estático"";""Com Vítimas Feridas"";""Pleno dia"";""Crescente"";""Chuva"";""Simples"";""Curva"";""Não"";464899;""Automóvel"";""I/GM CLASSIC LIFE"";2009;""Condutor"";""Lesões Leves"";34;""Feminino"";0;1;0;0;-16",61894941;-43,"6887828;""SR-MG"";""DEL4/12"";""UOP01/MG"""
"260554;579943;2020-01-03;""sexta"";""07:25:00"";""MG"";251;506","7;""FRANCISCO SA"";""Não"";""Pista Escorregadia"";3;""Capotamento"";""Com Vítimas Feridas"";""Pleno dia"";""Crescente"";""Chuva"";""Simples"";""Curva"";""Não"";464899;""Automóvel"";""I/GM CLASSIC LIFE"";2009;""Passageiro"";""Lesões Leves"";14;""Masculino"";0;1;0;0;-16",61894941;-43,"6887828;""SR-MG"";""DEL4/12"";""UOP01/MG"""
"260554;579892;2020-01-03;""sexta"";""07:25:00"";""MG"";251;506","7;""FRANCISCO SA"";""Não"";""Pista Escorregadia"";3;""Capotamento"";""Com Vítimas Feridas"";""Pleno dia"";""Crescente"";""Chuva"";""Simples"";""Curva"";""Não"";464899;""Automóvel"";""I/GM CLASSIC LIFE"";2009;""Passageiro"";""Lesões Leves"";6;""Feminino"";0;1;0;0;-16",61894941;-43,"6887828;""SR-MG"";""DEL4/12"";""UOP01/MG"""
"260554;579882;2020-01-03;""sexta"";""07:25:00"";""MG"";251;506","7;""FRANCISCO SA"";""Não"";""Pista Escorregadia"";3;""Capotamento"";""Com Vítimas Feridas"";""Pleno dia"";""Crescente"";""Chuva"";""Simples"";""Curva"";""Não"";464899;""Automóvel"";""I/GM CLASSIC LIFE"";2009;""Passageiro"";""Lesões Leves"";23;""Masculino"";0;1;0;0;-16",61894941;-43,"6887828;""SR-MG"";""DEL4/12"";""UOP01/MG"""
"260554;579878;2020-01-03;""sexta"";""07:25:00"";""MG"";251;506","7;""FRANCISCO SA"";""Não"";""Pista Escorregadia"";3;""Capotamento"";""Com Vítimas Feridas"";""Pleno dia"";""Crescente"";""Chuva"";""Simples"";""Curva"";""Não"";464899;""Automóvel"";""I/GM CLASSIC LIFE"";2009;""Passageiro"";""Lesões Leves"";36;""Masculino"";0;1;0;0;-16",61894941;-43,"6887828;""SR-MG"";""DEL4/12"";""UOP01/MG"""
"260554;579873;2020-01-03;""sexta"";""07:25:00"";""MG"";251;506","7;""FRANCISCO SA"";""Não"";""Pista Escorregadia"";3;""Capotamento"";""Com Vítimas Feridas"";""Pleno dia"";""Crescente"";""Chuva"";""Simples"";""Curva"";""Não"";464899;""Automóvel"";""I/GM CLASSIC LIFE"";2009;""Condutor"";""Lesões Leves"";34;""Feminino"";0;1;0;0;-16",61894941;-43,"6887828;""SR-MG"";""DEL4/12"";""UOP01/MG"""
"260554;579943;2020-01-03;""sexta"";""07:25:00"";""MG"";251;506","7;""FRANCISCO SA"";""Não"";""Pista Escorregadia"";2;""Saída de leito carroçável"";""Com Vítimas Feridas"";""Pleno dia"";""Crescente"";""Chuva"";""Simples"";""Curva"";""Não"";464899;""Automóvel"";""I/GM CLASSIC LIFE"";2009;""Passageiro"";""Lesões Leves"";14;""Masculino"";0;1;0;0;-16",61894941;-43,"6887828;""SR-MG"";""DEL4/12"";""UOP01/MG"""
"260554;579892;2020-01-03;""sexta"";""07:25:00"";""MG"";251;506","7;""FRANCISCO SA"";""Não"";""Pista Escorregadia"";2;""Saída de leito carroçável"";""Com Vítimas Feridas"";""Pleno dia"";""Crescente"";""Chuva"";""Simples"";""Curva"";""Não"";464899;""Automóvel"";""I/GM CLASSIC LIFE"";2009;""Passageiro"";""Lesões Leves"";6;""Feminino"";0;1;0;0;-16",61894941;-43,"6887828;""SR-MG"";""DEL4/12"";""UOP01/MG"""
"260554;579882;2020-01-03;""sexta"";""07:25:00"";""MG"";251;506","7;""FRANCISCO SA"";""Não"";""Pista Escorregadia"";2;""Saída de leito carroçável"";""Com Vítimas Feridas"";""Pleno dia"";""Crescente"";""Chuva"";""Simples"";""Curva"";""Não"";464899;""Automóvel"";""I/GM CLASSIC LIFE"";2009;""Passageiro"";""Lesões Leves"";23;""Masculino"";0;1;0;0;-16",61894941;-43,"6887828;""SR-MG"";""DEL4/12"";""UOP01/MG"""
"260554;579878;2020-01-03;""sexta"";""07:25:00"";""MG"";251;506","7;""FRANCISCO SA"";""Não"";""Pista Escorregadia"";2;""Saída de leito carroçável"";""Com Vítimas Feridas"";""Pleno dia"";""Crescente"";""Chuva"";""Simples"";""Curva"";""Não"";464899;""Automóvel"";""I/GM CLASSIC LIFE"";2009;""Passageiro"";""Lesões Leves"";36;""Masculino"";0;1;0;0;-16",61894941;-43,"6887828;""SR-MG"";""DEL4/12"";""UOP01/MG"""
"260554;579873;2020-01-03;""sexta"";""07:25:00"";""MG"";251;506","7;""FRANCISCO SA"";""Não"";""Pista Escorregadia"";2;""Saída de leito carroçável"";""Com Vítimas Feridas"";""Pleno dia"";""Crescente"";""Chuva"";""Simples"";""Curva"";""Não"";464899;""Automóvel"";""I/GM CLASSIC LIFE"";2009;""Condutor"";""Lesões Leves"";34;""Feminino"";0;1;0;0;-16",61894941;-43,"6887828;""SR-MG"";""DEL4/12"";""UOP01/MG"""
"260556;579836;2020-01-03;""sexta"";""11:00:00"";""SC"";163;69","3;""SAO MIGUEL DO OESTE"";""Sim"";""Desobediência às normas de trânsito pelo condutor"";2;""Colisão lateral"";""Com Vítimas Feridas"";""Pleno dia"";""Decrescente"";""Céu Claro"";""Dupla"";""Curva"";""Sim"";464895;""Motocicleta"";""HONDA/CG 150 TITAN KS"";2004;""Condutor"";""Lesões Leves"";25;""Masculino"";0;1;0;0;-26",74132699;-53,"50120591;""SR-SC"";""DEL7"";""UOP03/SC"""
"260556;579661;2020-01-03;""sexta"";""11:00:00"";""SC"";163;69","3;""SAO MIGUEL DO OESTE"";""Sim"";""Desobediência às normas de trânsito pelo condutor"";2;""Colisão lateral"";""Com Vítimas Feridas"";""Pleno dia"";""Decrescente"";""Céu Claro"";""Dupla"";""Curva"";""Sim"";464894;""Automóvel"";""TOYOTA/COROLLA XEI20FLEX"";2016;""Passageiro"";""Ileso"";69;""Feminino"";1;0;0;0;-26",74132699;-53,"50120591;""SR-SC"";""DEL7"";""UOP03/SC"""
"260556;579660;2020-01-03;""sexta"";""11:00:00"";""SC"";163;69","3;""SAO MIGUEL DO OESTE"";""Sim"";""Desobediência às normas de trânsito pelo condutor"";2;""Colisão lateral"";""Com Vítimas Feridas"";""Pleno dia"";""Decrescente"";""Céu Claro"";""Dupla"";""Curva"";""Sim"";464894;""Automóvel"";""TOYOTA/COROLLA XEI20FLEX"";2016;""Passageiro"";""Ileso"";60;""Feminino"";1;0;0;0;-26",74132699;-53,"50120591;""SR-SC"";""DEL7"";""UOP03/SC"""
"260556;579658;2020-01-03;""sexta"";""11:00:00"";""SC"";163;69","3;""SAO MIGUEL DO OESTE"";""Sim"";""Desobediência às normas de trânsito pelo condutor"";2;""Colisão lateral"";""Com Vítimas Feridas"";""Pleno dia"";""Decrescente"";""Céu Claro"";""Dupla"";""Curva"";""Sim"";464894;""Automóvel"";""TOYOTA/COROLLA XEI20FLEX"";2016;""Condutor"";""Ileso"";73;""Masculino"";1;0;0;0;-26",74132699;-53,"50120591;""SR-SC"";""DEL7"";""UOP03/SC"""
"260556;579847;2020-01-03;""sexta"";""11:00:00"";""SC"";163;69","3;""SAO MIGUEL DO OESTE"";""Sim"";""Desobediência às normas de trânsito pelo condutor"";2;""Colisão lateral"";""Com Vítimas Feridas"";""Pleno dia"";""Decrescente"";""Céu Claro"";""Dupla"";""Curva"";""Sim"";464896;""Automóvel"";""CHEVROLET/CRUZE LT NB"";2012;""Passageiro"";""Ileso"";54;""Feminino"";1;0;0;0;-26",74132699;-53,"50120591;""SR-SC"";""DEL7"";""UOP03/SC"""
"260556;579837;2020-01-03;""sexta"";""11:00:00"";""SC"";163;69","3;""SAO MIGUEL DO OESTE"";""Sim"";""Desobediência às normas de trânsito pelo condutor"";2;""Colisão lateral"";""Com Vítimas Feridas"";""Pleno dia"";""Decrescente"";""Céu Claro"";""Dupla"";""Curva"";""Sim"";464896;""Automóvel"";""CHEVROLET/CRUZE LT NB"";2012;""Condutor"";""Ileso"";55;""Masculino"";1;0;0;0;-26",74132699;-53,"50120591;""SR-SC"";""DEL7"";""UOP03/SC"""
"260556;579836;2020-01-03;""sexta"";""11:00:00"";""SC"";163;69","3;""SAO MIGUEL DO OESTE"";""Sim"";""Desobediência às normas de trânsito pelo condutor"";1;""Colisão transversal"";""Com Vítimas Feridas"";""Pleno dia"";""Decrescente"";""Céu Claro"";""Dupla"";""Curva"";""Sim"";464895;""Motocicleta"";""HONDA/CG 150 TITAN KS"";2004;""Condutor"";""Lesões Leves"";25;""Masculino"";0;1;0;0;-26",74132699;-53,"50120591;""SR-SC"";""DEL7"";""UOP03/SC"""