"id;""pesid"";""data_inversa"";""dia_semana"";""horario"";""uf"";""br"";""km"";""municipio"";""causa_principal"";""causa_acidente"";""ordem_tipo_acidente"";""tipo_acidente"";""classificacao_acidente"";""fase_dia"";""sentido_via"";""condicao_metereologica"";""tipo_pista"";""tracado_via"";""uso_solo"";""id_veiculo"";""tipo_veiculo"";""marca"";""ano_fabricacao_veiculo"";""tipo_envolvido"";""estado_fisico"";""idade"";""sexo"";""ilesos"";""feridos_leves"";""feridos_graves"";""mortos"";""latitude"";""longitude"";""regional"";""delegacia"";""uop""",,,
"260556;579661;2020-01-03;""sexta"";""11:00:00"";""SC"";163;69","3;""SAO MIGUEL DO OESTE"";""Sim"";""Desobediência às normas de trânsito pelo condutor"";1;""Colisão transversal"";""Com Vítimas Feridas"";""Pleno dia"";""Decrescente"";""Céu Claro"";""Dupla"";""Curva"";""Sim"";464894;""Automóvel"";""TOYOTA/COROLLA XEI20FLEX"";2016;""Passageiro"";""Ileso"";69;""Feminino"";1;0;0;0;-26",74132699;-53,"50120591;""SR-SC"";""DEL7"";""UOP03/SC"""
"260556;579660;2020-01-03;""sexta"";""11:00:00"";""SC"";163;69","3;""SAO MIGUEL DO OESTE"";""Sim"";""Desobediência às normas de trânsito pelo condutor"";1;""Colisão transversal"";""Com Vítimas Feridas"";""Pleno dia"";""Decrescente"";""Céu Claro"";""Dupla"";""Curva"";""Sim"";464894;""Automóvel"";""TOYOTA/COROLLA XEI20FLEX"";2016;""Passageiro"";""Ileso"";60;""Feminino"";1;0;0;0;-26",74132699;-53,"50120591;""SR-SC"";""DEL7"";""UOP03/SC"""
"260556;579658;2020-01-03;""sexta"";""11:00:00"";""SC"";163;69","3;""SAO MIGUEL DO OESTE"";""Sim"";""Desobediência às normas de trânsito pelo condutor"";1;""Colisão transversal"";""Com Vítimas Feridas"";""Pleno dia"";""Decrescente"";""Céu Claro"";""Dupla"";""Curva"";""Sim"";464894;""Automóvel"";""TOYOTA/COROLLA XEI20FLEX"";2016;""Condutor"";""Ileso"";73;""Masculino"";1;0;0;0;-26",74132699;-53,"50120591;""SR-SC"";""DEL7"";""UOP03/SC"""
"260556;579847;2020-01-03;""sexta"";""11:00:00"";""SC"";163;69","3;""SAO MIGUEL DO OESTE"";""Sim"";""Desobediência às normas de trânsito pelo condutor"";1;""Colisão transversal"";""Com Vítimas Feridas"";""Pleno dia"";""Decrescente"";""Céu Claro"";""Dupla"";""Curva"";""Sim"";464896;""Automóvel"";""CHEVROLET/CRUZE LT NB"";2012;""Passageiro"";""Ileso"";54;""Feminino"";1;0;0;0;-26",74132699;-53,"50120591;""SR-SC"";""DEL7"";""UOP03/SC"""
"260556;579837;2020-01-03;""sexta"";""11:00:00"";""SC"";163;69","3;""SAO MIGUEL DO OESTE"";""Sim"";""Desobediência às normas de trânsito pelo condutor"";1;""Colisão transversal"";""Com Vítimas Feridas"";""Pleno dia"";""Decrescente"";""Céu Claro"";""Dupla"";""Curva"";""Sim"";464896;""Automóvel"";""CHEVROLET/CRUZE LT NB"";2012;""Condutor"";""Ileso"";55;""Masculino"";1;0;0;0;-26",74132699;-53,"50120591;""SR-SC"";""DEL7"";""UOP03/SC"""
"260557;580002;2020-01-03;""sexta"";""10:50:00"";""SC"";101;42","1;""JOINVILLE"";""Sim"";""Não guardar distância de segurança"";1;""Engavetamento"";""Com Vítimas Feridas"";""Pleno dia"";""Decrescente"";""Nublado"";""Dupla"";""Reta"";""Sim"";464993;""Automóvel"";""FIAT/PALIO WK TREKK 1.6"";2013;""Passageiro"";""Lesões Leves"";52;""Masculino"";0;1;0;0;-26",29251598;-48,"88474385;""SR-SC"";""DEL8/3"";""UOP01/SC"""
"260557;579996;2020-01-03;""sexta"";""10:50:00"";""SC"";101;42","1;""JOINVILLE"";""Sim"";""Não guardar distância de segurança"";1;""Engavetamento"";""Com Vítimas Feridas"";""Pleno dia"";""Decrescente"";""Nublado"";""Dupla"";""Reta"";""Sim"";464993;""Automóvel"";""FIAT/PALIO WK TREKK 1.6"";2013;""Condutor"";""Lesões Leves"";41;""Masculino"";0;1;0;0;-26",29251598;-48,"88474385;""SR-SC"";""DEL8/3"";""UOP01/SC"""
"260557;580001;2020-01-03;""sexta"";""10:50:00"";""SC"";101;42","1;""JOINVILLE"";""Sim"";""Não guardar distância de segurança"";1;""Engavetamento"";""Com Vítimas Feridas"";""Pleno dia"";""Decrescente"";""Nublado"";""Dupla"";""Reta"";""Sim"";464995;""Automóvel"";""VW/POLO HL AD"";2018;""Condutor"";""Ileso"";28;""Masculino"";1;0;0;0;-26",29251598;-48,"88474385;""SR-SC"";""DEL8/3"";""UOP01/SC"""
"260557;580000;2020-01-03;""sexta"";""10:50:00"";""SC"";101;42","1;""JOINVILLE"";""Sim"";""Não guardar distância de segurança"";1;""Engavetamento"";""Com Vítimas Feridas"";""Pleno dia"";""Decrescente"";""Nublado"";""Dupla"";""Reta"";""Sim"";464994;""Automóvel"";""HYUNDAI/HB20S 1.0M UNIQ"";2018;""Condutor"";""Ileso"";40;""Masculino"";1;0;0;0;-26",29251598;-48,"88474385;""SR-SC"";""DEL8/3"";""UOP01/SC"""
"260558;NA;2020-01-03;""sexta"";""11:00:00"";""RJ"";116;127;""MAGE"";""Sim"";""Defeito Mecânico no Veículo"";1;""Derramamento de carga"";""Sem Vítimas"";""Pleno dia"";""Decrescente"";""Céu Claro"";""Simples"";""Reta"";""Não"";466368;""Semireboque"";""SR/RODOTECNICA SRT TQ2"";2011;""Não Informado"";""Não Informado"";NA;""Não Informado"";0;0;0;0;-22",66137035;-43,"09295957;""SR-RJ"";""DEL5/4"";""UOP02/RJ""",
"260558;581889;2020-01-03;""sexta"";""11:00:00"";""RJ"";116;127;""MAGE"";""Sim"";""Defeito Mecânico no Veículo"";1;""Derramamento de carga"";""Sem Vítimas"";""Pleno dia"";""Decrescente"";""Céu Claro"";""Simples"";""Reta"";""Não"";465130;""Caminhão-trator"";""M.BENZ/LS 1634"";2008;""Condutor"";""Ileso"";35;""Masculino"";1;0;0;0;-22",66137035;-43,"09295957;""SR-RJ"";""DEL5/4"";""UOP02/RJ""",
"260559;579707;2020-01-03;""sexta"";""10:30:00"";""PR"";376;665;""GUARATUBA"";""Sim"";""Não guardar distância de segurança"";4;""Colisão traseira"";""Com Vítimas Feridas"";""Pleno dia"";""Crescente"";""Garoa/Chuvisco"";""Simples"";""Não Informado"";""Não"";464938;""Automóvel"";""GM/CORSA MILENIUM"";2001;""Passageiro"";""Lesões Leves"";16;""Feminino"";0;1;0;0;-25",85455838;-48,"95670808;""SR-PR"";""DEL7/1"";""UOP08/PR""",
"260559;579698;2020-01-03;""sexta"";""10:30:00"";""PR"";376;665;""GUARATUBA"";""Sim"";""Não guardar distância de segurança"";4;""Colisão traseira"";""Com Vítimas Feridas"";""Pleno dia"";""Crescente"";""Garoa/Chuvisco"";""Simples"";""Não Informado"";""Não"";464938;""Automóvel"";""GM/CORSA MILENIUM"";2001;""Condutor"";""Ileso"";36;""Masculino"";1;0;0;0;-25",85455838;-48,"95670808;""SR-PR"";""DEL7/1"";""UOP08/PR""",
"260559;579711;2020-01-03;""sexta"";""10:30:00"";""PR"";376;665;""GUARATUBA"";""Sim"";""Não guardar distância de segurança"";4;""Colisão traseira"";""Com Vítimas Feridas"";""Pleno dia"";""Crescente"";""Garoa/Chuvisco"";""Simples"";""Não Informado"";""Não"";464941;""Caminhonete"";""VW/SAVEIRO 1.6 CE TROOP."";2010;""Condutor"";""Ileso"";42;""Masculino"";1;0;0;0;-25",85455838;-48,"95670808;""SR-PR"";""DEL7/1"";""UOP08/PR""",
"260559;579709;2020-01-03;""sexta"";""10:30:00"";""PR"";376;665;""GUARATUBA"";""Sim"";""Não guardar distância de segurança"";4;""Colisão traseira"";""Com Vítimas Feridas"";""Pleno dia"";""Crescente"";""Garoa/Chuvisco"";""Simples"";""Não Informado"";""Não"";464940;""Automóvel"";""GM/ASTRA MILENIUM"";2001;""Condutor"";""Ileso"";36;""Masculino"";1;0;0;0;-25",85455838;-48,"95670808;""SR-PR"";""DEL7/1"";""UOP08/PR""",
"260559;579708;2020-01-03;""sexta"";""10:30:00"";""PR"";376;665;""GUARATUBA"";""Sim"";""Não guardar distância de segurança"";4;""Colisão traseira"";""Com Vítimas Feridas"";""Pleno dia"";""Crescente"";""Garoa/Chuvisco"";""Simples"";""Não Informado"";""Não"";464939;""Camioneta"";""I/CHEV TRACKER LTZ AT"";2014;""Condutor"";""Ileso"";50;""Masculino"";1;0;0;0;-25",85455838;-48,"95670808;""SR-PR"";""DEL7/1"";""UOP08/PR""",
"260559;579707;2020-01-03;""sexta"";""10:30:00"";""PR"";376;665;""GUARATUBA"";""Sim"";""Não guardar distância de segurança"";1;""Colisão traseira"";""Com Vítimas Feridas"";""Pleno dia"";""Crescente"";""Garoa/Chuvisco"";""Simples"";""Não Informado"";""Não"";464938;""Automóvel"";""GM/CORSA MILENIUM"";2001;""Passageiro"";""Lesões Leves"";16;""Feminino"";0;1;0;0;-25",85455838;-48,"95670808;""SR-PR"";""DEL7/1"";""UOP08/PR""",
"260559;579698;2020-01-03;""sexta"";""10:30:00"";""PR"";376;665;""GUARATUBA"";""Sim"";""Não guardar distância de segurança"";1;""Colisão traseira"";""Com Vítimas Feridas"";""Pleno dia"";""Crescente"";""Garoa/Chuvisco"";""Simples"";""Não Informado"";""Não"";464938;""Automóvel"";""GM/CORSA MILENIUM"";2001;""Condutor"";""Ileso"";36;""Masculino"";1;0;0;0;-25",85455838;-48,"95670808;""SR-PR"";""DEL7/1"";""UOP08/PR""",
"260559;579711;2020-01-03;""sexta"";""10:30:00"";""PR"";376;665;""GUARATUBA"";""Sim"";""Não guardar distância de segurança"";1;""Colisão traseira"";""Com Vítimas Feridas"";""Pleno dia"";""Crescente"";""Garoa/Chuvisco"";""Simples"";""Não Informado"";""Não"";464941;""Caminhonete"";""VW/SAVEIRO 1.6 CE TROOP."";2010;""Condutor"";""Ileso"";42;""Masculino"";1;0;0;0;-25",85455838;-48,"95670808;""SR-PR"";""DEL7/1"";""UOP08/PR""",
"260559;579709;2020-01-03;""sexta"";""10:30:00"";""PR"";376;665;""GUARATUBA"";""Sim"";""Não guardar distância de segurança"";1;""Colisão traseira"";""Com Vítimas Feridas"";""Pleno dia"";""Crescente"";""Garoa/Chuvisco"";""Simples"";""Não Informado"";""Não"";464940;""Automóvel"";""GM/ASTRA MILENIUM"";2001;""Condutor"";""Ileso"";36;""Masculino"";1;0;0;0;-25",85455838;-48,"95670808;""SR-PR"";""DEL7/1"";""UOP08/PR""",
"260559;579708;2020-01-03;""sexta"";""10:30:00"";""PR"";376;665;""GUARATUBA"";""Sim"";""Não guardar distância de segurança"";1;""Colisão traseira"";""Com Vítimas Feridas"";""Pleno dia"";""Crescente"";""Garoa/Chuvisco"";""Simples"";""Não Informado"";""Não"";464939;""Camioneta"";""I/CHEV TRACKER LTZ AT"";2014;""Condutor"";""Ileso"";50;""Masculino"";1;0;0;0;-25",85455838;-48,"95670808;""SR-PR"";""DEL7/1"";""UOP08/PR""",
"260559;579707;2020-01-03;""sexta"";""10:30:00"";""PR"";376;665;""GUARATUBA"";""Sim"";""Não guardar distância de segurança"";2;""Colisão lateral"";""Com Vítimas Feridas"";""Pleno dia"";""Crescente"";""Garoa/Chuvisco"";""Simples"";""Não Informado"";""Não"";464938;""Automóvel"";""GM/CORSA MILENIUM"";2001;""Passageiro"";""Lesões Leves"";16;""Feminino"";0;1;0;0;-25",85455838;-48,"95670808;""SR-PR"";""DEL7/1"";""UOP08/PR""",
"260559;579698;2020-01-03;""sexta"";""10:30:00"";""PR"";376;665;""GUARATUBA"";""Sim"";""Não guardar distância de segurança"";2;""Colisão lateral"";""Com Vítimas Feridas"";""Pleno dia"";""Crescente"";""Garoa/Chuvisco"";""Simples"";""Não Informado"";""Não"";464938;""Automóvel"";""GM/CORSA MILENIUM"";2001;""Condutor"";""Ileso"";36;""Masculino"";1;0;0;0;-25",85455838;-48,"95670808;""SR-PR"";""DEL7/1"";""UOP08/PR""",
"260559;579711;2020-01-03;""sexta"";""10:30:00"";""PR"";376;665;""GUARATUBA"";""Sim"";""Não guardar distância de segurança"";2;""Colisão lateral"";""Com Vítimas Feridas"";""Pleno dia"";""Crescente"";""Garoa/Chuvisco"";""Simples"";""Não Informado"";""Não"";464941;""Caminhonete"";""VW/SAVEIRO 1.6 CE TROOP."";2010;""Condutor"";""Ileso"";42;""Masculino"";1;0;0;0;-25",85455838;-48,"95670808;""SR-PR"";""DEL7/1"";""UOP08/PR""",
"260559;579709;2020-01-03;""sexta"";""10:30:00"";""PR"";376;665;""GUARATUBA"";""Sim"";""Não guardar distância de segurança"";2;""Colisão lateral"";""Com Vítimas Feridas"";""Pleno dia"";""Crescente"";""Garoa/Chuvisco"";""Simples"";""Não Informado"";""Não"";464940;""Automóvel"";""GM/ASTRA MILENIUM"";2001;""Condutor"";""Ileso"";36;""Masculino"";1;0;0;0;-25",85455838;-48,"95670808;""SR-PR"";""DEL7/1"";""UOP08/PR""",
"260559;579708;2020-01-03;""sexta"";""10:30:00"";""PR"";376;665;""GUARATUBA"";""Sim"";""Não guardar distância de segurança"";2;""Colisão lateral"";""Com Vítimas Feridas"";""Pleno dia"";""Crescente"";""Garoa/Chuvisco"";""Simples"";""Não Informado"";""Não"";464939;""Camioneta"";""I/CHEV TRACKER LTZ AT"";2014;""Condutor"";""Ileso"";50;""Masculino"";1;0;0;0;-25",85455838;-48,"95670808;""SR-PR"";""DEL7/1"";""UOP08/PR""",
"260559;579707;2020-01-03;""sexta"";""10:30:00"";""PR"";376;665;""GUARATUBA"";""Sim"";""Não guardar distância de segurança"";3;""Colisão traseira"";""Com Vítimas Feridas"";""Pleno dia"";""Crescente"";""Garoa/Chuvisco"";""Simples"";""Não Informado"";""Não"";464938;""Automóvel"";""GM/CORSA MILENIUM"";2001;""Passageiro"";""Lesões Leves"";16;""Feminino"";0;1;0;0;-25",85455838;-48,"95670808;""SR-PR"";""DEL7/1"";""UOP08/PR""",
"260559;579698;2020-01-03;""sexta"";""10:30:00"";""PR"";376;665;""GUARATUBA"";""Sim"";""Não guardar distância de segurança"";3;""Colisão traseira"";""Com Vítimas Feridas"";""Pleno dia"";""Crescente"";""Garoa/Chuvisco"";""Simples"";""Não Informado"";""Não"";464938;""Automóvel"";""GM/CORSA MILENIUM"";2001;""Condutor"";""Ileso"";36;""Masculino"";1;0;0;0;-25",85455838;-48,"95670808;""SR-PR"";""DEL7/1"";""UOP08/PR""",
"260559;579711;2020-01-03;""sexta"";""10:30:00"";""PR"";376;665;""GUARATUBA"";""Sim"";""Não guardar distância de segurança"";3;""Colisão traseira"";""Com Vítimas Feridas"";""Pleno dia"";""Crescente"";""Garoa/Chuvisco"";""Simples"";""Não Informado"";""Não"";464941;""Caminhonete"";""VW/SAVEIRO 1.6 CE TROOP."";2010;""Condutor"";""Ileso"";42;""Masculino"";1;0;0;0;-25",85455838;-48,"95670808;""SR-PR"";""DEL7/1"";""UOP08/PR""",
"260559;579709;2020-01-03;""sexta"";""10:30:00"";""PR"";376;665;""GUARATUBA"";""Sim"";""Não guardar distância de segurança"";3;""Colisão traseira"";""Com Vítimas Feridas"";""Pleno dia"";""Crescente"";""Garoa/Chuvisco"";""Simples"";""Não Informado"";""Não"";464940;""Automóvel"";""GM/ASTRA MILENIUM"";2001;""Condutor"";""Ileso"";36;""Masculino"";1;0;0;0;-25",85455838;-48,"95670808;""SR-PR"";""DEL7/1"";""UOP08/PR""",
"260559;579708;2020-01-03;""sexta"";""10:30:00"";""PR"";376;665;""GUARATUBA"";""Sim"";""Não guardar distância de segurança"";3;""Colisão traseira"";""Com Vítimas Feridas"";""Pleno dia"";""Crescente"";""Garoa/Chuvisco"";""Simples"";""Não Informado"";""Não"";464939;""Camioneta"";""I/CHEV TRACKER LTZ AT"";2014;""Condutor"";""Ileso"";50;""Masculino"";1;0;0;0;-25",85455838;-48,"95670808;""SR-PR"";""DEL7/1"";""UOP08/PR""",
"260559;579707;2020-01-03;""sexta"";""10:30:00"";""PR"";376;665;""GUARATUBA"";""Não"";""Falta de Atenção à Condução"";4;""Colisão traseira"";""Com Vítimas Feridas"";""Pleno dia"";""Crescente"";""Garoa/Chuvisco"";""Simples"";""Não Informado"";""Não"";464938;""Automóvel"";""GM/CORSA MILENIUM"";2001;""Passageiro"";""Lesões Leves"";16;""Feminino"";0;1;0;0;-25",85455838;-48,"95670808;""SR-PR"";""DEL7/1"";""UOP08/PR""",
"260559;579698;2020-01-03;""sexta"";""10:30:00"";""PR"";376;665;""GUARATUBA"";""Não"";""Falta de Atenção à Condução"";4;""Colisão traseira"";""Com Vítimas Feridas"";""Pleno dia"";""Crescente"";""Garoa/Chuvisco"";""Simples"";""Não Informado"";""Não"";464938;""Automóvel"";""GM/CORSA MILENIUM"";2001;""Condutor"";""Ileso"";36;""Masculino"";1;0;0;0;-25",85455838;-48,"95670808;""SR-PR"";""DEL7/1"";""UOP08/PR""",
"260559;579711;2020-01-03;""sexta"";""10:30:00"";""PR"";376;665;""GUARATUBA"";""Não"";""Falta de Atenção à Condução"";4;""Colisão traseira"";""Com Vítimas Feridas"";""Pleno dia"";""Crescente"";""Garoa/Chuvisco"";""Simples"";""Não Informado"";""Não"";464941;""Caminhonete"";""VW/SAVEIRO 1.6 CE TROOP."";2010;""Condutor"";""Ileso"";42;""Masculino"";1;0;0;0;-25",85455838;-48,"95670808;""SR-PR"";""DEL7/1"";""UOP08/PR""",
"260559;579709;2020-01-03;""sexta"";""10:30:00"";""PR"";376;665;""GUARATUBA"";""Não"";""Falta de Atenção à Condução"";4;""Colisão traseira"";""Com Vítimas Feridas"";""Pleno dia"";""Crescente"";""Garoa/Chuvisco"";""Simples"";""Não Informado"";""Não"";464940;""Automóvel"";""GM/ASTRA MILENIUM"";2001;""Condutor"";""Ileso"";36;""Masculino"";1;0;0;0;-25",85455838;-48,"95670808;""SR-PR"";""DEL7/1"";""UOP08/PR""",
"260559;579708;2020-01-03;""sexta"";""10:30:00"";""PR"";376;665;""GUARATUBA"";""Não"";""Falta de Atenção à Condução"";4;""Colisão traseira"";""Com Vítimas Feridas"";""Pleno dia"";""Crescente"";""Garoa/Chuvisco"";""Simples"";""Não Informado"";""Não"";464939;""Camioneta"";""I/CHEV TRACKER LTZ AT"";2014;""Condutor"";""Ileso"";50;""Masculino"";1;0;0;0;-25",85455838;-48,"95670808;""SR-PR"";""DEL7/1"";""UOP08/PR""",
"260559;579707;2020-01-03;""sexta"";""10:30:00"";""PR"";376;665;""GUARATUBA"";""Não"";""Falta de Atenção à Condução"";1;""Colisão traseira"";""Com Vítimas Feridas"";""Pleno dia"";""Crescente"";""Garoa/Chuvisco"";""Simples"";""Não Informado"";""Não"";464938;""Automóvel"";""GM/CORSA MILENIUM"";2001;""Passageiro"";""Lesões Leves"";16;""Feminino"";0;1;0;0;-25",85455838;-48,"95670808;""SR-PR"";""DEL7/1"";""UOP08/PR""",
"260559;579698;2020-01-03;""sexta"";""10:30:00"";""PR"";376;665;""GUARATUBA"";""Não"";""Falta de Atenção à Condução"";1;""Colisão traseira"";""Com Vítimas Feridas"";""Pleno dia"";""Crescente"";""Garoa/Chuvisco"";""Simples"";""Não Informado"";""Não"";464938;""Automóvel"";""GM/CORSA MILENIUM"";2001;""Condutor"";""Ileso"";36;""Masculino"";1;0;0;0;-25",85455838;-48,"95670808;""SR-PR"";""DEL7/1"";""UOP08/PR""",
"260559;579711;2020-01-03;""sexta"";""10:30:00"";""PR"";376;665;""GUARATUBA"";""Não"";""Falta de Atenção à Condução"";1;""Colisão traseira"";""Com Vítimas Feridas"";""Pleno dia"";""Crescente"";""Garoa/Chuvisco"";""Simples"";""Não Informado"";""Não"";464941;""Caminhonete"";""VW/SAVEIRO 1.6 CE TROOP."";2010;""Condutor"";""Ileso"";42;""Masculino"";1;0;0;0;-25",85455838;-48,"95670808;""SR-PR"";""DEL7/1"";""UOP08/PR""",
"260559;579709;2020-01-03;""sexta"";""10:30:00"";""PR"";376;665;""GUARATUBA"";""Não"";""Falta de Atenção à Condução"";1;""Colisão traseira"";""Com Vítimas Feridas"";""Pleno dia"";""Crescente"";""Garoa/Chuvisco"";""Simples"";""Não Informado"";""Não"";464940;""Automóvel"";""GM/ASTRA MILENIUM"";2001;""Condutor"";""Ileso"";36;""Masculino"";1;0;0;0;-25",85455838;-48,"95670808;""SR-PR"";""DEL7/1"";""UOP08/PR""",
"260559;579708;2020-01-03;""sexta"";""10:30:00"";""PR"";376;665;""GUARATUBA"";""Não"";""Falta de Atenção à Condução"";1;""Colisão traseira"";""Com Vítimas Feridas"";""Pleno dia"";""Crescente"";""Garoa/Chuvisco"";""Simples"";""Não Informado"";""Não"";464939;""Camioneta"";""I/CHEV TRACKER LTZ AT"";2014;""Condutor"";""Ileso"";50;""Masculino"";1;0;0;0;-25",85455838;-48,"95670808;""SR-PR"";""DEL7/1"";""UOP08/PR""",
"260559;579707;2020-01-03;""sexta"";""10:30:00"";""PR"";376;665;""GUARATUBA"";""Não"";""Falta de Atenção à Condução"";2;""Colisão lateral"";""Com Vítimas Feridas"";""Pleno dia"";""Crescente"";""Garoa/Chuvisco"";""Simples"";""Não Informado"";""Não"";464938;""Automóvel"";""GM/CORSA MILENIUM"";2001;""Passageiro"";""Lesões Leves"";16;""Feminino"";0;1;0;0;-25",85455838;-48,"95670808;""SR-PR"";""DEL7/1"";""UOP08/PR""",
"260559;579698;2020-01-03;""sexta"";""10:30:00"";""PR"";376;665;""GUARATUBA"";""Não"";""Falta de Atenção à Condução"";2;""Colisão lateral"";""Com Vítimas Feridas"";""Pleno dia"";""Crescente"";""Garoa/Chuvisco"";""Simples"";""Não Informado"";""Não"";464938;""Automóvel"";""GM/CORSA MILENIUM"";2001;""Condutor"";""Ileso"";36;""Masculino"";1;0;0;0;-25",85455838;-48,"95670808;""SR-PR"";""DEL7/1"";""UOP08/PR""",
"260559;579711;2020-01-03;""sexta"";""10:30:00"";""PR"";376;665;""GUARATUBA"";""Não"";""Falta de Atenção à Condução"";2;""Colisão lateral"";""Com Vítimas Feridas"";""Pleno dia"";""Crescente"";""Garoa/Chuvisco"";""Simples"";""Não Informado"";""Não"";464941;""Caminhonete"";""VW/SAVEIRO 1.6 CE TROOP."";2010;""Condutor"";""Ileso"";42;""Masculino"";1;0;0;0;-25",85455838;-48,"95670808;""SR-PR"";""DEL7/1"";""UOP08/PR""",
"260559;579709;2020-01-03;""sexta"";""10:30:00"";""PR"";376;665;""GUARATUBA"";""Não"";""Falta de Atenção à Condução"";2;""Colisão lateral"";""Com Vítimas Feridas"";""Pleno dia"";""Crescente"";""Garoa/Chuvisco"";""Simples"";""Não Informado"";""Não"";464940;""Automóvel"";""GM/ASTRA MILENIUM"";2001;""Condutor"";""Ileso"";36;""Masculino"";1;0;0;0;-25",85455838;-48,"95670808;""SR-PR"";""DEL7/1"";""UOP08/PR""",
"260559;579708;2020-01-03;""sexta"";""10:30:00"";""PR"";376;665;""GUARATUBA"";""Não"";""Falta de Atenção à Condução"";2;""Colisão lateral"";""Com Vítimas Feridas"";""Pleno dia"";""Crescente"";""Garoa/Chuvisco"";""Simples"";""Não Informado"";""Não"";464939;""Camioneta"";""I/CHEV TRACKER LTZ AT"";2014;""Condutor"";""Ileso"";50;""Masculino"";1;0;0;0;-25",85455838;-48,"95670808;""SR-PR"";""DEL7/1"";""UOP08/PR""",
"260559;579707;2020-01-03;""sexta"";""10:30:00"";""PR"";376;665;""GUARATUBA"";""Não"";""Falta de Atenção à Condução"";3;""Colisão traseira"";""Com Vítimas Feridas"";""Pleno dia"";""Crescente"";""Garoa/Chuvisco"";""Simples"";""Não Informado"";""Não"";464938;""Automóvel"";""GM/CORSA MILENIUM"";2001;""Passageiro"";""Lesões Leves"";16;""Feminino"";0;1;0;0;-25",85455838;-48,"95670808;""SR-PR"";""DEL7/1"";""UOP08/PR""",
"260559;579698;2020-01-03;""sexta"";""10:30:00"";""PR"";376;665;""GUARATUBA"";""Não"";""Falta de Atenção à Condução"";3;""Colisão traseira"";""Com Vítimas Feridas"";""Pleno dia"";""Crescente"";""Garoa/Chuvisco"";""Simples"";""Não Informado"";""Não"";464938;""Automóvel"";""GM/CORSA MILENIUM"";2001;""Condutor"";""Ileso"";36;""Masculino"";1;0;0;0;-25",85455838;-48,"95670808;""SR-PR"";""DEL7/1"";""UOP08/PR""",
"260559;579711;2020-01-03;""sexta"";""10:30:00"";""PR"";376;665;""GUARATUBA"";""Não"";""Falta de Atenção à Condução"";3;""Colisão traseira"";""Com Vítimas Feridas"";""Pleno dia"";""Crescente"";""Garoa/Chuvisco"";""Simples"";""Não Informado"";""Não"";464941;""Caminhonete"";""VW/SAVEIRO 1.6 CE TROOP."";2010;""Condutor"";""Ileso"";42;""Masculino"";1;0;0;0;-25",85455838;-48,"95670808;""SR-PR"";""DEL7/1"";""UOP08/PR""",
"260559;579709;2020-01-03;""sexta"";""10:30:00"";""PR"";376;665;""GUARATUBA"";""Não"";""Falta de Atenção à Condução"";3;""Colisão traseira"";""Com Vítimas Feridas"";""Pleno dia"";""Crescente"";""Garoa/Chuvisco"";""Simples"";""Não Informado"";""Não"";464940;""Automóvel"";""GM/ASTRA MILENIUM"";2001;""Condutor"";""Ileso"";36;""Masculino"";1;0;0;0;-25",85455838;-48,"95670808;""SR-PR"";""DEL7/1"";""UOP08/PR""",
"260559;579708;2020-01-03;""sexta"";""10:30:00"";""PR"";376;665;""GUARATUBA"";""Não"";""Falta de Atenção à Condução"";3;""Colisão traseira"";""Com Vítimas Feridas"";""Pleno dia"";""Crescente"";""Garoa/Chuvisco"";""Simples"";""Não Informado"";""Não"";464939;""Camioneta"";""I/CHEV TRACKER LTZ AT"";2014;""Condutor"";""Ileso"";50;""Masculino"";1;0;0;0;-25",85455838;-48,"95670808;""SR-PR"";""DEL7/1"";""UOP08/PR""",
"260561;579734;2020-01-03;""sexta"";""08:10:00"";""SC"";116;106;""MONTE CASTELO"";""Sim"";""Falta de Atenção à Condução"";1;""Tombamento"";""Com Vítimas Feridas"";""Pleno dia"";""Crescente"";""Céu Claro"";""Simples"";""Curva"";""Não"";464904;""Motocicleta"";""HONDA/CB250F TWISTER ABS"";2019;""Condutor"";""Lesões Graves"";53;""Masculino"";0;0;1;0;-26",75604307;-50,"31916109;""SR-SC"";""DEL8/6"";""UOP02/SC""",
"260562;582183;2020-01-03;""sexta"";""12:00:00"";""SP"";116;0;""QUELUZ"";""Sim"";""Pista Escorregadia"";1;""Colisão frontal"";""Com Vítimas Feridas"";""Pleno dia"";""Crescente"";""Chuva"";""Dupla"";""Reta"";""Não"";465131;""Automóvel"";""VW/FOX 1.0 GII"";2013;""Passageiro"";""Lesões Leves"";4;""Feminino"";0;1;0;0;-22",513866;-44,"69955;""SR-SP"";""DEL6/8"";""UOP01/SP""",
"260562;582180;2020-01-03;""sexta"";""12:00:00"";""SP"";116;0;""QUELUZ"";""Sim"";""Pista Escorregadia"";1;""Colisão frontal"";""Com Vítimas Feridas"";""Pleno dia"";""Crescente"";""Chuva"";""Dupla"";""Reta"";""Não"";465131;""Automóvel"";""VW/FOX 1.0 GII"";2013;""Passageiro"";""Lesões Leves"";31;""Feminino"";0;1;0;0;-22",513866;-44,"69955;""SR-SP"";""DEL6/8"";""UOP01/SP""",