"id;""pesid"";""data_inversa"";""dia_semana"";""horario"";""uf"";""br"";""km"";""municipio"";""causa_principal"";""causa_acidente"";""ordem_tipo_acidente"";""tipo_acidente"";""classificacao_acidente"";""fase_dia"";""sentido_via"";""condicao_metereologica"";""tipo_pista"";""tracado_via"";""uso_solo"";""id_veiculo"";""tipo_veiculo"";""marca"";""ano_fabricacao_veiculo"";""tipo_envolvido"";""estado_fisico"";""idade"";""sexo"";""ilesos"";""feridos_leves"";""feridos_graves"";""mortos"";""latitude"";""longitude"";""regional"";""delegacia"";""uop""",,,
"260562;582168;2020-01-03;""sexta"";""12:00:00"";""SP"";116;0;""QUELUZ"";""Sim"";""Pista Escorregadia"";1;""Colisão frontal"";""Com Vítimas Feridas"";""Pleno dia"";""Crescente"";""Chuva"";""Dupla"";""Reta"";""Não"";465131;""Automóvel"";""VW/FOX 1.0 GII"";2013;""Condutor"";""Ileso"";32;""Masculino"";1;0;0;0;-22",513866;-44,"69955;""SR-SP"";""DEL6/8"";""UOP01/SP""",
"260563;581591;2020-01-03;""sexta"";""12:30:00"";""SC"";101;126;""ITAJAI"";""Sim"";""Falta de Atenção à Condução"";1;""Colisão lateral"";""Com Vítimas Feridas"";""Pleno dia"";""Crescente"";""Céu Claro"";""Dupla"";""Reta"";""Não"";465070;""Motocicleta"";""HONDA/CBX 250 TWISTER"";2008;""Condutor"";""Lesões Leves"";36;""Masculino"";0;1;0;0;-26",93668609;-48,"69876905;""SR-SC"";""DEL8/4"";""UOP04/SC""",
"260563;581590;2020-01-03;""sexta"";""12:30:00"";""SC"";101;126;""ITAJAI"";""Sim"";""Falta de Atenção à Condução"";1;""Colisão lateral"";""Com Vítimas Feridas"";""Pleno dia"";""Crescente"";""Céu Claro"";""Dupla"";""Reta"";""Não"";465069;""Motocicleta"";""HONDA/CB250F TWISTER CBS"";2019;""Condutor"";""Lesões Leves"";33;""Masculino"";0;1;0;0;-26",93668609;-48,"69876905;""SR-SC"";""DEL8/4"";""UOP04/SC""",
"260563;581592;2020-01-03;""sexta"";""12:30:00"";""SC"";101;126;""ITAJAI"";""Sim"";""Falta de Atenção à Condução"";1;""Colisão lateral"";""Com Vítimas Feridas"";""Pleno dia"";""Crescente"";""Céu Claro"";""Dupla"";""Reta"";""Não"";465068;""Automóvel"";""VW/GOLF 1.6 SPORTLINE"";2012;""Condutor"";""Ileso"";30;""Masculino"";1;0;0;0;-26",93668609;-48,"69876905;""SR-SC"";""DEL8/4"";""UOP04/SC""",
"260564;579752;2020-01-03;""sexta"";""12:20:00"";""MG"";381;615","5;""OLIVEIRA"";""Sim"";""Velocidade Incompatível"";1;""Saída de leito carroçável"";""Com Vítimas Feridas"";""Pleno dia"";""Decrescente"";""Chuva"";""Dupla"";""Curva"";""Não"";464997;""Automóvel"";""FORD/FIESTA 1.6 FLEX"";2012;""Passageiro"";""Ileso"";27;""Feminino"";1;0;0;0;-20",74424605;-44,"7725478;""SR-MG"";""DEL4/4"";""UOP01/MG"""
"260564;579751;2020-01-03;""sexta"";""12:20:00"";""MG"";381;615","5;""OLIVEIRA"";""Sim"";""Velocidade Incompatível"";1;""Saída de leito carroçável"";""Com Vítimas Feridas"";""Pleno dia"";""Decrescente"";""Chuva"";""Dupla"";""Curva"";""Não"";464997;""Automóvel"";""FORD/FIESTA 1.6 FLEX"";2012;""Condutor"";""Lesões Leves"";35;""Masculino"";0;1;0;0;-20",74424605;-44,"7725478;""SR-MG"";""DEL4/4"";""UOP01/MG"""
"260565;579768;2020-01-03;""sexta"";""12:10:00"";""ES"";101;204","8;""JOAO NEIVA"";""Sim"";""Falta de Atenção à Condução"";1;""Colisão transversal"";""Sem Vítimas"";""Pleno dia"";""Decrescente"";""Nublado"";""Simples"";""Interseção de vias"";""Sim"";465005;""Automóvel"";""CHEV/SPIN 1.8L MT LS E"";2017;""Condutor"";""Ileso"";33;""Masculino"";1;0;0;0;-19",74948916;-40,"37922678;""SR-ES"";""DEL12/2"";""UOP01/ES"""
"260565;579770;2020-01-03;""sexta"";""12:10:00"";""ES"";101;204","8;""JOAO NEIVA"";""Sim"";""Falta de Atenção à Condução"";1;""Colisão transversal"";""Sem Vítimas"";""Pleno dia"";""Decrescente"";""Nublado"";""Simples"";""Interseção de vias"";""Sim"";465011;""Automóvel"";""FIAT/IDEA ELX FLEX"";2009;""Condutor"";""Ileso"";40;""Masculino"";1;0;0;0;-19",74948916;-40,"37922678;""SR-ES"";""DEL12/2"";""UOP01/ES"""
"260567;579793;2020-01-03;""sexta"";""11:05:00"";""SC"";280;24;""ARAQUARI"";""Sim"";""Não guardar distância de segurança"";1;""Colisão traseira"";""Com Vítimas Feridas"";""Pleno dia"";""Decrescente"";""Céu Claro"";""Simples"";""Reta"";""Sim"";464950;""Caminhonete"";""FORD/TROPICAL SL"";1996;""Condutor"";""Ileso"";61;""Masculino"";1;0;0;0;-26",37724921;-48,"71953282;""SR-SC"";""DEL8/3"";""UOP03/SC""",
"260567;579791;2020-01-03;""sexta"";""11:05:00"";""SC"";280;24;""ARAQUARI"";""Sim"";""Não guardar distância de segurança"";1;""Colisão traseira"";""Com Vítimas Feridas"";""Pleno dia"";""Decrescente"";""Céu Claro"";""Simples"";""Reta"";""Sim"";464949;""Motocicleta"";""HONDA/CG 125 FAN KS"";2012;""Condutor"";""Lesões Leves"";41;""Masculino"";0;1;0;0;-26",37724921;-48,"71953282;""SR-SC"";""DEL8/3"";""UOP03/SC""",
"260568;581068;2020-01-03;""sexta"";""12:15:00"";""SP"";459;1","7;""PIQUETE"";""Não"";""Fenômenos da Natureza"";2;""Colisão com objeto estático"";""Com Vítimas Feridas"";""Pleno dia"";""Crescente"";""Chuva"";""Simples"";""Não Informado"";""Não"";464992;""Automóvel"";""FIAT/UNO VIVACE 1.0"";2011;""Condutor"";""Ileso"";37;""Masculino"";1;0;0;0;-22",566853;-45,"220757;""SR-SP"";""DEL6/8"";""UOP03/SP"""
"260568;581069;2020-01-03;""sexta"";""12:15:00"";""SP"";459;1","7;""PIQUETE"";""Não"";""Fenômenos da Natureza"";2;""Colisão com objeto estático"";""Com Vítimas Feridas"";""Pleno dia"";""Crescente"";""Chuva"";""Simples"";""Não Informado"";""Não"";464992;""Automóvel"";""FIAT/UNO VIVACE 1.0"";2011;""Passageiro"";""Lesões Leves"";38;""Feminino"";0;1;0;0;-22",566853;-45,"220757;""SR-SP"";""DEL6/8"";""UOP03/SP"""
"260568;581068;2020-01-03;""sexta"";""12:15:00"";""SP"";459;1","7;""PIQUETE"";""Não"";""Fenômenos da Natureza"";1;""Colisão lateral"";""Com Vítimas Feridas"";""Pleno dia"";""Crescente"";""Chuva"";""Simples"";""Não Informado"";""Não"";464992;""Automóvel"";""FIAT/UNO VIVACE 1.0"";2011;""Condutor"";""Ileso"";37;""Masculino"";1;0;0;0;-22",566853;-45,"220757;""SR-SP"";""DEL6/8"";""UOP03/SP"""
"260568;581069;2020-01-03;""sexta"";""12:15:00"";""SP"";459;1","7;""PIQUETE"";""Não"";""Fenômenos da Natureza"";1;""Colisão lateral"";""Com Vítimas Feridas"";""Pleno dia"";""Crescente"";""Chuva"";""Simples"";""Não Informado"";""Não"";464992;""Automóvel"";""FIAT/UNO VIVACE 1.0"";2011;""Passageiro"";""Lesões Leves"";38;""Feminino"";0;1;0;0;-22",566853;-45,"220757;""SR-SP"";""DEL6/8"";""UOP03/SP"""
"260568;581068;2020-01-03;""sexta"";""12:15:00"";""SP"";459;1","7;""PIQUETE"";""Não"";""Pista Escorregadia"";2;""Colisão com objeto estático"";""Com Vítimas Feridas"";""Pleno dia"";""Crescente"";""Chuva"";""Simples"";""Não Informado"";""Não"";464992;""Automóvel"";""FIAT/UNO VIVACE 1.0"";2011;""Condutor"";""Ileso"";37;""Masculino"";1;0;0;0;-22",566853;-45,"220757;""SR-SP"";""DEL6/8"";""UOP03/SP"""
"260568;581069;2020-01-03;""sexta"";""12:15:00"";""SP"";459;1","7;""PIQUETE"";""Não"";""Pista Escorregadia"";2;""Colisão com objeto estático"";""Com Vítimas Feridas"";""Pleno dia"";""Crescente"";""Chuva"";""Simples"";""Não Informado"";""Não"";464992;""Automóvel"";""FIAT/UNO VIVACE 1.0"";2011;""Passageiro"";""Lesões Leves"";38;""Feminino"";0;1;0;0;-22",566853;-45,"220757;""SR-SP"";""DEL6/8"";""UOP03/SP"""
"260568;581068;2020-01-03;""sexta"";""12:15:00"";""SP"";459;1","7;""PIQUETE"";""Não"";""Pista Escorregadia"";1;""Colisão lateral"";""Com Vítimas Feridas"";""Pleno dia"";""Crescente"";""Chuva"";""Simples"";""Não Informado"";""Não"";464992;""Automóvel"";""FIAT/UNO VIVACE 1.0"";2011;""Condutor"";""Ileso"";37;""Masculino"";1;0;0;0;-22",566853;-45,"220757;""SR-SP"";""DEL6/8"";""UOP03/SP"""
"260568;581069;2020-01-03;""sexta"";""12:15:00"";""SP"";459;1","7;""PIQUETE"";""Não"";""Pista Escorregadia"";1;""Colisão lateral"";""Com Vítimas Feridas"";""Pleno dia"";""Crescente"";""Chuva"";""Simples"";""Não Informado"";""Não"";464992;""Automóvel"";""FIAT/UNO VIVACE 1.0"";2011;""Passageiro"";""Lesões Leves"";38;""Feminino"";0;1;0;0;-22",566853;-45,"220757;""SR-SP"";""DEL6/8"";""UOP03/SP"""
"260568;581068;2020-01-03;""sexta"";""12:15:00"";""SP"";459;1","7;""PIQUETE"";""Sim"";""Falta de Atenção à Condução"";2;""Colisão com objeto estático"";""Com Vítimas Feridas"";""Pleno dia"";""Crescente"";""Chuva"";""Simples"";""Não Informado"";""Não"";464992;""Automóvel"";""FIAT/UNO VIVACE 1.0"";2011;""Condutor"";""Ileso"";37;""Masculino"";1;0;0;0;-22",566853;-45,"220757;""SR-SP"";""DEL6/8"";""UOP03/SP"""
"260568;581069;2020-01-03;""sexta"";""12:15:00"";""SP"";459;1","7;""PIQUETE"";""Sim"";""Falta de Atenção à Condução"";2;""Colisão com objeto estático"";""Com Vítimas Feridas"";""Pleno dia"";""Crescente"";""Chuva"";""Simples"";""Não Informado"";""Não"";464992;""Automóvel"";""FIAT/UNO VIVACE 1.0"";2011;""Passageiro"";""Lesões Leves"";38;""Feminino"";0;1;0;0;-22",566853;-45,"220757;""SR-SP"";""DEL6/8"";""UOP03/SP"""
"260568;581068;2020-01-03;""sexta"";""12:15:00"";""SP"";459;1","7;""PIQUETE"";""Sim"";""Falta de Atenção à Condução"";1;""Colisão lateral"";""Com Vítimas Feridas"";""Pleno dia"";""Crescente"";""Chuva"";""Simples"";""Não Informado"";""Não"";464992;""Automóvel"";""FIAT/UNO VIVACE 1.0"";2011;""Condutor"";""Ileso"";37;""Masculino"";1;0;0;0;-22",566853;-45,"220757;""SR-SP"";""DEL6/8"";""UOP03/SP"""
"260568;581069;2020-01-03;""sexta"";""12:15:00"";""SP"";459;1","7;""PIQUETE"";""Sim"";""Falta de Atenção à Condução"";1;""Colisão lateral"";""Com Vítimas Feridas"";""Pleno dia"";""Crescente"";""Chuva"";""Simples"";""Não Informado"";""Não"";464992;""Automóvel"";""FIAT/UNO VIVACE 1.0"";2011;""Passageiro"";""Lesões Leves"";38;""Feminino"";0;1;0;0;-22",566853;-45,"220757;""SR-SP"";""DEL6/8"";""UOP03/SP"""
"260569;580031;2020-01-03;""sexta"";""11:55:00"";""MG"";40;609","8;""CONGONHAS"";""Sim"";""Falta de Atenção do Pedestre"";1;""Atropelamento de Pedestre"";""Com Vítimas Feridas"";""Pleno dia"";""Crescente"";""Céu Claro"";""Simples"";""Reta"";""Não"";464915;""Automóvel"";""FIAT/SIENA ELX FLEX"";2010;""Pedestre"";""Lesões Leves"";25;""Masculino"";0;1;0;0;-20",49313702;-43,"83689143;""SR-MG"";""DEL5"";""UOP02/MG"""
"260569;580017;2020-01-03;""sexta"";""11:55:00"";""MG"";40;609","8;""CONGONHAS"";""Sim"";""Falta de Atenção do Pedestre"";1;""Atropelamento de Pedestre"";""Com Vítimas Feridas"";""Pleno dia"";""Crescente"";""Céu Claro"";""Simples"";""Reta"";""Não"";464915;""Automóvel"";""FIAT/SIENA ELX FLEX"";2010;""Testemunha"";""Não Informado"";NA;""Não Informado"";0;0;0;0;-20",49313702;-43,"83689143;""SR-MG"";""DEL5"";""UOP02/MG"""
"260569;580014;2020-01-03;""sexta"";""11:55:00"";""MG"";40;609","8;""CONGONHAS"";""Sim"";""Falta de Atenção do Pedestre"";1;""Atropelamento de Pedestre"";""Com Vítimas Feridas"";""Pleno dia"";""Crescente"";""Céu Claro"";""Simples"";""Reta"";""Não"";464915;""Automóvel"";""FIAT/SIENA ELX FLEX"";2010;""Condutor"";""Ileso"";60;""Masculino"";1;0;0;0;-20",49313702;-43,"83689143;""SR-MG"";""DEL5"";""UOP02/MG"""
"260570;NA;2020-01-03;""sexta"";""12:50:00"";""MG"";40;632;""CONSELHEIRO LAFAIETE"";""Sim"";""Falta de Atenção à Condução"";1;""Colisão transversal"";""Com Vítimas Feridas"";""Pleno dia"";""Decrescente"";""Chuva"";""Dupla"";""Curva"";""Não"";465066;""Semireboque"";""R/RANDON SR BA"";2017;""Não Informado"";""Não Informado"";NA;""Não Informado"";0;0;0;0;-20",67348593;-43,"7968977;""SR-MG"";""DEL5"";""UOP02/MG""",
"260570;579833;2020-01-03;""sexta"";""12:50:00"";""MG"";40;632;""CONSELHEIRO LAFAIETE"";""Sim"";""Falta de Atenção à Condução"";1;""Colisão transversal"";""Com Vítimas Feridas"";""Pleno dia"";""Decrescente"";""Chuva"";""Dupla"";""Curva"";""Não"";464965;""Caminhão-trator"";""DAF/XF105 FTS 460A"";2016;""Condutor"";""Ileso"";45;""Masculino"";1;0;0;0;-20",67348593;-43,"7968977;""SR-MG"";""DEL5"";""UOP02/MG""",
"260570;579831;2020-01-03;""sexta"";""12:50:00"";""MG"";40;632;""CONSELHEIRO LAFAIETE"";""Sim"";""Falta de Atenção à Condução"";1;""Colisão transversal"";""Com Vítimas Feridas"";""Pleno dia"";""Decrescente"";""Chuva"";""Dupla"";""Curva"";""Não"";464964;""Automóvel"";""HYUNDAI/HB20 1.6A COMF"";2016;""Passageiro"";""Lesões Leves"";81;""Feminino"";0;1;0;0;-20",67348593;-43,"7968977;""SR-MG"";""DEL5"";""UOP02/MG""",
"260570;579829;2020-01-03;""sexta"";""12:50:00"";""MG"";40;632;""CONSELHEIRO LAFAIETE"";""Sim"";""Falta de Atenção à Condução"";1;""Colisão transversal"";""Com Vítimas Feridas"";""Pleno dia"";""Decrescente"";""Chuva"";""Dupla"";""Curva"";""Não"";464964;""Automóvel"";""HYUNDAI/HB20 1.6A COMF"";2016;""Passageiro"";""Ileso"";46;""Feminino"";1;0;0;0;-20",67348593;-43,"7968977;""SR-MG"";""DEL5"";""UOP02/MG""",
"260570;579826;2020-01-03;""sexta"";""12:50:00"";""MG"";40;632;""CONSELHEIRO LAFAIETE"";""Sim"";""Falta de Atenção à Condução"";1;""Colisão transversal"";""Com Vítimas Feridas"";""Pleno dia"";""Decrescente"";""Chuva"";""Dupla"";""Curva"";""Não"";464964;""Automóvel"";""HYUNDAI/HB20 1.6A COMF"";2016;""Condutor"";""Ileso"";51;""Masculino"";1;0;0;0;-20",67348593;-43,"7968977;""SR-MG"";""DEL5"";""UOP02/MG""",
"260571;580086;2020-01-03;""sexta"";""10:45:00"";""CE"";20;186","7;""BOA VIAGEM"";""Sim"";""Defeito Mecânico no Veículo"";1;""Capotamento"";""Com Vítimas Feridas"";""Pleno dia"";""Crescente"";""Céu Claro"";""Simples"";""Reta"";""Não"";464924;""Automóvel"";""FIAT/PALIO ATTRACTIV 1.0"";2014;""Passageiro"";""Lesões Leves"";13;""Feminino"";0;1;0;0;-5",25068704;-39,"82316796;""SR-CE"";""DEL16/2"";""UOP02/CE"""
"260571;580082;2020-01-03;""sexta"";""10:45:00"";""CE"";20;186","7;""BOA VIAGEM"";""Sim"";""Defeito Mecânico no Veículo"";1;""Capotamento"";""Com Vítimas Feridas"";""Pleno dia"";""Crescente"";""Céu Claro"";""Simples"";""Reta"";""Não"";464924;""Automóvel"";""FIAT/PALIO ATTRACTIV 1.0"";2014;""Passageiro"";""Ileso"";16;""Feminino"";1;0;0;0;-5",25068704;-39,"82316796;""SR-CE"";""DEL16/2"";""UOP02/CE"""
"260571;580080;2020-01-03;""sexta"";""10:45:00"";""CE"";20;186","7;""BOA VIAGEM"";""Sim"";""Defeito Mecânico no Veículo"";1;""Capotamento"";""Com Vítimas Feridas"";""Pleno dia"";""Crescente"";""Céu Claro"";""Simples"";""Reta"";""Não"";464924;""Automóvel"";""FIAT/PALIO ATTRACTIV 1.0"";2014;""Condutor"";""Lesões Leves"";44;""Masculino"";0;1;0;0;-5",25068704;-39,"82316796;""SR-CE"";""DEL16/2"";""UOP02/CE"""
"260572;579859;2020-01-03;""sexta"";""13:00:00"";""SE"";235;4;""NOSSA SENHORA DO SOCORRO"";""Sim"";""Falta de Atenção à Condução"";1;""Queda de ocupante de veículo"";""Com Vítimas Feridas"";""Pleno dia"";""Crescente"";""Sol"";""Dupla"";""Reta"";""Sim"";465028;""Motocicleta"";""YAMAHA/YS150 FAZER ED"";2014;""Passageiro"";""Lesões Leves"";24;""Masculino"";0;1;0;0;-10",906002;-37,"11189687;""SR-SE"";""DEL20/1"";""UOP01/SE""",
"260572;579846;2020-01-03;""sexta"";""13:00:00"";""SE"";235;4;""NOSSA SENHORA DO SOCORRO"";""Sim"";""Falta de Atenção à Condução"";1;""Queda de ocupante de veículo"";""Com Vítimas Feridas"";""Pleno dia"";""Crescente"";""Sol"";""Dupla"";""Reta"";""Sim"";465028;""Motocicleta"";""YAMAHA/YS150 FAZER ED"";2014;""Condutor"";""Lesões Leves"";29;""Masculino"";0;1;0;0;-10",906002;-37,"11189687;""SR-SE"";""DEL20/1"";""UOP01/SE""",
"260574;579726;2020-01-03;""sexta"";""06:50:00"";""BA"";101;661;""ITAPEBI"";""Sim"";""Velocidade Incompatível"";1;""Colisão com objeto estático"";""Com Vítimas Feridas"";""Pleno dia"";""Decrescente"";""Céu Claro"";""Simples"";""Ponte"";""Não"";464927;""Automóvel"";""VW/GOL 1.6L AF5"";2019;""Passageiro"";""Lesões Leves"";20;""Feminino"";0;1;0;0;-15",94845528;-39,"55936432;""SR-BA"";""DEL10/5"";""UOP02/BA""",
"260574;579724;2020-01-03;""sexta"";""06:50:00"";""BA"";101;661;""ITAPEBI"";""Sim"";""Velocidade Incompatível"";1;""Colisão com objeto estático"";""Com Vítimas Feridas"";""Pleno dia"";""Decrescente"";""Céu Claro"";""Simples"";""Ponte"";""Não"";464927;""Automóvel"";""VW/GOL 1.6L AF5"";2019;""Condutor"";""Lesões Leves"";20;""Masculino"";0;1;0;0;-15",94845528;-39,"55936432;""SR-BA"";""DEL10/5"";""UOP02/BA""",
"260574;579726;2020-01-03;""sexta"";""06:50:00"";""BA"";101;661;""ITAPEBI"";""Sim"";""Velocidade Incompatível"";2;""Capotamento"";""Com Vítimas Feridas"";""Pleno dia"";""Decrescente"";""Céu Claro"";""Simples"";""Ponte"";""Não"";464927;""Automóvel"";""VW/GOL 1.6L AF5"";2019;""Passageiro"";""Lesões Leves"";20;""Feminino"";0;1;0;0;-15",94845528;-39,"55936432;""SR-BA"";""DEL10/5"";""UOP02/BA""",
"260574;579724;2020-01-03;""sexta"";""06:50:00"";""BA"";101;661;""ITAPEBI"";""Sim"";""Velocidade Incompatível"";2;""Capotamento"";""Com Vítimas Feridas"";""Pleno dia"";""Decrescente"";""Céu Claro"";""Simples"";""Ponte"";""Não"";464927;""Automóvel"";""VW/GOL 1.6L AF5"";2019;""Condutor"";""Lesões Leves"";20;""Masculino"";0;1;0;0;-15",94845528;-39,"55936432;""SR-BA"";""DEL10/5"";""UOP02/BA""",
"260575;579712;2020-01-03;""sexta"";""13:20:00"";""MG"";50;180;""UBERABA"";""Sim"";""Falta de Atenção à Condução"";2;""Saída de leito carroçável"";""Com Vítimas Feridas"";""Pleno dia"";""Crescente"";""Nublado"";""Dupla"";""Viaduto"";""Sim"";464968;""Motocicleta"";""HONDA/CG 150 TITAN KS"";2004;""Passageiro"";""Lesões Leves"";28;""Feminino"";0;1;0;0;-19",77845564;-47,"92307138;""SR-MG"";""DEL13"";""UOP01/MG""",
"260575;579710;2020-01-03;""sexta"";""13:20:00"";""MG"";50;180;""UBERABA"";""Sim"";""Falta de Atenção à Condução"";2;""Saída de leito carroçável"";""Com Vítimas Feridas"";""Pleno dia"";""Crescente"";""Nublado"";""Dupla"";""Viaduto"";""Sim"";464968;""Motocicleta"";""HONDA/CG 150 TITAN KS"";2004;""Condutor"";""Lesões Graves"";42;""Masculino"";0;0;1;0;-19",77845564;-47,"92307138;""SR-MG"";""DEL13"";""UOP01/MG""",
"260575;579721;2020-01-03;""sexta"";""13:20:00"";""MG"";50;180;""UBERABA"";""Sim"";""Falta de Atenção à Condução"";2;""Saída de leito carroçável"";""Com Vítimas Feridas"";""Pleno dia"";""Crescente"";""Nublado"";""Dupla"";""Viaduto"";""Sim"";464977;""Motocicleta"";"""";NA;""Condutor"";""Ileso"";NA;""Masculino"";1;0;0;0;-19",77845564;-47,"92307138;""SR-MG"";""DEL13"";""UOP01/MG""",
"260575;579712;2020-01-03;""sexta"";""13:20:00"";""MG"";50;180;""UBERABA"";""Sim"";""Falta de Atenção à Condução"";1;""Colisão lateral"";""Com Vítimas Feridas"";""Pleno dia"";""Crescente"";""Nublado"";""Dupla"";""Viaduto"";""Sim"";464968;""Motocicleta"";""HONDA/CG 150 TITAN KS"";2004;""Passageiro"";""Lesões Leves"";28;""Feminino"";0;1;0;0;-19",77845564;-47,"92307138;""SR-MG"";""DEL13"";""UOP01/MG""",
"260575;579710;2020-01-03;""sexta"";""13:20:00"";""MG"";50;180;""UBERABA"";""Sim"";""Falta de Atenção à Condução"";1;""Colisão lateral"";""Com Vítimas Feridas"";""Pleno dia"";""Crescente"";""Nublado"";""Dupla"";""Viaduto"";""Sim"";464968;""Motocicleta"";""HONDA/CG 150 TITAN KS"";2004;""Condutor"";""Lesões Graves"";42;""Masculino"";0;0;1;0;-19",77845564;-47,"92307138;""SR-MG"";""DEL13"";""UOP01/MG""",
"260575;579721;2020-01-03;""sexta"";""13:20:00"";""MG"";50;180;""UBERABA"";""Sim"";""Falta de Atenção à Condução"";1;""Colisão lateral"";""Com Vítimas Feridas"";""Pleno dia"";""Crescente"";""Nublado"";""Dupla"";""Viaduto"";""Sim"";464977;""Motocicleta"";"""";NA;""Condutor"";""Ileso"";NA;""Masculino"";1;0;0;0;-19",77845564;-47,"92307138;""SR-MG"";""DEL13"";""UOP01/MG""",
"260576;579774;2020-01-03;""sexta"";""13:20:00"";""MG"";50;138","2;""UBERABA"";""Sim"";""Falta de Atenção à Condução"";2;""Colisão com objeto estático"";""Com Vítimas Feridas"";""Pleno dia"";""Decrescente"";""Nublado"";""Dupla"";""Desvio Temporário"";""Não"";464989;""Automóvel"";""HYUNDAI/HB20S 1.0M COMF"";2018;""Condutor"";""Lesões Graves"";39;""Feminino"";0;0;1;0;-19",45923317;-48,"05872556;""SR-MG"";""DEL13"";""UOP01/MG"""
"260576;579774;2020-01-03;""sexta"";""13:20:00"";""MG"";50;138","2;""UBERABA"";""Sim"";""Falta de Atenção à Condução"";1;""Saída de leito carroçável"";""Com Vítimas Feridas"";""Pleno dia"";""Decrescente"";""Nublado"";""Dupla"";""Desvio Temporário"";""Não"";464989;""Automóvel"";""HYUNDAI/HB20S 1.0M COMF"";2018;""Condutor"";""Lesões Graves"";39;""Feminino"";0;0;1;0;-19",45923317;-48,"05872556;""SR-MG"";""DEL13"";""UOP01/MG"""
"260577;580004;2020-01-03;""sexta"";""12:30:00"";""RJ"";356;62;""ITAPERUNA"";""Sim"";""Falta de Atenção à Condução"";1;""Capotamento"";""Sem Vítimas"";""Pleno dia"";""Decrescente"";""Céu Claro"";""Simples"";""Curva"";""Não"";464969;""Automóvel"";""VW/FUSCA 1300"";1977;""Condutor"";""Não Informado"";NA;""Não Informado"";0;0;0;0;-21",32476394;-41,"70949227;""SR-RJ"";""DEL5/8"";""UOP03/RJ""",
"260578;579720;2020-01-03;""sexta"";""12:54:00"";""GO"";50;286","8;""CATALAO"";""Sim"";""Falta de Atenção à Condução"";1;""Colisão traseira"";""Com Vítimas Feridas"";""Pleno dia"";""Decrescente"";""Céu Claro"";""Simples"";""Não Informado"";""Não"";464944;""Automóvel"";""VW/GOL 1.0"";2011;""Condutor"";""Ileso"";62;""Masculino"";1;0;0;0;-18",22327267;-47,"97410309;""SR-GO"";""DEL1/6"";""UOP01/GO"""
"260578;579717;2020-01-03;""sexta"";""12:54:00"";""GO"";50;286","8;""CATALAO"";""Sim"";""Falta de Atenção à Condução"";1;""Colisão traseira"";""Com Vítimas Feridas"";""Pleno dia"";""Decrescente"";""Céu Claro"";""Simples"";""Não Informado"";""Não"";464944;""Automóvel"";""VW/GOL 1.0"";2011;""Passageiro"";""Lesões Leves"";50;""Feminino"";0;1;0;0;-18",22327267;-47,"97410309;""SR-GO"";""DEL1/6"";""UOP01/GO"""
"260578;579697;2020-01-03;""sexta"";""12:54:00"";""GO"";50;286","8;""CATALAO"";""Sim"";""Falta de Atenção à Condução"";1;""Colisão traseira"";""Com Vítimas Feridas"";""Pleno dia"";""Decrescente"";""Céu Claro"";""Simples"";""Não Informado"";""Não"";464943;""Automóvel"";""VW/NOVO GOL 1.0"";2012;""Passageiro"";""Ileso"";20;""Feminino"";1;0;0;0;-18",22327267;-47,"97410309;""SR-GO"";""DEL1/6"";""UOP01/GO"""
"260578;579687;2020-01-03;""sexta"";""12:54:00"";""GO"";50;286","8;""CATALAO"";""Sim"";""Falta de Atenção à Condução"";1;""Colisão traseira"";""Com Vítimas Feridas"";""Pleno dia"";""Decrescente"";""Céu Claro"";""Simples"";""Não Informado"";""Não"";464943;""Automóvel"";""VW/NOVO GOL 1.0"";2012;""Condutor"";""Ileso"";26;""Feminino"";1;0;0;0;-18",22327267;-47,"97410309;""SR-GO"";""DEL1/6"";""UOP01/GO"""
"260579;579754;2020-01-03;""sexta"";""13:20:00"";""SP"";101;46","2;""UBATUBA"";""Sim"";""Desobediência às normas de trânsito pelo condutor"";1;""Colisão transversal"";""Com Vítimas Feridas"";""Pleno dia"";""Crescente"";""Céu Claro"";""Simples"";""Reta"";""Sim"";464954;""Automóvel"";""RENAULT/SANDERO AUTH 10"";2017;""Condutor"";""Ileso"";39;""Masculino"";1;0;0;0;-23",42403383;-45,"07492113;""SR-SP"";""DEL6"";""UOP03/SP"""
"260579;579755;2020-01-03;""sexta"";""13:20:00"";""SP"";101;46","2;""UBATUBA"";""Sim"";""Desobediência às normas de trânsito pelo condutor"";1;""Colisão transversal"";""Com Vítimas Feridas"";""Pleno dia"";""Crescente"";""Céu Claro"";""Simples"";""Reta"";""Sim"";464955;""Motocicleta"";""HONDA/CBX 200 STRADA"";2001;""Condutor"";""Lesões Leves"";21;""Masculino"";0;1;0;0;-23",42403383;-45,"07492113;""SR-SP"";""DEL6"";""UOP03/SP"""
"260581;579898;2020-01-03;""sexta"";""13:30:00"";""RS"";392;347;""SANTA MARIA"";""Sim"";""Falta de Atenção à Condução"";2;""Colisão frontal"";""Com Vítimas Feridas"";""Pleno dia"";""Crescente"";""Céu Claro"";""Simples"";""Reta"";""Sim"";465036;""Caminhonete"";""I/TOYOTA HILUX CD4X4 SRV"";2011;""Passageiro"";""Lesões Leves"";18;""Masculino"";0;1;0;0;-29",76125014;-53,"78681035;""SR-RS"";""DEL9/9"";""UOP01/RS""",