"id;""pesid"";""data_inversa"";""dia_semana"";""horario"";""uf"";""br"";""km"";""municipio"";""causa_principal"";""causa_acidente"";""ordem_tipo_acidente"";""tipo_acidente"";""classificacao_acidente"";""fase_dia"";""sentido_via"";""condicao_metereologica"";""tipo_pista"";""tracado_via"";""uso_solo"";""id_veiculo"";""tipo_veiculo"";""marca"";""ano_fabricacao_veiculo"";""tipo_envolvido"";""estado_fisico"";""idade"";""sexo"";""ilesos"";""feridos_leves"";""feridos_graves"";""mortos"";""latitude"";""longitude"";""regional"";""delegacia"";""uop""",,,
"260587;580040;2020-01-03;""sexta"";""13:30:00"";""MG"";251;506;""FRANCISCO SA"";""Sim"";""Pista Escorregadia"";1;""Colisão com objeto estático"";""Com Vítimas Feridas"";""Pleno dia"";""Crescente"";""Chuva"";""Simples"";""Curva"";""Não"";465057;""Automóvel"";""CHEVROLET/ONIX 1.4MT LT"";2014;""Passageiro"";""Lesões Leves"";46;""Feminino"";0;1;0;0;-16",61894941;-43,"6887828;""SR-MG"";""DEL4/12"";""UOP01/MG""",
"260587;580033;2020-01-03;""sexta"";""13:30:00"";""MG"";251;506;""FRANCISCO SA"";""Sim"";""Pista Escorregadia"";1;""Colisão com objeto estático"";""Com Vítimas Feridas"";""Pleno dia"";""Crescente"";""Chuva"";""Simples"";""Curva"";""Não"";465057;""Automóvel"";""CHEVROLET/ONIX 1.4MT LT"";2014;""Condutor"";""Lesões Leves"";48;""Masculino"";0;1;0;0;-16",61894941;-43,"6887828;""SR-MG"";""DEL4/12"";""UOP01/MG""",
"260587;580042;2020-01-03;""sexta"";""13:30:00"";""MG"";251;506;""FRANCISCO SA"";""Não"";""Fenômenos da Natureza"";2;""Saída de leito carroçável"";""Com Vítimas Feridas"";""Pleno dia"";""Crescente"";""Chuva"";""Simples"";""Curva"";""Não"";465057;""Automóvel"";""CHEVROLET/ONIX 1.4MT LT"";2014;""Passageiro"";""Ileso"";10;""Masculino"";1;0;0;0;-16",61894941;-43,"6887828;""SR-MG"";""DEL4/12"";""UOP01/MG""",
"260587;580040;2020-01-03;""sexta"";""13:30:00"";""MG"";251;506;""FRANCISCO SA"";""Não"";""Fenômenos da Natureza"";2;""Saída de leito carroçável"";""Com Vítimas Feridas"";""Pleno dia"";""Crescente"";""Chuva"";""Simples"";""Curva"";""Não"";465057;""Automóvel"";""CHEVROLET/ONIX 1.4MT LT"";2014;""Passageiro"";""Lesões Leves"";46;""Feminino"";0;1;0;0;-16",61894941;-43,"6887828;""SR-MG"";""DEL4/12"";""UOP01/MG""",
"260587;580033;2020-01-03;""sexta"";""13:30:00"";""MG"";251;506;""FRANCISCO SA"";""Não"";""Fenômenos da Natureza"";2;""Saída de leito carroçável"";""Com Vítimas Feridas"";""Pleno dia"";""Crescente"";""Chuva"";""Simples"";""Curva"";""Não"";465057;""Automóvel"";""CHEVROLET/ONIX 1.4MT LT"";2014;""Condutor"";""Lesões Leves"";48;""Masculino"";0;1;0;0;-16",61894941;-43,"6887828;""SR-MG"";""DEL4/12"";""UOP01/MG""",
"260587;580042;2020-01-03;""sexta"";""13:30:00"";""MG"";251;506;""FRANCISCO SA"";""Não"";""Fenômenos da Natureza"";1;""Colisão com objeto estático"";""Com Vítimas Feridas"";""Pleno dia"";""Crescente"";""Chuva"";""Simples"";""Curva"";""Não"";465057;""Automóvel"";""CHEVROLET/ONIX 1.4MT LT"";2014;""Passageiro"";""Ileso"";10;""Masculino"";1;0;0;0;-16",61894941;-43,"6887828;""SR-MG"";""DEL4/12"";""UOP01/MG""",
"260587;580040;2020-01-03;""sexta"";""13:30:00"";""MG"";251;506;""FRANCISCO SA"";""Não"";""Fenômenos da Natureza"";1;""Colisão com objeto estático"";""Com Vítimas Feridas"";""Pleno dia"";""Crescente"";""Chuva"";""Simples"";""Curva"";""Não"";465057;""Automóvel"";""CHEVROLET/ONIX 1.4MT LT"";2014;""Passageiro"";""Lesões Leves"";46;""Feminino"";0;1;0;0;-16",61894941;-43,"6887828;""SR-MG"";""DEL4/12"";""UOP01/MG""",
"260587;580033;2020-01-03;""sexta"";""13:30:00"";""MG"";251;506;""FRANCISCO SA"";""Não"";""Fenômenos da Natureza"";1;""Colisão com objeto estático"";""Com Vítimas Feridas"";""Pleno dia"";""Crescente"";""Chuva"";""Simples"";""Curva"";""Não"";465057;""Automóvel"";""CHEVROLET/ONIX 1.4MT LT"";2014;""Condutor"";""Lesões Leves"";48;""Masculino"";0;1;0;0;-16",61894941;-43,"6887828;""SR-MG"";""DEL4/12"";""UOP01/MG""",
"260588;579828;2020-01-03;""sexta"";""13:55:00"";""RS"";116;247","3;""SAO LEOPOLDO"";""Sim"";""Desobediência às normas de trânsito pelo condutor"";1;""Saída de leito carroçável"";""Com Vítimas Fatais"";""Pleno dia"";""Crescente"";""Chuva"";""Simples"";""Reta"";""Sim"";464932;""Caminhão"";""VW/24.280 CRM 6X2"";2014;""Condutor"";""Ileso"";49;""Masculino"";1;0;0;0;-29",76733091;-51,"1535296;""SR-RS"";""DEL9/1"";""UOP02/RS"""
"260588;579830;2020-01-03;""sexta"";""13:55:00"";""RS"";116;247","3;""SAO LEOPOLDO"";""Sim"";""Desobediência às normas de trânsito pelo condutor"";1;""Saída de leito carroçável"";""Com Vítimas Fatais"";""Pleno dia"";""Crescente"";""Chuva"";""Simples"";""Reta"";""Sim"";465056;""Motocicleta"";""HONDA/CG 125 CARGO KS"";2013;""Condutor"";""Óbito"";41;""Masculino"";0;0;0;1;-29",76733091;-51,"1535296;""SR-RS"";""DEL9/1"";""UOP02/RS"""
"260588;579828;2020-01-03;""sexta"";""13:55:00"";""RS"";116;247","3;""SAO LEOPOLDO"";""Sim"";""Desobediência às normas de trânsito pelo condutor"";3;""Colisão com objeto estático"";""Com Vítimas Fatais"";""Pleno dia"";""Crescente"";""Chuva"";""Simples"";""Reta"";""Sim"";464932;""Caminhão"";""VW/24.280 CRM 6X2"";2014;""Condutor"";""Ileso"";49;""Masculino"";1;0;0;0;-29",76733091;-51,"1535296;""SR-RS"";""DEL9/1"";""UOP02/RS"""
"260588;579830;2020-01-03;""sexta"";""13:55:00"";""RS"";116;247","3;""SAO LEOPOLDO"";""Sim"";""Desobediência às normas de trânsito pelo condutor"";3;""Colisão com objeto estático"";""Com Vítimas Fatais"";""Pleno dia"";""Crescente"";""Chuva"";""Simples"";""Reta"";""Sim"";465056;""Motocicleta"";""HONDA/CG 125 CARGO KS"";2013;""Condutor"";""Óbito"";41;""Masculino"";0;0;0;1;-29",76733091;-51,"1535296;""SR-RS"";""DEL9/1"";""UOP02/RS"""
"260588;579828;2020-01-03;""sexta"";""13:55:00"";""RS"";116;247","3;""SAO LEOPOLDO"";""Sim"";""Desobediência às normas de trânsito pelo condutor"";2;""Colisão traseira"";""Com Vítimas Fatais"";""Pleno dia"";""Crescente"";""Chuva"";""Simples"";""Reta"";""Sim"";464932;""Caminhão"";""VW/24.280 CRM 6X2"";2014;""Condutor"";""Ileso"";49;""Masculino"";1;0;0;0;-29",76733091;-51,"1535296;""SR-RS"";""DEL9/1"";""UOP02/RS"""
"260588;579830;2020-01-03;""sexta"";""13:55:00"";""RS"";116;247","3;""SAO LEOPOLDO"";""Sim"";""Desobediência às normas de trânsito pelo condutor"";2;""Colisão traseira"";""Com Vítimas Fatais"";""Pleno dia"";""Crescente"";""Chuva"";""Simples"";""Reta"";""Sim"";465056;""Motocicleta"";""HONDA/CG 125 CARGO KS"";2013;""Condutor"";""Óbito"";41;""Masculino"";0;0;0;1;-29",76733091;-51,"1535296;""SR-RS"";""DEL9/1"";""UOP02/RS"""
"260589;581608;2020-01-03;""sexta"";""14:00:00"";""PE"";101;46","8;""IGARASSU"";""Sim"";""Ingestão de Álcool"";1;""Colisão traseira"";""Com Vítimas Feridas"";""Pleno dia"";""Decrescente"";""Céu Claro"";""Múltipla"";""Reta"";""Sim"";465158;""Automóvel"";""VW/SANTANA GL 2000"";1992;""Condutor"";""Lesões Leves"";59;""Masculino"";0;1;0;0;-7",87406004;-34,"90588126;""SR-PE"";""DEL11/1"";""UOP02/PE"""
"260589;581602;2020-01-03;""sexta"";""14:00:00"";""PE"";101;46","8;""IGARASSU"";""Sim"";""Ingestão de Álcool"";1;""Colisão traseira"";""Com Vítimas Feridas"";""Pleno dia"";""Decrescente"";""Céu Claro"";""Múltipla"";""Reta"";""Sim"";465157;""Camioneta"";""FORD/ECOSPORT FSL1.6FLEX"";2011;""Condutor"";""Ileso"";49;""Masculino"";1;0;0;0;-7",87406004;-34,"90588126;""SR-PE"";""DEL11/1"";""UOP02/PE"""
"260589;581603;2020-01-03;""sexta"";""14:00:00"";""PE"";101;46","8;""IGARASSU"";""Sim"";""Ingestão de Álcool"";1;""Colisão traseira"";""Com Vítimas Feridas"";""Pleno dia"";""Decrescente"";""Céu Claro"";""Múltipla"";""Reta"";""Sim"";465157;""Camioneta"";""FORD/ECOSPORT FSL1.6FLEX"";2011;""Passageiro"";""Ileso"";47;""Feminino"";1;0;0;0;-7",87406004;-34,"90588126;""SR-PE"";""DEL11/1"";""UOP02/PE"""
"260590;579788;2020-01-03;""sexta"";""14:00:00"";""MG"";116;704","7;""MURIAE"";""Sim"";""Falta de Atenção à Condução"";1;""Queda de ocupante de veículo"";""Com Vítimas Feridas"";""Pleno dia"";""Decrescente"";""Nublado"";""Simples"";""Reta"";""Sim"";465016;""Motocicleta"";""HONDA/NX-4 FALCON"";2008;""Condutor"";""Ileso"";44;""Masculino"";1;0;0;0;-21",12414431;-42,"38099548;""SR-MG"";""DEL4/7"";""UOP02/MG"""
"260590;579794;2020-01-03;""sexta"";""14:00:00"";""MG"";116;704","7;""MURIAE"";""Sim"";""Falta de Atenção à Condução"";1;""Queda de ocupante de veículo"";""Com Vítimas Feridas"";""Pleno dia"";""Decrescente"";""Nublado"";""Simples"";""Reta"";""Sim"";465016;""Motocicleta"";""HONDA/NX-4 FALCON"";2008;""Passageiro"";""Lesões Leves"";40;""Masculino"";0;1;0;0;-21",12414431;-42,"38099548;""SR-MG"";""DEL4/7"";""UOP02/MG"""
"260591;581899;2020-01-03;""sexta"";""14:00:00"";""SC"";101;101","2;""BALNEARIO PICARRAS"";""Sim"";""Defeito Mecânico no Veículo"";1;""Queda de ocupante de veículo"";""Com Vítimas Feridas"";""Pleno dia"";""Decrescente"";""Sol"";""Dupla"";""Não Informado"";""Não"";464996;""Motocicleta"";""HONDA/CG 125I FAN"";2017;""Passageiro"";""Ileso"";39;""Feminino"";1;0;0;0;-26",76404198;-48,"68657667;""SR-SC"";""DEL8/3"";""UOP02/SC"""
"260591;581897;2020-01-03;""sexta"";""14:00:00"";""SC"";101;101","2;""BALNEARIO PICARRAS"";""Sim"";""Defeito Mecânico no Veículo"";1;""Queda de ocupante de veículo"";""Com Vítimas Feridas"";""Pleno dia"";""Decrescente"";""Sol"";""Dupla"";""Não Informado"";""Não"";464996;""Motocicleta"";""HONDA/CG 125I FAN"";2017;""Condutor"";""Lesões Leves"";37;""Masculino"";0;1;0;0;-26",76404198;-48,"68657667;""SR-SC"";""DEL8/3"";""UOP02/SC"""
"260592;580669;2020-01-03;""sexta"";""14:20:00"";""MG"";116;700;""MURIAE"";""Sim"";""Avarias e/ou desgaste excessivo no pneu"";1;""Colisão frontal"";""Com Vítimas Feridas"";""Pleno dia"";""Decrescente"";""Chuva"";""Simples"";""Curva"";""Não"";465146;""Automóvel"";""VW/GOL 1.0 GIV"";2012;""Passageiro"";""Lesões Graves"";3;""Feminino"";0;0;1;0;-21",10258681;-42,"37840131;""SR-MG"";""DEL4/7"";""UOP02/MG""",
"260592;580664;2020-01-03;""sexta"";""14:20:00"";""MG"";116;700;""MURIAE"";""Sim"";""Avarias e/ou desgaste excessivo no pneu"";1;""Colisão frontal"";""Com Vítimas Feridas"";""Pleno dia"";""Decrescente"";""Chuva"";""Simples"";""Curva"";""Não"";465146;""Automóvel"";""VW/GOL 1.0 GIV"";2012;""Passageiro"";""Lesões Graves"";32;""Feminino"";0;0;1;0;-21",10258681;-42,"37840131;""SR-MG"";""DEL4/7"";""UOP02/MG""",
"260592;580657;2020-01-03;""sexta"";""14:20:00"";""MG"";116;700;""MURIAE"";""Sim"";""Avarias e/ou desgaste excessivo no pneu"";1;""Colisão frontal"";""Com Vítimas Feridas"";""Pleno dia"";""Decrescente"";""Chuva"";""Simples"";""Curva"";""Não"";465146;""Automóvel"";""VW/GOL 1.0 GIV"";2012;""Condutor"";""Ileso"";28;""Masculino"";1;0;0;0;-21",10258681;-42,"37840131;""SR-MG"";""DEL4/7"";""UOP02/MG""",
"260592;580670;2020-01-03;""sexta"";""14:20:00"";""MG"";116;700;""MURIAE"";""Sim"";""Avarias e/ou desgaste excessivo no pneu"";1;""Colisão frontal"";""Com Vítimas Feridas"";""Pleno dia"";""Decrescente"";""Chuva"";""Simples"";""Curva"";""Não"";465147;""Caminhonete"";""NISSAN/FRONTIER LE 25 X4"";2008;""Condutor"";""Ileso"";48;""Masculino"";1;0;0;0;-21",10258681;-42,"37840131;""SR-MG"";""DEL4/7"";""UOP02/MG""",
"260592;580678;2020-01-03;""sexta"";""14:20:00"";""MG"";116;700;""MURIAE"";""Sim"";""Avarias e/ou desgaste excessivo no pneu"";1;""Colisão frontal"";""Com Vítimas Feridas"";""Pleno dia"";""Decrescente"";""Chuva"";""Simples"";""Curva"";""Não"";465147;""Caminhonete"";""NISSAN/FRONTIER LE 25 X4"";2008;""Passageiro"";""Ileso"";10;""Masculino"";1;0;0;0;-21",10258681;-42,"37840131;""SR-MG"";""DEL4/7"";""UOP02/MG""",
"260592;580676;2020-01-03;""sexta"";""14:20:00"";""MG"";116;700;""MURIAE"";""Sim"";""Avarias e/ou desgaste excessivo no pneu"";1;""Colisão frontal"";""Com Vítimas Feridas"";""Pleno dia"";""Decrescente"";""Chuva"";""Simples"";""Curva"";""Não"";465147;""Caminhonete"";""NISSAN/FRONTIER LE 25 X4"";2008;""Passageiro"";""Lesões Leves"";49;""Feminino"";0;1;0;0;-21",10258681;-42,"37840131;""SR-MG"";""DEL4/7"";""UOP02/MG""",
"260592;580669;2020-01-03;""sexta"";""14:20:00"";""MG"";116;700;""MURIAE"";""Não"";""Velocidade Incompatível"";1;""Colisão frontal"";""Com Vítimas Feridas"";""Pleno dia"";""Decrescente"";""Chuva"";""Simples"";""Curva"";""Não"";465146;""Automóvel"";""VW/GOL 1.0 GIV"";2012;""Passageiro"";""Lesões Graves"";3;""Feminino"";0;0;1;0;-21",10258681;-42,"37840131;""SR-MG"";""DEL4/7"";""UOP02/MG""",
"260592;580664;2020-01-03;""sexta"";""14:20:00"";""MG"";116;700;""MURIAE"";""Não"";""Velocidade Incompatível"";1;""Colisão frontal"";""Com Vítimas Feridas"";""Pleno dia"";""Decrescente"";""Chuva"";""Simples"";""Curva"";""Não"";465146;""Automóvel"";""VW/GOL 1.0 GIV"";2012;""Passageiro"";""Lesões Graves"";32;""Feminino"";0;0;1;0;-21",10258681;-42,"37840131;""SR-MG"";""DEL4/7"";""UOP02/MG""",
"260592;580657;2020-01-03;""sexta"";""14:20:00"";""MG"";116;700;""MURIAE"";""Não"";""Velocidade Incompatível"";1;""Colisão frontal"";""Com Vítimas Feridas"";""Pleno dia"";""Decrescente"";""Chuva"";""Simples"";""Curva"";""Não"";465146;""Automóvel"";""VW/GOL 1.0 GIV"";2012;""Condutor"";""Ileso"";28;""Masculino"";1;0;0;0;-21",10258681;-42,"37840131;""SR-MG"";""DEL4/7"";""UOP02/MG""",
"260592;580670;2020-01-03;""sexta"";""14:20:00"";""MG"";116;700;""MURIAE"";""Não"";""Velocidade Incompatível"";1;""Colisão frontal"";""Com Vítimas Feridas"";""Pleno dia"";""Decrescente"";""Chuva"";""Simples"";""Curva"";""Não"";465147;""Caminhonete"";""NISSAN/FRONTIER LE 25 X4"";2008;""Condutor"";""Ileso"";48;""Masculino"";1;0;0;0;-21",10258681;-42,"37840131;""SR-MG"";""DEL4/7"";""UOP02/MG""",
"260592;580678;2020-01-03;""sexta"";""14:20:00"";""MG"";116;700;""MURIAE"";""Não"";""Velocidade Incompatível"";1;""Colisão frontal"";""Com Vítimas Feridas"";""Pleno dia"";""Decrescente"";""Chuva"";""Simples"";""Curva"";""Não"";465147;""Caminhonete"";""NISSAN/FRONTIER LE 25 X4"";2008;""Passageiro"";""Ileso"";10;""Masculino"";1;0;0;0;-21",10258681;-42,"37840131;""SR-MG"";""DEL4/7"";""UOP02/MG""",
"260592;580676;2020-01-03;""sexta"";""14:20:00"";""MG"";116;700;""MURIAE"";""Não"";""Velocidade Incompatível"";1;""Colisão frontal"";""Com Vítimas Feridas"";""Pleno dia"";""Decrescente"";""Chuva"";""Simples"";""Curva"";""Não"";465147;""Caminhonete"";""NISSAN/FRONTIER LE 25 X4"";2008;""Passageiro"";""Lesões Leves"";49;""Feminino"";0;1;0;0;-21",10258681;-42,"37840131;""SR-MG"";""DEL4/7"";""UOP02/MG""",
"260598;581154;2020-01-03;""sexta"";""06:30:00"";""BA"";116;701;""MANOEL VITORINO"";""Não"";""Fenômenos da Natureza"";1;""Atropelamento de Pedestre"";""Com Vítimas Fatais"";""Pleno dia"";""Decrescente"";""Chuva"";""Simples"";""Curva"";""Não"";465888;""Automóvel"";""CHEV/SPIN 1.8L AT LTZ"";2014;""Passageiro"";""Lesões Leves"";7;""Feminino"";0;1;0;0;-14",03517803;-40,"20217596;""SR-BA"";""DEL10/3"";""UOP01/BA""",
"260598;581153;2020-01-03;""sexta"";""06:30:00"";""BA"";116;701;""MANOEL VITORINO"";""Não"";""Fenômenos da Natureza"";1;""Atropelamento de Pedestre"";""Com Vítimas Fatais"";""Pleno dia"";""Decrescente"";""Chuva"";""Simples"";""Curva"";""Não"";465888;""Automóvel"";""CHEV/SPIN 1.8L AT LTZ"";2014;""Passageiro"";""Lesões Leves"";4;""Masculino"";0;1;0;0;-14",03517803;-40,"20217596;""SR-BA"";""DEL10/3"";""UOP01/BA""",
"260598;581152;2020-01-03;""sexta"";""06:30:00"";""BA"";116;701;""MANOEL VITORINO"";""Não"";""Fenômenos da Natureza"";1;""Atropelamento de Pedestre"";""Com Vítimas Fatais"";""Pleno dia"";""Decrescente"";""Chuva"";""Simples"";""Curva"";""Não"";465888;""Automóvel"";""CHEV/SPIN 1.8L AT LTZ"";2014;""Condutor"";""Lesões Leves"";47;""Masculino"";0;1;0;0;-14",03517803;-40,"20217596;""SR-BA"";""DEL10/3"";""UOP01/BA""",
"260598;581151;2020-01-03;""sexta"";""06:30:00"";""BA"";116;701;""MANOEL VITORINO"";""Não"";""Fenômenos da Natureza"";1;""Atropelamento de Pedestre"";""Com Vítimas Fatais"";""Pleno dia"";""Decrescente"";""Chuva"";""Simples"";""Curva"";""Não"";465866;""Automóvel"";""CHEVROLET/ONIX 1.4MT LTZ"";2017;""Passageiro"";""Ileso"";53;""Feminino"";1;0;0;0;-14",03517803;-40,"20217596;""SR-BA"";""DEL10/3"";""UOP01/BA""",
"260598;581150;2020-01-03;""sexta"";""06:30:00"";""BA"";116;701;""MANOEL VITORINO"";""Não"";""Fenômenos da Natureza"";1;""Atropelamento de Pedestre"";""Com Vítimas Fatais"";""Pleno dia"";""Decrescente"";""Chuva"";""Simples"";""Curva"";""Não"";465866;""Automóvel"";""CHEVROLET/ONIX 1.4MT LTZ"";2017;""Passageiro"";""Ileso"";49;""Feminino"";1;0;0;0;-14",03517803;-40,"20217596;""SR-BA"";""DEL10/3"";""UOP01/BA""",
"260598;581148;2020-01-03;""sexta"";""06:30:00"";""BA"";116;701;""MANOEL VITORINO"";""Não"";""Fenômenos da Natureza"";1;""Atropelamento de Pedestre"";""Com Vítimas Fatais"";""Pleno dia"";""Decrescente"";""Chuva"";""Simples"";""Curva"";""Não"";465866;""Automóvel"";""CHEVROLET/ONIX 1.4MT LTZ"";2017;""Condutor"";""Óbito"";58;""Masculino"";0;0;0;1;-14",03517803;-40,"20217596;""SR-BA"";""DEL10/3"";""UOP01/BA""",
"260598;581144;2020-01-03;""sexta"";""06:30:00"";""BA"";116;701;""MANOEL VITORINO"";""Não"";""Fenômenos da Natureza"";1;""Atropelamento de Pedestre"";""Com Vítimas Fatais"";""Pleno dia"";""Decrescente"";""Chuva"";""Simples"";""Curva"";""Não"";465861;""Automóvel"";""CHEVROLET/ONIX 1.4MT LT"";2017;""Condutor"";""Ileso"";58;""Masculino"";1;0;0;0;-14",03517803;-40,"20217596;""SR-BA"";""DEL10/3"";""UOP01/BA""",
"260598;581147;2020-01-03;""sexta"";""06:30:00"";""BA"";116;701;""MANOEL VITORINO"";""Não"";""Fenômenos da Natureza"";1;""Atropelamento de Pedestre"";""Com Vítimas Fatais"";""Pleno dia"";""Decrescente"";""Chuva"";""Simples"";""Curva"";""Não"";465861;""Automóvel"";""CHEVROLET/ONIX 1.4MT LT"";2017;""Passageiro"";""Ileso"";55;""Feminino"";1;0;0;0;-14",03517803;-40,"20217596;""SR-BA"";""DEL10/3"";""UOP01/BA""",
"260598;581145;2020-01-03;""sexta"";""06:30:00"";""BA"";116;701;""MANOEL VITORINO"";""Não"";""Fenômenos da Natureza"";1;""Atropelamento de Pedestre"";""Com Vítimas Fatais"";""Pleno dia"";""Decrescente"";""Chuva"";""Simples"";""Curva"";""Não"";465861;""Automóvel"";""CHEVROLET/ONIX 1.4MT LT"";2017;""Passageiro"";""Lesões Leves"";26;""Feminino"";0;1;0;0;-14",03517803;-40,"20217596;""SR-BA"";""DEL10/3"";""UOP01/BA""",
"260598;581154;2020-01-03;""sexta"";""06:30:00"";""BA"";116;701;""MANOEL VITORINO"";""Não"";""Falta de Atenção do Pedestre"";1;""Atropelamento de Pedestre"";""Com Vítimas Fatais"";""Pleno dia"";""Decrescente"";""Chuva"";""Simples"";""Curva"";""Não"";465888;""Automóvel"";""CHEV/SPIN 1.8L AT LTZ"";2014;""Passageiro"";""Lesões Leves"";7;""Feminino"";0;1;0;0;-14",03517803;-40,"20217596;""SR-BA"";""DEL10/3"";""UOP01/BA""",
"260598;581153;2020-01-03;""sexta"";""06:30:00"";""BA"";116;701;""MANOEL VITORINO"";""Não"";""Falta de Atenção do Pedestre"";1;""Atropelamento de Pedestre"";""Com Vítimas Fatais"";""Pleno dia"";""Decrescente"";""Chuva"";""Simples"";""Curva"";""Não"";465888;""Automóvel"";""CHEV/SPIN 1.8L AT LTZ"";2014;""Passageiro"";""Lesões Leves"";4;""Masculino"";0;1;0;0;-14",03517803;-40,"20217596;""SR-BA"";""DEL10/3"";""UOP01/BA""",
"260598;581152;2020-01-03;""sexta"";""06:30:00"";""BA"";116;701;""MANOEL VITORINO"";""Não"";""Falta de Atenção do Pedestre"";1;""Atropelamento de Pedestre"";""Com Vítimas Fatais"";""Pleno dia"";""Decrescente"";""Chuva"";""Simples"";""Curva"";""Não"";465888;""Automóvel"";""CHEV/SPIN 1.8L AT LTZ"";2014;""Condutor"";""Lesões Leves"";47;""Masculino"";0;1;0;0;-14",03517803;-40,"20217596;""SR-BA"";""DEL10/3"";""UOP01/BA""",
"260598;581151;2020-01-03;""sexta"";""06:30:00"";""BA"";116;701;""MANOEL VITORINO"";""Não"";""Falta de Atenção do Pedestre"";1;""Atropelamento de Pedestre"";""Com Vítimas Fatais"";""Pleno dia"";""Decrescente"";""Chuva"";""Simples"";""Curva"";""Não"";465866;""Automóvel"";""CHEVROLET/ONIX 1.4MT LTZ"";2017;""Passageiro"";""Ileso"";53;""Feminino"";1;0;0;0;-14",03517803;-40,"20217596;""SR-BA"";""DEL10/3"";""UOP01/BA""",
"260598;581150;2020-01-03;""sexta"";""06:30:00"";""BA"";116;701;""MANOEL VITORINO"";""Não"";""Falta de Atenção do Pedestre"";1;""Atropelamento de Pedestre"";""Com Vítimas Fatais"";""Pleno dia"";""Decrescente"";""Chuva"";""Simples"";""Curva"";""Não"";465866;""Automóvel"";""CHEVROLET/ONIX 1.4MT LTZ"";2017;""Passageiro"";""Ileso"";49;""Feminino"";1;0;0;0;-14",03517803;-40,"20217596;""SR-BA"";""DEL10/3"";""UOP01/BA""",
"260598;581148;2020-01-03;""sexta"";""06:30:00"";""BA"";116;701;""MANOEL VITORINO"";""Não"";""Falta de Atenção do Pedestre"";1;""Atropelamento de Pedestre"";""Com Vítimas Fatais"";""Pleno dia"";""Decrescente"";""Chuva"";""Simples"";""Curva"";""Não"";465866;""Automóvel"";""CHEVROLET/ONIX 1.4MT LTZ"";2017;""Condutor"";""Óbito"";58;""Masculino"";0;0;0;1;-14",03517803;-40,"20217596;""SR-BA"";""DEL10/3"";""UOP01/BA""",
"260598;581144;2020-01-03;""sexta"";""06:30:00"";""BA"";116;701;""MANOEL VITORINO"";""Não"";""Falta de Atenção do Pedestre"";1;""Atropelamento de Pedestre"";""Com Vítimas Fatais"";""Pleno dia"";""Decrescente"";""Chuva"";""Simples"";""Curva"";""Não"";465861;""Automóvel"";""CHEVROLET/ONIX 1.4MT LT"";2017;""Condutor"";""Ileso"";58;""Masculino"";1;0;0;0;-14",03517803;-40,"20217596;""SR-BA"";""DEL10/3"";""UOP01/BA""",
"260598;581147;2020-01-03;""sexta"";""06:30:00"";""BA"";116;701;""MANOEL VITORINO"";""Não"";""Falta de Atenção do Pedestre"";1;""Atropelamento de Pedestre"";""Com Vítimas Fatais"";""Pleno dia"";""Decrescente"";""Chuva"";""Simples"";""Curva"";""Não"";465861;""Automóvel"";""CHEVROLET/ONIX 1.4MT LT"";2017;""Passageiro"";""Ileso"";55;""Feminino"";1;0;0;0;-14",03517803;-40,"20217596;""SR-BA"";""DEL10/3"";""UOP01/BA""",
"260598;581145;2020-01-03;""sexta"";""06:30:00"";""BA"";116;701;""MANOEL VITORINO"";""Não"";""Falta de Atenção do Pedestre"";1;""Atropelamento de Pedestre"";""Com Vítimas Fatais"";""Pleno dia"";""Decrescente"";""Chuva"";""Simples"";""Curva"";""Não"";465861;""Automóvel"";""CHEVROLET/ONIX 1.4MT LT"";2017;""Passageiro"";""Lesões Leves"";26;""Feminino"";0;1;0;0;-14",03517803;-40,"20217596;""SR-BA"";""DEL10/3"";""UOP01/BA""",
"260598;581154;2020-01-03;""sexta"";""06:30:00"";""BA"";116;701;""MANOEL VITORINO"";""Sim"";""Velocidade Incompatível"";1;""Atropelamento de Pedestre"";""Com Vítimas Fatais"";""Pleno dia"";""Decrescente"";""Chuva"";""Simples"";""Curva"";""Não"";465888;""Automóvel"";""CHEV/SPIN 1.8L AT LTZ"";2014;""Passageiro"";""Lesões Leves"";7;""Feminino"";0;1;0;0;-14",03517803;-40,"20217596;""SR-BA"";""DEL10/3"";""UOP01/BA""",
"260598;581153;2020-01-03;""sexta"";""06:30:00"";""BA"";116;701;""MANOEL VITORINO"";""Sim"";""Velocidade Incompatível"";1;""Atropelamento de Pedestre"";""Com Vítimas Fatais"";""Pleno dia"";""Decrescente"";""Chuva"";""Simples"";""Curva"";""Não"";465888;""Automóvel"";""CHEV/SPIN 1.8L AT LTZ"";2014;""Passageiro"";""Lesões Leves"";4;""Masculino"";0;1;0;0;-14",03517803;-40,"20217596;""SR-BA"";""DEL10/3"";""UOP01/BA""",
"260598;581152;2020-01-03;""sexta"";""06:30:00"";""BA"";116;701;""MANOEL VITORINO"";""Sim"";""Velocidade Incompatível"";1;""Atropelamento de Pedestre"";""Com Vítimas Fatais"";""Pleno dia"";""Decrescente"";""Chuva"";""Simples"";""Curva"";""Não"";465888;""Automóvel"";""CHEV/SPIN 1.8L AT LTZ"";2014;""Condutor"";""Lesões Leves"";47;""Masculino"";0;1;0;0;-14",03517803;-40,"20217596;""SR-BA"";""DEL10/3"";""UOP01/BA""",
"260598;581151;2020-01-03;""sexta"";""06:30:00"";""BA"";116;701;""MANOEL VITORINO"";""Sim"";""Velocidade Incompatível"";1;""Atropelamento de Pedestre"";""Com Vítimas Fatais"";""Pleno dia"";""Decrescente"";""Chuva"";""Simples"";""Curva"";""Não"";465866;""Automóvel"";""CHEVROLET/ONIX 1.4MT LTZ"";2017;""Passageiro"";""Ileso"";53;""Feminino"";1;0;0;0;-14",03517803;-40,"20217596;""SR-BA"";""DEL10/3"";""UOP01/BA""",