"id;""pesid"";""data_inversa"";""dia_semana"";""horario"";""uf"";""br"";""km"";""municipio"";""causa_principal"";""causa_acidente"";""ordem_tipo_acidente"";""tipo_acidente"";""classificacao_acidente"";""fase_dia"";""sentido_via"";""condicao_metereologica"";""tipo_pista"";""tracado_via"";""uso_solo"";""id_veiculo"";""tipo_veiculo"";""marca"";""ano_fabricacao_veiculo"";""tipo_envolvido"";""estado_fisico"";""idade"";""sexo"";""ilesos"";""feridos_leves"";""feridos_graves"";""mortos"";""latitude"";""longitude"";""regional"";""delegacia"";""uop""",,,
"260612;581771;2020-01-03;""sexta"";""15:10:00"";""RJ"";116;266;""BARRA MANSA"";""Não"";""Pista Escorregadia"";1;""Colisão traseira"";""Com Vítimas Feridas"";""Pleno dia"";""Crescente"";""Garoa/Chuvisco"";""Dupla"";""Curva"";""Sim"";465079;""Caminhão"";""FORD/CARGO 712"";2008;""Condutor"";""Lesões Leves"";46;""Masculino"";0;1;0;0;-22",58856193;-44,"09534501;""SR-RJ"";""DEL5/7"";""UOP02/RJ""",
"260612;583195;2020-01-03;""sexta"";""15:10:00"";""RJ"";116;266;""BARRA MANSA"";""Não"";""Pista Escorregadia"";1;""Colisão traseira"";""Com Vítimas Feridas"";""Pleno dia"";""Crescente"";""Garoa/Chuvisco"";""Dupla"";""Curva"";""Sim"";467226;""Automóvel"";"""";NA;""Condutor"";""Ileso"";NA;""Ignorado"";1;0;0;0;-22",58856193;-44,"09534501;""SR-RJ"";""DEL5/7"";""UOP02/RJ""",
"260612;581782;2020-01-03;""sexta"";""15:10:00"";""RJ"";116;266;""BARRA MANSA"";""Não"";""Pista Escorregadia"";1;""Colisão traseira"";""Com Vítimas Feridas"";""Pleno dia"";""Crescente"";""Garoa/Chuvisco"";""Dupla"";""Curva"";""Sim"";465082;""Automóvel"";""FIAT/PALIO WEEK ELX FLEX"";2010;""Condutor"";""Ileso"";33;""Masculino"";1;0;0;0;-22",58856193;-44,"09534501;""SR-RJ"";""DEL5/7"";""UOP02/RJ""",
"260612;581775;2020-01-03;""sexta"";""15:10:00"";""RJ"";116;266;""BARRA MANSA"";""Não"";""Pista Escorregadia"";1;""Colisão traseira"";""Com Vítimas Feridas"";""Pleno dia"";""Crescente"";""Garoa/Chuvisco"";""Dupla"";""Curva"";""Sim"";465081;""Caminhonete"";""GM/MONTANA CONQUEST"";2006;""Condutor"";""Lesões Graves"";70;""Masculino"";0;0;1;0;-22",58856193;-44,"09534501;""SR-RJ"";""DEL5/7"";""UOP02/RJ""",
"260612;581779;2020-01-03;""sexta"";""15:10:00"";""RJ"";116;266;""BARRA MANSA"";""Não"";""Pista Escorregadia"";1;""Colisão traseira"";""Com Vítimas Feridas"";""Pleno dia"";""Crescente"";""Garoa/Chuvisco"";""Dupla"";""Curva"";""Sim"";465081;""Caminhonete"";""GM/MONTANA CONQUEST"";2006;""Passageiro"";""Lesões Graves"";65;""Feminino"";0;0;1;0;-22",58856193;-44,"09534501;""SR-RJ"";""DEL5/7"";""UOP02/RJ""",
"260612;581773;2020-01-03;""sexta"";""15:10:00"";""RJ"";116;266;""BARRA MANSA"";""Não"";""Pista Escorregadia"";1;""Colisão traseira"";""Com Vítimas Feridas"";""Pleno dia"";""Crescente"";""Garoa/Chuvisco"";""Dupla"";""Curva"";""Sim"";465080;""Automóvel"";""GM/MERIVA"";2002;""Condutor"";""Ileso"";52;""Masculino"";1;0;0;0;-22",58856193;-44,"09534501;""SR-RJ"";""DEL5/7"";""UOP02/RJ""",
"260612;581771;2020-01-03;""sexta"";""15:10:00"";""RJ"";116;266;""BARRA MANSA"";""Não"";""Pista Escorregadia"";2;""Colisão com objeto estático"";""Com Vítimas Feridas"";""Pleno dia"";""Crescente"";""Garoa/Chuvisco"";""Dupla"";""Curva"";""Sim"";465079;""Caminhão"";""FORD/CARGO 712"";2008;""Condutor"";""Lesões Leves"";46;""Masculino"";0;1;0;0;-22",58856193;-44,"09534501;""SR-RJ"";""DEL5/7"";""UOP02/RJ""",
"260612;583195;2020-01-03;""sexta"";""15:10:00"";""RJ"";116;266;""BARRA MANSA"";""Não"";""Pista Escorregadia"";2;""Colisão com objeto estático"";""Com Vítimas Feridas"";""Pleno dia"";""Crescente"";""Garoa/Chuvisco"";""Dupla"";""Curva"";""Sim"";467226;""Automóvel"";"""";NA;""Condutor"";""Ileso"";NA;""Ignorado"";1;0;0;0;-22",58856193;-44,"09534501;""SR-RJ"";""DEL5/7"";""UOP02/RJ""",
"260612;581782;2020-01-03;""sexta"";""15:10:00"";""RJ"";116;266;""BARRA MANSA"";""Não"";""Pista Escorregadia"";2;""Colisão com objeto estático"";""Com Vítimas Feridas"";""Pleno dia"";""Crescente"";""Garoa/Chuvisco"";""Dupla"";""Curva"";""Sim"";465082;""Automóvel"";""FIAT/PALIO WEEK ELX FLEX"";2010;""Condutor"";""Ileso"";33;""Masculino"";1;0;0;0;-22",58856193;-44,"09534501;""SR-RJ"";""DEL5/7"";""UOP02/RJ""",
"260612;581775;2020-01-03;""sexta"";""15:10:00"";""RJ"";116;266;""BARRA MANSA"";""Não"";""Pista Escorregadia"";2;""Colisão com objeto estático"";""Com Vítimas Feridas"";""Pleno dia"";""Crescente"";""Garoa/Chuvisco"";""Dupla"";""Curva"";""Sim"";465081;""Caminhonete"";""GM/MONTANA CONQUEST"";2006;""Condutor"";""Lesões Graves"";70;""Masculino"";0;0;1;0;-22",58856193;-44,"09534501;""SR-RJ"";""DEL5/7"";""UOP02/RJ""",
"260612;581779;2020-01-03;""sexta"";""15:10:00"";""RJ"";116;266;""BARRA MANSA"";""Não"";""Pista Escorregadia"";2;""Colisão com objeto estático"";""Com Vítimas Feridas"";""Pleno dia"";""Crescente"";""Garoa/Chuvisco"";""Dupla"";""Curva"";""Sim"";465081;""Caminhonete"";""GM/MONTANA CONQUEST"";2006;""Passageiro"";""Lesões Graves"";65;""Feminino"";0;0;1;0;-22",58856193;-44,"09534501;""SR-RJ"";""DEL5/7"";""UOP02/RJ""",
"260612;581773;2020-01-03;""sexta"";""15:10:00"";""RJ"";116;266;""BARRA MANSA"";""Não"";""Pista Escorregadia"";2;""Colisão com objeto estático"";""Com Vítimas Feridas"";""Pleno dia"";""Crescente"";""Garoa/Chuvisco"";""Dupla"";""Curva"";""Sim"";465080;""Automóvel"";""GM/MERIVA"";2002;""Condutor"";""Ileso"";52;""Masculino"";1;0;0;0;-22",58856193;-44,"09534501;""SR-RJ"";""DEL5/7"";""UOP02/RJ""",
"260612;581771;2020-01-03;""sexta"";""15:10:00"";""RJ"";116;266;""BARRA MANSA"";""Não"";""Falta de Atenção à Condução"";1;""Colisão traseira"";""Com Vítimas Feridas"";""Pleno dia"";""Crescente"";""Garoa/Chuvisco"";""Dupla"";""Curva"";""Sim"";465079;""Caminhão"";""FORD/CARGO 712"";2008;""Condutor"";""Lesões Leves"";46;""Masculino"";0;1;0;0;-22",58856193;-44,"09534501;""SR-RJ"";""DEL5/7"";""UOP02/RJ""",
"260612;583195;2020-01-03;""sexta"";""15:10:00"";""RJ"";116;266;""BARRA MANSA"";""Não"";""Falta de Atenção à Condução"";1;""Colisão traseira"";""Com Vítimas Feridas"";""Pleno dia"";""Crescente"";""Garoa/Chuvisco"";""Dupla"";""Curva"";""Sim"";467226;""Automóvel"";"""";NA;""Condutor"";""Ileso"";NA;""Ignorado"";1;0;0;0;-22",58856193;-44,"09534501;""SR-RJ"";""DEL5/7"";""UOP02/RJ""",
"260612;581782;2020-01-03;""sexta"";""15:10:00"";""RJ"";116;266;""BARRA MANSA"";""Não"";""Falta de Atenção à Condução"";1;""Colisão traseira"";""Com Vítimas Feridas"";""Pleno dia"";""Crescente"";""Garoa/Chuvisco"";""Dupla"";""Curva"";""Sim"";465082;""Automóvel"";""FIAT/PALIO WEEK ELX FLEX"";2010;""Condutor"";""Ileso"";33;""Masculino"";1;0;0;0;-22",58856193;-44,"09534501;""SR-RJ"";""DEL5/7"";""UOP02/RJ""",
"260612;581775;2020-01-03;""sexta"";""15:10:00"";""RJ"";116;266;""BARRA MANSA"";""Não"";""Falta de Atenção à Condução"";1;""Colisão traseira"";""Com Vítimas Feridas"";""Pleno dia"";""Crescente"";""Garoa/Chuvisco"";""Dupla"";""Curva"";""Sim"";465081;""Caminhonete"";""GM/MONTANA CONQUEST"";2006;""Condutor"";""Lesões Graves"";70;""Masculino"";0;0;1;0;-22",58856193;-44,"09534501;""SR-RJ"";""DEL5/7"";""UOP02/RJ""",
"260612;581779;2020-01-03;""sexta"";""15:10:00"";""RJ"";116;266;""BARRA MANSA"";""Não"";""Falta de Atenção à Condução"";1;""Colisão traseira"";""Com Vítimas Feridas"";""Pleno dia"";""Crescente"";""Garoa/Chuvisco"";""Dupla"";""Curva"";""Sim"";465081;""Caminhonete"";""GM/MONTANA CONQUEST"";2006;""Passageiro"";""Lesões Graves"";65;""Feminino"";0;0;1;0;-22",58856193;-44,"09534501;""SR-RJ"";""DEL5/7"";""UOP02/RJ""",
"260612;581773;2020-01-03;""sexta"";""15:10:00"";""RJ"";116;266;""BARRA MANSA"";""Não"";""Falta de Atenção à Condução"";1;""Colisão traseira"";""Com Vítimas Feridas"";""Pleno dia"";""Crescente"";""Garoa/Chuvisco"";""Dupla"";""Curva"";""Sim"";465080;""Automóvel"";""GM/MERIVA"";2002;""Condutor"";""Ileso"";52;""Masculino"";1;0;0;0;-22",58856193;-44,"09534501;""SR-RJ"";""DEL5/7"";""UOP02/RJ""",
"260612;581771;2020-01-03;""sexta"";""15:10:00"";""RJ"";116;266;""BARRA MANSA"";""Não"";""Falta de Atenção à Condução"";2;""Colisão com objeto estático"";""Com Vítimas Feridas"";""Pleno dia"";""Crescente"";""Garoa/Chuvisco"";""Dupla"";""Curva"";""Sim"";465079;""Caminhão"";""FORD/CARGO 712"";2008;""Condutor"";""Lesões Leves"";46;""Masculino"";0;1;0;0;-22",58856193;-44,"09534501;""SR-RJ"";""DEL5/7"";""UOP02/RJ""",
"260612;583195;2020-01-03;""sexta"";""15:10:00"";""RJ"";116;266;""BARRA MANSA"";""Não"";""Falta de Atenção à Condução"";2;""Colisão com objeto estático"";""Com Vítimas Feridas"";""Pleno dia"";""Crescente"";""Garoa/Chuvisco"";""Dupla"";""Curva"";""Sim"";467226;""Automóvel"";"""";NA;""Condutor"";""Ileso"";NA;""Ignorado"";1;0;0;0;-22",58856193;-44,"09534501;""SR-RJ"";""DEL5/7"";""UOP02/RJ""",
"260612;581782;2020-01-03;""sexta"";""15:10:00"";""RJ"";116;266;""BARRA MANSA"";""Não"";""Falta de Atenção à Condução"";2;""Colisão com objeto estático"";""Com Vítimas Feridas"";""Pleno dia"";""Crescente"";""Garoa/Chuvisco"";""Dupla"";""Curva"";""Sim"";465082;""Automóvel"";""FIAT/PALIO WEEK ELX FLEX"";2010;""Condutor"";""Ileso"";33;""Masculino"";1;0;0;0;-22",58856193;-44,"09534501;""SR-RJ"";""DEL5/7"";""UOP02/RJ""",
"260612;581775;2020-01-03;""sexta"";""15:10:00"";""RJ"";116;266;""BARRA MANSA"";""Não"";""Falta de Atenção à Condução"";2;""Colisão com objeto estático"";""Com Vítimas Feridas"";""Pleno dia"";""Crescente"";""Garoa/Chuvisco"";""Dupla"";""Curva"";""Sim"";465081;""Caminhonete"";""GM/MONTANA CONQUEST"";2006;""Condutor"";""Lesões Graves"";70;""Masculino"";0;0;1;0;-22",58856193;-44,"09534501;""SR-RJ"";""DEL5/7"";""UOP02/RJ""",
"260612;581779;2020-01-03;""sexta"";""15:10:00"";""RJ"";116;266;""BARRA MANSA"";""Não"";""Falta de Atenção à Condução"";2;""Colisão com objeto estático"";""Com Vítimas Feridas"";""Pleno dia"";""Crescente"";""Garoa/Chuvisco"";""Dupla"";""Curva"";""Sim"";465081;""Caminhonete"";""GM/MONTANA CONQUEST"";2006;""Passageiro"";""Lesões Graves"";65;""Feminino"";0;0;1;0;-22",58856193;-44,"09534501;""SR-RJ"";""DEL5/7"";""UOP02/RJ""",
"260612;581773;2020-01-03;""sexta"";""15:10:00"";""RJ"";116;266;""BARRA MANSA"";""Não"";""Falta de Atenção à Condução"";2;""Colisão com objeto estático"";""Com Vítimas Feridas"";""Pleno dia"";""Crescente"";""Garoa/Chuvisco"";""Dupla"";""Curva"";""Sim"";465080;""Automóvel"";""GM/MERIVA"";2002;""Condutor"";""Ileso"";52;""Masculino"";1;0;0;0;-22",58856193;-44,"09534501;""SR-RJ"";""DEL5/7"";""UOP02/RJ""",
"260614;579963;2020-01-03;""sexta"";""11:00:00"";""MG"";381;371;""SAO GONCALO DO RIO ABAIXO"";""Sim"";""Condutor Dormindo"";1;""Colisão traseira"";""Com Vítimas Feridas"";""Pleno dia"";""Crescente"";""Chuva"";""Simples"";""Curva"";""Não"";465145;""Automóvel"";""FORD/FIESTA"";2004;""Passageiro"";""Não Informado"";NA;""Não Informado"";0;0;0;0;-19",84407789;-43,"30732499;""SR-MG"";""DEL4/1"";""UOP01/MG""",
"260614;579962;2020-01-03;""sexta"";""11:00:00"";""MG"";381;371;""SAO GONCALO DO RIO ABAIXO"";""Sim"";""Condutor Dormindo"";1;""Colisão traseira"";""Com Vítimas Feridas"";""Pleno dia"";""Crescente"";""Chuva"";""Simples"";""Curva"";""Não"";465145;""Automóvel"";""FORD/FIESTA"";2004;""Passageiro"";""Não Informado"";NA;""Não Informado"";0;0;0;0;-19",84407789;-43,"30732499;""SR-MG"";""DEL4/1"";""UOP01/MG""",
"260614;579961;2020-01-03;""sexta"";""11:00:00"";""MG"";381;371;""SAO GONCALO DO RIO ABAIXO"";""Sim"";""Condutor Dormindo"";1;""Colisão traseira"";""Com Vítimas Feridas"";""Pleno dia"";""Crescente"";""Chuva"";""Simples"";""Curva"";""Não"";465145;""Automóvel"";""FORD/FIESTA"";2004;""Passageiro"";""Não Informado"";NA;""Não Informado"";0;0;0;0;-19",84407789;-43,"30732499;""SR-MG"";""DEL4/1"";""UOP01/MG""",
"260614;579960;2020-01-03;""sexta"";""11:00:00"";""MG"";381;371;""SAO GONCALO DO RIO ABAIXO"";""Sim"";""Condutor Dormindo"";1;""Colisão traseira"";""Com Vítimas Feridas"";""Pleno dia"";""Crescente"";""Chuva"";""Simples"";""Curva"";""Não"";465145;""Automóvel"";""FORD/FIESTA"";2004;""Condutor"";""Lesões Leves"";40;""Masculino"";0;1;0;0;-19",84407789;-43,"30732499;""SR-MG"";""DEL4/1"";""UOP01/MG""",
"260614;NA;2020-01-03;""sexta"";""11:00:00"";""MG"";381;371;""SAO GONCALO DO RIO ABAIXO"";""Sim"";""Condutor Dormindo"";1;""Colisão traseira"";""Com Vítimas Feridas"";""Pleno dia"";""Crescente"";""Chuva"";""Simples"";""Curva"";""Não"";465148;""Semireboque"";""REB/ROSSETTI SRBA ST3.25"";2014;""Não Informado"";""Não Informado"";NA;""Não Informado"";0;0;0;0;-19",84407789;-43,"30732499;""SR-MG"";""DEL4/1"";""UOP01/MG""",
"260614;579959;2020-01-03;""sexta"";""11:00:00"";""MG"";381;371;""SAO GONCALO DO RIO ABAIXO"";""Sim"";""Condutor Dormindo"";1;""Colisão traseira"";""Com Vítimas Feridas"";""Pleno dia"";""Crescente"";""Chuva"";""Simples"";""Curva"";""Não"";465144;""Caminhão-trator"";""VOLVO/FH 460 6X2T"";2014;""Condutor"";""Ileso"";33;""Masculino"";1;0;0;0;-19",84407789;-43,"30732499;""SR-MG"";""DEL4/1"";""UOP01/MG""",
"260615;580008;2020-01-03;""sexta"";""15:17:00"";""SC"";101;192","5;""BIGUACU"";""Sim"";""Falta de Atenção à Condução"";1;""Engavetamento"";""Com Vítimas Feridas"";""Pleno dia"";""Decrescente"";""Nublado"";""Múltipla"";""Curva"";""Sim"";465124;""Camioneta"";""I/HYUNDAI SANTA FE 3.5"";2011;""Condutor"";""Ileso"";57;""Masculino"";1;0;0;0;-27",48443781;-48,"64765238;""SR-SC"";""DEL8/1"";""UOP01/SC"""
"260615;580010;2020-01-03;""sexta"";""15:17:00"";""SC"";101;192","5;""BIGUACU"";""Sim"";""Falta de Atenção à Condução"";1;""Engavetamento"";""Com Vítimas Feridas"";""Pleno dia"";""Decrescente"";""Nublado"";""Múltipla"";""Curva"";""Sim"";465123;""Utilitário"";""I/TOYOTA HILUXSW4 SRV4X4"";2006;""Passageiro"";""Lesões Leves"";22;""Feminino"";0;1;0;0;-27",48443781;-48,"64765238;""SR-SC"";""DEL8/1"";""UOP01/SC"""
"260615;580007;2020-01-03;""sexta"";""15:17:00"";""SC"";101;192","5;""BIGUACU"";""Sim"";""Falta de Atenção à Condução"";1;""Engavetamento"";""Com Vítimas Feridas"";""Pleno dia"";""Decrescente"";""Nublado"";""Múltipla"";""Curva"";""Sim"";465123;""Utilitário"";""I/TOYOTA HILUXSW4 SRV4X4"";2006;""Condutor"";""Ileso"";55;""Masculino"";1;0;0;0;-27",48443781;-48,"64765238;""SR-SC"";""DEL8/1"";""UOP01/SC"""
"260615;580003;2020-01-03;""sexta"";""15:17:00"";""SC"";101;192","5;""BIGUACU"";""Sim"";""Falta de Atenção à Condução"";1;""Engavetamento"";""Com Vítimas Feridas"";""Pleno dia"";""Decrescente"";""Nublado"";""Múltipla"";""Curva"";""Sim"";465122;""Automóvel"";""TOYOTA/COROLLA GLI18 CVT"";2018;""Condutor"";""Ileso"";30;""Masculino"";1;0;0;0;-27",48443781;-48,"64765238;""SR-SC"";""DEL8/1"";""UOP01/SC"""
"260616;579823;2020-01-03;""sexta"";""13:40:00"";""MT"";163;605;""NOVA MUTUM"";""Sim"";""Defeito na Via"";1;""Tombamento"";""Com Vítimas Feridas"";""Pleno dia"";""Decrescente"";""Garoa/Chuvisco"";""Simples"";""Reta"";""Não"";465048;""Motocicleta"";""HONDA/NXR150 BROS ESD"";2012;""Condutor"";""Lesões Leves"";49;""Masculino"";0;1;0;0;-13",86351018;-56,"08627166;""SR-MT"";""DEL2/4"";""UOP01/MT""",
"260617;579812;2020-01-03;""sexta"";""15:10:00"";""BA"";324;607;""SIMOES FILHO"";""Sim"";""Pista Escorregadia"";1;""Queda de ocupante de veículo"";""Com Vítimas Feridas"";""Pleno dia"";""Crescente"";""Chuva"";""Dupla"";""Reta"";""Sim"";465033;""Motocicleta"";""SUNDOWN/MAX 125 SED"";2011;""Condutor"";""Lesões Leves"";65;""Masculino"";0;1;0;0;-12",819983;-38,"407786;""SR-BA"";""DEL10/1"";""UOP01/BA""",
"260618;579867;2020-01-03;""sexta"";""15:50:00"";""PE"";428;184","9;""PETROLINA"";""Sim"";""Desobediência às normas de trânsito pelo condutor"";1;""Colisão transversal"";""Com Vítimas Feridas"";""Pleno dia"";""Decrescente"";""Céu Claro"";""Simples"";""Reta"";""Sim"";464999;""Automóvel"";""FIAT/ARGO DRIVE 1.0"";2019;""Condutor"";""Ileso"";30;""Masculino"";1;0;0;0;-9",33211208;-40,"46621385;""SR-PE"";""DEL11/6"";""UOP01/PE"""
"260618;579869;2020-01-03;""sexta"";""15:50:00"";""PE"";428;184","9;""PETROLINA"";""Sim"";""Desobediência às normas de trânsito pelo condutor"";1;""Colisão transversal"";""Com Vítimas Feridas"";""Pleno dia"";""Decrescente"";""Céu Claro"";""Simples"";""Reta"";""Sim"";465000;""Motocicleta"";""HONDA/CG 125 FAN"";2008;""Passageiro"";""Lesões Leves"";25;""Feminino"";0;1;0;0;-9",33211208;-40,"46621385;""SR-PE"";""DEL11/6"";""UOP01/PE"""
"260618;579868;2020-01-03;""sexta"";""15:50:00"";""PE"";428;184","9;""PETROLINA"";""Sim"";""Desobediência às normas de trânsito pelo condutor"";1;""Colisão transversal"";""Com Vítimas Feridas"";""Pleno dia"";""Decrescente"";""Céu Claro"";""Simples"";""Reta"";""Sim"";465000;""Motocicleta"";""HONDA/CG 125 FAN"";2008;""Condutor"";""Lesões Leves"";28;""Masculino"";0;1;0;0;-9",33211208;-40,"46621385;""SR-PE"";""DEL11/6"";""UOP01/PE"""
"260618;579867;2020-01-03;""sexta"";""15:50:00"";""PE"";428;184","9;""PETROLINA"";""Não"";""Falta de Atenção à Condução"";1;""Colisão transversal"";""Com Vítimas Feridas"";""Pleno dia"";""Decrescente"";""Céu Claro"";""Simples"";""Reta"";""Sim"";464999;""Automóvel"";""FIAT/ARGO DRIVE 1.0"";2019;""Condutor"";""Ileso"";30;""Masculino"";1;0;0;0;-9",33211208;-40,"46621385;""SR-PE"";""DEL11/6"";""UOP01/PE"""
"260618;579869;2020-01-03;""sexta"";""15:50:00"";""PE"";428;184","9;""PETROLINA"";""Não"";""Falta de Atenção à Condução"";1;""Colisão transversal"";""Com Vítimas Feridas"";""Pleno dia"";""Decrescente"";""Céu Claro"";""Simples"";""Reta"";""Sim"";465000;""Motocicleta"";""HONDA/CG 125 FAN"";2008;""Passageiro"";""Lesões Leves"";25;""Feminino"";0;1;0;0;-9",33211208;-40,"46621385;""SR-PE"";""DEL11/6"";""UOP01/PE"""
"260618;579868;2020-01-03;""sexta"";""15:50:00"";""PE"";428;184","9;""PETROLINA"";""Não"";""Falta de Atenção à Condução"";1;""Colisão transversal"";""Com Vítimas Feridas"";""Pleno dia"";""Decrescente"";""Céu Claro"";""Simples"";""Reta"";""Sim"";465000;""Motocicleta"";""HONDA/CG 125 FAN"";2008;""Condutor"";""Lesões Leves"";28;""Masculino"";0;1;0;0;-9",33211208;-40,"46621385;""SR-PE"";""DEL11/6"";""UOP01/PE"""
"260619;579827;2020-01-03;""sexta"";""15:25:00"";""MG"";40;656","4;""CARANDAI"";""Sim"";""Pista Escorregadia"";1;""Colisão com objeto estático"";""Com Vítimas Feridas"";""Pleno dia"";""Decrescente"";""Chuva"";""Dupla"";""Curva"";""Não"";465046;""Automóvel"";""I/RENAULT FLUENCE DYN20M"";2013;""Condutor"";""Lesões Leves"";49;""Masculino"";0;1;0;0;-20",87261896;-43,"79985605;""SR-MG"";""DEL5"";""UOP02/MG"""
"260620;579974;2020-01-03;""sexta"";""14:30:00"";""SC"";280;167;""MAFRA"";""Sim"";""Desobediência às normas de trânsito pelo condutor"";1;""Colisão lateral"";""Com Vítimas Feridas"";""Pleno dia"";""Decrescente"";""Céu Claro"";""Simples"";""Rotatória"";""Não"";465161;""Automóvel"";""IMP/PEUGEOT"";NA;""Condutor"";""Não Informado"";NA;""Não Informado"";0;0;0;0;-26",16857105;-49,"81820938;""SR-SC"";""DEL8/6"";""UOP01/SC""",
"260620;579725;2020-01-03;""sexta"";""14:30:00"";""SC"";280;167;""MAFRA"";""Sim"";""Desobediência às normas de trânsito pelo condutor"";1;""Colisão lateral"";""Com Vítimas Feridas"";""Pleno dia"";""Decrescente"";""Céu Claro"";""Simples"";""Rotatória"";""Não"";464982;""Motocicleta"";""HONDA/NXR 160 BROS"";2018;""Condutor"";""Lesões Leves"";20;""Masculino"";0;1;0;0;-26",16857105;-49,"81820938;""SR-SC"";""DEL8/6"";""UOP01/SC""",
"260621;579792;2020-01-03;""sexta"";""15:10:00"";""SP"";153;58","4;""SAO JOSE DO RIO PRETO"";""Sim"";""Desobediência às normas de trânsito pelo condutor"";1;""Colisão traseira"";""Com Vítimas Feridas"";""Pleno dia"";""Crescente"";""Nublado"";""Simples"";""Não Informado"";""Sim"";465021;""Automóvel"";""HYUNDAI/HB20S 1.6A COMF"";2016;""Testemunha"";""Não Informado"";NA;""Não Informado"";0;0;0;0;-20",77838195;-49,"35300538;""SR-SP"";""DEL6/9"";""UOP01/SP"""
"260621;579783;2020-01-03;""sexta"";""15:10:00"";""SP"";153;58","4;""SAO JOSE DO RIO PRETO"";""Sim"";""Desobediência às normas de trânsito pelo condutor"";1;""Colisão traseira"";""Com Vítimas Feridas"";""Pleno dia"";""Crescente"";""Nublado"";""Simples"";""Não Informado"";""Sim"";465021;""Automóvel"";""HYUNDAI/HB20S 1.6A COMF"";2016;""Condutor"";""Ileso"";42;""Masculino"";1;0;0;0;-20",77838195;-49,"35300538;""SR-SP"";""DEL6/9"";""UOP01/SP"""
"260621;579779;2020-01-03;""sexta"";""15:10:00"";""SP"";153;58","4;""SAO JOSE DO RIO PRETO"";""Sim"";""Desobediência às normas de trânsito pelo condutor"";1;""Colisão traseira"";""Com Vítimas Feridas"";""Pleno dia"";""Crescente"";""Nublado"";""Simples"";""Não Informado"";""Sim"";465020;""Motocicleta"";""HONDA/CB 300R"";2010;""Condutor"";""Lesões Graves"";24;""Feminino"";0;0;1;0;-20",77838195;-49,"35300538;""SR-SP"";""DEL6/9"";""UOP01/SP"""
"260621;579792;2020-01-03;""sexta"";""15:10:00"";""SP"";153;58","4;""SAO JOSE DO RIO PRETO"";""Sim"";""Desobediência às normas de trânsito pelo condutor"";1;""Colisão traseira"";""Com Vítimas Feridas"";""Pleno dia"";""Crescente"";""Nublado"";""Simples"";""Não Informado"";""Sim"";465020;""Motocicleta"";""HONDA/CB 300R"";2010;""Testemunha"";""Não Informado"";NA;""Não Informado"";0;0;0;0;-20",77838195;-49,"35300538;""SR-SP"";""DEL6/9"";""UOP01/SP"""
"260622;579913;2020-01-03;""sexta"";""13:20:00"";""PR"";163;158;""LINDOESTE"";""Sim"";""Defeito Mecânico no Veículo"";1;""Saída de leito carroçável"";""Com Vítimas Feridas"";""Pleno dia"";""Crescente"";""Nublado"";""Simples"";""Reta"";""Não"";465065;""Caminhão-trator"";""I/SCANIA R380LA4X2HNA"";2005;""Condutor"";""Lesões Leves"";32;""Masculino"";0;1;0;0;-25",35274977;-53,"58271385;""SR-PR"";""DEL7/4"";""UOP06/PR""",
"260622;NA;2020-01-03;""sexta"";""13:20:00"";""PR"";163;158;""LINDOESTE"";""Sim"";""Defeito Mecânico no Veículo"";1;""Saída de leito carroçável"";""Com Vítimas Feridas"";""Pleno dia"";""Crescente"";""Nublado"";""Simples"";""Reta"";""Não"";465107;""Semireboque"";""SR/LIBRELATO CABAENIC 3E"";2013;""Não Informado"";""Não Informado"";NA;""Não Informado"";0;0;0;0;-25",35274977;-53,"58271385;""SR-PR"";""DEL7/4"";""UOP06/PR""",
"260623;579733;2020-01-03;""sexta"";""13:20:00"";""MS"";163;271","7;""DOURADOS"";""Sim"";""Defeito Mecânico no Veículo"";1;""Tombamento"";""Com Vítimas Feridas"";""Pleno dia"";""Decrescente"";""Céu Claro"";""Dupla"";""Não Informado"";""Sim"";464987;""Motoneta"";""HONDA/BIZ 125 ES"";2013;""Passageiro"";""Lesões Leves"";45;""Feminino"";0;1;0;0;-22",18945458;-54,"68550733;""SR-MS"";""DEL3/4"";""UOP01/MS"""
"260623;579730;2020-01-03;""sexta"";""13:20:00"";""MS"";163;271","7;""DOURADOS"";""Sim"";""Defeito Mecânico no Veículo"";1;""Tombamento"";""Com Vítimas Feridas"";""Pleno dia"";""Decrescente"";""Céu Claro"";""Dupla"";""Não Informado"";""Sim"";464987;""Motoneta"";""HONDA/BIZ 125 ES"";2013;""Condutor"";""Lesões Leves"";44;""Feminino"";0;1;0;0;-22",18945458;-54,"68550733;""SR-MS"";""DEL3/4"";""UOP01/MS"""
"260623;579733;2020-01-03;""sexta"";""13:20:00"";""MS"";163;271","7;""DOURADOS"";""Sim"";""Defeito Mecânico no Veículo"";2;""Queda de ocupante de veículo"";""Com Vítimas Feridas"";""Pleno dia"";""Decrescente"";""Céu Claro"";""Dupla"";""Não Informado"";""Sim"";464987;""Motoneta"";""HONDA/BIZ 125 ES"";2013;""Passageiro"";""Lesões Leves"";45;""Feminino"";0;1;0;0;-22",18945458;-54,"68550733;""SR-MS"";""DEL3/4"";""UOP01/MS"""
"260623;579730;2020-01-03;""sexta"";""13:20:00"";""MS"";163;271","7;""DOURADOS"";""Sim"";""Defeito Mecânico no Veículo"";2;""Queda de ocupante de veículo"";""Com Vítimas Feridas"";""Pleno dia"";""Decrescente"";""Céu Claro"";""Dupla"";""Não Informado"";""Sim"";464987;""Motoneta"";""HONDA/BIZ 125 ES"";2013;""Condutor"";""Lesões Leves"";44;""Feminino"";0;1;0;0;-22",18945458;-54,"68550733;""SR-MS"";""DEL3/4"";""UOP01/MS"""