"id;""pesid"";""data_inversa"";""dia_semana"";""horario"";""uf"";""br"";""km"";""municipio"";""causa_principal"";""causa_acidente"";""ordem_tipo_acidente"";""tipo_acidente"";""classificacao_acidente"";""fase_dia"";""sentido_via"";""condicao_metereologica"";""tipo_pista"";""tracado_via"";""uso_solo"";""id_veiculo"";""tipo_veiculo"";""marca"";""ano_fabricacao_veiculo"";""tipo_envolvido"";""estado_fisico"";""idade"";""sexo"";""ilesos"";""feridos_leves"";""feridos_graves"";""mortos"";""latitude"";""longitude"";""regional"";""delegacia"";""uop""",,,
"260634;581456;2020-01-03;""sexta"";""16:35:00"";""MG"";381;529","5;""BRUMADINHO"";""Sim"";""Velocidade Incompatível"";1;""Colisão traseira"";""Com Vítimas Feridas"";""Pleno dia"";""Decrescente"";""Nublado"";""Dupla"";""Curva"";""Não"";465054;""Automóvel"";""NISSAN/KICKS SV CVT"";2019;""Passageiro"";""Lesões Leves"";34;""Feminino"";0;1;0;0;-20",16619722;-44,"36914378;""SR-MG"";""DEL4/4"";""UOP03/MG"""
"260634;581454;2020-01-03;""sexta"";""16:35:00"";""MG"";381;529","5;""BRUMADINHO"";""Sim"";""Velocidade Incompatível"";1;""Colisão traseira"";""Com Vítimas Feridas"";""Pleno dia"";""Decrescente"";""Nublado"";""Dupla"";""Curva"";""Não"";465054;""Automóvel"";""NISSAN/KICKS SV CVT"";2019;""Condutor"";""Ileso"";34;""Masculino"";1;0;0;0;-20",16619722;-44,"36914378;""SR-MG"";""DEL4/4"";""UOP03/MG"""
"260634;581460;2020-01-03;""sexta"";""16:35:00"";""MG"";381;529","5;""BRUMADINHO"";""Sim"";""Velocidade Incompatível"";1;""Colisão traseira"";""Com Vítimas Feridas"";""Pleno dia"";""Decrescente"";""Nublado"";""Dupla"";""Curva"";""Não"";465055;""Caminhão"";""VW/8.150"";2001;""Condutor"";""Ileso"";51;""Masculino"";1;0;0;0;-20",16619722;-44,"36914378;""SR-MG"";""DEL4/4"";""UOP03/MG"""
"260634;581453;2020-01-03;""sexta"";""16:35:00"";""MG"";381;529","5;""BRUMADINHO"";""Sim"";""Velocidade Incompatível"";1;""Colisão traseira"";""Com Vítimas Feridas"";""Pleno dia"";""Decrescente"";""Nublado"";""Dupla"";""Curva"";""Não"";465053;""Caminhão-trator"";""M.BENZ/AXOR 2540 S"";2007;""Condutor"";""Ileso"";43;""Masculino"";1;0;0;0;-20",16619722;-44,"36914378;""SR-MG"";""DEL4/4"";""UOP03/MG"""
"260634;581457;2020-01-03;""sexta"";""16:35:00"";""MG"";381;529","5;""BRUMADINHO"";""Sim"";""Velocidade Incompatível"";3;""Colisão traseira"";""Com Vítimas Feridas"";""Pleno dia"";""Decrescente"";""Nublado"";""Dupla"";""Curva"";""Não"";465054;""Automóvel"";""NISSAN/KICKS SV CVT"";2019;""Passageiro"";""Ileso"";2;""Masculino"";1;0;0;0;-20",16619722;-44,"36914378;""SR-MG"";""DEL4/4"";""UOP03/MG"""
"260634;581456;2020-01-03;""sexta"";""16:35:00"";""MG"";381;529","5;""BRUMADINHO"";""Sim"";""Velocidade Incompatível"";3;""Colisão traseira"";""Com Vítimas Feridas"";""Pleno dia"";""Decrescente"";""Nublado"";""Dupla"";""Curva"";""Não"";465054;""Automóvel"";""NISSAN/KICKS SV CVT"";2019;""Passageiro"";""Lesões Leves"";34;""Feminino"";0;1;0;0;-20",16619722;-44,"36914378;""SR-MG"";""DEL4/4"";""UOP03/MG"""
"260634;581454;2020-01-03;""sexta"";""16:35:00"";""MG"";381;529","5;""BRUMADINHO"";""Sim"";""Velocidade Incompatível"";3;""Colisão traseira"";""Com Vítimas Feridas"";""Pleno dia"";""Decrescente"";""Nublado"";""Dupla"";""Curva"";""Não"";465054;""Automóvel"";""NISSAN/KICKS SV CVT"";2019;""Condutor"";""Ileso"";34;""Masculino"";1;0;0;0;-20",16619722;-44,"36914378;""SR-MG"";""DEL4/4"";""UOP03/MG"""
"260634;581460;2020-01-03;""sexta"";""16:35:00"";""MG"";381;529","5;""BRUMADINHO"";""Sim"";""Velocidade Incompatível"";3;""Colisão traseira"";""Com Vítimas Feridas"";""Pleno dia"";""Decrescente"";""Nublado"";""Dupla"";""Curva"";""Não"";465055;""Caminhão"";""VW/8.150"";2001;""Condutor"";""Ileso"";51;""Masculino"";1;0;0;0;-20",16619722;-44,"36914378;""SR-MG"";""DEL4/4"";""UOP03/MG"""
"260634;581453;2020-01-03;""sexta"";""16:35:00"";""MG"";381;529","5;""BRUMADINHO"";""Sim"";""Velocidade Incompatível"";3;""Colisão traseira"";""Com Vítimas Feridas"";""Pleno dia"";""Decrescente"";""Nublado"";""Dupla"";""Curva"";""Não"";465053;""Caminhão-trator"";""M.BENZ/AXOR 2540 S"";2007;""Condutor"";""Ileso"";43;""Masculino"";1;0;0;0;-20",16619722;-44,"36914378;""SR-MG"";""DEL4/4"";""UOP03/MG"""
"260635;580011;2020-01-03;""sexta"";""16:40:00"";""GO"";153;496;""GOIANIA"";""Sim"";""Falta de Atenção à Condução"";2;""Queda de ocupante de veículo"";""Com Vítimas Feridas"";""Pleno dia"";""Crescente"";""Céu Claro"";""Dupla"";""Reta"";""Sim"";465084;""Automóvel"";""CITROEN/C3 90M TENDANCE"";2013;""Condutor"";""Ileso"";37;""Masculino"";1;0;0;0;-16",6776;-49,"2314;""SR-GO"";""DEL1/1"";""UOP01/GO""",
"260635;580013;2020-01-03;""sexta"";""16:40:00"";""GO"";153;496;""GOIANIA"";""Sim"";""Falta de Atenção à Condução"";2;""Queda de ocupante de veículo"";""Com Vítimas Feridas"";""Pleno dia"";""Crescente"";""Céu Claro"";""Dupla"";""Reta"";""Sim"";465083;""Motocicleta"";""HONDA/CG 125 FAN JOB KS"";2005;""Condutor"";""Lesões Leves"";25;""Masculino"";0;1;0;0;-16",6776;-49,"2314;""SR-GO"";""DEL1/1"";""UOP01/GO""",
"260635;580011;2020-01-03;""sexta"";""16:40:00"";""GO"";153;496;""GOIANIA"";""Sim"";""Falta de Atenção à Condução"";1;""Colisão traseira"";""Com Vítimas Feridas"";""Pleno dia"";""Crescente"";""Céu Claro"";""Dupla"";""Reta"";""Sim"";465084;""Automóvel"";""CITROEN/C3 90M TENDANCE"";2013;""Condutor"";""Ileso"";37;""Masculino"";1;0;0;0;-16",6776;-49,"2314;""SR-GO"";""DEL1/1"";""UOP01/GO""",
"260635;580013;2020-01-03;""sexta"";""16:40:00"";""GO"";153;496;""GOIANIA"";""Sim"";""Falta de Atenção à Condução"";1;""Colisão traseira"";""Com Vítimas Feridas"";""Pleno dia"";""Crescente"";""Céu Claro"";""Dupla"";""Reta"";""Sim"";465083;""Motocicleta"";""HONDA/CG 125 FAN JOB KS"";2005;""Condutor"";""Lesões Leves"";25;""Masculino"";0;1;0;0;-16",6776;-49,"2314;""SR-GO"";""DEL1/1"";""UOP01/GO""",
"260636;579982;2020-01-03;""sexta"";""17:10:00"";""MG"";381;342;""BELA VISTA DE MINAS"";""Sim"";""Velocidade Incompatível"";1;""Colisão frontal"";""Com Vítimas Feridas"";""Pleno dia"";""Crescente"";""Garoa/Chuvisco"";""Simples"";""Curva"";""Não"";465171;""Caminhonete"";""IVECO/DAILY 35S14HDCS"";2018;""Condutor"";""Lesões Leves"";57;""Masculino"";0;1;0;0;-19",84962291;-43,"10954212;""SR-MG"";""DEL4/3"";""UOP01/MG""",
"260636;579978;2020-01-03;""sexta"";""17:10:00"";""MG"";381;342;""BELA VISTA DE MINAS"";""Sim"";""Velocidade Incompatível"";1;""Colisão frontal"";""Com Vítimas Feridas"";""Pleno dia"";""Crescente"";""Garoa/Chuvisco"";""Simples"";""Curva"";""Não"";465170;""Automóvel"";""FORD/FIESTA SEDAN1.6FLEX"";2009;""Passageiro"";""Lesões Leves"";65;""Feminino"";0;1;0;0;-19",84962291;-43,"10954212;""SR-MG"";""DEL4/3"";""UOP01/MG""",
"260636;579981;2020-01-03;""sexta"";""17:10:00"";""MG"";381;342;""BELA VISTA DE MINAS"";""Sim"";""Velocidade Incompatível"";1;""Colisão frontal"";""Com Vítimas Feridas"";""Pleno dia"";""Crescente"";""Garoa/Chuvisco"";""Simples"";""Curva"";""Não"";465170;""Automóvel"";""FORD/FIESTA SEDAN1.6FLEX"";2009;""Passageiro"";""Lesões Leves"";41;""Feminino"";0;1;0;0;-19",84962291;-43,"10954212;""SR-MG"";""DEL4/3"";""UOP01/MG""",
"260636;579980;2020-01-03;""sexta"";""17:10:00"";""MG"";381;342;""BELA VISTA DE MINAS"";""Sim"";""Velocidade Incompatível"";1;""Colisão frontal"";""Com Vítimas Feridas"";""Pleno dia"";""Crescente"";""Garoa/Chuvisco"";""Simples"";""Curva"";""Não"";465170;""Automóvel"";""FORD/FIESTA SEDAN1.6FLEX"";2009;""Passageiro"";""Lesões Leves"";17;""Feminino"";0;1;0;0;-19",84962291;-43,"10954212;""SR-MG"";""DEL4/3"";""UOP01/MG""",
"260636;579977;2020-01-03;""sexta"";""17:10:00"";""MG"";381;342;""BELA VISTA DE MINAS"";""Sim"";""Velocidade Incompatível"";1;""Colisão frontal"";""Com Vítimas Feridas"";""Pleno dia"";""Crescente"";""Garoa/Chuvisco"";""Simples"";""Curva"";""Não"";465170;""Automóvel"";""FORD/FIESTA SEDAN1.6FLEX"";2009;""Condutor"";""Lesões Leves"";44;""Masculino"";0;1;0;0;-19",84962291;-43,"10954212;""SR-MG"";""DEL4/3"";""UOP01/MG""",
"260637;579790;2020-01-03;""sexta"";""13:00:00"";""BA"";101;561;""ARATACA"";""Sim"";""Velocidade Incompatível"";1;""Saída de leito carroçável"";""Com Vítimas Feridas"";""Pleno dia"";""Decrescente"";""Nublado"";""Simples"";""Curva"";""Não"";465008;""Camioneta"";""HYUNDAI/TUCSON GLSB"";2012;""Passageiro"";""Lesões Leves"";17;""Masculino"";0;1;0;0;-15",36227805;-39,"49889917;""SR-BA"";""DEL10/5"";""UOP02/BA""",
"260637;579780;2020-01-03;""sexta"";""13:00:00"";""BA"";101;561;""ARATACA"";""Sim"";""Velocidade Incompatível"";1;""Saída de leito carroçável"";""Com Vítimas Feridas"";""Pleno dia"";""Decrescente"";""Nublado"";""Simples"";""Curva"";""Não"";465008;""Camioneta"";""HYUNDAI/TUCSON GLSB"";2012;""Passageiro"";""Lesões Leves"";45;""Feminino"";0;1;0;0;-15",36227805;-39,"49889917;""SR-BA"";""DEL10/5"";""UOP02/BA""",
"260637;579776;2020-01-03;""sexta"";""13:00:00"";""BA"";101;561;""ARATACA"";""Sim"";""Velocidade Incompatível"";1;""Saída de leito carroçável"";""Com Vítimas Feridas"";""Pleno dia"";""Decrescente"";""Nublado"";""Simples"";""Curva"";""Não"";465008;""Camioneta"";""HYUNDAI/TUCSON GLSB"";2012;""Condutor"";""Lesões Leves"";49;""Masculino"";0;1;0;0;-15",36227805;-39,"49889917;""SR-BA"";""DEL10/5"";""UOP02/BA""",
"260637;579790;2020-01-03;""sexta"";""13:00:00"";""BA"";101;561;""ARATACA"";""Sim"";""Velocidade Incompatível"";2;""Colisão com objeto estático"";""Com Vítimas Feridas"";""Pleno dia"";""Decrescente"";""Nublado"";""Simples"";""Curva"";""Não"";465008;""Camioneta"";""HYUNDAI/TUCSON GLSB"";2012;""Passageiro"";""Lesões Leves"";17;""Masculino"";0;1;0;0;-15",36227805;-39,"49889917;""SR-BA"";""DEL10/5"";""UOP02/BA""",
"260637;579780;2020-01-03;""sexta"";""13:00:00"";""BA"";101;561;""ARATACA"";""Sim"";""Velocidade Incompatível"";2;""Colisão com objeto estático"";""Com Vítimas Feridas"";""Pleno dia"";""Decrescente"";""Nublado"";""Simples"";""Curva"";""Não"";465008;""Camioneta"";""HYUNDAI/TUCSON GLSB"";2012;""Passageiro"";""Lesões Leves"";45;""Feminino"";0;1;0;0;-15",36227805;-39,"49889917;""SR-BA"";""DEL10/5"";""UOP02/BA""",
"260637;579776;2020-01-03;""sexta"";""13:00:00"";""BA"";101;561;""ARATACA"";""Sim"";""Velocidade Incompatível"";2;""Colisão com objeto estático"";""Com Vítimas Feridas"";""Pleno dia"";""Decrescente"";""Nublado"";""Simples"";""Curva"";""Não"";465008;""Camioneta"";""HYUNDAI/TUCSON GLSB"";2012;""Condutor"";""Lesões Leves"";49;""Masculino"";0;1;0;0;-15",36227805;-39,"49889917;""SR-BA"";""DEL10/5"";""UOP02/BA""",
"260637;579790;2020-01-03;""sexta"";""13:00:00"";""BA"";101;561;""ARATACA"";""Não"";""Pista Escorregadia"";1;""Saída de leito carroçável"";""Com Vítimas Feridas"";""Pleno dia"";""Decrescente"";""Nublado"";""Simples"";""Curva"";""Não"";465008;""Camioneta"";""HYUNDAI/TUCSON GLSB"";2012;""Passageiro"";""Lesões Leves"";17;""Masculino"";0;1;0;0;-15",36227805;-39,"49889917;""SR-BA"";""DEL10/5"";""UOP02/BA""",
"260637;579780;2020-01-03;""sexta"";""13:00:00"";""BA"";101;561;""ARATACA"";""Não"";""Pista Escorregadia"";1;""Saída de leito carroçável"";""Com Vítimas Feridas"";""Pleno dia"";""Decrescente"";""Nublado"";""Simples"";""Curva"";""Não"";465008;""Camioneta"";""HYUNDAI/TUCSON GLSB"";2012;""Passageiro"";""Lesões Leves"";45;""Feminino"";0;1;0;0;-15",36227805;-39,"49889917;""SR-BA"";""DEL10/5"";""UOP02/BA""",
"260637;579776;2020-01-03;""sexta"";""13:00:00"";""BA"";101;561;""ARATACA"";""Não"";""Pista Escorregadia"";1;""Saída de leito carroçável"";""Com Vítimas Feridas"";""Pleno dia"";""Decrescente"";""Nublado"";""Simples"";""Curva"";""Não"";465008;""Camioneta"";""HYUNDAI/TUCSON GLSB"";2012;""Condutor"";""Lesões Leves"";49;""Masculino"";0;1;0;0;-15",36227805;-39,"49889917;""SR-BA"";""DEL10/5"";""UOP02/BA""",
"260637;579790;2020-01-03;""sexta"";""13:00:00"";""BA"";101;561;""ARATACA"";""Não"";""Pista Escorregadia"";2;""Colisão com objeto estático"";""Com Vítimas Feridas"";""Pleno dia"";""Decrescente"";""Nublado"";""Simples"";""Curva"";""Não"";465008;""Camioneta"";""HYUNDAI/TUCSON GLSB"";2012;""Passageiro"";""Lesões Leves"";17;""Masculino"";0;1;0;0;-15",36227805;-39,"49889917;""SR-BA"";""DEL10/5"";""UOP02/BA""",
"260637;579780;2020-01-03;""sexta"";""13:00:00"";""BA"";101;561;""ARATACA"";""Não"";""Pista Escorregadia"";2;""Colisão com objeto estático"";""Com Vítimas Feridas"";""Pleno dia"";""Decrescente"";""Nublado"";""Simples"";""Curva"";""Não"";465008;""Camioneta"";""HYUNDAI/TUCSON GLSB"";2012;""Passageiro"";""Lesões Leves"";45;""Feminino"";0;1;0;0;-15",36227805;-39,"49889917;""SR-BA"";""DEL10/5"";""UOP02/BA""",
"260637;579776;2020-01-03;""sexta"";""13:00:00"";""BA"";101;561;""ARATACA"";""Não"";""Pista Escorregadia"";2;""Colisão com objeto estático"";""Com Vítimas Feridas"";""Pleno dia"";""Decrescente"";""Nublado"";""Simples"";""Curva"";""Não"";465008;""Camioneta"";""HYUNDAI/TUCSON GLSB"";2012;""Condutor"";""Lesões Leves"";49;""Masculino"";0;1;0;0;-15",36227805;-39,"49889917;""SR-BA"";""DEL10/5"";""UOP02/BA""",
"260639;579939;2020-01-03;""sexta"";""14:30:00"";""MS"";163;497","8;""CAMPO GRANDE"";""Sim"";""Falta de Atenção à Condução"";2;""Queda de ocupante de veículo"";""Com Vítimas Feridas"";""Pleno dia"";""Decrescente"";""Céu Claro"";""Simples"";""Reta"";""Não"";465012;""Motocicleta"";""HONDA/CG 125 TITAN ES"";2002;""Condutor"";""Lesões Graves"";52;""Masculino"";0;0;1;0;-20",343377;-54,"518468;""SR-MS"";""DEL3/1"";""UOP02/MS"""
"260639;579940;2020-01-03;""sexta"";""14:30:00"";""MS"";163;497","8;""CAMPO GRANDE"";""Sim"";""Falta de Atenção à Condução"";2;""Queda de ocupante de veículo"";""Com Vítimas Feridas"";""Pleno dia"";""Decrescente"";""Céu Claro"";""Simples"";""Reta"";""Não"";465013;""Caminhonete"";""I/TOYOTA HILUX CD4X4 SR"";2013;""Condutor"";""Ileso"";53;""Masculino"";1;0;0;0;-20",343377;-54,"518468;""SR-MS"";""DEL3/1"";""UOP02/MS"""
"260639;579945;2020-01-03;""sexta"";""14:30:00"";""MS"";163;497","8;""CAMPO GRANDE"";""Sim"";""Falta de Atenção à Condução"";2;""Queda de ocupante de veículo"";""Com Vítimas Feridas"";""Pleno dia"";""Decrescente"";""Céu Claro"";""Simples"";""Reta"";""Não"";465013;""Caminhonete"";""I/TOYOTA HILUX CD4X4 SR"";2013;""Passageiro"";""Ileso"";12;""Feminino"";1;0;0;0;-20",343377;-54,"518468;""SR-MS"";""DEL3/1"";""UOP02/MS"""
"260639;579939;2020-01-03;""sexta"";""14:30:00"";""MS"";163;497","8;""CAMPO GRANDE"";""Sim"";""Falta de Atenção à Condução"";1;""Colisão frontal"";""Com Vítimas Feridas"";""Pleno dia"";""Decrescente"";""Céu Claro"";""Simples"";""Reta"";""Não"";465012;""Motocicleta"";""HONDA/CG 125 TITAN ES"";2002;""Condutor"";""Lesões Graves"";52;""Masculino"";0;0;1;0;-20",343377;-54,"518468;""SR-MS"";""DEL3/1"";""UOP02/MS"""
"260639;579940;2020-01-03;""sexta"";""14:30:00"";""MS"";163;497","8;""CAMPO GRANDE"";""Sim"";""Falta de Atenção à Condução"";1;""Colisão frontal"";""Com Vítimas Feridas"";""Pleno dia"";""Decrescente"";""Céu Claro"";""Simples"";""Reta"";""Não"";465013;""Caminhonete"";""I/TOYOTA HILUX CD4X4 SR"";2013;""Condutor"";""Ileso"";53;""Masculino"";1;0;0;0;-20",343377;-54,"518468;""SR-MS"";""DEL3/1"";""UOP02/MS"""
"260639;579945;2020-01-03;""sexta"";""14:30:00"";""MS"";163;497","8;""CAMPO GRANDE"";""Sim"";""Falta de Atenção à Condução"";1;""Colisão frontal"";""Com Vítimas Feridas"";""Pleno dia"";""Decrescente"";""Céu Claro"";""Simples"";""Reta"";""Não"";465013;""Caminhonete"";""I/TOYOTA HILUX CD4X4 SR"";2013;""Passageiro"";""Ileso"";12;""Feminino"";1;0;0;0;-20",343377;-54,"518468;""SR-MS"";""DEL3/1"";""UOP02/MS"""
"260640;581785;2020-01-03;""sexta"";""17:15:00"";""SP"";116;326","1;""JUQUITIBA"";""Sim"";""Velocidade Incompatível"";1;""Colisão traseira"";""Com Vítimas Feridas"";""Pleno dia"";""Decrescente"";""Chuva"";""Dupla"";""Curva"";""Sim"";465214;""Caminhonete"";""RENAULT/MASTER ALLT AMB3"";2018;""Passageiro"";""Ileso"";25;""Masculino"";1;0;0;0;-23",93901304;-47,"06241203;""SR-SP"";""DEL6/4"";""UOP01/SP"""
"260640;581784;2020-01-03;""sexta"";""17:15:00"";""SP"";116;326","1;""JUQUITIBA"";""Sim"";""Velocidade Incompatível"";1;""Colisão traseira"";""Com Vítimas Feridas"";""Pleno dia"";""Decrescente"";""Chuva"";""Dupla"";""Curva"";""Sim"";465214;""Caminhonete"";""RENAULT/MASTER ALLT AMB3"";2018;""Passageiro"";""Ileso"";36;""Masculino"";1;0;0;0;-23",93901304;-47,"06241203;""SR-SP"";""DEL6/4"";""UOP01/SP"""
"260640;581762;2020-01-03;""sexta"";""17:15:00"";""SP"";116;326","1;""JUQUITIBA"";""Sim"";""Velocidade Incompatível"";1;""Colisão traseira"";""Com Vítimas Feridas"";""Pleno dia"";""Decrescente"";""Chuva"";""Dupla"";""Curva"";""Sim"";465214;""Caminhonete"";""RENAULT/MASTER ALLT AMB3"";2018;""Condutor"";""Lesões Leves"";43;""Masculino"";0;1;0;0;-23",93901304;-47,"06241203;""SR-SP"";""DEL6/4"";""UOP01/SP"""
"260640;581765;2020-01-03;""sexta"";""17:15:00"";""SP"";116;326","1;""JUQUITIBA"";""Sim"";""Velocidade Incompatível"";1;""Colisão traseira"";""Com Vítimas Feridas"";""Pleno dia"";""Decrescente"";""Chuva"";""Dupla"";""Curva"";""Sim"";465213;""Automóvel"";""FORD/KA FLEX"";2009;""Passageiro"";""Ileso"";48;""Masculino"";1;0;0;0;-23",93901304;-47,"06241203;""SR-SP"";""DEL6/4"";""UOP01/SP"""
"260640;581738;2020-01-03;""sexta"";""17:15:00"";""SP"";116;326","1;""JUQUITIBA"";""Sim"";""Velocidade Incompatível"";1;""Colisão traseira"";""Com Vítimas Feridas"";""Pleno dia"";""Decrescente"";""Chuva"";""Dupla"";""Curva"";""Sim"";465213;""Automóvel"";""FORD/KA FLEX"";2009;""Condutor"";""Lesões Leves"";41;""Masculino"";0;1;0;0;-23",93901304;-47,"06241203;""SR-SP"";""DEL6/4"";""UOP01/SP"""
"260641;580557;2020-01-03;""sexta"";""16:00:00"";""BA"";135;16;""FORMOSA DO RIO PRETO"";""Sim"";""Falta de Atenção à Condução"";1;""Colisão frontal"";""Com Vítimas Feridas"";""Pleno dia"";""Crescente"";""Céu Claro"";""Simples"";""Não Informado"";""Não"";465134;""Automóvel"";""CHEVROLET/COBALT 1.4 LTZ"";2012;""Condutor"";""Lesões Leves"";72;""Masculino"";0;1;0;0;-10",96521816;-45,"19590458;""SR-BA"";""DEL10/10"";""UOP01/BA""",
"260641;580556;2020-01-03;""sexta"";""16:00:00"";""BA"";135;16;""FORMOSA DO RIO PRETO"";""Sim"";""Falta de Atenção à Condução"";1;""Colisão frontal"";""Com Vítimas Feridas"";""Pleno dia"";""Crescente"";""Céu Claro"";""Simples"";""Não Informado"";""Não"";465133;""Automóvel"";""CHEVROLET/CELTA 1.0L LT"";2012;""Passageiro"";""Lesões Leves"";3;""Feminino"";0;1;0;0;-10",96521816;-45,"19590458;""SR-BA"";""DEL10/10"";""UOP01/BA""",
"260641;580555;2020-01-03;""sexta"";""16:00:00"";""BA"";135;16;""FORMOSA DO RIO PRETO"";""Sim"";""Falta de Atenção à Condução"";1;""Colisão frontal"";""Com Vítimas Feridas"";""Pleno dia"";""Crescente"";""Céu Claro"";""Simples"";""Não Informado"";""Não"";465133;""Automóvel"";""CHEVROLET/CELTA 1.0L LT"";2012;""Passageiro"";""Lesões Leves"";28;""Feminino"";0;1;0;0;-10",96521816;-45,"19590458;""SR-BA"";""DEL10/10"";""UOP01/BA""",
"260641;580554;2020-01-03;""sexta"";""16:00:00"";""BA"";135;16;""FORMOSA DO RIO PRETO"";""Sim"";""Falta de Atenção à Condução"";1;""Colisão frontal"";""Com Vítimas Feridas"";""Pleno dia"";""Crescente"";""Céu Claro"";""Simples"";""Não Informado"";""Não"";465133;""Automóvel"";""CHEVROLET/CELTA 1.0L LT"";2012;""Condutor"";""Lesões Leves"";45;""Masculino"";0;1;0;0;-10",96521816;-45,"19590458;""SR-BA"";""DEL10/10"";""UOP01/BA""",
"260642;579905;2020-01-03;""sexta"";""14:30:00"";""PI"";135;134;""BERTOLINIA"";""Sim"";""Falta de Atenção à Condução"";3;""Saída de leito carroçável"";""Com Vítimas Feridas"";""Pleno dia"";""Crescente"";""Nublado"";""Simples"";""Reta"";""Não"";465100;""Caminhonete"";""FIAT/TORO FREEDOM AT6"";2019;""Passageiro"";""Ileso"";14;""Feminino"";1;0;0;0;-7",69825093;-43,"89945795;""SR-PI"";""DEL17/3"";""UOP01/PI""",
"260642;579901;2020-01-03;""sexta"";""14:30:00"";""PI"";135;134;""BERTOLINIA"";""Sim"";""Falta de Atenção à Condução"";3;""Saída de leito carroçável"";""Com Vítimas Feridas"";""Pleno dia"";""Crescente"";""Nublado"";""Simples"";""Reta"";""Não"";465100;""Caminhonete"";""FIAT/TORO FREEDOM AT6"";2019;""Passageiro"";""Lesões Leves"";35;""Feminino"";0;1;0;0;-7",69825093;-43,"89945795;""SR-PI"";""DEL17/3"";""UOP01/PI""",
"260642;579902;2020-01-03;""sexta"";""14:30:00"";""PI"";135;134;""BERTOLINIA"";""Sim"";""Falta de Atenção à Condução"";3;""Saída de leito carroçável"";""Com Vítimas Feridas"";""Pleno dia"";""Crescente"";""Nublado"";""Simples"";""Reta"";""Não"";465100;""Caminhonete"";""FIAT/TORO FREEDOM AT6"";2019;""Passageiro"";""Lesões Leves"";12;""Feminino"";0;1;0;0;-7",69825093;-43,"89945795;""SR-PI"";""DEL17/3"";""UOP01/PI""",
"260642;579900;2020-01-03;""sexta"";""14:30:00"";""PI"";135;134;""BERTOLINIA"";""Sim"";""Falta de Atenção à Condução"";3;""Saída de leito carroçável"";""Com Vítimas Feridas"";""Pleno dia"";""Crescente"";""Nublado"";""Simples"";""Reta"";""Não"";465100;""Caminhonete"";""FIAT/TORO FREEDOM AT6"";2019;""Condutor"";""Ileso"";39;""Masculino"";1;0;0;0;-7",69825093;-43,"89945795;""SR-PI"";""DEL17/3"";""UOP01/PI""",
"260642;579899;2020-01-03;""sexta"";""14:30:00"";""PI"";135;134;""BERTOLINIA"";""Sim"";""Falta de Atenção à Condução"";3;""Saída de leito carroçável"";""Com Vítimas Feridas"";""Pleno dia"";""Crescente"";""Nublado"";""Simples"";""Reta"";""Não"";465099;""Automóvel"";""FIAT/STILO FLEX DUALOGIC"";2009;""Condutor"";""Ileso"";29;""Masculino"";1;0;0;0;-7",69825093;-43,"89945795;""SR-PI"";""DEL17/3"";""UOP01/PI""",
"260642;579905;2020-01-03;""sexta"";""14:30:00"";""PI"";135;134;""BERTOLINIA"";""Sim"";""Falta de Atenção à Condução"";2;""Capotamento"";""Com Vítimas Feridas"";""Pleno dia"";""Crescente"";""Nublado"";""Simples"";""Reta"";""Não"";465100;""Caminhonete"";""FIAT/TORO FREEDOM AT6"";2019;""Passageiro"";""Ileso"";14;""Feminino"";1;0;0;0;-7",69825093;-43,"89945795;""SR-PI"";""DEL17/3"";""UOP01/PI""",
"260642;579901;2020-01-03;""sexta"";""14:30:00"";""PI"";135;134;""BERTOLINIA"";""Sim"";""Falta de Atenção à Condução"";2;""Capotamento"";""Com Vítimas Feridas"";""Pleno dia"";""Crescente"";""Nublado"";""Simples"";""Reta"";""Não"";465100;""Caminhonete"";""FIAT/TORO FREEDOM AT6"";2019;""Passageiro"";""Lesões Leves"";35;""Feminino"";0;1;0;0;-7",69825093;-43,"89945795;""SR-PI"";""DEL17/3"";""UOP01/PI""",
"260642;579902;2020-01-03;""sexta"";""14:30:00"";""PI"";135;134;""BERTOLINIA"";""Sim"";""Falta de Atenção à Condução"";2;""Capotamento"";""Com Vítimas Feridas"";""Pleno dia"";""Crescente"";""Nublado"";""Simples"";""Reta"";""Não"";465100;""Caminhonete"";""FIAT/TORO FREEDOM AT6"";2019;""Passageiro"";""Lesões Leves"";12;""Feminino"";0;1;0;0;-7",69825093;-43,"89945795;""SR-PI"";""DEL17/3"";""UOP01/PI""",
"260642;579900;2020-01-03;""sexta"";""14:30:00"";""PI"";135;134;""BERTOLINIA"";""Sim"";""Falta de Atenção à Condução"";2;""Capotamento"";""Com Vítimas Feridas"";""Pleno dia"";""Crescente"";""Nublado"";""Simples"";""Reta"";""Não"";465100;""Caminhonete"";""FIAT/TORO FREEDOM AT6"";2019;""Condutor"";""Ileso"";39;""Masculino"";1;0;0;0;-7",69825093;-43,"89945795;""SR-PI"";""DEL17/3"";""UOP01/PI""",
"260642;579899;2020-01-03;""sexta"";""14:30:00"";""PI"";135;134;""BERTOLINIA"";""Sim"";""Falta de Atenção à Condução"";2;""Capotamento"";""Com Vítimas Feridas"";""Pleno dia"";""Crescente"";""Nublado"";""Simples"";""Reta"";""Não"";465099;""Automóvel"";""FIAT/STILO FLEX DUALOGIC"";2009;""Condutor"";""Ileso"";29;""Masculino"";1;0;0;0;-7",69825093;-43,"89945795;""SR-PI"";""DEL17/3"";""UOP01/PI""",
"260642;579905;2020-01-03;""sexta"";""14:30:00"";""PI"";135;134;""BERTOLINIA"";""Sim"";""Falta de Atenção à Condução"";1;""Colisão lateral"";""Com Vítimas Feridas"";""Pleno dia"";""Crescente"";""Nublado"";""Simples"";""Reta"";""Não"";465100;""Caminhonete"";""FIAT/TORO FREEDOM AT6"";2019;""Passageiro"";""Ileso"";14;""Feminino"";1;0;0;0;-7",69825093;-43,"89945795;""SR-PI"";""DEL17/3"";""UOP01/PI""",