"id;""pesid"";""data_inversa"";""dia_semana"";""horario"";""uf"";""br"";""km"";""municipio"";""causa_principal"";""causa_acidente"";""ordem_tipo_acidente"";""tipo_acidente"";""classificacao_acidente"";""fase_dia"";""sentido_via"";""condicao_metereologica"";""tipo_pista"";""tracado_via"";""uso_solo"";""id_veiculo"";""tipo_veiculo"";""marca"";""ano_fabricacao_veiculo"";""tipo_envolvido"";""estado_fisico"";""idade"";""sexo"";""ilesos"";""feridos_leves"";""feridos_graves"";""mortos"";""latitude"";""longitude"";""regional"";""delegacia"";""uop""",,,
"260655;581756;2020-01-03;""sexta"";""18:20:00"";""PR"";369;139","5;""IBIPORA"";""Sim"";""Ingestão de Álcool"";2;""Tombamento"";""Com Vítimas Feridas"";""Anoitecer"";""Decrescente"";""Chuva"";""Simples"";""Reta"";""Sim"";465127;""Automóvel"";""VW/GOL 1.0 GIV"";2013;""Condutor"";""Ileso"";25;""Masculino"";1;0;0;0;-23",27721527;-51,"06350899;""SR-PR"";""DEL7/7"";""UOP01/PR"""
"260655;581750;2020-01-03;""sexta"";""18:20:00"";""PR"";369;139","5;""IBIPORA"";""Sim"";""Ingestão de Álcool"";2;""Tombamento"";""Com Vítimas Feridas"";""Anoitecer"";""Decrescente"";""Chuva"";""Simples"";""Reta"";""Sim"";465126;""Motocicleta"";""HONDA/CG 125 TITAN"";1998;""Condutor"";""Lesões Leves"";28;""Masculino"";0;1;0;0;-23",27721527;-51,"06350899;""SR-PR"";""DEL7/7"";""UOP01/PR"""
"260655;581748;2020-01-03;""sexta"";""18:20:00"";""PR"";369;139","5;""IBIPORA"";""Sim"";""Ingestão de Álcool"";2;""Tombamento"";""Com Vítimas Feridas"";""Anoitecer"";""Decrescente"";""Chuva"";""Simples"";""Reta"";""Sim"";465125;""Automóvel"";""GM/MONZA SL"";1987;""Condutor"";""Ileso"";46;""Masculino"";1;0;0;0;-23",27721527;-51,"06350899;""SR-PR"";""DEL7/7"";""UOP01/PR"""
"260655;581756;2020-01-03;""sexta"";""18:20:00"";""PR"";369;139","5;""IBIPORA"";""Sim"";""Ingestão de Álcool"";1;""Engavetamento"";""Com Vítimas Feridas"";""Anoitecer"";""Decrescente"";""Chuva"";""Simples"";""Reta"";""Sim"";465127;""Automóvel"";""VW/GOL 1.0 GIV"";2013;""Condutor"";""Ileso"";25;""Masculino"";1;0;0;0;-23",27721527;-51,"06350899;""SR-PR"";""DEL7/7"";""UOP01/PR"""
"260655;581750;2020-01-03;""sexta"";""18:20:00"";""PR"";369;139","5;""IBIPORA"";""Sim"";""Ingestão de Álcool"";1;""Engavetamento"";""Com Vítimas Feridas"";""Anoitecer"";""Decrescente"";""Chuva"";""Simples"";""Reta"";""Sim"";465126;""Motocicleta"";""HONDA/CG 125 TITAN"";1998;""Condutor"";""Lesões Leves"";28;""Masculino"";0;1;0;0;-23",27721527;-51,"06350899;""SR-PR"";""DEL7/7"";""UOP01/PR"""
"260655;581748;2020-01-03;""sexta"";""18:20:00"";""PR"";369;139","5;""IBIPORA"";""Sim"";""Ingestão de Álcool"";1;""Engavetamento"";""Com Vítimas Feridas"";""Anoitecer"";""Decrescente"";""Chuva"";""Simples"";""Reta"";""Sim"";465125;""Automóvel"";""GM/MONZA SL"";1987;""Condutor"";""Ileso"";46;""Masculino"";1;0;0;0;-23",27721527;-51,"06350899;""SR-PR"";""DEL7/7"";""UOP01/PR"""
"260655;581756;2020-01-03;""sexta"";""18:20:00"";""PR"";369;139","5;""IBIPORA"";""Sim"";""Ingestão de Álcool"";3;""Queda de ocupante de veículo"";""Com Vítimas Feridas"";""Anoitecer"";""Decrescente"";""Chuva"";""Simples"";""Reta"";""Sim"";465127;""Automóvel"";""VW/GOL 1.0 GIV"";2013;""Condutor"";""Ileso"";25;""Masculino"";1;0;0;0;-23",27721527;-51,"06350899;""SR-PR"";""DEL7/7"";""UOP01/PR"""
"260655;581750;2020-01-03;""sexta"";""18:20:00"";""PR"";369;139","5;""IBIPORA"";""Sim"";""Ingestão de Álcool"";3;""Queda de ocupante de veículo"";""Com Vítimas Feridas"";""Anoitecer"";""Decrescente"";""Chuva"";""Simples"";""Reta"";""Sim"";465126;""Motocicleta"";""HONDA/CG 125 TITAN"";1998;""Condutor"";""Lesões Leves"";28;""Masculino"";0;1;0;0;-23",27721527;-51,"06350899;""SR-PR"";""DEL7/7"";""UOP01/PR"""
"260655;581748;2020-01-03;""sexta"";""18:20:00"";""PR"";369;139","5;""IBIPORA"";""Sim"";""Ingestão de Álcool"";3;""Queda de ocupante de veículo"";""Com Vítimas Feridas"";""Anoitecer"";""Decrescente"";""Chuva"";""Simples"";""Reta"";""Sim"";465125;""Automóvel"";""GM/MONZA SL"";1987;""Condutor"";""Ileso"";46;""Masculino"";1;0;0;0;-23",27721527;-51,"06350899;""SR-PR"";""DEL7/7"";""UOP01/PR"""
"260655;581756;2020-01-03;""sexta"";""18:20:00"";""PR"";369;139","5;""IBIPORA"";""Não"";""Não guardar distância de segurança"";2;""Tombamento"";""Com Vítimas Feridas"";""Anoitecer"";""Decrescente"";""Chuva"";""Simples"";""Reta"";""Sim"";465127;""Automóvel"";""VW/GOL 1.0 GIV"";2013;""Condutor"";""Ileso"";25;""Masculino"";1;0;0;0;-23",27721527;-51,"06350899;""SR-PR"";""DEL7/7"";""UOP01/PR"""
"260655;581750;2020-01-03;""sexta"";""18:20:00"";""PR"";369;139","5;""IBIPORA"";""Não"";""Não guardar distância de segurança"";2;""Tombamento"";""Com Vítimas Feridas"";""Anoitecer"";""Decrescente"";""Chuva"";""Simples"";""Reta"";""Sim"";465126;""Motocicleta"";""HONDA/CG 125 TITAN"";1998;""Condutor"";""Lesões Leves"";28;""Masculino"";0;1;0;0;-23",27721527;-51,"06350899;""SR-PR"";""DEL7/7"";""UOP01/PR"""
"260655;581748;2020-01-03;""sexta"";""18:20:00"";""PR"";369;139","5;""IBIPORA"";""Não"";""Não guardar distância de segurança"";2;""Tombamento"";""Com Vítimas Feridas"";""Anoitecer"";""Decrescente"";""Chuva"";""Simples"";""Reta"";""Sim"";465125;""Automóvel"";""GM/MONZA SL"";1987;""Condutor"";""Ileso"";46;""Masculino"";1;0;0;0;-23",27721527;-51,"06350899;""SR-PR"";""DEL7/7"";""UOP01/PR"""
"260655;581756;2020-01-03;""sexta"";""18:20:00"";""PR"";369;139","5;""IBIPORA"";""Não"";""Não guardar distância de segurança"";1;""Engavetamento"";""Com Vítimas Feridas"";""Anoitecer"";""Decrescente"";""Chuva"";""Simples"";""Reta"";""Sim"";465127;""Automóvel"";""VW/GOL 1.0 GIV"";2013;""Condutor"";""Ileso"";25;""Masculino"";1;0;0;0;-23",27721527;-51,"06350899;""SR-PR"";""DEL7/7"";""UOP01/PR"""
"260655;581750;2020-01-03;""sexta"";""18:20:00"";""PR"";369;139","5;""IBIPORA"";""Não"";""Não guardar distância de segurança"";1;""Engavetamento"";""Com Vítimas Feridas"";""Anoitecer"";""Decrescente"";""Chuva"";""Simples"";""Reta"";""Sim"";465126;""Motocicleta"";""HONDA/CG 125 TITAN"";1998;""Condutor"";""Lesões Leves"";28;""Masculino"";0;1;0;0;-23",27721527;-51,"06350899;""SR-PR"";""DEL7/7"";""UOP01/PR"""
"260655;581748;2020-01-03;""sexta"";""18:20:00"";""PR"";369;139","5;""IBIPORA"";""Não"";""Não guardar distância de segurança"";1;""Engavetamento"";""Com Vítimas Feridas"";""Anoitecer"";""Decrescente"";""Chuva"";""Simples"";""Reta"";""Sim"";465125;""Automóvel"";""GM/MONZA SL"";1987;""Condutor"";""Ileso"";46;""Masculino"";1;0;0;0;-23",27721527;-51,"06350899;""SR-PR"";""DEL7/7"";""UOP01/PR"""
"260655;581756;2020-01-03;""sexta"";""18:20:00"";""PR"";369;139","5;""IBIPORA"";""Não"";""Não guardar distância de segurança"";3;""Queda de ocupante de veículo"";""Com Vítimas Feridas"";""Anoitecer"";""Decrescente"";""Chuva"";""Simples"";""Reta"";""Sim"";465127;""Automóvel"";""VW/GOL 1.0 GIV"";2013;""Condutor"";""Ileso"";25;""Masculino"";1;0;0;0;-23",27721527;-51,"06350899;""SR-PR"";""DEL7/7"";""UOP01/PR"""
"260655;581750;2020-01-03;""sexta"";""18:20:00"";""PR"";369;139","5;""IBIPORA"";""Não"";""Não guardar distância de segurança"";3;""Queda de ocupante de veículo"";""Com Vítimas Feridas"";""Anoitecer"";""Decrescente"";""Chuva"";""Simples"";""Reta"";""Sim"";465126;""Motocicleta"";""HONDA/CG 125 TITAN"";1998;""Condutor"";""Lesões Leves"";28;""Masculino"";0;1;0;0;-23",27721527;-51,"06350899;""SR-PR"";""DEL7/7"";""UOP01/PR"""
"260655;581748;2020-01-03;""sexta"";""18:20:00"";""PR"";369;139","5;""IBIPORA"";""Não"";""Não guardar distância de segurança"";3;""Queda de ocupante de veículo"";""Com Vítimas Feridas"";""Anoitecer"";""Decrescente"";""Chuva"";""Simples"";""Reta"";""Sim"";465125;""Automóvel"";""GM/MONZA SL"";1987;""Condutor"";""Ileso"";46;""Masculino"";1;0;0;0;-23",27721527;-51,"06350899;""SR-PR"";""DEL7/7"";""UOP01/PR"""
"260656;579928;2020-01-03;""sexta"";""18:15:00"";""SC"";101;203","8;""SAO JOSE"";""Sim"";""Desobediência às normas de trânsito pelo condutor"";1;""Colisão traseira"";""Com Vítimas Feridas"";""Pleno dia"";""Decrescente"";""Chuva"";""Dupla"";""Reta"";""Sim"";465111;""Caminhonete"";""I/FORD RANGER XL 13P"";2011;""Condutor"";""Ileso"";44;""Masculino"";1;0;0;0;-27",5650044;-48,"61460082;""SR-SC"";""DEL8/1"";""UOP01/SC"""
"260656;579927;2020-01-03;""sexta"";""18:15:00"";""SC"";101;203","8;""SAO JOSE"";""Sim"";""Desobediência às normas de trânsito pelo condutor"";1;""Colisão traseira"";""Com Vítimas Feridas"";""Pleno dia"";""Decrescente"";""Chuva"";""Dupla"";""Reta"";""Sim"";465110;""Motoneta"";""HONDA/BIZ 125 ES"";2011;""Condutor"";""Lesões Leves"";33;""Masculino"";0;1;0;0;-27",5650044;-48,"61460082;""SR-SC"";""DEL8/1"";""UOP01/SC"""
"260657;579944;2020-01-03;""sexta"";""18:30:00"";""SC"";101;117;""ITAJAI"";""Sim"";""Falta de Atenção à Condução"";1;""Colisão traseira"";""Com Vítimas Feridas"";""Anoitecer"";""Crescente"";""Nublado"";""Dupla"";""Reta"";""Não"";465094;""Caminhonete"";""I/TOYOTA HILUX CD4X4 SRV"";2008;""Condutor"";""Ileso"";49;""Masculino"";1;0;0;0;-26",88747187;-48,"72252969;""SR-SC"";""DEL8/4"";""UOP04/SC""",
"260657;579942;2020-01-03;""sexta"";""18:30:00"";""SC"";101;117;""ITAJAI"";""Sim"";""Falta de Atenção à Condução"";1;""Colisão traseira"";""Com Vítimas Feridas"";""Anoitecer"";""Crescente"";""Nublado"";""Dupla"";""Reta"";""Não"";465093;""Motocicleta"";""HONDA/VT600C SHADOW"";2004;""Passageiro"";""Lesões Graves"";33;""Feminino"";0;0;1;0;-26",88747187;-48,"72252969;""SR-SC"";""DEL8/4"";""UOP04/SC""",
"260657;579941;2020-01-03;""sexta"";""18:30:00"";""SC"";101;117;""ITAJAI"";""Sim"";""Falta de Atenção à Condução"";1;""Colisão traseira"";""Com Vítimas Feridas"";""Anoitecer"";""Crescente"";""Nublado"";""Dupla"";""Reta"";""Não"";465093;""Motocicleta"";""HONDA/VT600C SHADOW"";2004;""Condutor"";""Lesões Leves"";32;""Masculino"";0;1;0;0;-26",88747187;-48,"72252969;""SR-SC"";""DEL8/4"";""UOP04/SC""",
"260657;579944;2020-01-03;""sexta"";""18:30:00"";""SC"";101;117;""ITAJAI"";""Sim"";""Falta de Atenção à Condução"";2;""Tombamento"";""Com Vítimas Feridas"";""Anoitecer"";""Crescente"";""Nublado"";""Dupla"";""Reta"";""Não"";465094;""Caminhonete"";""I/TOYOTA HILUX CD4X4 SRV"";2008;""Condutor"";""Ileso"";49;""Masculino"";1;0;0;0;-26",88747187;-48,"72252969;""SR-SC"";""DEL8/4"";""UOP04/SC""",
"260657;579942;2020-01-03;""sexta"";""18:30:00"";""SC"";101;117;""ITAJAI"";""Sim"";""Falta de Atenção à Condução"";2;""Tombamento"";""Com Vítimas Feridas"";""Anoitecer"";""Crescente"";""Nublado"";""Dupla"";""Reta"";""Não"";465093;""Motocicleta"";""HONDA/VT600C SHADOW"";2004;""Passageiro"";""Lesões Graves"";33;""Feminino"";0;0;1;0;-26",88747187;-48,"72252969;""SR-SC"";""DEL8/4"";""UOP04/SC""",
"260657;579941;2020-01-03;""sexta"";""18:30:00"";""SC"";101;117;""ITAJAI"";""Sim"";""Falta de Atenção à Condução"";2;""Tombamento"";""Com Vítimas Feridas"";""Anoitecer"";""Crescente"";""Nublado"";""Dupla"";""Reta"";""Não"";465093;""Motocicleta"";""HONDA/VT600C SHADOW"";2004;""Condutor"";""Lesões Leves"";32;""Masculino"";0;1;0;0;-26",88747187;-48,"72252969;""SR-SC"";""DEL8/4"";""UOP04/SC""",
"260657;579944;2020-01-03;""sexta"";""18:30:00"";""SC"";101;117;""ITAJAI"";""Sim"";""Falta de Atenção à Condução"";3;""Queda de ocupante de veículo"";""Com Vítimas Feridas"";""Anoitecer"";""Crescente"";""Nublado"";""Dupla"";""Reta"";""Não"";465094;""Caminhonete"";""I/TOYOTA HILUX CD4X4 SRV"";2008;""Condutor"";""Ileso"";49;""Masculino"";1;0;0;0;-26",88747187;-48,"72252969;""SR-SC"";""DEL8/4"";""UOP04/SC""",
"260657;579942;2020-01-03;""sexta"";""18:30:00"";""SC"";101;117;""ITAJAI"";""Sim"";""Falta de Atenção à Condução"";3;""Queda de ocupante de veículo"";""Com Vítimas Feridas"";""Anoitecer"";""Crescente"";""Nublado"";""Dupla"";""Reta"";""Não"";465093;""Motocicleta"";""HONDA/VT600C SHADOW"";2004;""Passageiro"";""Lesões Graves"";33;""Feminino"";0;0;1;0;-26",88747187;-48,"72252969;""SR-SC"";""DEL8/4"";""UOP04/SC""",
"260657;579941;2020-01-03;""sexta"";""18:30:00"";""SC"";101;117;""ITAJAI"";""Sim"";""Falta de Atenção à Condução"";3;""Queda de ocupante de veículo"";""Com Vítimas Feridas"";""Anoitecer"";""Crescente"";""Nublado"";""Dupla"";""Reta"";""Não"";465093;""Motocicleta"";""HONDA/VT600C SHADOW"";2004;""Condutor"";""Lesões Leves"";32;""Masculino"";0;1;0;0;-26",88747187;-48,"72252969;""SR-SC"";""DEL8/4"";""UOP04/SC""",
"260659;581595;2020-01-03;""sexta"";""18:10:00"";""SC"";101;125;""ITAJAI"";""Sim"";""Falta de Atenção à Condução"";1;""Colisão lateral"";""Com Vítimas Feridas"";""Pleno dia"";""Crescente"";""Céu Claro"";""Dupla"";""Reta"";""Não"";465071;""Motocicleta"";""YAMAHA/YBR 125ED"";2008;""Condutor"";""Lesões Leves"";30;""Masculino"";0;1;0;0;-26",94802427;-48,"68338515;""SR-SC"";""DEL8/4"";""UOP04/SC""",
"260659;581597;2020-01-03;""sexta"";""18:10:00"";""SC"";101;125;""ITAJAI"";""Sim"";""Falta de Atenção à Condução"";1;""Colisão lateral"";""Com Vítimas Feridas"";""Pleno dia"";""Crescente"";""Céu Claro"";""Dupla"";""Reta"";""Não"";466168;""Automóvel"";""FORD/KA FSL AT 1.5 HA C"";2019;""Condutor"";""Ileso"";53;""Masculino"";1;0;0;0;-26",94802427;-48,"68338515;""SR-SC"";""DEL8/4"";""UOP04/SC""",
"260661;579822;2020-01-03;""sexta"";""17:00:00"";""MG"";40;621;""CONSELHEIRO LAFAIETE"";""Sim"";""Defeito Mecânico no Veículo"";3;""Queda de ocupante de veículo"";""Com Vítimas Feridas"";""Pleno dia"";""Crescente"";""Chuva"";""Simples"";""Reta"";""Não"";465047;""Motocicleta"";""HONDA/CG 150 TITAN ESD"";2009;""Passageiro"";""Lesões Graves"";23;""Feminino"";0;0;1;0;-20",58556107;-43,"80743334;""SR-MG"";""DEL5"";""UOP02/MG""",
"260661;579820;2020-01-03;""sexta"";""17:00:00"";""MG"";40;621;""CONSELHEIRO LAFAIETE"";""Sim"";""Defeito Mecânico no Veículo"";3;""Queda de ocupante de veículo"";""Com Vítimas Feridas"";""Pleno dia"";""Crescente"";""Chuva"";""Simples"";""Reta"";""Não"";465047;""Motocicleta"";""HONDA/CG 150 TITAN ESD"";2009;""Condutor"";""Lesões Leves"";28;""Masculino"";0;1;0;0;-20",58556107;-43,"80743334;""SR-MG"";""DEL5"";""UOP02/MG""",
"260661;579822;2020-01-03;""sexta"";""17:00:00"";""MG"";40;621;""CONSELHEIRO LAFAIETE"";""Sim"";""Defeito Mecânico no Veículo"";1;""Saída de leito carroçável"";""Com Vítimas Feridas"";""Pleno dia"";""Crescente"";""Chuva"";""Simples"";""Reta"";""Não"";465047;""Motocicleta"";""HONDA/CG 150 TITAN ESD"";2009;""Passageiro"";""Lesões Graves"";23;""Feminino"";0;0;1;0;-20",58556107;-43,"80743334;""SR-MG"";""DEL5"";""UOP02/MG""",
"260661;579820;2020-01-03;""sexta"";""17:00:00"";""MG"";40;621;""CONSELHEIRO LAFAIETE"";""Sim"";""Defeito Mecânico no Veículo"";1;""Saída de leito carroçável"";""Com Vítimas Feridas"";""Pleno dia"";""Crescente"";""Chuva"";""Simples"";""Reta"";""Não"";465047;""Motocicleta"";""HONDA/CG 150 TITAN ESD"";2009;""Condutor"";""Lesões Leves"";28;""Masculino"";0;1;0;0;-20",58556107;-43,"80743334;""SR-MG"";""DEL5"";""UOP02/MG""",
"260661;579822;2020-01-03;""sexta"";""17:00:00"";""MG"";40;621;""CONSELHEIRO LAFAIETE"";""Sim"";""Defeito Mecânico no Veículo"";2;""Tombamento"";""Com Vítimas Feridas"";""Pleno dia"";""Crescente"";""Chuva"";""Simples"";""Reta"";""Não"";465047;""Motocicleta"";""HONDA/CG 150 TITAN ESD"";2009;""Passageiro"";""Lesões Graves"";23;""Feminino"";0;0;1;0;-20",58556107;-43,"80743334;""SR-MG"";""DEL5"";""UOP02/MG""",
"260661;579820;2020-01-03;""sexta"";""17:00:00"";""MG"";40;621;""CONSELHEIRO LAFAIETE"";""Sim"";""Defeito Mecânico no Veículo"";2;""Tombamento"";""Com Vítimas Feridas"";""Pleno dia"";""Crescente"";""Chuva"";""Simples"";""Reta"";""Não"";465047;""Motocicleta"";""HONDA/CG 150 TITAN ESD"";2009;""Condutor"";""Lesões Leves"";28;""Masculino"";0;1;0;0;-20",58556107;-43,"80743334;""SR-MG"";""DEL5"";""UOP02/MG""",
"260662;579887;2020-01-03;""sexta"";""14:00:00"";""PI"";316;280;""DOM EXPEDITO LOPES"";""Sim"";""Objeto estático sobre o leito carroçável"";1;""Saída de leito carroçável"";""Com Vítimas Feridas"";""Pleno dia"";""Crescente"";""Céu Claro"";""Simples"";""Reta"";""Não"";465049;""Automóvel"";""VW/GOL TL MC"";2014;""Passageiro"";""Ileso"";29;""Masculino"";1;0;0;0;-6",96041319;-41,"68908731;""SR-PI"";""DEL17/4"";""UOP01/PI""",
"260662;579883;2020-01-03;""sexta"";""14:00:00"";""PI"";316;280;""DOM EXPEDITO LOPES"";""Sim"";""Objeto estático sobre o leito carroçável"";1;""Saída de leito carroçável"";""Com Vítimas Feridas"";""Pleno dia"";""Crescente"";""Céu Claro"";""Simples"";""Reta"";""Não"";465049;""Automóvel"";""VW/GOL TL MC"";2014;""Passageiro"";""Ileso"";45;""Feminino"";1;0;0;0;-6",96041319;-41,"68908731;""SR-PI"";""DEL17/4"";""UOP01/PI""",
"260662;579881;2020-01-03;""sexta"";""14:00:00"";""PI"";316;280;""DOM EXPEDITO LOPES"";""Sim"";""Objeto estático sobre o leito carroçável"";1;""Saída de leito carroçável"";""Com Vítimas Feridas"";""Pleno dia"";""Crescente"";""Céu Claro"";""Simples"";""Reta"";""Não"";465049;""Automóvel"";""VW/GOL TL MC"";2014;""Condutor"";""Lesões Leves"";61;""Masculino"";0;1;0;0;-6",96041319;-41,"68908731;""SR-PI"";""DEL17/4"";""UOP01/PI""",
"260663;582631;2020-01-03;""sexta"";""19:00:00"";""MG"";381;486;""BETIM"";""Sim"";""Velocidade Incompatível"";1;""Colisão com objeto estático"";""Com Vítimas Feridas"";""Pleno dia"";""Decrescente"";""Céu Claro"";""Dupla"";""Curva"";""Sim"";465217;""Motocicleta"";""HONDA/CG 160 START"";2019;""Condutor"";""Lesões Graves"";25;""Masculino"";0;0;1;0;-19",9559336;-44,"1113627;""SR-MG"";""DEL4/1"";""UOP03/MG""",
"260663;582631;2020-01-03;""sexta"";""19:00:00"";""MG"";381;486;""BETIM"";""Sim"";""Velocidade Incompatível"";2;""Tombamento"";""Com Vítimas Feridas"";""Pleno dia"";""Decrescente"";""Céu Claro"";""Dupla"";""Curva"";""Sim"";465217;""Motocicleta"";""HONDA/CG 160 START"";2019;""Condutor"";""Lesões Graves"";25;""Masculino"";0;0;1;0;-19",9559336;-44,"1113627;""SR-MG"";""DEL4/1"";""UOP03/MG""",
"260665;585020;2020-01-03;""sexta"";""19:20:00"";""PE"";101;9","8;""GOIANA"";""Sim"";""Falta de Atenção do Pedestre"";1;""Capotamento"";""Sem Vítimas"";""Plena Noite"";""Decrescente"";""Céu Claro"";""Dupla"";""Reta"";""Não"";465152;""Automóvel"";""VW/GOL 1.0"";2010;""Condutor"";""Não Informado"";NA;""Não Informado"";0;0;0;0;-7",57788903;-34,"98847822;""SR-PE"";""DEL11/1"";""UOP02/PE"""
"260666;579863;2020-01-03;""sexta"";""15:30:00"";""MT"";163;575","8;""NOVA MUTUM"";""Sim"";""Ultrapassagem Indevida"";2;""Colisão com objeto estático"";""Com Vítimas Feridas"";""Pleno dia"";""Decrescente"";""Chuva"";""Simples"";""Reta"";""Não"";465061;""Automóvel"";""FORD/KA SE 1.0 SD"";2015;""Passageiro"";""Ileso"";5;""Feminino"";1;0;0;0;-14",12489326;-56,"11610543;""SR-MT"";""DEL2/4"";""UOP01/MT"""
"260666;579851;2020-01-03;""sexta"";""15:30:00"";""MT"";163;575","8;""NOVA MUTUM"";""Sim"";""Ultrapassagem Indevida"";2;""Colisão com objeto estático"";""Com Vítimas Feridas"";""Pleno dia"";""Decrescente"";""Chuva"";""Simples"";""Reta"";""Não"";465061;""Automóvel"";""FORD/KA SE 1.0 SD"";2015;""Passageiro"";""Lesões Leves"";50;""Feminino"";0;1;0;0;-14",12489326;-56,"11610543;""SR-MT"";""DEL2/4"";""UOP01/MT"""
"260666;579849;2020-01-03;""sexta"";""15:30:00"";""MT"";163;575","8;""NOVA MUTUM"";""Sim"";""Ultrapassagem Indevida"";2;""Colisão com objeto estático"";""Com Vítimas Feridas"";""Pleno dia"";""Decrescente"";""Chuva"";""Simples"";""Reta"";""Não"";465061;""Automóvel"";""FORD/KA SE 1.0 SD"";2015;""Condutor"";""Ileso"";52;""Masculino"";1;0;0;0;-14",12489326;-56,"11610543;""SR-MT"";""DEL2/4"";""UOP01/MT"""
"260666;579863;2020-01-03;""sexta"";""15:30:00"";""MT"";163;575","8;""NOVA MUTUM"";""Sim"";""Ultrapassagem Indevida"";1;""Saída de leito carroçável"";""Com Vítimas Feridas"";""Pleno dia"";""Decrescente"";""Chuva"";""Simples"";""Reta"";""Não"";465061;""Automóvel"";""FORD/KA SE 1.0 SD"";2015;""Passageiro"";""Ileso"";5;""Feminino"";1;0;0;0;-14",12489326;-56,"11610543;""SR-MT"";""DEL2/4"";""UOP01/MT"""
"260666;579851;2020-01-03;""sexta"";""15:30:00"";""MT"";163;575","8;""NOVA MUTUM"";""Sim"";""Ultrapassagem Indevida"";1;""Saída de leito carroçável"";""Com Vítimas Feridas"";""Pleno dia"";""Decrescente"";""Chuva"";""Simples"";""Reta"";""Não"";465061;""Automóvel"";""FORD/KA SE 1.0 SD"";2015;""Passageiro"";""Lesões Leves"";50;""Feminino"";0;1;0;0;-14",12489326;-56,"11610543;""SR-MT"";""DEL2/4"";""UOP01/MT"""
"260666;579849;2020-01-03;""sexta"";""15:30:00"";""MT"";163;575","8;""NOVA MUTUM"";""Sim"";""Ultrapassagem Indevida"";1;""Saída de leito carroçável"";""Com Vítimas Feridas"";""Pleno dia"";""Decrescente"";""Chuva"";""Simples"";""Reta"";""Não"";465061;""Automóvel"";""FORD/KA SE 1.0 SD"";2015;""Condutor"";""Ileso"";52;""Masculino"";1;0;0;0;-14",12489326;-56,"11610543;""SR-MT"";""DEL2/4"";""UOP01/MT"""
"260667;579877;2020-01-03;""sexta"";""19:50:00"";""PR"";376;124;""ALTO PARANA"";""Sim"";""Falta de Atenção à Condução"";1;""Colisão com objeto estático"";""Com Vítimas Feridas"";""Plena Noite"";""Decrescente"";""Chuva"";""Dupla"";""Reta"";""Não"";465097;""Automóvel"";""GM/VECTRA SEDAN ELEGANCE"";2010;""Passageiro"";""Lesões Graves"";69;""Feminino"";0;0;1;0;-23",14400328;-52,"2818582;""SR-PR"";""DEL7/7"";""UOP05/PR""",
"260667;579876;2020-01-03;""sexta"";""19:50:00"";""PR"";376;124;""ALTO PARANA"";""Sim"";""Falta de Atenção à Condução"";1;""Colisão com objeto estático"";""Com Vítimas Feridas"";""Plena Noite"";""Decrescente"";""Chuva"";""Dupla"";""Reta"";""Não"";465097;""Automóvel"";""GM/VECTRA SEDAN ELEGANCE"";2010;""Passageiro"";""Ileso"";2;""Masculino"";1;0;0;0;-23",14400328;-52,"2818582;""SR-PR"";""DEL7/7"";""UOP05/PR""",
"260667;579872;2020-01-03;""sexta"";""19:50:00"";""PR"";376;124;""ALTO PARANA"";""Sim"";""Falta de Atenção à Condução"";1;""Colisão com objeto estático"";""Com Vítimas Feridas"";""Plena Noite"";""Decrescente"";""Chuva"";""Dupla"";""Reta"";""Não"";465097;""Automóvel"";""GM/VECTRA SEDAN ELEGANCE"";2010;""Passageiro"";""Ileso"";65;""Masculino"";1;0;0;0;-23",14400328;-52,"2818582;""SR-PR"";""DEL7/7"";""UOP05/PR""",
"260667;579870;2020-01-03;""sexta"";""19:50:00"";""PR"";376;124;""ALTO PARANA"";""Sim"";""Falta de Atenção à Condução"";1;""Colisão com objeto estático"";""Com Vítimas Feridas"";""Plena Noite"";""Decrescente"";""Chuva"";""Dupla"";""Reta"";""Não"";465097;""Automóvel"";""GM/VECTRA SEDAN ELEGANCE"";2010;""Condutor"";""Ileso"";35;""Feminino"";1;0;0;0;-23",14400328;-52,"2818582;""SR-PR"";""DEL7/7"";""UOP05/PR""",
"260668;581706;2020-01-03;""sexta"";""18:30:00"";""AL"";316;209","9;""MARIBONDO"";""Sim"";""Falta de Atenção à Condução"";1;""Saída de leito carroçável"";""Com Vítimas Feridas"";""Plena Noite"";""Crescente"";""Céu Claro"";""Simples"";""Reta"";""Não"";465121;""Caminhonete"";""VW/SAVEIRO 1.6 SUPERSURF"";2007;""Passageiro"";""Lesões Leves"";62;""Feminino"";0;1;0;0;-9",54888383;-36,"25620605;""SR-AL"";""DEL13/1"";""UOP01/AL"""
"260668;581705;2020-01-03;""sexta"";""18:30:00"";""AL"";316;209","9;""MARIBONDO"";""Sim"";""Falta de Atenção à Condução"";1;""Saída de leito carroçável"";""Com Vítimas Feridas"";""Plena Noite"";""Crescente"";""Céu Claro"";""Simples"";""Reta"";""Não"";465121;""Caminhonete"";""VW/SAVEIRO 1.6 SUPERSURF"";2007;""Condutor"";""Lesões Leves"";63;""Masculino"";0;1;0;0;-9",54888383;-36,"25620605;""SR-AL"";""DEL13/1"";""UOP01/AL"""