"id;""pesid"";""data_inversa"";""dia_semana"";""horario"";""uf"";""br"";""km"";""municipio"";""causa_principal"";""causa_acidente"";""ordem_tipo_acidente"";""tipo_acidente"";""classificacao_acidente"";""fase_dia"";""sentido_via"";""condicao_metereologica"";""tipo_pista"";""tracado_via"";""uso_solo"";""id_veiculo"";""tipo_veiculo"";""marca"";""ano_fabricacao_veiculo"";""tipo_envolvido"";""estado_fisico"";""idade"";""sexo"";""ilesos"";""feridos_leves"";""feridos_graves"";""mortos"";""latitude"";""longitude"";""regional"";""delegacia"";""uop""",,,
"260708;582557;2020-01-04;""sábado"";""01:10:00"";""SC"";101;93","1;""BARRA VELHA"";""Não"";""Pista Escorregadia"";1;""Saída de leito carroçável"";""Com Vítimas Feridas"";""Plena Noite"";""Crescente"";""Chuva"";""Dupla"";""Reta"";""Não"";465177;""Automóvel"";""HONDA/HR-V EXL CVT"";2015;""Passageiro"";""Lesões Leves"";18;""Feminino"";0;1;0;0;-26",6899011;-48,"69663873;""SR-SC"";""DEL8/3"";""UOP02/SC"""
"260708;582503;2020-01-04;""sábado"";""01:10:00"";""SC"";101;93","1;""BARRA VELHA"";""Não"";""Pista Escorregadia"";3;""Colisão com objeto estático"";""Com Vítimas Feridas"";""Plena Noite"";""Crescente"";""Chuva"";""Dupla"";""Reta"";""Não"";465177;""Automóvel"";""HONDA/HR-V EXL CVT"";2015;""Condutor"";""Lesões Leves"";40;""Feminino"";0;1;0;0;-26",6899011;-48,"69663873;""SR-SC"";""DEL8/3"";""UOP02/SC"""
"260708;582557;2020-01-04;""sábado"";""01:10:00"";""SC"";101;93","1;""BARRA VELHA"";""Não"";""Pista Escorregadia"";3;""Colisão com objeto estático"";""Com Vítimas Feridas"";""Plena Noite"";""Crescente"";""Chuva"";""Dupla"";""Reta"";""Não"";465177;""Automóvel"";""HONDA/HR-V EXL CVT"";2015;""Passageiro"";""Lesões Leves"";18;""Feminino"";0;1;0;0;-26",6899011;-48,"69663873;""SR-SC"";""DEL8/3"";""UOP02/SC"""
"260708;582503;2020-01-04;""sábado"";""01:10:00"";""SC"";101;93","1;""BARRA VELHA"";""Sim"";""Velocidade Incompatível"";2;""Capotamento"";""Com Vítimas Feridas"";""Plena Noite"";""Crescente"";""Chuva"";""Dupla"";""Reta"";""Não"";465177;""Automóvel"";""HONDA/HR-V EXL CVT"";2015;""Condutor"";""Lesões Leves"";40;""Feminino"";0;1;0;0;-26",6899011;-48,"69663873;""SR-SC"";""DEL8/3"";""UOP02/SC"""
"260708;582557;2020-01-04;""sábado"";""01:10:00"";""SC"";101;93","1;""BARRA VELHA"";""Sim"";""Velocidade Incompatível"";2;""Capotamento"";""Com Vítimas Feridas"";""Plena Noite"";""Crescente"";""Chuva"";""Dupla"";""Reta"";""Não"";465177;""Automóvel"";""HONDA/HR-V EXL CVT"";2015;""Passageiro"";""Lesões Leves"";18;""Feminino"";0;1;0;0;-26",6899011;-48,"69663873;""SR-SC"";""DEL8/3"";""UOP02/SC"""
"260708;582503;2020-01-04;""sábado"";""01:10:00"";""SC"";101;93","1;""BARRA VELHA"";""Sim"";""Velocidade Incompatível"";1;""Saída de leito carroçável"";""Com Vítimas Feridas"";""Plena Noite"";""Crescente"";""Chuva"";""Dupla"";""Reta"";""Não"";465177;""Automóvel"";""HONDA/HR-V EXL CVT"";2015;""Condutor"";""Lesões Leves"";40;""Feminino"";0;1;0;0;-26",6899011;-48,"69663873;""SR-SC"";""DEL8/3"";""UOP02/SC"""
"260708;582557;2020-01-04;""sábado"";""01:10:00"";""SC"";101;93","1;""BARRA VELHA"";""Sim"";""Velocidade Incompatível"";1;""Saída de leito carroçável"";""Com Vítimas Feridas"";""Plena Noite"";""Crescente"";""Chuva"";""Dupla"";""Reta"";""Não"";465177;""Automóvel"";""HONDA/HR-V EXL CVT"";2015;""Passageiro"";""Lesões Leves"";18;""Feminino"";0;1;0;0;-26",6899011;-48,"69663873;""SR-SC"";""DEL8/3"";""UOP02/SC"""
"260708;582503;2020-01-04;""sábado"";""01:10:00"";""SC"";101;93","1;""BARRA VELHA"";""Sim"";""Velocidade Incompatível"";3;""Colisão com objeto estático"";""Com Vítimas Feridas"";""Plena Noite"";""Crescente"";""Chuva"";""Dupla"";""Reta"";""Não"";465177;""Automóvel"";""HONDA/HR-V EXL CVT"";2015;""Condutor"";""Lesões Leves"";40;""Feminino"";0;1;0;0;-26",6899011;-48,"69663873;""SR-SC"";""DEL8/3"";""UOP02/SC"""
"260708;582557;2020-01-04;""sábado"";""01:10:00"";""SC"";101;93","1;""BARRA VELHA"";""Sim"";""Velocidade Incompatível"";3;""Colisão com objeto estático"";""Com Vítimas Feridas"";""Plena Noite"";""Crescente"";""Chuva"";""Dupla"";""Reta"";""Não"";465177;""Automóvel"";""HONDA/HR-V EXL CVT"";2015;""Passageiro"";""Lesões Leves"";18;""Feminino"";0;1;0;0;-26",6899011;-48,"69663873;""SR-SC"";""DEL8/3"";""UOP02/SC"""
"260710;579983;2020-01-04;""sábado"";""00:10:00"";""RS"";386;348;""LAJEADO"";""Sim"";""Falta de Atenção à Condução"";1;""Saída de leito carroçável"";""Com Vítimas Feridas"";""Plena Noite"";""Crescente"";""Céu Claro"";""Dupla"";""Reta"";""Sim"";465175;""Automóvel"";""VW/FUSCA 1300"";1976;""Condutor"";""Lesões Leves"";64;""Masculino"";0;1;0;0;-29",456644;-51,"957329;""SR-RS"";""DEL9/4"";""UOP02/RS""",
"260710;579983;2020-01-04;""sábado"";""00:10:00"";""RS"";386;348;""LAJEADO"";""Sim"";""Falta de Atenção à Condução"";2;""Colisão com objeto estático"";""Com Vítimas Feridas"";""Plena Noite"";""Crescente"";""Céu Claro"";""Dupla"";""Reta"";""Sim"";465175;""Automóvel"";""VW/FUSCA 1300"";1976;""Condutor"";""Lesões Leves"";64;""Masculino"";0;1;0;0;-29",456644;-51,"957329;""SR-RS"";""DEL9/4"";""UOP02/RS""",
"260711;581447;2020-01-03;""sexta"";""23:30:00"";""BA"";101;610;""MASCOTE"";""Sim"";""Agressão Externa"";2;""Colisão com objeto estático"";""Sem Vítimas"";""Plena Noite"";""Decrescente"";""Céu Claro"";""Simples"";""Curva"";""Não"";465176;""Caminhão"";""M.BENZ/L 1620"";2011;""Condutor"";""Ileso"";41;""Masculino"";1;0;0;0;-15",57794;-39,"4081;""SR-BA"";""DEL10/5"";""UOP02/BA""",
"260711;581447;2020-01-03;""sexta"";""23:30:00"";""BA"";101;610;""MASCOTE"";""Sim"";""Agressão Externa"";3;""Tombamento"";""Sem Vítimas"";""Plena Noite"";""Decrescente"";""Céu Claro"";""Simples"";""Curva"";""Não"";465176;""Caminhão"";""M.BENZ/L 1620"";2011;""Condutor"";""Ileso"";41;""Masculino"";1;0;0;0;-15",57794;-39,"4081;""SR-BA"";""DEL10/5"";""UOP02/BA""",
"260711;581447;2020-01-03;""sexta"";""23:30:00"";""BA"";101;610;""MASCOTE"";""Sim"";""Agressão Externa"";1;""Saída de leito carroçável"";""Sem Vítimas"";""Plena Noite"";""Decrescente"";""Céu Claro"";""Simples"";""Curva"";""Não"";465176;""Caminhão"";""M.BENZ/L 1620"";2011;""Condutor"";""Ileso"";41;""Masculino"";1;0;0;0;-15",57794;-39,"4081;""SR-BA"";""DEL10/5"";""UOP02/BA""",
"260711;581447;2020-01-03;""sexta"";""23:30:00"";""BA"";101;610;""MASCOTE"";""Não"";""Restrição de Visibilidade"";2;""Colisão com objeto estático"";""Sem Vítimas"";""Plena Noite"";""Decrescente"";""Céu Claro"";""Simples"";""Curva"";""Não"";465176;""Caminhão"";""M.BENZ/L 1620"";2011;""Condutor"";""Ileso"";41;""Masculino"";1;0;0;0;-15",57794;-39,"4081;""SR-BA"";""DEL10/5"";""UOP02/BA""",
"260711;581447;2020-01-03;""sexta"";""23:30:00"";""BA"";101;610;""MASCOTE"";""Não"";""Restrição de Visibilidade"";3;""Tombamento"";""Sem Vítimas"";""Plena Noite"";""Decrescente"";""Céu Claro"";""Simples"";""Curva"";""Não"";465176;""Caminhão"";""M.BENZ/L 1620"";2011;""Condutor"";""Ileso"";41;""Masculino"";1;0;0;0;-15",57794;-39,"4081;""SR-BA"";""DEL10/5"";""UOP02/BA""",
"260711;581447;2020-01-03;""sexta"";""23:30:00"";""BA"";101;610;""MASCOTE"";""Não"";""Restrição de Visibilidade"";1;""Saída de leito carroçável"";""Sem Vítimas"";""Plena Noite"";""Decrescente"";""Céu Claro"";""Simples"";""Curva"";""Não"";465176;""Caminhão"";""M.BENZ/L 1620"";2011;""Condutor"";""Ileso"";41;""Masculino"";1;0;0;0;-15",57794;-39,"4081;""SR-BA"";""DEL10/5"";""UOP02/BA""",
"260712;579999;2020-01-03;""sexta"";""21:40:00"";""TO"";242;422","2;""FORMOSO DO ARAGUAIA"";""Sim"";""Defeito Mecânico no Veículo"";2;""Capotamento"";""Sem Vítimas"";""Plena Noite"";""Decrescente"";""Céu Claro"";""Simples"";""Reta"";""Não"";465179;""Automóvel"";""VW/VOYAGE 1.0"";2011;""Passageiro"";""Ileso"";49;""Masculino"";1;0;0;0;-11",93028018;-49,"29724405;""SR-TO"";""UOP01/TO"";"""""
"260712;579998;2020-01-03;""sexta"";""21:40:00"";""TO"";242;422","2;""FORMOSO DO ARAGUAIA"";""Sim"";""Defeito Mecânico no Veículo"";2;""Capotamento"";""Sem Vítimas"";""Plena Noite"";""Decrescente"";""Céu Claro"";""Simples"";""Reta"";""Não"";465179;""Automóvel"";""VW/VOYAGE 1.0"";2011;""Passageiro"";""Ileso"";40;""Feminino"";1;0;0;0;-11",93028018;-49,"29724405;""SR-TO"";""UOP01/TO"";"""""
"260712;579997;2020-01-03;""sexta"";""21:40:00"";""TO"";242;422","2;""FORMOSO DO ARAGUAIA"";""Sim"";""Defeito Mecânico no Veículo"";2;""Capotamento"";""Sem Vítimas"";""Plena Noite"";""Decrescente"";""Céu Claro"";""Simples"";""Reta"";""Não"";465179;""Automóvel"";""VW/VOYAGE 1.0"";2011;""Passageiro"";""Ileso"";9;""Feminino"";1;0;0;0;-11",93028018;-49,"29724405;""SR-TO"";""UOP01/TO"";"""""
"260712;579995;2020-01-03;""sexta"";""21:40:00"";""TO"";242;422","2;""FORMOSO DO ARAGUAIA"";""Sim"";""Defeito Mecânico no Veículo"";2;""Capotamento"";""Sem Vítimas"";""Plena Noite"";""Decrescente"";""Céu Claro"";""Simples"";""Reta"";""Não"";465179;""Automóvel"";""VW/VOYAGE 1.0"";2011;""Passageiro"";""Ileso"";12;""Feminino"";1;0;0;0;-11",93028018;-49,"29724405;""SR-TO"";""UOP01/TO"";"""""
"260712;579994;2020-01-03;""sexta"";""21:40:00"";""TO"";242;422","2;""FORMOSO DO ARAGUAIA"";""Sim"";""Defeito Mecânico no Veículo"";2;""Capotamento"";""Sem Vítimas"";""Plena Noite"";""Decrescente"";""Céu Claro"";""Simples"";""Reta"";""Não"";465179;""Automóvel"";""VW/VOYAGE 1.0"";2011;""Condutor"";""Ileso"";43;""Feminino"";1;0;0;0;-11",93028018;-49,"29724405;""SR-TO"";""UOP01/TO"";"""""
"260712;579999;2020-01-03;""sexta"";""21:40:00"";""TO"";242;422","2;""FORMOSO DO ARAGUAIA"";""Sim"";""Defeito Mecânico no Veículo"";1;""Saída de leito carroçável"";""Sem Vítimas"";""Plena Noite"";""Decrescente"";""Céu Claro"";""Simples"";""Reta"";""Não"";465179;""Automóvel"";""VW/VOYAGE 1.0"";2011;""Passageiro"";""Ileso"";49;""Masculino"";1;0;0;0;-11",93028018;-49,"29724405;""SR-TO"";""UOP01/TO"";"""""
"260712;579998;2020-01-03;""sexta"";""21:40:00"";""TO"";242;422","2;""FORMOSO DO ARAGUAIA"";""Sim"";""Defeito Mecânico no Veículo"";1;""Saída de leito carroçável"";""Sem Vítimas"";""Plena Noite"";""Decrescente"";""Céu Claro"";""Simples"";""Reta"";""Não"";465179;""Automóvel"";""VW/VOYAGE 1.0"";2011;""Passageiro"";""Ileso"";40;""Feminino"";1;0;0;0;-11",93028018;-49,"29724405;""SR-TO"";""UOP01/TO"";"""""
"260712;579997;2020-01-03;""sexta"";""21:40:00"";""TO"";242;422","2;""FORMOSO DO ARAGUAIA"";""Sim"";""Defeito Mecânico no Veículo"";1;""Saída de leito carroçável"";""Sem Vítimas"";""Plena Noite"";""Decrescente"";""Céu Claro"";""Simples"";""Reta"";""Não"";465179;""Automóvel"";""VW/VOYAGE 1.0"";2011;""Passageiro"";""Ileso"";9;""Feminino"";1;0;0;0;-11",93028018;-49,"29724405;""SR-TO"";""UOP01/TO"";"""""
"260712;579995;2020-01-03;""sexta"";""21:40:00"";""TO"";242;422","2;""FORMOSO DO ARAGUAIA"";""Sim"";""Defeito Mecânico no Veículo"";1;""Saída de leito carroçável"";""Sem Vítimas"";""Plena Noite"";""Decrescente"";""Céu Claro"";""Simples"";""Reta"";""Não"";465179;""Automóvel"";""VW/VOYAGE 1.0"";2011;""Passageiro"";""Ileso"";12;""Feminino"";1;0;0;0;-11",93028018;-49,"29724405;""SR-TO"";""UOP01/TO"";"""""
"260712;579994;2020-01-03;""sexta"";""21:40:00"";""TO"";242;422","2;""FORMOSO DO ARAGUAIA"";""Sim"";""Defeito Mecânico no Veículo"";1;""Saída de leito carroçável"";""Sem Vítimas"";""Plena Noite"";""Decrescente"";""Céu Claro"";""Simples"";""Reta"";""Não"";465179;""Automóvel"";""VW/VOYAGE 1.0"";2011;""Condutor"";""Ileso"";43;""Feminino"";1;0;0;0;-11",93028018;-49,"29724405;""SR-TO"";""UOP01/TO"";"""""
"260713;580005;2020-01-04;""sábado"";""00:45:00"";""PR"";376;168","3;""MARINGA"";""Sim"";""Ingestão de Álcool"";1;""Saída de leito carroçável"";""Com Vítimas Feridas"";""Plena Noite"";""Crescente"";""Céu Claro"";""Dupla"";""Reta"";""Não"";465190;""Automóvel"";""GM/KADETT SL"";1991;""Condutor"";""Ileso"";38;""Masculino"";1;0;0;0;-23",409788;-51,"987453;""SR-PR"";""DEL7/7"";""UOP04/PR"""
"260713;580006;2020-01-04;""sábado"";""00:45:00"";""PR"";376;168","3;""MARINGA"";""Sim"";""Ingestão de Álcool"";1;""Saída de leito carroçável"";""Com Vítimas Feridas"";""Plena Noite"";""Crescente"";""Céu Claro"";""Dupla"";""Reta"";""Não"";465190;""Automóvel"";""GM/KADETT SL"";1991;""Passageiro"";""Lesões Leves"";39;""Feminino"";0;1;0;0;-23",409788;-51,"987453;""SR-PR"";""DEL7/7"";""UOP04/PR"""
"260714;580019;2020-01-04;""sábado"";""00:45:00"";""SC"";470;71","1;""INDAIAL"";""Sim"";""Desobediência às normas de trânsito pelo condutor"";1;""Colisão transversal"";""Com Vítimas Fatais"";""Plena Noite"";""Decrescente"";""Chuva"";""Simples"";""Reta"";""Não"";465199;""Automóvel"";""GM/VECTRA GLS"";1996;""Condutor"";""Óbito"";53;""Masculino"";0;0;0;1;-26",895243;-49,"262104;""SR-SC"";""DEL8/4"";""UOP01/SC"""
"260714;580023;2020-01-04;""sábado"";""00:45:00"";""SC"";470;71","1;""INDAIAL"";""Sim"";""Desobediência às normas de trânsito pelo condutor"";1;""Colisão transversal"";""Com Vítimas Fatais"";""Plena Noite"";""Decrescente"";""Chuva"";""Simples"";""Reta"";""Não"";465200;""Caminhonete"";""CHEVROLET/S10 HC DD4A"";2017;""Passageiro"";""Lesões Leves"";64;""Feminino"";0;1;0;0;-26",895243;-49,"262104;""SR-SC"";""DEL8/4"";""UOP01/SC"""
"260714;580022;2020-01-04;""sábado"";""00:45:00"";""SC"";470;71","1;""INDAIAL"";""Sim"";""Desobediência às normas de trânsito pelo condutor"";1;""Colisão transversal"";""Com Vítimas Fatais"";""Plena Noite"";""Decrescente"";""Chuva"";""Simples"";""Reta"";""Não"";465200;""Caminhonete"";""CHEVROLET/S10 HC DD4A"";2017;""Condutor"";""Lesões Leves"";69;""Masculino"";0;1;0;0;-26",895243;-49,"262104;""SR-SC"";""DEL8/4"";""UOP01/SC"""
"260715;581658;2020-01-04;""sábado"";""02:30:00"";""MG"";381;742","2;""TRES CORACOES"";""Sim"";""Falta de Atenção à Condução"";1;""Saída de leito carroçável"";""Com Vítimas Feridas"";""Plena Noite"";""Crescente"";""Céu Claro"";""Dupla"";""Reta"";""Não"";465304;""Automóvel"";""FIAT/IDEA ADVENTURE FLEX"";2007;""Passageiro"";""Lesões Leves"";51;""Feminino"";0;1;0;0;-21",60383448;-45,"24054337;""SR-MG"";""DEL09"";""UOP02/MG"""
"260715;581654;2020-01-04;""sábado"";""02:30:00"";""MG"";381;742","2;""TRES CORACOES"";""Sim"";""Falta de Atenção à Condução"";1;""Saída de leito carroçável"";""Com Vítimas Feridas"";""Plena Noite"";""Crescente"";""Céu Claro"";""Dupla"";""Reta"";""Não"";465304;""Automóvel"";""FIAT/IDEA ADVENTURE FLEX"";2007;""Passageiro"";""Lesões Leves"";9;""Masculino"";0;1;0;0;-21",60383448;-45,"24054337;""SR-MG"";""DEL09"";""UOP02/MG"""
"260715;581650;2020-01-04;""sábado"";""02:30:00"";""MG"";381;742","2;""TRES CORACOES"";""Sim"";""Falta de Atenção à Condução"";1;""Saída de leito carroçável"";""Com Vítimas Feridas"";""Plena Noite"";""Crescente"";""Céu Claro"";""Dupla"";""Reta"";""Não"";465304;""Automóvel"";""FIAT/IDEA ADVENTURE FLEX"";2007;""Condutor"";""Lesões Graves"";56;""Masculino"";0;0;1;0;-21",60383448;-45,"24054337;""SR-MG"";""DEL09"";""UOP02/MG"""
"260716;580025;2020-01-04;""sábado"";""02:40:00"";""RS"";116;143","4;""CAXIAS DO SUL"";""Sim"";""Velocidade Incompatível"";1;""Colisão com objeto estático"";""Com Vítimas Feridas"";""Plena Noite"";""Crescente"";""Céu Claro"";""Dupla"";""Curva"";""Sim"";465184;""Automóvel"";""FIAT/PUNTO BLACKMOTIN"";2014;""Condutor"";""Lesões Graves"";21;""Masculino"";0;0;1;0;-29",1201739;-51,"12260651;""SR-RS"";""DEL9/5"";""UOP01/RS"""
"260716;580026;2020-01-04;""sábado"";""02:40:00"";""RS"";116;143","4;""CAXIAS DO SUL"";""Sim"";""Velocidade Incompatível"";1;""Colisão com objeto estático"";""Com Vítimas Feridas"";""Plena Noite"";""Crescente"";""Céu Claro"";""Dupla"";""Curva"";""Sim"";465184;""Automóvel"";""FIAT/PUNTO BLACKMOTIN"";2014;""Testemunha"";""Não Informado"";NA;""Não Informado"";0;0;0;0;-29",1201739;-51,"12260651;""SR-RS"";""DEL9/5"";""UOP01/RS"""
"260717;581717;2020-01-04;""sábado"";""02:40:00"";""MG"";381;882","4;""ESTIVA"";""Sim"";""Animais na Pista"";1;""Atropelamento de Animal"";""Com Vítimas Feridas"";""Plena Noite"";""Crescente"";""Nublado"";""Dupla"";""Reta"";""Não"";465187;""Automóvel"";""HONDA/CIVIC TOURING CVT"";2019;""Condutor"";""Ileso"";41;""Masculino"";1;0;0;0;-22",47895349;-46,"01083274;""SR-MG"";""DEL09"";""UOP01/MG"""
"260717;581696;2020-01-04;""sábado"";""02:40:00"";""MG"";381;882","4;""ESTIVA"";""Sim"";""Animais na Pista"";1;""Atropelamento de Animal"";""Com Vítimas Feridas"";""Plena Noite"";""Crescente"";""Nublado"";""Dupla"";""Reta"";""Não"";465186;""Automóvel"";""TOYOTA/COROLLA XEI20FLEX"";2010;""Passageiro"";""Ileso"";23;""Feminino"";1;0;0;0;-22",47895349;-46,"01083274;""SR-MG"";""DEL09"";""UOP01/MG"""
"260717;581695;2020-01-04;""sábado"";""02:40:00"";""MG"";381;882","4;""ESTIVA"";""Sim"";""Animais na Pista"";1;""Atropelamento de Animal"";""Com Vítimas Feridas"";""Plena Noite"";""Crescente"";""Nublado"";""Dupla"";""Reta"";""Não"";465186;""Automóvel"";""TOYOTA/COROLLA XEI20FLEX"";2010;""Passageiro"";""Lesões Leves"";26;""Feminino"";0;1;0;0;-22",47895349;-46,"01083274;""SR-MG"";""DEL09"";""UOP01/MG"""
"260717;581694;2020-01-04;""sábado"";""02:40:00"";""MG"";381;882","4;""ESTIVA"";""Sim"";""Animais na Pista"";1;""Atropelamento de Animal"";""Com Vítimas Feridas"";""Plena Noite"";""Crescente"";""Nublado"";""Dupla"";""Reta"";""Não"";465186;""Automóvel"";""TOYOTA/COROLLA XEI20FLEX"";2010;""Passageiro"";""Lesões Leves"";25;""Masculino"";0;1;0;0;-22",47895349;-46,"01083274;""SR-MG"";""DEL09"";""UOP01/MG"""
"260717;581693;2020-01-04;""sábado"";""02:40:00"";""MG"";381;882","4;""ESTIVA"";""Sim"";""Animais na Pista"";1;""Atropelamento de Animal"";""Com Vítimas Feridas"";""Plena Noite"";""Crescente"";""Nublado"";""Dupla"";""Reta"";""Não"";465186;""Automóvel"";""TOYOTA/COROLLA XEI20FLEX"";2010;""Condutor"";""Lesões Leves"";23;""Masculino"";0;1;0;0;-22",47895349;-46,"01083274;""SR-MG"";""DEL09"";""UOP01/MG"""
"260718;581874;2020-01-04;""sábado"";""04:15:00"";""GO"";50;161;""CAMPO ALEGRE DE GOIAS"";""Sim"";""Falta de Atenção à Condução"";2;""Colisão com objeto estático"";""Com Vítimas Feridas"";""Amanhecer"";""Crescente"";""Chuva"";""Dupla"";""Reta"";""Não"";465216;""Automóvel"";""FORD/FIESTA SEDAN1.6FLEX"";2006;""Passageiro"";""Ileso"";6;""Feminino"";1;0;0;0;-17",263;-47,"7694;""SR-GO"";""DEL1/6"";""UOP01/GO""",
"260718;581878;2020-01-04;""sábado"";""04:15:00"";""GO"";50;161;""CAMPO ALEGRE DE GOIAS"";""Sim"";""Falta de Atenção à Condução"";2;""Colisão com objeto estático"";""Com Vítimas Feridas"";""Amanhecer"";""Crescente"";""Chuva"";""Dupla"";""Reta"";""Não"";465216;""Automóvel"";""FORD/FIESTA SEDAN1.6FLEX"";2006;""Passageiro"";""Ileso"";28;""Feminino"";1;0;0;0;-17",263;-47,"7694;""SR-GO"";""DEL1/6"";""UOP01/GO""",
"260718;581877;2020-01-04;""sábado"";""04:15:00"";""GO"";50;161;""CAMPO ALEGRE DE GOIAS"";""Sim"";""Falta de Atenção à Condução"";2;""Colisão com objeto estático"";""Com Vítimas Feridas"";""Amanhecer"";""Crescente"";""Chuva"";""Dupla"";""Reta"";""Não"";465216;""Automóvel"";""FORD/FIESTA SEDAN1.6FLEX"";2006;""Passageiro"";""Ileso"";27;""Masculino"";1;0;0;0;-17",263;-47,"7694;""SR-GO"";""DEL1/6"";""UOP01/GO""",
"260718;581875;2020-01-04;""sábado"";""04:15:00"";""GO"";50;161;""CAMPO ALEGRE DE GOIAS"";""Sim"";""Falta de Atenção à Condução"";2;""Colisão com objeto estático"";""Com Vítimas Feridas"";""Amanhecer"";""Crescente"";""Chuva"";""Dupla"";""Reta"";""Não"";465216;""Automóvel"";""FORD/FIESTA SEDAN1.6FLEX"";2006;""Passageiro"";""Lesões Leves"";31;""Feminino"";0;1;0;0;-17",263;-47,"7694;""SR-GO"";""DEL1/6"";""UOP01/GO""",
"260718;581872;2020-01-04;""sábado"";""04:15:00"";""GO"";50;161;""CAMPO ALEGRE DE GOIAS"";""Sim"";""Falta de Atenção à Condução"";2;""Colisão com objeto estático"";""Com Vítimas Feridas"";""Amanhecer"";""Crescente"";""Chuva"";""Dupla"";""Reta"";""Não"";465216;""Automóvel"";""FORD/FIESTA SEDAN1.6FLEX"";2006;""Condutor"";""Ileso"";34;""Masculino"";1;0;0;0;-17",263;-47,"7694;""SR-GO"";""DEL1/6"";""UOP01/GO""",
"260718;581874;2020-01-04;""sábado"";""04:15:00"";""GO"";50;161;""CAMPO ALEGRE DE GOIAS"";""Sim"";""Falta de Atenção à Condução"";1;""Saída de leito carroçável"";""Com Vítimas Feridas"";""Amanhecer"";""Crescente"";""Chuva"";""Dupla"";""Reta"";""Não"";465216;""Automóvel"";""FORD/FIESTA SEDAN1.6FLEX"";2006;""Passageiro"";""Ileso"";6;""Feminino"";1;0;0;0;-17",263;-47,"7694;""SR-GO"";""DEL1/6"";""UOP01/GO""",
"260718;581878;2020-01-04;""sábado"";""04:15:00"";""GO"";50;161;""CAMPO ALEGRE DE GOIAS"";""Sim"";""Falta de Atenção à Condução"";1;""Saída de leito carroçável"";""Com Vítimas Feridas"";""Amanhecer"";""Crescente"";""Chuva"";""Dupla"";""Reta"";""Não"";465216;""Automóvel"";""FORD/FIESTA SEDAN1.6FLEX"";2006;""Passageiro"";""Ileso"";28;""Feminino"";1;0;0;0;-17",263;-47,"7694;""SR-GO"";""DEL1/6"";""UOP01/GO""",
"260718;581877;2020-01-04;""sábado"";""04:15:00"";""GO"";50;161;""CAMPO ALEGRE DE GOIAS"";""Sim"";""Falta de Atenção à Condução"";1;""Saída de leito carroçável"";""Com Vítimas Feridas"";""Amanhecer"";""Crescente"";""Chuva"";""Dupla"";""Reta"";""Não"";465216;""Automóvel"";""FORD/FIESTA SEDAN1.6FLEX"";2006;""Passageiro"";""Ileso"";27;""Masculino"";1;0;0;0;-17",263;-47,"7694;""SR-GO"";""DEL1/6"";""UOP01/GO""",
"260718;581875;2020-01-04;""sábado"";""04:15:00"";""GO"";50;161;""CAMPO ALEGRE DE GOIAS"";""Sim"";""Falta de Atenção à Condução"";1;""Saída de leito carroçável"";""Com Vítimas Feridas"";""Amanhecer"";""Crescente"";""Chuva"";""Dupla"";""Reta"";""Não"";465216;""Automóvel"";""FORD/FIESTA SEDAN1.6FLEX"";2006;""Passageiro"";""Lesões Leves"";31;""Feminino"";0;1;0;0;-17",263;-47,"7694;""SR-GO"";""DEL1/6"";""UOP01/GO""",
"260718;581872;2020-01-04;""sábado"";""04:15:00"";""GO"";50;161;""CAMPO ALEGRE DE GOIAS"";""Sim"";""Falta de Atenção à Condução"";1;""Saída de leito carroçável"";""Com Vítimas Feridas"";""Amanhecer"";""Crescente"";""Chuva"";""Dupla"";""Reta"";""Não"";465216;""Automóvel"";""FORD/FIESTA SEDAN1.6FLEX"";2006;""Condutor"";""Ileso"";34;""Masculino"";1;0;0;0;-17",263;-47,"7694;""SR-GO"";""DEL1/6"";""UOP01/GO""",
"260719;580018;2020-01-03;""sexta"";""23:40:00"";""MG"";262;480","7;""BOM DESPACHO"";""Sim"";""Falta de Atenção à Condução"";1;""Tombamento"";""Com Vítimas Feridas"";""Plena Noite"";""Crescente"";""Chuva"";""Simples"";""Não Informado"";""Não"";465192;""Caminhão"";""I/M.BENZ313CDI SPRINTERF"";2008;""Condutor"";""Lesões Leves"";46;""Masculino"";0;1;0;0;-19",78696514;-45,"24828201;""SR-MG"";""DEL4/8"";""UOP03/MG"""
"260720;580100;2020-01-04;""sábado"";""05:40:00"";""RS"";472;578","6;""URUGUAIANA"";""Sim"";""Ingestão de Álcool"";2;""Saída de leito carroçável"";""Com Vítimas Fatais"";""Amanhecer"";""Decrescente"";""Céu Claro"";""Simples"";""Reta"";""Sim"";465256;""Automóvel"";""GM/CORSA WIND"";1999;""Passageiro"";""Óbito"";24;""Masculino"";0;0;0;1;-29",78389642;-57,"07174301;""SR-RS"";""DEL9/13"";""UOP01/RS"""
"260720;581187;2020-01-04;""sábado"";""05:40:00"";""RS"";472;578","6;""URUGUAIANA"";""Sim"";""Ingestão de Álcool"";2;""Saída de leito carroçável"";""Com Vítimas Fatais"";""Amanhecer"";""Decrescente"";""Céu Claro"";""Simples"";""Reta"";""Sim"";465256;""Automóvel"";""GM/CORSA WIND"";1999;""Passageiro"";""Lesões Leves"";25;""Feminino"";0;1;0;0;-29",78389642;-57,"07174301;""SR-RS"";""DEL9/13"";""UOP01/RS"""
"260720;581201;2020-01-04;""sábado"";""05:40:00"";""RS"";472;578","6;""URUGUAIANA"";""Sim"";""Ingestão de Álcool"";2;""Saída de leito carroçável"";""Com Vítimas Fatais"";""Amanhecer"";""Decrescente"";""Céu Claro"";""Simples"";""Reta"";""Sim"";465256;""Automóvel"";""GM/CORSA WIND"";1999;""Testemunha"";""Não Informado"";NA;""Não Informado"";0;0;0;0;-29",78389642;-57,"07174301;""SR-RS"";""DEL9/13"";""UOP01/RS"""