"id;""pesid"";""data_inversa"";""dia_semana"";""horario"";""uf"";""br"";""km"";""municipio"";""causa_principal"";""causa_acidente"";""ordem_tipo_acidente"";""tipo_acidente"";""classificacao_acidente"";""fase_dia"";""sentido_via"";""condicao_metereologica"";""tipo_pista"";""tracado_via"";""uso_solo"";""id_veiculo"";""tipo_veiculo"";""marca"";""ano_fabricacao_veiculo"";""tipo_envolvido"";""estado_fisico"";""idade"";""sexo"";""ilesos"";""feridos_leves"";""feridos_graves"";""mortos"";""latitude"";""longitude"";""regional"";""delegacia"";""uop""",,,
"260720;581194;2020-01-04;""sábado"";""05:40:00"";""RS"";472;578","6;""URUGUAIANA"";""Sim"";""Ingestão de Álcool"";2;""Saída de leito carroçável"";""Com Vítimas Fatais"";""Amanhecer"";""Decrescente"";""Céu Claro"";""Simples"";""Reta"";""Sim"";465256;""Automóvel"";""GM/CORSA WIND"";1999;""Condutor"";""Lesões Graves"";24;""Masculino"";0;0;1;0;-29",78389642;-57,"07174301;""SR-RS"";""DEL9/13"";""UOP01/RS"""
"260720;582658;2020-01-04;""sábado"";""05:40:00"";""RS"";472;578","6;""URUGUAIANA"";""Sim"";""Ingestão de Álcool"";2;""Saída de leito carroçável"";""Com Vítimas Fatais"";""Amanhecer"";""Decrescente"";""Céu Claro"";""Simples"";""Reta"";""Sim"";466508;""Automóvel"";"""";NA;""Condutor"";""Não Informado"";NA;""Não Informado"";0;0;0;0;-29",78389642;-57,"07174301;""SR-RS"";""DEL9/13"";""UOP01/RS"""
"260720;581201;2020-01-04;""sábado"";""05:40:00"";""RS"";472;578","6;""URUGUAIANA"";""Sim"";""Ingestão de Álcool"";2;""Saída de leito carroçável"";""Com Vítimas Fatais"";""Amanhecer"";""Decrescente"";""Céu Claro"";""Simples"";""Reta"";""Sim"";466508;""Automóvel"";"""";NA;""Testemunha"";""Não Informado"";NA;""Não Informado"";0;0;0;0;-29",78389642;-57,"07174301;""SR-RS"";""DEL9/13"";""UOP01/RS"""
"260720;580100;2020-01-04;""sábado"";""05:40:00"";""RS"";472;578","6;""URUGUAIANA"";""Sim"";""Ingestão de Álcool"";1;""Colisão lateral"";""Com Vítimas Fatais"";""Amanhecer"";""Decrescente"";""Céu Claro"";""Simples"";""Reta"";""Sim"";465256;""Automóvel"";""GM/CORSA WIND"";1999;""Passageiro"";""Óbito"";24;""Masculino"";0;0;0;1;-29",78389642;-57,"07174301;""SR-RS"";""DEL9/13"";""UOP01/RS"""
"260720;581187;2020-01-04;""sábado"";""05:40:00"";""RS"";472;578","6;""URUGUAIANA"";""Sim"";""Ingestão de Álcool"";1;""Colisão lateral"";""Com Vítimas Fatais"";""Amanhecer"";""Decrescente"";""Céu Claro"";""Simples"";""Reta"";""Sim"";465256;""Automóvel"";""GM/CORSA WIND"";1999;""Passageiro"";""Lesões Leves"";25;""Feminino"";0;1;0;0;-29",78389642;-57,"07174301;""SR-RS"";""DEL9/13"";""UOP01/RS"""
"260720;581201;2020-01-04;""sábado"";""05:40:00"";""RS"";472;578","6;""URUGUAIANA"";""Sim"";""Ingestão de Álcool"";1;""Colisão lateral"";""Com Vítimas Fatais"";""Amanhecer"";""Decrescente"";""Céu Claro"";""Simples"";""Reta"";""Sim"";465256;""Automóvel"";""GM/CORSA WIND"";1999;""Testemunha"";""Não Informado"";NA;""Não Informado"";0;0;0;0;-29",78389642;-57,"07174301;""SR-RS"";""DEL9/13"";""UOP01/RS"""
"260720;581194;2020-01-04;""sábado"";""05:40:00"";""RS"";472;578","6;""URUGUAIANA"";""Sim"";""Ingestão de Álcool"";1;""Colisão lateral"";""Com Vítimas Fatais"";""Amanhecer"";""Decrescente"";""Céu Claro"";""Simples"";""Reta"";""Sim"";465256;""Automóvel"";""GM/CORSA WIND"";1999;""Condutor"";""Lesões Graves"";24;""Masculino"";0;0;1;0;-29",78389642;-57,"07174301;""SR-RS"";""DEL9/13"";""UOP01/RS"""
"260720;582658;2020-01-04;""sábado"";""05:40:00"";""RS"";472;578","6;""URUGUAIANA"";""Sim"";""Ingestão de Álcool"";1;""Colisão lateral"";""Com Vítimas Fatais"";""Amanhecer"";""Decrescente"";""Céu Claro"";""Simples"";""Reta"";""Sim"";466508;""Automóvel"";"""";NA;""Condutor"";""Não Informado"";NA;""Não Informado"";0;0;0;0;-29",78389642;-57,"07174301;""SR-RS"";""DEL9/13"";""UOP01/RS"""
"260720;581201;2020-01-04;""sábado"";""05:40:00"";""RS"";472;578","6;""URUGUAIANA"";""Sim"";""Ingestão de Álcool"";1;""Colisão lateral"";""Com Vítimas Fatais"";""Amanhecer"";""Decrescente"";""Céu Claro"";""Simples"";""Reta"";""Sim"";466508;""Automóvel"";"""";NA;""Testemunha"";""Não Informado"";NA;""Não Informado"";0;0;0;0;-29",78389642;-57,"07174301;""SR-RS"";""DEL9/13"";""UOP01/RS"""
"260720;580100;2020-01-04;""sábado"";""05:40:00"";""RS"";472;578","6;""URUGUAIANA"";""Sim"";""Ingestão de Álcool"";3;""Capotamento"";""Com Vítimas Fatais"";""Amanhecer"";""Decrescente"";""Céu Claro"";""Simples"";""Reta"";""Sim"";465256;""Automóvel"";""GM/CORSA WIND"";1999;""Passageiro"";""Óbito"";24;""Masculino"";0;0;0;1;-29",78389642;-57,"07174301;""SR-RS"";""DEL9/13"";""UOP01/RS"""
"260720;581187;2020-01-04;""sábado"";""05:40:00"";""RS"";472;578","6;""URUGUAIANA"";""Sim"";""Ingestão de Álcool"";3;""Capotamento"";""Com Vítimas Fatais"";""Amanhecer"";""Decrescente"";""Céu Claro"";""Simples"";""Reta"";""Sim"";465256;""Automóvel"";""GM/CORSA WIND"";1999;""Passageiro"";""Lesões Leves"";25;""Feminino"";0;1;0;0;-29",78389642;-57,"07174301;""SR-RS"";""DEL9/13"";""UOP01/RS"""
"260720;581201;2020-01-04;""sábado"";""05:40:00"";""RS"";472;578","6;""URUGUAIANA"";""Sim"";""Ingestão de Álcool"";3;""Capotamento"";""Com Vítimas Fatais"";""Amanhecer"";""Decrescente"";""Céu Claro"";""Simples"";""Reta"";""Sim"";465256;""Automóvel"";""GM/CORSA WIND"";1999;""Testemunha"";""Não Informado"";NA;""Não Informado"";0;0;0;0;-29",78389642;-57,"07174301;""SR-RS"";""DEL9/13"";""UOP01/RS"""
"260720;581194;2020-01-04;""sábado"";""05:40:00"";""RS"";472;578","6;""URUGUAIANA"";""Sim"";""Ingestão de Álcool"";3;""Capotamento"";""Com Vítimas Fatais"";""Amanhecer"";""Decrescente"";""Céu Claro"";""Simples"";""Reta"";""Sim"";465256;""Automóvel"";""GM/CORSA WIND"";1999;""Condutor"";""Lesões Graves"";24;""Masculino"";0;0;1;0;-29",78389642;-57,"07174301;""SR-RS"";""DEL9/13"";""UOP01/RS"""
"260720;582658;2020-01-04;""sábado"";""05:40:00"";""RS"";472;578","6;""URUGUAIANA"";""Sim"";""Ingestão de Álcool"";3;""Capotamento"";""Com Vítimas Fatais"";""Amanhecer"";""Decrescente"";""Céu Claro"";""Simples"";""Reta"";""Sim"";466508;""Automóvel"";"""";NA;""Condutor"";""Não Informado"";NA;""Não Informado"";0;0;0;0;-29",78389642;-57,"07174301;""SR-RS"";""DEL9/13"";""UOP01/RS"""
"260720;581201;2020-01-04;""sábado"";""05:40:00"";""RS"";472;578","6;""URUGUAIANA"";""Sim"";""Ingestão de Álcool"";3;""Capotamento"";""Com Vítimas Fatais"";""Amanhecer"";""Decrescente"";""Céu Claro"";""Simples"";""Reta"";""Sim"";466508;""Automóvel"";"""";NA;""Testemunha"";""Não Informado"";NA;""Não Informado"";0;0;0;0;-29",78389642;-57,"07174301;""SR-RS"";""DEL9/13"";""UOP01/RS"""
"260720;580100;2020-01-04;""sábado"";""05:40:00"";""RS"";472;578","6;""URUGUAIANA"";""Sim"";""Ingestão de Álcool"";4;""Queda de ocupante de veículo"";""Com Vítimas Fatais"";""Amanhecer"";""Decrescente"";""Céu Claro"";""Simples"";""Reta"";""Sim"";465256;""Automóvel"";""GM/CORSA WIND"";1999;""Passageiro"";""Óbito"";24;""Masculino"";0;0;0;1;-29",78389642;-57,"07174301;""SR-RS"";""DEL9/13"";""UOP01/RS"""
"260720;581187;2020-01-04;""sábado"";""05:40:00"";""RS"";472;578","6;""URUGUAIANA"";""Sim"";""Ingestão de Álcool"";4;""Queda de ocupante de veículo"";""Com Vítimas Fatais"";""Amanhecer"";""Decrescente"";""Céu Claro"";""Simples"";""Reta"";""Sim"";465256;""Automóvel"";""GM/CORSA WIND"";1999;""Passageiro"";""Lesões Leves"";25;""Feminino"";0;1;0;0;-29",78389642;-57,"07174301;""SR-RS"";""DEL9/13"";""UOP01/RS"""
"260720;581201;2020-01-04;""sábado"";""05:40:00"";""RS"";472;578","6;""URUGUAIANA"";""Sim"";""Ingestão de Álcool"";4;""Queda de ocupante de veículo"";""Com Vítimas Fatais"";""Amanhecer"";""Decrescente"";""Céu Claro"";""Simples"";""Reta"";""Sim"";465256;""Automóvel"";""GM/CORSA WIND"";1999;""Testemunha"";""Não Informado"";NA;""Não Informado"";0;0;0;0;-29",78389642;-57,"07174301;""SR-RS"";""DEL9/13"";""UOP01/RS"""
"260720;581194;2020-01-04;""sábado"";""05:40:00"";""RS"";472;578","6;""URUGUAIANA"";""Sim"";""Ingestão de Álcool"";4;""Queda de ocupante de veículo"";""Com Vítimas Fatais"";""Amanhecer"";""Decrescente"";""Céu Claro"";""Simples"";""Reta"";""Sim"";465256;""Automóvel"";""GM/CORSA WIND"";1999;""Condutor"";""Lesões Graves"";24;""Masculino"";0;0;1;0;-29",78389642;-57,"07174301;""SR-RS"";""DEL9/13"";""UOP01/RS"""
"260720;582658;2020-01-04;""sábado"";""05:40:00"";""RS"";472;578","6;""URUGUAIANA"";""Sim"";""Ingestão de Álcool"";4;""Queda de ocupante de veículo"";""Com Vítimas Fatais"";""Amanhecer"";""Decrescente"";""Céu Claro"";""Simples"";""Reta"";""Sim"";466508;""Automóvel"";"""";NA;""Condutor"";""Não Informado"";NA;""Não Informado"";0;0;0;0;-29",78389642;-57,"07174301;""SR-RS"";""DEL9/13"";""UOP01/RS"""
"260720;581201;2020-01-04;""sábado"";""05:40:00"";""RS"";472;578","6;""URUGUAIANA"";""Sim"";""Ingestão de Álcool"";4;""Queda de ocupante de veículo"";""Com Vítimas Fatais"";""Amanhecer"";""Decrescente"";""Céu Claro"";""Simples"";""Reta"";""Sim"";466508;""Automóvel"";"""";NA;""Testemunha"";""Não Informado"";NA;""Não Informado"";0;0;0;0;-29",78389642;-57,"07174301;""SR-RS"";""DEL9/13"";""UOP01/RS"""
"260720;580100;2020-01-04;""sábado"";""05:40:00"";""RS"";472;578","6;""URUGUAIANA"";""Não"";""Velocidade Incompatível"";2;""Saída de leito carroçável"";""Com Vítimas Fatais"";""Amanhecer"";""Decrescente"";""Céu Claro"";""Simples"";""Reta"";""Sim"";465256;""Automóvel"";""GM/CORSA WIND"";1999;""Passageiro"";""Óbito"";24;""Masculino"";0;0;0;1;-29",78389642;-57,"07174301;""SR-RS"";""DEL9/13"";""UOP01/RS"""
"260720;581187;2020-01-04;""sábado"";""05:40:00"";""RS"";472;578","6;""URUGUAIANA"";""Não"";""Velocidade Incompatível"";2;""Saída de leito carroçável"";""Com Vítimas Fatais"";""Amanhecer"";""Decrescente"";""Céu Claro"";""Simples"";""Reta"";""Sim"";465256;""Automóvel"";""GM/CORSA WIND"";1999;""Passageiro"";""Lesões Leves"";25;""Feminino"";0;1;0;0;-29",78389642;-57,"07174301;""SR-RS"";""DEL9/13"";""UOP01/RS"""
"260720;581201;2020-01-04;""sábado"";""05:40:00"";""RS"";472;578","6;""URUGUAIANA"";""Não"";""Velocidade Incompatível"";2;""Saída de leito carroçável"";""Com Vítimas Fatais"";""Amanhecer"";""Decrescente"";""Céu Claro"";""Simples"";""Reta"";""Sim"";465256;""Automóvel"";""GM/CORSA WIND"";1999;""Testemunha"";""Não Informado"";NA;""Não Informado"";0;0;0;0;-29",78389642;-57,"07174301;""SR-RS"";""DEL9/13"";""UOP01/RS"""
"260720;581194;2020-01-04;""sábado"";""05:40:00"";""RS"";472;578","6;""URUGUAIANA"";""Não"";""Velocidade Incompatível"";2;""Saída de leito carroçável"";""Com Vítimas Fatais"";""Amanhecer"";""Decrescente"";""Céu Claro"";""Simples"";""Reta"";""Sim"";465256;""Automóvel"";""GM/CORSA WIND"";1999;""Condutor"";""Lesões Graves"";24;""Masculino"";0;0;1;0;-29",78389642;-57,"07174301;""SR-RS"";""DEL9/13"";""UOP01/RS"""
"260720;582658;2020-01-04;""sábado"";""05:40:00"";""RS"";472;578","6;""URUGUAIANA"";""Não"";""Velocidade Incompatível"";2;""Saída de leito carroçável"";""Com Vítimas Fatais"";""Amanhecer"";""Decrescente"";""Céu Claro"";""Simples"";""Reta"";""Sim"";466508;""Automóvel"";"""";NA;""Condutor"";""Não Informado"";NA;""Não Informado"";0;0;0;0;-29",78389642;-57,"07174301;""SR-RS"";""DEL9/13"";""UOP01/RS"""
"260720;581201;2020-01-04;""sábado"";""05:40:00"";""RS"";472;578","6;""URUGUAIANA"";""Não"";""Velocidade Incompatível"";2;""Saída de leito carroçável"";""Com Vítimas Fatais"";""Amanhecer"";""Decrescente"";""Céu Claro"";""Simples"";""Reta"";""Sim"";466508;""Automóvel"";"""";NA;""Testemunha"";""Não Informado"";NA;""Não Informado"";0;0;0;0;-29",78389642;-57,"07174301;""SR-RS"";""DEL9/13"";""UOP01/RS"""
"260720;580100;2020-01-04;""sábado"";""05:40:00"";""RS"";472;578","6;""URUGUAIANA"";""Não"";""Velocidade Incompatível"";1;""Colisão lateral"";""Com Vítimas Fatais"";""Amanhecer"";""Decrescente"";""Céu Claro"";""Simples"";""Reta"";""Sim"";465256;""Automóvel"";""GM/CORSA WIND"";1999;""Passageiro"";""Óbito"";24;""Masculino"";0;0;0;1;-29",78389642;-57,"07174301;""SR-RS"";""DEL9/13"";""UOP01/RS"""
"260720;581187;2020-01-04;""sábado"";""05:40:00"";""RS"";472;578","6;""URUGUAIANA"";""Não"";""Velocidade Incompatível"";1;""Colisão lateral"";""Com Vítimas Fatais"";""Amanhecer"";""Decrescente"";""Céu Claro"";""Simples"";""Reta"";""Sim"";465256;""Automóvel"";""GM/CORSA WIND"";1999;""Passageiro"";""Lesões Leves"";25;""Feminino"";0;1;0;0;-29",78389642;-57,"07174301;""SR-RS"";""DEL9/13"";""UOP01/RS"""
"260720;581201;2020-01-04;""sábado"";""05:40:00"";""RS"";472;578","6;""URUGUAIANA"";""Não"";""Velocidade Incompatível"";1;""Colisão lateral"";""Com Vítimas Fatais"";""Amanhecer"";""Decrescente"";""Céu Claro"";""Simples"";""Reta"";""Sim"";465256;""Automóvel"";""GM/CORSA WIND"";1999;""Testemunha"";""Não Informado"";NA;""Não Informado"";0;0;0;0;-29",78389642;-57,"07174301;""SR-RS"";""DEL9/13"";""UOP01/RS"""
"260720;581194;2020-01-04;""sábado"";""05:40:00"";""RS"";472;578","6;""URUGUAIANA"";""Não"";""Velocidade Incompatível"";1;""Colisão lateral"";""Com Vítimas Fatais"";""Amanhecer"";""Decrescente"";""Céu Claro"";""Simples"";""Reta"";""Sim"";465256;""Automóvel"";""GM/CORSA WIND"";1999;""Condutor"";""Lesões Graves"";24;""Masculino"";0;0;1;0;-29",78389642;-57,"07174301;""SR-RS"";""DEL9/13"";""UOP01/RS"""
"260720;582658;2020-01-04;""sábado"";""05:40:00"";""RS"";472;578","6;""URUGUAIANA"";""Não"";""Velocidade Incompatível"";1;""Colisão lateral"";""Com Vítimas Fatais"";""Amanhecer"";""Decrescente"";""Céu Claro"";""Simples"";""Reta"";""Sim"";466508;""Automóvel"";"""";NA;""Condutor"";""Não Informado"";NA;""Não Informado"";0;0;0;0;-29",78389642;-57,"07174301;""SR-RS"";""DEL9/13"";""UOP01/RS"""
"260720;581201;2020-01-04;""sábado"";""05:40:00"";""RS"";472;578","6;""URUGUAIANA"";""Não"";""Velocidade Incompatível"";1;""Colisão lateral"";""Com Vítimas Fatais"";""Amanhecer"";""Decrescente"";""Céu Claro"";""Simples"";""Reta"";""Sim"";466508;""Automóvel"";"""";NA;""Testemunha"";""Não Informado"";NA;""Não Informado"";0;0;0;0;-29",78389642;-57,"07174301;""SR-RS"";""DEL9/13"";""UOP01/RS"""
"260720;580100;2020-01-04;""sábado"";""05:40:00"";""RS"";472;578","6;""URUGUAIANA"";""Não"";""Velocidade Incompatível"";3;""Capotamento"";""Com Vítimas Fatais"";""Amanhecer"";""Decrescente"";""Céu Claro"";""Simples"";""Reta"";""Sim"";465256;""Automóvel"";""GM/CORSA WIND"";1999;""Passageiro"";""Óbito"";24;""Masculino"";0;0;0;1;-29",78389642;-57,"07174301;""SR-RS"";""DEL9/13"";""UOP01/RS"""
"260720;581187;2020-01-04;""sábado"";""05:40:00"";""RS"";472;578","6;""URUGUAIANA"";""Não"";""Velocidade Incompatível"";3;""Capotamento"";""Com Vítimas Fatais"";""Amanhecer"";""Decrescente"";""Céu Claro"";""Simples"";""Reta"";""Sim"";465256;""Automóvel"";""GM/CORSA WIND"";1999;""Passageiro"";""Lesões Leves"";25;""Feminino"";0;1;0;0;-29",78389642;-57,"07174301;""SR-RS"";""DEL9/13"";""UOP01/RS"""
"260720;581201;2020-01-04;""sábado"";""05:40:00"";""RS"";472;578","6;""URUGUAIANA"";""Não"";""Velocidade Incompatível"";3;""Capotamento"";""Com Vítimas Fatais"";""Amanhecer"";""Decrescente"";""Céu Claro"";""Simples"";""Reta"";""Sim"";465256;""Automóvel"";""GM/CORSA WIND"";1999;""Testemunha"";""Não Informado"";NA;""Não Informado"";0;0;0;0;-29",78389642;-57,"07174301;""SR-RS"";""DEL9/13"";""UOP01/RS"""
"260720;581194;2020-01-04;""sábado"";""05:40:00"";""RS"";472;578","6;""URUGUAIANA"";""Não"";""Velocidade Incompatível"";3;""Capotamento"";""Com Vítimas Fatais"";""Amanhecer"";""Decrescente"";""Céu Claro"";""Simples"";""Reta"";""Sim"";465256;""Automóvel"";""GM/CORSA WIND"";1999;""Condutor"";""Lesões Graves"";24;""Masculino"";0;0;1;0;-29",78389642;-57,"07174301;""SR-RS"";""DEL9/13"";""UOP01/RS"""
"260720;582658;2020-01-04;""sábado"";""05:40:00"";""RS"";472;578","6;""URUGUAIANA"";""Não"";""Velocidade Incompatível"";3;""Capotamento"";""Com Vítimas Fatais"";""Amanhecer"";""Decrescente"";""Céu Claro"";""Simples"";""Reta"";""Sim"";466508;""Automóvel"";"""";NA;""Condutor"";""Não Informado"";NA;""Não Informado"";0;0;0;0;-29",78389642;-57,"07174301;""SR-RS"";""DEL9/13"";""UOP01/RS"""
"260720;581201;2020-01-04;""sábado"";""05:40:00"";""RS"";472;578","6;""URUGUAIANA"";""Não"";""Velocidade Incompatível"";3;""Capotamento"";""Com Vítimas Fatais"";""Amanhecer"";""Decrescente"";""Céu Claro"";""Simples"";""Reta"";""Sim"";466508;""Automóvel"";"""";NA;""Testemunha"";""Não Informado"";NA;""Não Informado"";0;0;0;0;-29",78389642;-57,"07174301;""SR-RS"";""DEL9/13"";""UOP01/RS"""
"260720;580100;2020-01-04;""sábado"";""05:40:00"";""RS"";472;578","6;""URUGUAIANA"";""Não"";""Velocidade Incompatível"";4;""Queda de ocupante de veículo"";""Com Vítimas Fatais"";""Amanhecer"";""Decrescente"";""Céu Claro"";""Simples"";""Reta"";""Sim"";465256;""Automóvel"";""GM/CORSA WIND"";1999;""Passageiro"";""Óbito"";24;""Masculino"";0;0;0;1;-29",78389642;-57,"07174301;""SR-RS"";""DEL9/13"";""UOP01/RS"""
"260720;581187;2020-01-04;""sábado"";""05:40:00"";""RS"";472;578","6;""URUGUAIANA"";""Não"";""Velocidade Incompatível"";4;""Queda de ocupante de veículo"";""Com Vítimas Fatais"";""Amanhecer"";""Decrescente"";""Céu Claro"";""Simples"";""Reta"";""Sim"";465256;""Automóvel"";""GM/CORSA WIND"";1999;""Passageiro"";""Lesões Leves"";25;""Feminino"";0;1;0;0;-29",78389642;-57,"07174301;""SR-RS"";""DEL9/13"";""UOP01/RS"""
"260720;581201;2020-01-04;""sábado"";""05:40:00"";""RS"";472;578","6;""URUGUAIANA"";""Não"";""Velocidade Incompatível"";4;""Queda de ocupante de veículo"";""Com Vítimas Fatais"";""Amanhecer"";""Decrescente"";""Céu Claro"";""Simples"";""Reta"";""Sim"";465256;""Automóvel"";""GM/CORSA WIND"";1999;""Testemunha"";""Não Informado"";NA;""Não Informado"";0;0;0;0;-29",78389642;-57,"07174301;""SR-RS"";""DEL9/13"";""UOP01/RS"""
"260720;581194;2020-01-04;""sábado"";""05:40:00"";""RS"";472;578","6;""URUGUAIANA"";""Não"";""Velocidade Incompatível"";4;""Queda de ocupante de veículo"";""Com Vítimas Fatais"";""Amanhecer"";""Decrescente"";""Céu Claro"";""Simples"";""Reta"";""Sim"";465256;""Automóvel"";""GM/CORSA WIND"";1999;""Condutor"";""Lesões Graves"";24;""Masculino"";0;0;1;0;-29",78389642;-57,"07174301;""SR-RS"";""DEL9/13"";""UOP01/RS"""
"260720;582658;2020-01-04;""sábado"";""05:40:00"";""RS"";472;578","6;""URUGUAIANA"";""Não"";""Velocidade Incompatível"";4;""Queda de ocupante de veículo"";""Com Vítimas Fatais"";""Amanhecer"";""Decrescente"";""Céu Claro"";""Simples"";""Reta"";""Sim"";466508;""Automóvel"";"""";NA;""Condutor"";""Não Informado"";NA;""Não Informado"";0;0;0;0;-29",78389642;-57,"07174301;""SR-RS"";""DEL9/13"";""UOP01/RS"""
"260720;581201;2020-01-04;""sábado"";""05:40:00"";""RS"";472;578","6;""URUGUAIANA"";""Não"";""Velocidade Incompatível"";4;""Queda de ocupante de veículo"";""Com Vítimas Fatais"";""Amanhecer"";""Decrescente"";""Céu Claro"";""Simples"";""Reta"";""Sim"";466508;""Automóvel"";"""";NA;""Testemunha"";""Não Informado"";NA;""Não Informado"";0;0;0;0;-29",78389642;-57,"07174301;""SR-RS"";""DEL9/13"";""UOP01/RS"""
"260720;580100;2020-01-04;""sábado"";""05:40:00"";""RS"";472;578","6;""URUGUAIANA"";""Não"";""Não guardar distância de segurança"";2;""Saída de leito carroçável"";""Com Vítimas Fatais"";""Amanhecer"";""Decrescente"";""Céu Claro"";""Simples"";""Reta"";""Sim"";465256;""Automóvel"";""GM/CORSA WIND"";1999;""Passageiro"";""Óbito"";24;""Masculino"";0;0;0;1;-29",78389642;-57,"07174301;""SR-RS"";""DEL9/13"";""UOP01/RS"""
"260720;581187;2020-01-04;""sábado"";""05:40:00"";""RS"";472;578","6;""URUGUAIANA"";""Não"";""Não guardar distância de segurança"";2;""Saída de leito carroçável"";""Com Vítimas Fatais"";""Amanhecer"";""Decrescente"";""Céu Claro"";""Simples"";""Reta"";""Sim"";465256;""Automóvel"";""GM/CORSA WIND"";1999;""Passageiro"";""Lesões Leves"";25;""Feminino"";0;1;0;0;-29",78389642;-57,"07174301;""SR-RS"";""DEL9/13"";""UOP01/RS"""
"260720;581201;2020-01-04;""sábado"";""05:40:00"";""RS"";472;578","6;""URUGUAIANA"";""Não"";""Não guardar distância de segurança"";2;""Saída de leito carroçável"";""Com Vítimas Fatais"";""Amanhecer"";""Decrescente"";""Céu Claro"";""Simples"";""Reta"";""Sim"";465256;""Automóvel"";""GM/CORSA WIND"";1999;""Testemunha"";""Não Informado"";NA;""Não Informado"";0;0;0;0;-29",78389642;-57,"07174301;""SR-RS"";""DEL9/13"";""UOP01/RS"""
"260720;581194;2020-01-04;""sábado"";""05:40:00"";""RS"";472;578","6;""URUGUAIANA"";""Não"";""Não guardar distância de segurança"";2;""Saída de leito carroçável"";""Com Vítimas Fatais"";""Amanhecer"";""Decrescente"";""Céu Claro"";""Simples"";""Reta"";""Sim"";465256;""Automóvel"";""GM/CORSA WIND"";1999;""Condutor"";""Lesões Graves"";24;""Masculino"";0;0;1;0;-29",78389642;-57,"07174301;""SR-RS"";""DEL9/13"";""UOP01/RS"""
"260720;582658;2020-01-04;""sábado"";""05:40:00"";""RS"";472;578","6;""URUGUAIANA"";""Não"";""Não guardar distância de segurança"";2;""Saída de leito carroçável"";""Com Vítimas Fatais"";""Amanhecer"";""Decrescente"";""Céu Claro"";""Simples"";""Reta"";""Sim"";466508;""Automóvel"";"""";NA;""Condutor"";""Não Informado"";NA;""Não Informado"";0;0;0;0;-29",78389642;-57,"07174301;""SR-RS"";""DEL9/13"";""UOP01/RS"""
"260720;581201;2020-01-04;""sábado"";""05:40:00"";""RS"";472;578","6;""URUGUAIANA"";""Não"";""Não guardar distância de segurança"";2;""Saída de leito carroçável"";""Com Vítimas Fatais"";""Amanhecer"";""Decrescente"";""Céu Claro"";""Simples"";""Reta"";""Sim"";466508;""Automóvel"";"""";NA;""Testemunha"";""Não Informado"";NA;""Não Informado"";0;0;0;0;-29",78389642;-57,"07174301;""SR-RS"";""DEL9/13"";""UOP01/RS"""
"260720;580100;2020-01-04;""sábado"";""05:40:00"";""RS"";472;578","6;""URUGUAIANA"";""Não"";""Não guardar distância de segurança"";1;""Colisão lateral"";""Com Vítimas Fatais"";""Amanhecer"";""Decrescente"";""Céu Claro"";""Simples"";""Reta"";""Sim"";465256;""Automóvel"";""GM/CORSA WIND"";1999;""Passageiro"";""Óbito"";24;""Masculino"";0;0;0;1;-29",78389642;-57,"07174301;""SR-RS"";""DEL9/13"";""UOP01/RS"""
"260720;581187;2020-01-04;""sábado"";""05:40:00"";""RS"";472;578","6;""URUGUAIANA"";""Não"";""Não guardar distância de segurança"";1;""Colisão lateral"";""Com Vítimas Fatais"";""Amanhecer"";""Decrescente"";""Céu Claro"";""Simples"";""Reta"";""Sim"";465256;""Automóvel"";""GM/CORSA WIND"";1999;""Passageiro"";""Lesões Leves"";25;""Feminino"";0;1;0;0;-29",78389642;-57,"07174301;""SR-RS"";""DEL9/13"";""UOP01/RS"""
"260720;581201;2020-01-04;""sábado"";""05:40:00"";""RS"";472;578","6;""URUGUAIANA"";""Não"";""Não guardar distância de segurança"";1;""Colisão lateral"";""Com Vítimas Fatais"";""Amanhecer"";""Decrescente"";""Céu Claro"";""Simples"";""Reta"";""Sim"";465256;""Automóvel"";""GM/CORSA WIND"";1999;""Testemunha"";""Não Informado"";NA;""Não Informado"";0;0;0;0;-29",78389642;-57,"07174301;""SR-RS"";""DEL9/13"";""UOP01/RS"""
"260720;581194;2020-01-04;""sábado"";""05:40:00"";""RS"";472;578","6;""URUGUAIANA"";""Não"";""Não guardar distância de segurança"";1;""Colisão lateral"";""Com Vítimas Fatais"";""Amanhecer"";""Decrescente"";""Céu Claro"";""Simples"";""Reta"";""Sim"";465256;""Automóvel"";""GM/CORSA WIND"";1999;""Condutor"";""Lesões Graves"";24;""Masculino"";0;0;1;0;-29",78389642;-57,"07174301;""SR-RS"";""DEL9/13"";""UOP01/RS"""
"260720;582658;2020-01-04;""sábado"";""05:40:00"";""RS"";472;578","6;""URUGUAIANA"";""Não"";""Não guardar distância de segurança"";1;""Colisão lateral"";""Com Vítimas Fatais"";""Amanhecer"";""Decrescente"";""Céu Claro"";""Simples"";""Reta"";""Sim"";466508;""Automóvel"";"""";NA;""Condutor"";""Não Informado"";NA;""Não Informado"";0;0;0;0;-29",78389642;-57,"07174301;""SR-RS"";""DEL9/13"";""UOP01/RS"""