"id;""pesid"";""data_inversa"";""dia_semana"";""horario"";""uf"";""br"";""km"";""municipio"";""causa_principal"";""causa_acidente"";""ordem_tipo_acidente"";""tipo_acidente"";""classificacao_acidente"";""fase_dia"";""sentido_via"";""condicao_metereologica"";""tipo_pista"";""tracado_via"";""uso_solo"";""id_veiculo"";""tipo_veiculo"";""marca"";""ano_fabricacao_veiculo"";""tipo_envolvido"";""estado_fisico"";""idade"";""sexo"";""ilesos"";""feridos_leves"";""feridos_graves"";""mortos"";""latitude"";""longitude"";""regional"";""delegacia"";""uop""",,,
"260720;581201;2020-01-04;""sábado"";""05:40:00"";""RS"";472;578","6;""URUGUAIANA"";""Não"";""Não guardar distância de segurança"";1;""Colisão lateral"";""Com Vítimas Fatais"";""Amanhecer"";""Decrescente"";""Céu Claro"";""Simples"";""Reta"";""Sim"";466508;""Automóvel"";"""";NA;""Testemunha"";""Não Informado"";NA;""Não Informado"";0;0;0;0;-29",78389642;-57,"07174301;""SR-RS"";""DEL9/13"";""UOP01/RS"""
"260720;580100;2020-01-04;""sábado"";""05:40:00"";""RS"";472;578","6;""URUGUAIANA"";""Não"";""Não guardar distância de segurança"";3;""Capotamento"";""Com Vítimas Fatais"";""Amanhecer"";""Decrescente"";""Céu Claro"";""Simples"";""Reta"";""Sim"";465256;""Automóvel"";""GM/CORSA WIND"";1999;""Passageiro"";""Óbito"";24;""Masculino"";0;0;0;1;-29",78389642;-57,"07174301;""SR-RS"";""DEL9/13"";""UOP01/RS"""
"260720;581187;2020-01-04;""sábado"";""05:40:00"";""RS"";472;578","6;""URUGUAIANA"";""Não"";""Não guardar distância de segurança"";3;""Capotamento"";""Com Vítimas Fatais"";""Amanhecer"";""Decrescente"";""Céu Claro"";""Simples"";""Reta"";""Sim"";465256;""Automóvel"";""GM/CORSA WIND"";1999;""Passageiro"";""Lesões Leves"";25;""Feminino"";0;1;0;0;-29",78389642;-57,"07174301;""SR-RS"";""DEL9/13"";""UOP01/RS"""
"260720;581201;2020-01-04;""sábado"";""05:40:00"";""RS"";472;578","6;""URUGUAIANA"";""Não"";""Não guardar distância de segurança"";3;""Capotamento"";""Com Vítimas Fatais"";""Amanhecer"";""Decrescente"";""Céu Claro"";""Simples"";""Reta"";""Sim"";465256;""Automóvel"";""GM/CORSA WIND"";1999;""Testemunha"";""Não Informado"";NA;""Não Informado"";0;0;0;0;-29",78389642;-57,"07174301;""SR-RS"";""DEL9/13"";""UOP01/RS"""
"260720;581194;2020-01-04;""sábado"";""05:40:00"";""RS"";472;578","6;""URUGUAIANA"";""Não"";""Não guardar distância de segurança"";3;""Capotamento"";""Com Vítimas Fatais"";""Amanhecer"";""Decrescente"";""Céu Claro"";""Simples"";""Reta"";""Sim"";465256;""Automóvel"";""GM/CORSA WIND"";1999;""Condutor"";""Lesões Graves"";24;""Masculino"";0;0;1;0;-29",78389642;-57,"07174301;""SR-RS"";""DEL9/13"";""UOP01/RS"""
"260720;582658;2020-01-04;""sábado"";""05:40:00"";""RS"";472;578","6;""URUGUAIANA"";""Não"";""Não guardar distância de segurança"";3;""Capotamento"";""Com Vítimas Fatais"";""Amanhecer"";""Decrescente"";""Céu Claro"";""Simples"";""Reta"";""Sim"";466508;""Automóvel"";"""";NA;""Condutor"";""Não Informado"";NA;""Não Informado"";0;0;0;0;-29",78389642;-57,"07174301;""SR-RS"";""DEL9/13"";""UOP01/RS"""
"260720;581201;2020-01-04;""sábado"";""05:40:00"";""RS"";472;578","6;""URUGUAIANA"";""Não"";""Não guardar distância de segurança"";3;""Capotamento"";""Com Vítimas Fatais"";""Amanhecer"";""Decrescente"";""Céu Claro"";""Simples"";""Reta"";""Sim"";466508;""Automóvel"";"""";NA;""Testemunha"";""Não Informado"";NA;""Não Informado"";0;0;0;0;-29",78389642;-57,"07174301;""SR-RS"";""DEL9/13"";""UOP01/RS"""
"260720;580100;2020-01-04;""sábado"";""05:40:00"";""RS"";472;578","6;""URUGUAIANA"";""Não"";""Não guardar distância de segurança"";4;""Queda de ocupante de veículo"";""Com Vítimas Fatais"";""Amanhecer"";""Decrescente"";""Céu Claro"";""Simples"";""Reta"";""Sim"";465256;""Automóvel"";""GM/CORSA WIND"";1999;""Passageiro"";""Óbito"";24;""Masculino"";0;0;0;1;-29",78389642;-57,"07174301;""SR-RS"";""DEL9/13"";""UOP01/RS"""
"260720;581187;2020-01-04;""sábado"";""05:40:00"";""RS"";472;578","6;""URUGUAIANA"";""Não"";""Não guardar distância de segurança"";4;""Queda de ocupante de veículo"";""Com Vítimas Fatais"";""Amanhecer"";""Decrescente"";""Céu Claro"";""Simples"";""Reta"";""Sim"";465256;""Automóvel"";""GM/CORSA WIND"";1999;""Passageiro"";""Lesões Leves"";25;""Feminino"";0;1;0;0;-29",78389642;-57,"07174301;""SR-RS"";""DEL9/13"";""UOP01/RS"""
"260720;581201;2020-01-04;""sábado"";""05:40:00"";""RS"";472;578","6;""URUGUAIANA"";""Não"";""Não guardar distância de segurança"";4;""Queda de ocupante de veículo"";""Com Vítimas Fatais"";""Amanhecer"";""Decrescente"";""Céu Claro"";""Simples"";""Reta"";""Sim"";465256;""Automóvel"";""GM/CORSA WIND"";1999;""Testemunha"";""Não Informado"";NA;""Não Informado"";0;0;0;0;-29",78389642;-57,"07174301;""SR-RS"";""DEL9/13"";""UOP01/RS"""
"260720;581194;2020-01-04;""sábado"";""05:40:00"";""RS"";472;578","6;""URUGUAIANA"";""Não"";""Não guardar distância de segurança"";4;""Queda de ocupante de veículo"";""Com Vítimas Fatais"";""Amanhecer"";""Decrescente"";""Céu Claro"";""Simples"";""Reta"";""Sim"";465256;""Automóvel"";""GM/CORSA WIND"";1999;""Condutor"";""Lesões Graves"";24;""Masculino"";0;0;1;0;-29",78389642;-57,"07174301;""SR-RS"";""DEL9/13"";""UOP01/RS"""
"260720;582658;2020-01-04;""sábado"";""05:40:00"";""RS"";472;578","6;""URUGUAIANA"";""Não"";""Não guardar distância de segurança"";4;""Queda de ocupante de veículo"";""Com Vítimas Fatais"";""Amanhecer"";""Decrescente"";""Céu Claro"";""Simples"";""Reta"";""Sim"";466508;""Automóvel"";"""";NA;""Condutor"";""Não Informado"";NA;""Não Informado"";0;0;0;0;-29",78389642;-57,"07174301;""SR-RS"";""DEL9/13"";""UOP01/RS"""
"260720;581201;2020-01-04;""sábado"";""05:40:00"";""RS"";472;578","6;""URUGUAIANA"";""Não"";""Não guardar distância de segurança"";4;""Queda de ocupante de veículo"";""Com Vítimas Fatais"";""Amanhecer"";""Decrescente"";""Céu Claro"";""Simples"";""Reta"";""Sim"";466508;""Automóvel"";"""";NA;""Testemunha"";""Não Informado"";NA;""Não Informado"";0;0;0;0;-29",78389642;-57,"07174301;""SR-RS"";""DEL9/13"";""UOP01/RS"""
"260721;580646;2020-01-04;""sábado"";""05:50:00"";""BA"";116;337;""TEOFILANDIA"";""Sim"";""Ultrapassagem Indevida"";1;""Colisão frontal"";""Com Vítimas Feridas"";""Amanhecer"";""Crescente"";""Nublado"";""Simples"";""Reta"";""Não"";465278;""Automóvel"";""CHEV/SPIN 1.8L AT LT"";2014;""Condutor"";""Lesões Leves"";48;""Feminino"";0;1;0;0;-11",47624586;-38,"99386633;""SR-BA"";""DEL10/2"";""UOP01/BA""",
"260721;580647;2020-01-04;""sábado"";""05:50:00"";""BA"";116;337;""TEOFILANDIA"";""Sim"";""Ultrapassagem Indevida"";1;""Colisão frontal"";""Com Vítimas Feridas"";""Amanhecer"";""Crescente"";""Nublado"";""Simples"";""Reta"";""Não"";465279;""Automóvel"";""GM/ASTRA HB 4P ADVANTAGE"";2007;""Condutor"";""Ileso"";43;""Masculino"";1;0;0;0;-11",47624586;-38,"99386633;""SR-BA"";""DEL10/2"";""UOP01/BA""",
"260723;581690;2020-01-04;""sábado"";""05:10:00"";""PR"";116;122;""CURITIBA"";""Sim"";""Falta de Atenção à Condução"";1;""Capotamento"";""Sem Vítimas"";""Amanhecer"";""Decrescente"";""Céu Claro"";""Dupla"";""Reta"";""Não"";465194;""Automóvel"";""GM/KADETT LITE"";1994;""Condutor"";""Não Informado"";NA;""Não Informado"";0;0;0;0;-25",56857207;-49,"31023179;""SR-PR"";""DEL7/1"";""UOP03/PR""",
"260724;583563;2020-01-04;""sábado"";""05:25:00"";""PR"";376;656;""TIJUCAS DO SUL"";""Sim"";""Velocidade Incompatível"";1;""Saída de leito carroçável"";""Com Vítimas Feridas"";""Amanhecer"";""Crescente"";""Garoa/Chuvisco"";""Simples"";""Reta"";""Não"";465198;""Automóvel"";""I/NISSAN VERSA 16SV FLEX"";2013;""Passageiro"";""Lesões Leves"";29;""Feminino"";0;1;0;0;-25",84642894;-49,"03607349;""SR-PR"";""DEL7/1"";""UOP08/PR""",
"260724;583281;2020-01-04;""sábado"";""05:25:00"";""PR"";376;656;""TIJUCAS DO SUL"";""Sim"";""Velocidade Incompatível"";1;""Saída de leito carroçável"";""Com Vítimas Feridas"";""Amanhecer"";""Crescente"";""Garoa/Chuvisco"";""Simples"";""Reta"";""Não"";465198;""Automóvel"";""I/NISSAN VERSA 16SV FLEX"";2013;""Condutor"";""Ileso"";39;""Masculino"";1;0;0;0;-25",84642894;-49,"03607349;""SR-PR"";""DEL7/1"";""UOP08/PR""",
"260724;583563;2020-01-04;""sábado"";""05:25:00"";""PR"";376;656;""TIJUCAS DO SUL"";""Sim"";""Velocidade Incompatível"";2;""Tombamento"";""Com Vítimas Feridas"";""Amanhecer"";""Crescente"";""Garoa/Chuvisco"";""Simples"";""Reta"";""Não"";465198;""Automóvel"";""I/NISSAN VERSA 16SV FLEX"";2013;""Passageiro"";""Lesões Leves"";29;""Feminino"";0;1;0;0;-25",84642894;-49,"03607349;""SR-PR"";""DEL7/1"";""UOP08/PR""",
"260724;583281;2020-01-04;""sábado"";""05:25:00"";""PR"";376;656;""TIJUCAS DO SUL"";""Sim"";""Velocidade Incompatível"";2;""Tombamento"";""Com Vítimas Feridas"";""Amanhecer"";""Crescente"";""Garoa/Chuvisco"";""Simples"";""Reta"";""Não"";465198;""Automóvel"";""I/NISSAN VERSA 16SV FLEX"";2013;""Condutor"";""Ileso"";39;""Masculino"";1;0;0;0;-25",84642894;-49,"03607349;""SR-PR"";""DEL7/1"";""UOP08/PR""",
"260725;580020;2020-01-04;""sábado"";""03:20:00"";""RS"";116;514","5;""PELOTAS"";""Sim"";""Animais na Pista"";1;""Atropelamento de Animal"";""Sem Vítimas"";""Plena Noite"";""Crescente"";""Céu Claro"";""Simples"";""Reta"";""Sim"";465197;""Automóvel"";""VW/FOX 1.0 GII"";2010;""Condutor"";""Ileso"";41;""Masculino"";1;0;0;0;-31",65213506;-52,"33684672;""SR-RS"";""DEL9/7"";""UOP01/RS"""
"260727;580029;2020-01-03;""sexta"";""22:00:00"";""RS"";153;414","5;""CACHOEIRA DO SUL"";""Sim"";""Condutor Dormindo"";1;""Capotamento"";""Com Vítimas Feridas"";""Plena Noite"";""Decrescente"";""Céu Claro"";""Simples"";""Curva"";""Não"";465201;""Automóvel"";""VW/GOL 1.0 GIV"";2012;""Condutor"";""Lesões Leves"";44;""Masculino"";0;1;0;0;-30",0693168;-52,"87934303;""SR-RS"";""DEL2"";""UOP02/RS"""
"260728;581824;2020-01-04;""sábado"";""04:00:00"";""SP"";116;308","4;""SAO LOURENCO DA SERRA"";""Sim"";""Falta de Atenção à Condução"";2;""Colisão lateral"";""Com Vítimas Feridas"";""Plena Noite"";""Decrescente"";""Nublado"";""Dupla"";""Reta"";""Sim"";465221;""Micro-ônibus"";""I/M.BENZ 515CDISPRINTERM"";2017;""Passageiro"";""Ileso"";19;""Masculino"";1;0;0;0;-23",86178414;-46,"94696817;""SR-SP"";""DEL6/4"";""UOP01/SP"""
"260728;581822;2020-01-04;""sábado"";""04:00:00"";""SP"";116;308","4;""SAO LOURENCO DA SERRA"";""Sim"";""Falta de Atenção à Condução"";2;""Colisão lateral"";""Com Vítimas Feridas"";""Plena Noite"";""Decrescente"";""Nublado"";""Dupla"";""Reta"";""Sim"";465221;""Micro-ônibus"";""I/M.BENZ 515CDISPRINTERM"";2017;""Passageiro"";""Ileso"";38;""Feminino"";1;0;0;0;-23",86178414;-46,"94696817;""SR-SP"";""DEL6/4"";""UOP01/SP"""
"260728;581821;2020-01-04;""sábado"";""04:00:00"";""SP"";116;308","4;""SAO LOURENCO DA SERRA"";""Sim"";""Falta de Atenção à Condução"";2;""Colisão lateral"";""Com Vítimas Feridas"";""Plena Noite"";""Decrescente"";""Nublado"";""Dupla"";""Reta"";""Sim"";465221;""Micro-ônibus"";""I/M.BENZ 515CDISPRINTERM"";2017;""Passageiro"";""Lesões Leves"";39;""Masculino"";0;1;0;0;-23",86178414;-46,"94696817;""SR-SP"";""DEL6/4"";""UOP01/SP"""
"260728;581816;2020-01-04;""sábado"";""04:00:00"";""SP"";116;308","4;""SAO LOURENCO DA SERRA"";""Sim"";""Falta de Atenção à Condução"";2;""Colisão lateral"";""Com Vítimas Feridas"";""Plena Noite"";""Decrescente"";""Nublado"";""Dupla"";""Reta"";""Sim"";465221;""Micro-ônibus"";""I/M.BENZ 515CDISPRINTERM"";2017;""Condutor"";""Ileso"";37;""Masculino"";1;0;0;0;-23",86178414;-46,"94696817;""SR-SP"";""DEL6/4"";""UOP01/SP"""
"260728;581815;2020-01-04;""sábado"";""04:00:00"";""SP"";116;308","4;""SAO LOURENCO DA SERRA"";""Sim"";""Falta de Atenção à Condução"";2;""Colisão lateral"";""Com Vítimas Feridas"";""Plena Noite"";""Decrescente"";""Nublado"";""Dupla"";""Reta"";""Sim"";465220;""Caminhonete"";""IVECO/DAILY 30S13CS"";2018;""Passageiro"";""Lesões Leves"";45;""Masculino"";0;1;0;0;-23",86178414;-46,"94696817;""SR-SP"";""DEL6/4"";""UOP01/SP"""
"260728;581813;2020-01-04;""sábado"";""04:00:00"";""SP"";116;308","4;""SAO LOURENCO DA SERRA"";""Sim"";""Falta de Atenção à Condução"";2;""Colisão lateral"";""Com Vítimas Feridas"";""Plena Noite"";""Decrescente"";""Nublado"";""Dupla"";""Reta"";""Sim"";465220;""Caminhonete"";""IVECO/DAILY 30S13CS"";2018;""Condutor"";""Lesões Leves"";40;""Masculino"";0;1;0;0;-23",86178414;-46,"94696817;""SR-SP"";""DEL6/4"";""UOP01/SP"""
"260728;581824;2020-01-04;""sábado"";""04:00:00"";""SP"";116;308","4;""SAO LOURENCO DA SERRA"";""Sim"";""Falta de Atenção à Condução"";1;""Colisão traseira"";""Com Vítimas Feridas"";""Plena Noite"";""Decrescente"";""Nublado"";""Dupla"";""Reta"";""Sim"";465221;""Micro-ônibus"";""I/M.BENZ 515CDISPRINTERM"";2017;""Passageiro"";""Ileso"";19;""Masculino"";1;0;0;0;-23",86178414;-46,"94696817;""SR-SP"";""DEL6/4"";""UOP01/SP"""
"260728;581822;2020-01-04;""sábado"";""04:00:00"";""SP"";116;308","4;""SAO LOURENCO DA SERRA"";""Sim"";""Falta de Atenção à Condução"";1;""Colisão traseira"";""Com Vítimas Feridas"";""Plena Noite"";""Decrescente"";""Nublado"";""Dupla"";""Reta"";""Sim"";465221;""Micro-ônibus"";""I/M.BENZ 515CDISPRINTERM"";2017;""Passageiro"";""Ileso"";38;""Feminino"";1;0;0;0;-23",86178414;-46,"94696817;""SR-SP"";""DEL6/4"";""UOP01/SP"""
"260728;581821;2020-01-04;""sábado"";""04:00:00"";""SP"";116;308","4;""SAO LOURENCO DA SERRA"";""Sim"";""Falta de Atenção à Condução"";1;""Colisão traseira"";""Com Vítimas Feridas"";""Plena Noite"";""Decrescente"";""Nublado"";""Dupla"";""Reta"";""Sim"";465221;""Micro-ônibus"";""I/M.BENZ 515CDISPRINTERM"";2017;""Passageiro"";""Lesões Leves"";39;""Masculino"";0;1;0;0;-23",86178414;-46,"94696817;""SR-SP"";""DEL6/4"";""UOP01/SP"""
"260728;581816;2020-01-04;""sábado"";""04:00:00"";""SP"";116;308","4;""SAO LOURENCO DA SERRA"";""Sim"";""Falta de Atenção à Condução"";1;""Colisão traseira"";""Com Vítimas Feridas"";""Plena Noite"";""Decrescente"";""Nublado"";""Dupla"";""Reta"";""Sim"";465221;""Micro-ônibus"";""I/M.BENZ 515CDISPRINTERM"";2017;""Condutor"";""Ileso"";37;""Masculino"";1;0;0;0;-23",86178414;-46,"94696817;""SR-SP"";""DEL6/4"";""UOP01/SP"""
"260728;581815;2020-01-04;""sábado"";""04:00:00"";""SP"";116;308","4;""SAO LOURENCO DA SERRA"";""Sim"";""Falta de Atenção à Condução"";1;""Colisão traseira"";""Com Vítimas Feridas"";""Plena Noite"";""Decrescente"";""Nublado"";""Dupla"";""Reta"";""Sim"";465220;""Caminhonete"";""IVECO/DAILY 30S13CS"";2018;""Passageiro"";""Lesões Leves"";45;""Masculino"";0;1;0;0;-23",86178414;-46,"94696817;""SR-SP"";""DEL6/4"";""UOP01/SP"""
"260728;581813;2020-01-04;""sábado"";""04:00:00"";""SP"";116;308","4;""SAO LOURENCO DA SERRA"";""Sim"";""Falta de Atenção à Condução"";1;""Colisão traseira"";""Com Vítimas Feridas"";""Plena Noite"";""Decrescente"";""Nublado"";""Dupla"";""Reta"";""Sim"";465220;""Caminhonete"";""IVECO/DAILY 30S13CS"";2018;""Condutor"";""Lesões Leves"";40;""Masculino"";0;1;0;0;-23",86178414;-46,"94696817;""SR-SP"";""DEL6/4"";""UOP01/SP"""
"260729;580032;2020-01-04;""sábado"";""06:00:00"";""SC"";101;90;""BARRA VELHA"";""Sim"";""Defeito Mecânico no Veículo"";1;""Saída de leito carroçável"";""Sem Vítimas"";""Amanhecer"";""Decrescente"";""Chuva"";""Múltipla"";""Reta"";""Sim"";465202;""Automóvel"";""GM/VECTRA SEDAN ELITE"";2006;""Condutor"";""Não Informado"";NA;""Não Informado"";0;0;0;0;-26",66148503;-48,"68866176;""SR-SC"";""DEL8/3"";""UOP02/SC""",
"260729;580032;2020-01-04;""sábado"";""06:00:00"";""SC"";101;90;""BARRA VELHA"";""Não"";""Falta de Atenção à Condução"";1;""Saída de leito carroçável"";""Sem Vítimas"";""Amanhecer"";""Decrescente"";""Chuva"";""Múltipla"";""Reta"";""Sim"";465202;""Automóvel"";""GM/VECTRA SEDAN ELITE"";2006;""Condutor"";""Não Informado"";NA;""Não Informado"";0;0;0;0;-26",66148503;-48,"68866176;""SR-SC"";""DEL8/3"";""UOP02/SC""",
"260730;580444;2020-01-04;""sábado"";""06:40:00"";""PB"";101;85;""JOAO PESSOA"";""Sim"";""Falta de Atenção à Condução"";1;""Colisão transversal"";""Com Vítimas Feridas"";""Pleno dia"";""Crescente"";""Céu Claro"";""Dupla"";""Reta"";""Sim"";465335;""Motocicleta"";""HONDA/CG 150 TITAN ESD"";2011;""Condutor"";""Lesões Leves"";33;""Masculino"";0;1;0;0;-7",14538184;-34,"91662887;""SR-PB"";""DEL14/1"";""UOP01/PB""",
"260730;580443;2020-01-04;""sábado"";""06:40:00"";""PB"";101;85;""JOAO PESSOA"";""Sim"";""Falta de Atenção à Condução"";1;""Colisão transversal"";""Com Vítimas Feridas"";""Pleno dia"";""Crescente"";""Céu Claro"";""Dupla"";""Reta"";""Sim"";465334;""Bicicleta"";"""";NA;""Condutor"";""Lesões Graves"";47;""Masculino"";0;0;1;0;-7",14538184;-34,"91662887;""SR-PB"";""DEL14/1"";""UOP01/PB""",
"260731;581613;2020-01-03;""sexta"";""23:20:00"";""SP"";116;272;""TABOAO DA SERRA"";""Sim"";""Velocidade Incompatível"";1;""Capotamento"";""Com Vítimas Feridas"";""Plena Noite"";""Crescente"";""Céu Claro"";""Dupla"";""Reta"";""Sim"";466179;""Caminhonete"";""VW/SAVEIRO 1.6 CS"";2011;""Condutor"";""Lesões Graves"";71;""Masculino"";0;0;1;0;-23",61104027;-46,"77023113;""SR-SP"";""DEL6/4"";""UOP01/SP""",
"260731;581610;2020-01-03;""sexta"";""23:20:00"";""SP"";116;272;""TABOAO DA SERRA"";""Sim"";""Velocidade Incompatível"";1;""Capotamento"";""Com Vítimas Feridas"";""Plena Noite"";""Crescente"";""Céu Claro"";""Dupla"";""Reta"";""Sim"";466179;""Caminhonete"";""VW/SAVEIRO 1.6 CS"";2011;""Passageiro"";""Lesões Graves"";37;""Feminino"";0;0;1;0;-23",61104027;-46,"77023113;""SR-SP"";""DEL6/4"";""UOP01/SP""",
"260732;580526;2020-01-03;""sexta"";""18:20:00"";""MA"";316;135;""NOVA OLINDA DO MARANHAO"";""Sim"";""Falta de Atenção à Condução"";1;""Colisão traseira"";""Com Vítimas Feridas"";""Anoitecer"";""Decrescente"";""Garoa/Chuvisco"";""Simples"";""Reta"";""Não"";465206;""Automóvel"";""TOYOTA/COROLLA XLI18FLEX"";2009;""Condutor"";""Não Informado"";NA;""Não Informado"";0;0;0;0;-2",721481;-45,"727669;""SR-MA"";""DEL18/2"";""UOP02/MA""",
"260732;580057;2020-01-03;""sexta"";""18:20:00"";""MA"";316;135;""NOVA OLINDA DO MARANHAO"";""Sim"";""Falta de Atenção à Condução"";1;""Colisão traseira"";""Com Vítimas Feridas"";""Anoitecer"";""Decrescente"";""Garoa/Chuvisco"";""Simples"";""Reta"";""Não"";465205;""Automóvel"";""VW/POLO CL AD"";2018;""Passageiro"";""Lesões Leves"";NA;""Feminino"";0;1;0;0;-2",721481;-45,"727669;""SR-MA"";""DEL18/2"";""UOP02/MA""",
"260732;580058;2020-01-03;""sexta"";""18:20:00"";""MA"";316;135;""NOVA OLINDA DO MARANHAO"";""Sim"";""Falta de Atenção à Condução"";1;""Colisão traseira"";""Com Vítimas Feridas"";""Anoitecer"";""Decrescente"";""Garoa/Chuvisco"";""Simples"";""Reta"";""Não"";465205;""Automóvel"";""VW/POLO CL AD"";2018;""Passageiro"";""Lesões Leves"";NA;""Feminino"";0;1;0;0;-2",721481;-45,"727669;""SR-MA"";""DEL18/2"";""UOP02/MA""",
"260732;580059;2020-01-03;""sexta"";""18:20:00"";""MA"";316;135;""NOVA OLINDA DO MARANHAO"";""Sim"";""Falta de Atenção à Condução"";1;""Colisão traseira"";""Com Vítimas Feridas"";""Anoitecer"";""Decrescente"";""Garoa/Chuvisco"";""Simples"";""Reta"";""Não"";465205;""Automóvel"";""VW/POLO CL AD"";2018;""Passageiro"";""Ileso"";NA;""Feminino"";1;0;0;0;-2",721481;-45,"727669;""SR-MA"";""DEL18/2"";""UOP02/MA""",
"260732;580056;2020-01-03;""sexta"";""18:20:00"";""MA"";316;135;""NOVA OLINDA DO MARANHAO"";""Sim"";""Falta de Atenção à Condução"";1;""Colisão traseira"";""Com Vítimas Feridas"";""Anoitecer"";""Decrescente"";""Garoa/Chuvisco"";""Simples"";""Reta"";""Não"";465205;""Automóvel"";""VW/POLO CL AD"";2018;""Condutor"";""Ileso"";49;""Masculino"";1;0;0;0;-2",721481;-45,"727669;""SR-MA"";""DEL18/2"";""UOP02/MA""",
"260733;581845;2020-01-04;""sábado"";""06:25:00"";""GO"";153;606","8;""MORRINHOS"";""Sim"";""Pista Escorregadia"";1;""Capotamento"";""Sem Vítimas"";""Amanhecer"";""Decrescente"";""Chuva"";""Dupla"";""Reta"";""Não"";465207;""Caminhão"";""VW/17.250 CNC"";2009;""Condutor"";""Ileso"";36;""Masculino"";1;0;0;0;-17",6114;-49,"1825;""SR-GO"";""DEL1/3"";""UOP01/GO"""
"260734;580045;2020-01-04;""sábado"";""03:00:00"";""MG"";50;53","1;""ARAGUARI"";""Não"";""Pista Escorregadia"";1;""Colisão com objeto estático"";""Sem Vítimas"";""Plena Noite"";""Crescente"";""Chuva"";""Dupla"";""Curva"";""Sim"";465208;""Automóvel"";""GM/CELTA 2P SPIRIT"";2004;""Passageiro"";""Ileso"";24;""Feminino"";1;0;0;0;-18",759049;-48,"24054499;""SR-MG"";""DEL4/15"";""UOP02/MG"""
"260734;580044;2020-01-04;""sábado"";""03:00:00"";""MG"";50;53","1;""ARAGUARI"";""Não"";""Pista Escorregadia"";1;""Colisão com objeto estático"";""Sem Vítimas"";""Plena Noite"";""Crescente"";""Chuva"";""Dupla"";""Curva"";""Sim"";465208;""Automóvel"";""GM/CELTA 2P SPIRIT"";2004;""Passageiro"";""Ileso"";21;""Feminino"";1;0;0;0;-18",759049;-48,"24054499;""SR-MG"";""DEL4/15"";""UOP02/MG"""
"260734;580043;2020-01-04;""sábado"";""03:00:00"";""MG"";50;53","1;""ARAGUARI"";""Não"";""Pista Escorregadia"";1;""Colisão com objeto estático"";""Sem Vítimas"";""Plena Noite"";""Crescente"";""Chuva"";""Dupla"";""Curva"";""Sim"";465208;""Automóvel"";""GM/CELTA 2P SPIRIT"";2004;""Condutor"";""Ileso"";22;""Masculino"";1;0;0;0;-18",759049;-48,"24054499;""SR-MG"";""DEL4/15"";""UOP02/MG"""
"260734;580045;2020-01-04;""sábado"";""03:00:00"";""MG"";50;53","1;""ARAGUARI"";""Sim"";""Falta de Atenção à Condução"";1;""Colisão com objeto estático"";""Sem Vítimas"";""Plena Noite"";""Crescente"";""Chuva"";""Dupla"";""Curva"";""Sim"";465208;""Automóvel"";""GM/CELTA 2P SPIRIT"";2004;""Passageiro"";""Ileso"";24;""Feminino"";1;0;0;0;-18",759049;-48,"24054499;""SR-MG"";""DEL4/15"";""UOP02/MG"""
"260734;580044;2020-01-04;""sábado"";""03:00:00"";""MG"";50;53","1;""ARAGUARI"";""Sim"";""Falta de Atenção à Condução"";1;""Colisão com objeto estático"";""Sem Vítimas"";""Plena Noite"";""Crescente"";""Chuva"";""Dupla"";""Curva"";""Sim"";465208;""Automóvel"";""GM/CELTA 2P SPIRIT"";2004;""Passageiro"";""Ileso"";21;""Feminino"";1;0;0;0;-18",759049;-48,"24054499;""SR-MG"";""DEL4/15"";""UOP02/MG"""
"260734;580043;2020-01-04;""sábado"";""03:00:00"";""MG"";50;53","1;""ARAGUARI"";""Sim"";""Falta de Atenção à Condução"";1;""Colisão com objeto estático"";""Sem Vítimas"";""Plena Noite"";""Crescente"";""Chuva"";""Dupla"";""Curva"";""Sim"";465208;""Automóvel"";""GM/CELTA 2P SPIRIT"";2004;""Condutor"";""Ileso"";22;""Masculino"";1;0;0;0;-18",759049;-48,"24054499;""SR-MG"";""DEL4/15"";""UOP02/MG"""
"260735;581623;2020-01-04;""sábado"";""05:50:00"";""PI"";343;606;""FLORIANO"";""Sim"";""Falta de Atenção à Condução"";2;""Colisão com objeto estático"";""Com Vítimas Feridas"";""Amanhecer"";""Crescente"";""Nublado"";""Simples"";""Reta"";""Não"";465218;""Automóvel"";""CHEVROLET/CLASSIC"";2010;""Passageiro"";""Lesões Leves"";72;""Feminino"";0;1;0;0;-6",866972;-43,"110107;""SR-PI"";""DEL17/3"";""UOP01/PI""",
"260735;581621;2020-01-04;""sábado"";""05:50:00"";""PI"";343;606;""FLORIANO"";""Sim"";""Falta de Atenção à Condução"";2;""Colisão com objeto estático"";""Com Vítimas Feridas"";""Amanhecer"";""Crescente"";""Nublado"";""Simples"";""Reta"";""Não"";465218;""Automóvel"";""CHEVROLET/CLASSIC"";2010;""Passageiro"";""Ileso"";11;""Feminino"";1;0;0;0;-6",866972;-43,"110107;""SR-PI"";""DEL17/3"";""UOP01/PI""",
"260735;581620;2020-01-04;""sábado"";""05:50:00"";""PI"";343;606;""FLORIANO"";""Sim"";""Falta de Atenção à Condução"";2;""Colisão com objeto estático"";""Com Vítimas Feridas"";""Amanhecer"";""Crescente"";""Nublado"";""Simples"";""Reta"";""Não"";465218;""Automóvel"";""CHEVROLET/CLASSIC"";2010;""Passageiro"";""Lesões Leves"";47;""Feminino"";0;1;0;0;-6",866972;-43,"110107;""SR-PI"";""DEL17/3"";""UOP01/PI""",