"id;""pesid"";""data_inversa"";""dia_semana"";""horario"";""uf"";""br"";""km"";""municipio"";""causa_principal"";""causa_acidente"";""ordem_tipo_acidente"";""tipo_acidente"";""classificacao_acidente"";""fase_dia"";""sentido_via"";""condicao_metereologica"";""tipo_pista"";""tracado_via"";""uso_solo"";""id_veiculo"";""tipo_veiculo"";""marca"";""ano_fabricacao_veiculo"";""tipo_envolvido"";""estado_fisico"";""idade"";""sexo"";""ilesos"";""feridos_leves"";""feridos_graves"";""mortos"";""latitude"";""longitude"";""regional"";""delegacia"";""uop""",,,
"260747;580117;2020-01-04;""sábado"";""07:15:00"";""MG"";262;359;""BETIM"";""Sim"";""Falta de Atenção à Condução"";1;""Colisão traseira"";""Com Vítimas Feridas"";""Pleno dia"";""Decrescente"";""Garoa/Chuvisco"";""Dupla"";""Reta"";""Não"";465264;""Caminhão-trator"";""SCANIA/R113 H 4X2 360"";1996;""Condutor"";""Ileso"";37;""Masculino"";1;0;0;0;-19",98332234;-44,"20214426;""SR-MG"";""DEL4/1"";""UOP03/MG""",
"260748;580132;2020-01-04;""sábado"";""08:00:00"";""SP"";116;217","6;""GUARULHOS"";""Sim"";""Defeito Mecânico no Veículo"";1;""Colisão com objeto estático"";""Sem Vítimas"";""Pleno dia"";""Crescente"";""Céu Claro"";""Múltipla"";""Reta"";""Sim"";465277;""Automóvel"";""I/FORD FUSION"";2007;""Condutor"";""Ileso"";40;""Masculino"";1;0;0;0;-23",45534319;-46,"47502184;""SR-SP"";""DEL6/1"";""UOP01/SP"""
"260749;581080;2020-01-04;""sábado"";""07:00:00"";""RS"";470;156;""NOVA PRATA"";""Não"";""Ultrapassagem Indevida"";1;""Colisão lateral"";""Com Vítimas Feridas"";""Pleno dia"";""Decrescente"";""Céu Claro"";""Simples"";""Reta"";""Não"";465262;""Caminhonete"";""GM/CHEVROLET D20 CUSTOM L"";1987;""Condutor"";""Não Informado"";NA;""Não Informado"";0;0;0;0;-28",78874508;-51,"61532195;""SR-RS"";""DEL9/6"";""UOP02/RS""",
"260749;581054;2020-01-04;""sábado"";""07:00:00"";""RS"";470;156;""NOVA PRATA"";""Não"";""Ultrapassagem Indevida"";1;""Colisão lateral"";""Com Vítimas Feridas"";""Pleno dia"";""Decrescente"";""Céu Claro"";""Simples"";""Reta"";""Não"";465258;""Caminhão"";"""";NA;""Condutor"";""Não Informado"";NA;""Não Informado"";0;0;0;0;-28",78874508;-51,"61532195;""SR-RS"";""DEL9/6"";""UOP02/RS""",
"260749;581053;2020-01-04;""sábado"";""07:00:00"";""RS"";470;156;""NOVA PRATA"";""Não"";""Ultrapassagem Indevida"";1;""Colisão lateral"";""Com Vítimas Feridas"";""Pleno dia"";""Decrescente"";""Céu Claro"";""Simples"";""Reta"";""Não"";465261;""Automóvel"";""NISSAN/KICKS S CVT"";2017;""Condutor"";""Ileso"";60;""Masculino"";1;0;0;0;-28",78874508;-51,"61532195;""SR-RS"";""DEL9/6"";""UOP02/RS""",
"260749;581051;2020-01-04;""sábado"";""07:00:00"";""RS"";470;156;""NOVA PRATA"";""Não"";""Ultrapassagem Indevida"";1;""Colisão lateral"";""Com Vítimas Feridas"";""Pleno dia"";""Decrescente"";""Céu Claro"";""Simples"";""Reta"";""Não"";465260;""Caminhonete"";""VW/NOVA SAVEIRO RB MBVS"";2018;""Passageiro"";""Lesões Leves"";82;""Feminino"";0;1;0;0;-28",78874508;-51,"61532195;""SR-RS"";""DEL9/6"";""UOP02/RS""",
"260749;581046;2020-01-04;""sábado"";""07:00:00"";""RS"";470;156;""NOVA PRATA"";""Não"";""Ultrapassagem Indevida"";1;""Colisão lateral"";""Com Vítimas Feridas"";""Pleno dia"";""Decrescente"";""Céu Claro"";""Simples"";""Reta"";""Não"";465260;""Caminhonete"";""VW/NOVA SAVEIRO RB MBVS"";2018;""Condutor"";""Ileso"";72;""Masculino"";1;0;0;0;-28",78874508;-51,"61532195;""SR-RS"";""DEL9/6"";""UOP02/RS""",
"260749;581042;2020-01-04;""sábado"";""07:00:00"";""RS"";470;156;""NOVA PRATA"";""Não"";""Ultrapassagem Indevida"";1;""Colisão lateral"";""Com Vítimas Feridas"";""Pleno dia"";""Decrescente"";""Céu Claro"";""Simples"";""Reta"";""Não"";465259;""Caminhão"";""M.BENZ/L 708 E"";1988;""Condutor"";""Ileso"";40;""Masculino"";1;0;0;0;-28",78874508;-51,"61532195;""SR-RS"";""DEL9/6"";""UOP02/RS""",
"260749;581080;2020-01-04;""sábado"";""07:00:00"";""RS"";470;156;""NOVA PRATA"";""Não"";""Ultrapassagem Indevida"";3;""Colisão traseira"";""Com Vítimas Feridas"";""Pleno dia"";""Decrescente"";""Céu Claro"";""Simples"";""Reta"";""Não"";465262;""Caminhonete"";""GM/CHEVROLET D20 CUSTOM L"";1987;""Condutor"";""Não Informado"";NA;""Não Informado"";0;0;0;0;-28",78874508;-51,"61532195;""SR-RS"";""DEL9/6"";""UOP02/RS""",
"260749;581054;2020-01-04;""sábado"";""07:00:00"";""RS"";470;156;""NOVA PRATA"";""Não"";""Ultrapassagem Indevida"";3;""Colisão traseira"";""Com Vítimas Feridas"";""Pleno dia"";""Decrescente"";""Céu Claro"";""Simples"";""Reta"";""Não"";465258;""Caminhão"";"""";NA;""Condutor"";""Não Informado"";NA;""Não Informado"";0;0;0;0;-28",78874508;-51,"61532195;""SR-RS"";""DEL9/6"";""UOP02/RS""",
"260749;581053;2020-01-04;""sábado"";""07:00:00"";""RS"";470;156;""NOVA PRATA"";""Não"";""Ultrapassagem Indevida"";3;""Colisão traseira"";""Com Vítimas Feridas"";""Pleno dia"";""Decrescente"";""Céu Claro"";""Simples"";""Reta"";""Não"";465261;""Automóvel"";""NISSAN/KICKS S CVT"";2017;""Condutor"";""Ileso"";60;""Masculino"";1;0;0;0;-28",78874508;-51,"61532195;""SR-RS"";""DEL9/6"";""UOP02/RS""",
"260749;581051;2020-01-04;""sábado"";""07:00:00"";""RS"";470;156;""NOVA PRATA"";""Não"";""Ultrapassagem Indevida"";3;""Colisão traseira"";""Com Vítimas Feridas"";""Pleno dia"";""Decrescente"";""Céu Claro"";""Simples"";""Reta"";""Não"";465260;""Caminhonete"";""VW/NOVA SAVEIRO RB MBVS"";2018;""Passageiro"";""Lesões Leves"";82;""Feminino"";0;1;0;0;-28",78874508;-51,"61532195;""SR-RS"";""DEL9/6"";""UOP02/RS""",
"260749;581046;2020-01-04;""sábado"";""07:00:00"";""RS"";470;156;""NOVA PRATA"";""Não"";""Ultrapassagem Indevida"";3;""Colisão traseira"";""Com Vítimas Feridas"";""Pleno dia"";""Decrescente"";""Céu Claro"";""Simples"";""Reta"";""Não"";465260;""Caminhonete"";""VW/NOVA SAVEIRO RB MBVS"";2018;""Condutor"";""Ileso"";72;""Masculino"";1;0;0;0;-28",78874508;-51,"61532195;""SR-RS"";""DEL9/6"";""UOP02/RS""",
"260749;581042;2020-01-04;""sábado"";""07:00:00"";""RS"";470;156;""NOVA PRATA"";""Não"";""Ultrapassagem Indevida"";3;""Colisão traseira"";""Com Vítimas Feridas"";""Pleno dia"";""Decrescente"";""Céu Claro"";""Simples"";""Reta"";""Não"";465259;""Caminhão"";""M.BENZ/L 708 E"";1988;""Condutor"";""Ileso"";40;""Masculino"";1;0;0;0;-28",78874508;-51,"61532195;""SR-RS"";""DEL9/6"";""UOP02/RS""",
"260749;581080;2020-01-04;""sábado"";""07:00:00"";""RS"";470;156;""NOVA PRATA"";""Não"";""Ultrapassagem Indevida"";2;""Colisão traseira"";""Com Vítimas Feridas"";""Pleno dia"";""Decrescente"";""Céu Claro"";""Simples"";""Reta"";""Não"";465262;""Caminhonete"";""GM/CHEVROLET D20 CUSTOM L"";1987;""Condutor"";""Não Informado"";NA;""Não Informado"";0;0;0;0;-28",78874508;-51,"61532195;""SR-RS"";""DEL9/6"";""UOP02/RS""",
"260749;581054;2020-01-04;""sábado"";""07:00:00"";""RS"";470;156;""NOVA PRATA"";""Não"";""Ultrapassagem Indevida"";2;""Colisão traseira"";""Com Vítimas Feridas"";""Pleno dia"";""Decrescente"";""Céu Claro"";""Simples"";""Reta"";""Não"";465258;""Caminhão"";"""";NA;""Condutor"";""Não Informado"";NA;""Não Informado"";0;0;0;0;-28",78874508;-51,"61532195;""SR-RS"";""DEL9/6"";""UOP02/RS""",
"260749;581053;2020-01-04;""sábado"";""07:00:00"";""RS"";470;156;""NOVA PRATA"";""Não"";""Ultrapassagem Indevida"";2;""Colisão traseira"";""Com Vítimas Feridas"";""Pleno dia"";""Decrescente"";""Céu Claro"";""Simples"";""Reta"";""Não"";465261;""Automóvel"";""NISSAN/KICKS S CVT"";2017;""Condutor"";""Ileso"";60;""Masculino"";1;0;0;0;-28",78874508;-51,"61532195;""SR-RS"";""DEL9/6"";""UOP02/RS""",
"260749;581051;2020-01-04;""sábado"";""07:00:00"";""RS"";470;156;""NOVA PRATA"";""Não"";""Ultrapassagem Indevida"";2;""Colisão traseira"";""Com Vítimas Feridas"";""Pleno dia"";""Decrescente"";""Céu Claro"";""Simples"";""Reta"";""Não"";465260;""Caminhonete"";""VW/NOVA SAVEIRO RB MBVS"";2018;""Passageiro"";""Lesões Leves"";82;""Feminino"";0;1;0;0;-28",78874508;-51,"61532195;""SR-RS"";""DEL9/6"";""UOP02/RS""",
"260749;581046;2020-01-04;""sábado"";""07:00:00"";""RS"";470;156;""NOVA PRATA"";""Não"";""Ultrapassagem Indevida"";2;""Colisão traseira"";""Com Vítimas Feridas"";""Pleno dia"";""Decrescente"";""Céu Claro"";""Simples"";""Reta"";""Não"";465260;""Caminhonete"";""VW/NOVA SAVEIRO RB MBVS"";2018;""Condutor"";""Ileso"";72;""Masculino"";1;0;0;0;-28",78874508;-51,"61532195;""SR-RS"";""DEL9/6"";""UOP02/RS""",
"260749;581042;2020-01-04;""sábado"";""07:00:00"";""RS"";470;156;""NOVA PRATA"";""Não"";""Ultrapassagem Indevida"";2;""Colisão traseira"";""Com Vítimas Feridas"";""Pleno dia"";""Decrescente"";""Céu Claro"";""Simples"";""Reta"";""Não"";465259;""Caminhão"";""M.BENZ/L 708 E"";1988;""Condutor"";""Ileso"";40;""Masculino"";1;0;0;0;-28",78874508;-51,"61532195;""SR-RS"";""DEL9/6"";""UOP02/RS""",
"260749;581080;2020-01-04;""sábado"";""07:00:00"";""RS"";470;156;""NOVA PRATA"";""Sim"";""Velocidade Incompatível"";1;""Colisão lateral"";""Com Vítimas Feridas"";""Pleno dia"";""Decrescente"";""Céu Claro"";""Simples"";""Reta"";""Não"";465262;""Caminhonete"";""GM/CHEVROLET D20 CUSTOM L"";1987;""Condutor"";""Não Informado"";NA;""Não Informado"";0;0;0;0;-28",78874508;-51,"61532195;""SR-RS"";""DEL9/6"";""UOP02/RS""",
"260749;581054;2020-01-04;""sábado"";""07:00:00"";""RS"";470;156;""NOVA PRATA"";""Sim"";""Velocidade Incompatível"";1;""Colisão lateral"";""Com Vítimas Feridas"";""Pleno dia"";""Decrescente"";""Céu Claro"";""Simples"";""Reta"";""Não"";465258;""Caminhão"";"""";NA;""Condutor"";""Não Informado"";NA;""Não Informado"";0;0;0;0;-28",78874508;-51,"61532195;""SR-RS"";""DEL9/6"";""UOP02/RS""",
"260749;581053;2020-01-04;""sábado"";""07:00:00"";""RS"";470;156;""NOVA PRATA"";""Sim"";""Velocidade Incompatível"";1;""Colisão lateral"";""Com Vítimas Feridas"";""Pleno dia"";""Decrescente"";""Céu Claro"";""Simples"";""Reta"";""Não"";465261;""Automóvel"";""NISSAN/KICKS S CVT"";2017;""Condutor"";""Ileso"";60;""Masculino"";1;0;0;0;-28",78874508;-51,"61532195;""SR-RS"";""DEL9/6"";""UOP02/RS""",
"260749;581051;2020-01-04;""sábado"";""07:00:00"";""RS"";470;156;""NOVA PRATA"";""Sim"";""Velocidade Incompatível"";1;""Colisão lateral"";""Com Vítimas Feridas"";""Pleno dia"";""Decrescente"";""Céu Claro"";""Simples"";""Reta"";""Não"";465260;""Caminhonete"";""VW/NOVA SAVEIRO RB MBVS"";2018;""Passageiro"";""Lesões Leves"";82;""Feminino"";0;1;0;0;-28",78874508;-51,"61532195;""SR-RS"";""DEL9/6"";""UOP02/RS""",
"260749;581046;2020-01-04;""sábado"";""07:00:00"";""RS"";470;156;""NOVA PRATA"";""Sim"";""Velocidade Incompatível"";1;""Colisão lateral"";""Com Vítimas Feridas"";""Pleno dia"";""Decrescente"";""Céu Claro"";""Simples"";""Reta"";""Não"";465260;""Caminhonete"";""VW/NOVA SAVEIRO RB MBVS"";2018;""Condutor"";""Ileso"";72;""Masculino"";1;0;0;0;-28",78874508;-51,"61532195;""SR-RS"";""DEL9/6"";""UOP02/RS""",
"260749;581042;2020-01-04;""sábado"";""07:00:00"";""RS"";470;156;""NOVA PRATA"";""Sim"";""Velocidade Incompatível"";1;""Colisão lateral"";""Com Vítimas Feridas"";""Pleno dia"";""Decrescente"";""Céu Claro"";""Simples"";""Reta"";""Não"";465259;""Caminhão"";""M.BENZ/L 708 E"";1988;""Condutor"";""Ileso"";40;""Masculino"";1;0;0;0;-28",78874508;-51,"61532195;""SR-RS"";""DEL9/6"";""UOP02/RS""",
"260749;581080;2020-01-04;""sábado"";""07:00:00"";""RS"";470;156;""NOVA PRATA"";""Sim"";""Velocidade Incompatível"";3;""Colisão traseira"";""Com Vítimas Feridas"";""Pleno dia"";""Decrescente"";""Céu Claro"";""Simples"";""Reta"";""Não"";465262;""Caminhonete"";""GM/CHEVROLET D20 CUSTOM L"";1987;""Condutor"";""Não Informado"";NA;""Não Informado"";0;0;0;0;-28",78874508;-51,"61532195;""SR-RS"";""DEL9/6"";""UOP02/RS""",
"260749;581054;2020-01-04;""sábado"";""07:00:00"";""RS"";470;156;""NOVA PRATA"";""Sim"";""Velocidade Incompatível"";3;""Colisão traseira"";""Com Vítimas Feridas"";""Pleno dia"";""Decrescente"";""Céu Claro"";""Simples"";""Reta"";""Não"";465258;""Caminhão"";"""";NA;""Condutor"";""Não Informado"";NA;""Não Informado"";0;0;0;0;-28",78874508;-51,"61532195;""SR-RS"";""DEL9/6"";""UOP02/RS""",
"260749;581053;2020-01-04;""sábado"";""07:00:00"";""RS"";470;156;""NOVA PRATA"";""Sim"";""Velocidade Incompatível"";3;""Colisão traseira"";""Com Vítimas Feridas"";""Pleno dia"";""Decrescente"";""Céu Claro"";""Simples"";""Reta"";""Não"";465261;""Automóvel"";""NISSAN/KICKS S CVT"";2017;""Condutor"";""Ileso"";60;""Masculino"";1;0;0;0;-28",78874508;-51,"61532195;""SR-RS"";""DEL9/6"";""UOP02/RS""",
"260749;581051;2020-01-04;""sábado"";""07:00:00"";""RS"";470;156;""NOVA PRATA"";""Sim"";""Velocidade Incompatível"";3;""Colisão traseira"";""Com Vítimas Feridas"";""Pleno dia"";""Decrescente"";""Céu Claro"";""Simples"";""Reta"";""Não"";465260;""Caminhonete"";""VW/NOVA SAVEIRO RB MBVS"";2018;""Passageiro"";""Lesões Leves"";82;""Feminino"";0;1;0;0;-28",78874508;-51,"61532195;""SR-RS"";""DEL9/6"";""UOP02/RS""",
"260749;581046;2020-01-04;""sábado"";""07:00:00"";""RS"";470;156;""NOVA PRATA"";""Sim"";""Velocidade Incompatível"";3;""Colisão traseira"";""Com Vítimas Feridas"";""Pleno dia"";""Decrescente"";""Céu Claro"";""Simples"";""Reta"";""Não"";465260;""Caminhonete"";""VW/NOVA SAVEIRO RB MBVS"";2018;""Condutor"";""Ileso"";72;""Masculino"";1;0;0;0;-28",78874508;-51,"61532195;""SR-RS"";""DEL9/6"";""UOP02/RS""",
"260749;581042;2020-01-04;""sábado"";""07:00:00"";""RS"";470;156;""NOVA PRATA"";""Sim"";""Velocidade Incompatível"";3;""Colisão traseira"";""Com Vítimas Feridas"";""Pleno dia"";""Decrescente"";""Céu Claro"";""Simples"";""Reta"";""Não"";465259;""Caminhão"";""M.BENZ/L 708 E"";1988;""Condutor"";""Ileso"";40;""Masculino"";1;0;0;0;-28",78874508;-51,"61532195;""SR-RS"";""DEL9/6"";""UOP02/RS""",
"260749;581080;2020-01-04;""sábado"";""07:00:00"";""RS"";470;156;""NOVA PRATA"";""Sim"";""Velocidade Incompatível"";2;""Colisão traseira"";""Com Vítimas Feridas"";""Pleno dia"";""Decrescente"";""Céu Claro"";""Simples"";""Reta"";""Não"";465262;""Caminhonete"";""GM/CHEVROLET D20 CUSTOM L"";1987;""Condutor"";""Não Informado"";NA;""Não Informado"";0;0;0;0;-28",78874508;-51,"61532195;""SR-RS"";""DEL9/6"";""UOP02/RS""",
"260749;581054;2020-01-04;""sábado"";""07:00:00"";""RS"";470;156;""NOVA PRATA"";""Sim"";""Velocidade Incompatível"";2;""Colisão traseira"";""Com Vítimas Feridas"";""Pleno dia"";""Decrescente"";""Céu Claro"";""Simples"";""Reta"";""Não"";465258;""Caminhão"";"""";NA;""Condutor"";""Não Informado"";NA;""Não Informado"";0;0;0;0;-28",78874508;-51,"61532195;""SR-RS"";""DEL9/6"";""UOP02/RS""",
"260749;581053;2020-01-04;""sábado"";""07:00:00"";""RS"";470;156;""NOVA PRATA"";""Sim"";""Velocidade Incompatível"";2;""Colisão traseira"";""Com Vítimas Feridas"";""Pleno dia"";""Decrescente"";""Céu Claro"";""Simples"";""Reta"";""Não"";465261;""Automóvel"";""NISSAN/KICKS S CVT"";2017;""Condutor"";""Ileso"";60;""Masculino"";1;0;0;0;-28",78874508;-51,"61532195;""SR-RS"";""DEL9/6"";""UOP02/RS""",
"260749;581051;2020-01-04;""sábado"";""07:00:00"";""RS"";470;156;""NOVA PRATA"";""Sim"";""Velocidade Incompatível"";2;""Colisão traseira"";""Com Vítimas Feridas"";""Pleno dia"";""Decrescente"";""Céu Claro"";""Simples"";""Reta"";""Não"";465260;""Caminhonete"";""VW/NOVA SAVEIRO RB MBVS"";2018;""Passageiro"";""Lesões Leves"";82;""Feminino"";0;1;0;0;-28",78874508;-51,"61532195;""SR-RS"";""DEL9/6"";""UOP02/RS""",
"260749;581046;2020-01-04;""sábado"";""07:00:00"";""RS"";470;156;""NOVA PRATA"";""Sim"";""Velocidade Incompatível"";2;""Colisão traseira"";""Com Vítimas Feridas"";""Pleno dia"";""Decrescente"";""Céu Claro"";""Simples"";""Reta"";""Não"";465260;""Caminhonete"";""VW/NOVA SAVEIRO RB MBVS"";2018;""Condutor"";""Ileso"";72;""Masculino"";1;0;0;0;-28",78874508;-51,"61532195;""SR-RS"";""DEL9/6"";""UOP02/RS""",
"260749;581042;2020-01-04;""sábado"";""07:00:00"";""RS"";470;156;""NOVA PRATA"";""Sim"";""Velocidade Incompatível"";2;""Colisão traseira"";""Com Vítimas Feridas"";""Pleno dia"";""Decrescente"";""Céu Claro"";""Simples"";""Reta"";""Não"";465259;""Caminhão"";""M.BENZ/L 708 E"";1988;""Condutor"";""Ileso"";40;""Masculino"";1;0;0;0;-28",78874508;-51,"61532195;""SR-RS"";""DEL9/6"";""UOP02/RS""",
"260749;581080;2020-01-04;""sábado"";""07:00:00"";""RS"";470;156;""NOVA PRATA"";""Não"";""Não guardar distância de segurança"";1;""Colisão lateral"";""Com Vítimas Feridas"";""Pleno dia"";""Decrescente"";""Céu Claro"";""Simples"";""Reta"";""Não"";465262;""Caminhonete"";""GM/CHEVROLET D20 CUSTOM L"";1987;""Condutor"";""Não Informado"";NA;""Não Informado"";0;0;0;0;-28",78874508;-51,"61532195;""SR-RS"";""DEL9/6"";""UOP02/RS""",
"260749;581054;2020-01-04;""sábado"";""07:00:00"";""RS"";470;156;""NOVA PRATA"";""Não"";""Não guardar distância de segurança"";1;""Colisão lateral"";""Com Vítimas Feridas"";""Pleno dia"";""Decrescente"";""Céu Claro"";""Simples"";""Reta"";""Não"";465258;""Caminhão"";"""";NA;""Condutor"";""Não Informado"";NA;""Não Informado"";0;0;0;0;-28",78874508;-51,"61532195;""SR-RS"";""DEL9/6"";""UOP02/RS""",
"260749;581053;2020-01-04;""sábado"";""07:00:00"";""RS"";470;156;""NOVA PRATA"";""Não"";""Não guardar distância de segurança"";1;""Colisão lateral"";""Com Vítimas Feridas"";""Pleno dia"";""Decrescente"";""Céu Claro"";""Simples"";""Reta"";""Não"";465261;""Automóvel"";""NISSAN/KICKS S CVT"";2017;""Condutor"";""Ileso"";60;""Masculino"";1;0;0;0;-28",78874508;-51,"61532195;""SR-RS"";""DEL9/6"";""UOP02/RS""",
"260749;581051;2020-01-04;""sábado"";""07:00:00"";""RS"";470;156;""NOVA PRATA"";""Não"";""Não guardar distância de segurança"";1;""Colisão lateral"";""Com Vítimas Feridas"";""Pleno dia"";""Decrescente"";""Céu Claro"";""Simples"";""Reta"";""Não"";465260;""Caminhonete"";""VW/NOVA SAVEIRO RB MBVS"";2018;""Passageiro"";""Lesões Leves"";82;""Feminino"";0;1;0;0;-28",78874508;-51,"61532195;""SR-RS"";""DEL9/6"";""UOP02/RS""",
"260749;581046;2020-01-04;""sábado"";""07:00:00"";""RS"";470;156;""NOVA PRATA"";""Não"";""Não guardar distância de segurança"";1;""Colisão lateral"";""Com Vítimas Feridas"";""Pleno dia"";""Decrescente"";""Céu Claro"";""Simples"";""Reta"";""Não"";465260;""Caminhonete"";""VW/NOVA SAVEIRO RB MBVS"";2018;""Condutor"";""Ileso"";72;""Masculino"";1;0;0;0;-28",78874508;-51,"61532195;""SR-RS"";""DEL9/6"";""UOP02/RS""",
"260749;581042;2020-01-04;""sábado"";""07:00:00"";""RS"";470;156;""NOVA PRATA"";""Não"";""Não guardar distância de segurança"";1;""Colisão lateral"";""Com Vítimas Feridas"";""Pleno dia"";""Decrescente"";""Céu Claro"";""Simples"";""Reta"";""Não"";465259;""Caminhão"";""M.BENZ/L 708 E"";1988;""Condutor"";""Ileso"";40;""Masculino"";1;0;0;0;-28",78874508;-51,"61532195;""SR-RS"";""DEL9/6"";""UOP02/RS""",
"260749;581080;2020-01-04;""sábado"";""07:00:00"";""RS"";470;156;""NOVA PRATA"";""Não"";""Não guardar distância de segurança"";3;""Colisão traseira"";""Com Vítimas Feridas"";""Pleno dia"";""Decrescente"";""Céu Claro"";""Simples"";""Reta"";""Não"";465262;""Caminhonete"";""GM/CHEVROLET D20 CUSTOM L"";1987;""Condutor"";""Não Informado"";NA;""Não Informado"";0;0;0;0;-28",78874508;-51,"61532195;""SR-RS"";""DEL9/6"";""UOP02/RS""",
"260749;581054;2020-01-04;""sábado"";""07:00:00"";""RS"";470;156;""NOVA PRATA"";""Não"";""Não guardar distância de segurança"";3;""Colisão traseira"";""Com Vítimas Feridas"";""Pleno dia"";""Decrescente"";""Céu Claro"";""Simples"";""Reta"";""Não"";465258;""Caminhão"";"""";NA;""Condutor"";""Não Informado"";NA;""Não Informado"";0;0;0;0;-28",78874508;-51,"61532195;""SR-RS"";""DEL9/6"";""UOP02/RS""",
"260749;581053;2020-01-04;""sábado"";""07:00:00"";""RS"";470;156;""NOVA PRATA"";""Não"";""Não guardar distância de segurança"";3;""Colisão traseira"";""Com Vítimas Feridas"";""Pleno dia"";""Decrescente"";""Céu Claro"";""Simples"";""Reta"";""Não"";465261;""Automóvel"";""NISSAN/KICKS S CVT"";2017;""Condutor"";""Ileso"";60;""Masculino"";1;0;0;0;-28",78874508;-51,"61532195;""SR-RS"";""DEL9/6"";""UOP02/RS""",
"260749;581051;2020-01-04;""sábado"";""07:00:00"";""RS"";470;156;""NOVA PRATA"";""Não"";""Não guardar distância de segurança"";3;""Colisão traseira"";""Com Vítimas Feridas"";""Pleno dia"";""Decrescente"";""Céu Claro"";""Simples"";""Reta"";""Não"";465260;""Caminhonete"";""VW/NOVA SAVEIRO RB MBVS"";2018;""Passageiro"";""Lesões Leves"";82;""Feminino"";0;1;0;0;-28",78874508;-51,"61532195;""SR-RS"";""DEL9/6"";""UOP02/RS""",
"260749;581046;2020-01-04;""sábado"";""07:00:00"";""RS"";470;156;""NOVA PRATA"";""Não"";""Não guardar distância de segurança"";3;""Colisão traseira"";""Com Vítimas Feridas"";""Pleno dia"";""Decrescente"";""Céu Claro"";""Simples"";""Reta"";""Não"";465260;""Caminhonete"";""VW/NOVA SAVEIRO RB MBVS"";2018;""Condutor"";""Ileso"";72;""Masculino"";1;0;0;0;-28",78874508;-51,"61532195;""SR-RS"";""DEL9/6"";""UOP02/RS""",
"260749;581042;2020-01-04;""sábado"";""07:00:00"";""RS"";470;156;""NOVA PRATA"";""Não"";""Não guardar distância de segurança"";3;""Colisão traseira"";""Com Vítimas Feridas"";""Pleno dia"";""Decrescente"";""Céu Claro"";""Simples"";""Reta"";""Não"";465259;""Caminhão"";""M.BENZ/L 708 E"";1988;""Condutor"";""Ileso"";40;""Masculino"";1;0;0;0;-28",78874508;-51,"61532195;""SR-RS"";""DEL9/6"";""UOP02/RS""",
"260749;581080;2020-01-04;""sábado"";""07:00:00"";""RS"";470;156;""NOVA PRATA"";""Não"";""Não guardar distância de segurança"";2;""Colisão traseira"";""Com Vítimas Feridas"";""Pleno dia"";""Decrescente"";""Céu Claro"";""Simples"";""Reta"";""Não"";465262;""Caminhonete"";""GM/CHEVROLET D20 CUSTOM L"";1987;""Condutor"";""Não Informado"";NA;""Não Informado"";0;0;0;0;-28",78874508;-51,"61532195;""SR-RS"";""DEL9/6"";""UOP02/RS""",
"260749;581054;2020-01-04;""sábado"";""07:00:00"";""RS"";470;156;""NOVA PRATA"";""Não"";""Não guardar distância de segurança"";2;""Colisão traseira"";""Com Vítimas Feridas"";""Pleno dia"";""Decrescente"";""Céu Claro"";""Simples"";""Reta"";""Não"";465258;""Caminhão"";"""";NA;""Condutor"";""Não Informado"";NA;""Não Informado"";0;0;0;0;-28",78874508;-51,"61532195;""SR-RS"";""DEL9/6"";""UOP02/RS""",
"260749;581053;2020-01-04;""sábado"";""07:00:00"";""RS"";470;156;""NOVA PRATA"";""Não"";""Não guardar distância de segurança"";2;""Colisão traseira"";""Com Vítimas Feridas"";""Pleno dia"";""Decrescente"";""Céu Claro"";""Simples"";""Reta"";""Não"";465261;""Automóvel"";""NISSAN/KICKS S CVT"";2017;""Condutor"";""Ileso"";60;""Masculino"";1;0;0;0;-28",78874508;-51,"61532195;""SR-RS"";""DEL9/6"";""UOP02/RS""",
"260749;581051;2020-01-04;""sábado"";""07:00:00"";""RS"";470;156;""NOVA PRATA"";""Não"";""Não guardar distância de segurança"";2;""Colisão traseira"";""Com Vítimas Feridas"";""Pleno dia"";""Decrescente"";""Céu Claro"";""Simples"";""Reta"";""Não"";465260;""Caminhonete"";""VW/NOVA SAVEIRO RB MBVS"";2018;""Passageiro"";""Lesões Leves"";82;""Feminino"";0;1;0;0;-28",78874508;-51,"61532195;""SR-RS"";""DEL9/6"";""UOP02/RS""",
"260749;581046;2020-01-04;""sábado"";""07:00:00"";""RS"";470;156;""NOVA PRATA"";""Não"";""Não guardar distância de segurança"";2;""Colisão traseira"";""Com Vítimas Feridas"";""Pleno dia"";""Decrescente"";""Céu Claro"";""Simples"";""Reta"";""Não"";465260;""Caminhonete"";""VW/NOVA SAVEIRO RB MBVS"";2018;""Condutor"";""Ileso"";72;""Masculino"";1;0;0;0;-28",78874508;-51,"61532195;""SR-RS"";""DEL9/6"";""UOP02/RS""",
"260749;581042;2020-01-04;""sábado"";""07:00:00"";""RS"";470;156;""NOVA PRATA"";""Não"";""Não guardar distância de segurança"";2;""Colisão traseira"";""Com Vítimas Feridas"";""Pleno dia"";""Decrescente"";""Céu Claro"";""Simples"";""Reta"";""Não"";465259;""Caminhão"";""M.BENZ/L 708 E"";1988;""Condutor"";""Ileso"";40;""Masculino"";1;0;0;0;-28",78874508;-51,"61532195;""SR-RS"";""DEL9/6"";""UOP02/RS""",