"id;""pesid"";""data_inversa"";""dia_semana"";""horario"";""uf"";""br"";""km"";""municipio"";""causa_principal"";""causa_acidente"";""ordem_tipo_acidente"";""tipo_acidente"";""classificacao_acidente"";""fase_dia"";""sentido_via"";""condicao_metereologica"";""tipo_pista"";""tracado_via"";""uso_solo"";""id_veiculo"";""tipo_veiculo"";""marca"";""ano_fabricacao_veiculo"";""tipo_envolvido"";""estado_fisico"";""idade"";""sexo"";""ilesos"";""feridos_leves"";""feridos_graves"";""mortos"";""latitude"";""longitude"";""regional"";""delegacia"";""uop""",,,
"260779;580142;2020-01-04;""sábado"";""11:20:00"";""SP"";116;288","7;""ITAPECERICA DA SERRA"";""Sim"";""Velocidade Incompatível"";1;""Saída de leito carroçável"";""Com Vítimas Feridas"";""Pleno dia"";""Decrescente"";""Garoa/Chuvisco"";""Dupla"";""Não Informado"";""Não"";465282;""Automóvel"";""RENAULT/SANDERO EXP1016V"";2013;""Condutor"";""Lesões Leves"";38;""Masculino"";0;1;0;0;-23",719254;-46,"883144;""SR-SP"";""DEL6/4"";""UOP01/SP"""
"260779;580145;2020-01-04;""sábado"";""11:20:00"";""SP"";116;288","7;""ITAPECERICA DA SERRA"";""Não"";""Pista Escorregadia"";2;""Capotamento"";""Com Vítimas Feridas"";""Pleno dia"";""Decrescente"";""Garoa/Chuvisco"";""Dupla"";""Não Informado"";""Não"";465282;""Automóvel"";""RENAULT/SANDERO EXP1016V"";2013;""Passageiro"";""Lesões Leves"";15;""Feminino"";0;1;0;0;-23",719254;-46,"883144;""SR-SP"";""DEL6/4"";""UOP01/SP"""
"260779;580144;2020-01-04;""sábado"";""11:20:00"";""SP"";116;288","7;""ITAPECERICA DA SERRA"";""Não"";""Pista Escorregadia"";2;""Capotamento"";""Com Vítimas Feridas"";""Pleno dia"";""Decrescente"";""Garoa/Chuvisco"";""Dupla"";""Não Informado"";""Não"";465282;""Automóvel"";""RENAULT/SANDERO EXP1016V"";2013;""Passageiro"";""Lesões Leves"";14;""Feminino"";0;1;0;0;-23",719254;-46,"883144;""SR-SP"";""DEL6/4"";""UOP01/SP"""
"260779;580142;2020-01-04;""sábado"";""11:20:00"";""SP"";116;288","7;""ITAPECERICA DA SERRA"";""Não"";""Pista Escorregadia"";2;""Capotamento"";""Com Vítimas Feridas"";""Pleno dia"";""Decrescente"";""Garoa/Chuvisco"";""Dupla"";""Não Informado"";""Não"";465282;""Automóvel"";""RENAULT/SANDERO EXP1016V"";2013;""Condutor"";""Lesões Leves"";38;""Masculino"";0;1;0;0;-23",719254;-46,"883144;""SR-SP"";""DEL6/4"";""UOP01/SP"""
"260779;580145;2020-01-04;""sábado"";""11:20:00"";""SP"";116;288","7;""ITAPECERICA DA SERRA"";""Não"";""Pista Escorregadia"";1;""Saída de leito carroçável"";""Com Vítimas Feridas"";""Pleno dia"";""Decrescente"";""Garoa/Chuvisco"";""Dupla"";""Não Informado"";""Não"";465282;""Automóvel"";""RENAULT/SANDERO EXP1016V"";2013;""Passageiro"";""Lesões Leves"";15;""Feminino"";0;1;0;0;-23",719254;-46,"883144;""SR-SP"";""DEL6/4"";""UOP01/SP"""
"260779;580144;2020-01-04;""sábado"";""11:20:00"";""SP"";116;288","7;""ITAPECERICA DA SERRA"";""Não"";""Pista Escorregadia"";1;""Saída de leito carroçável"";""Com Vítimas Feridas"";""Pleno dia"";""Decrescente"";""Garoa/Chuvisco"";""Dupla"";""Não Informado"";""Não"";465282;""Automóvel"";""RENAULT/SANDERO EXP1016V"";2013;""Passageiro"";""Lesões Leves"";14;""Feminino"";0;1;0;0;-23",719254;-46,"883144;""SR-SP"";""DEL6/4"";""UOP01/SP"""
"260779;580142;2020-01-04;""sábado"";""11:20:00"";""SP"";116;288","7;""ITAPECERICA DA SERRA"";""Não"";""Pista Escorregadia"";1;""Saída de leito carroçável"";""Com Vítimas Feridas"";""Pleno dia"";""Decrescente"";""Garoa/Chuvisco"";""Dupla"";""Não Informado"";""Não"";465282;""Automóvel"";""RENAULT/SANDERO EXP1016V"";2013;""Condutor"";""Lesões Leves"";38;""Masculino"";0;1;0;0;-23",719254;-46,"883144;""SR-SP"";""DEL6/4"";""UOP01/SP"""
"260780;NA;2020-01-04;""sábado"";""07:45:00"";""RS"";392;102","3;""MORRO REDONDO"";""Sim"";""Falta de Atenção à Condução"";2;""Tombamento"";""Com Vítimas Feridas"";""Pleno dia"";""Crescente"";""Céu Claro"";""Simples"";""Não Informado"";""Não"";465440;""Semireboque"";""SR/NOMA SR2E18RT1 CG"";2018;""Não Informado"";""Não Informado"";NA;""Não Informado"";0;0;0;0;-31",52321383;-52,"59145883;""SR-RS"";""DEL9/7"";""UOP01/RS"""
"260780;NA;2020-01-04;""sábado"";""07:45:00"";""RS"";392;102","3;""MORRO REDONDO"";""Sim"";""Falta de Atenção à Condução"";2;""Tombamento"";""Com Vítimas Feridas"";""Pleno dia"";""Crescente"";""Céu Claro"";""Simples"";""Não Informado"";""Não"";465441;""Semireboque"";""SR/NOMA SR2E18RT2 CG"";2018;""Não Informado"";""Não Informado"";NA;""Não Informado"";0;0;0;0;-31",52321383;-52,"59145883;""SR-RS"";""DEL9/7"";""UOP01/RS"""
"260780;580400;2020-01-04;""sábado"";""07:45:00"";""RS"";392;102","3;""MORRO REDONDO"";""Sim"";""Falta de Atenção à Condução"";2;""Tombamento"";""Com Vítimas Feridas"";""Pleno dia"";""Crescente"";""Céu Claro"";""Simples"";""Não Informado"";""Não"";465273;""Caminhão-trator"";""VOLVO/FH 500 6X4T"";2019;""Passageiro"";""Lesões Leves"";51;""Feminino"";0;1;0;0;-31",52321383;-52,"59145883;""SR-RS"";""DEL9/7"";""UOP01/RS"""
"260780;580397;2020-01-04;""sábado"";""07:45:00"";""RS"";392;102","3;""MORRO REDONDO"";""Sim"";""Falta de Atenção à Condução"";2;""Tombamento"";""Com Vítimas Feridas"";""Pleno dia"";""Crescente"";""Céu Claro"";""Simples"";""Não Informado"";""Não"";465273;""Caminhão-trator"";""VOLVO/FH 500 6X4T"";2019;""Condutor"";""Ileso"";60;""Masculino"";1;0;0;0;-31",52321383;-52,"59145883;""SR-RS"";""DEL9/7"";""UOP01/RS"""
"260780;NA;2020-01-04;""sábado"";""07:45:00"";""RS"";392;102","3;""MORRO REDONDO"";""Sim"";""Falta de Atenção à Condução"";1;""Saída de leito carroçável"";""Com Vítimas Feridas"";""Pleno dia"";""Crescente"";""Céu Claro"";""Simples"";""Não Informado"";""Não"";465440;""Semireboque"";""SR/NOMA SR2E18RT1 CG"";2018;""Não Informado"";""Não Informado"";NA;""Não Informado"";0;0;0;0;-31",52321383;-52,"59145883;""SR-RS"";""DEL9/7"";""UOP01/RS"""
"260780;NA;2020-01-04;""sábado"";""07:45:00"";""RS"";392;102","3;""MORRO REDONDO"";""Sim"";""Falta de Atenção à Condução"";1;""Saída de leito carroçável"";""Com Vítimas Feridas"";""Pleno dia"";""Crescente"";""Céu Claro"";""Simples"";""Não Informado"";""Não"";465441;""Semireboque"";""SR/NOMA SR2E18RT2 CG"";2018;""Não Informado"";""Não Informado"";NA;""Não Informado"";0;0;0;0;-31",52321383;-52,"59145883;""SR-RS"";""DEL9/7"";""UOP01/RS"""
"260780;580400;2020-01-04;""sábado"";""07:45:00"";""RS"";392;102","3;""MORRO REDONDO"";""Sim"";""Falta de Atenção à Condução"";1;""Saída de leito carroçável"";""Com Vítimas Feridas"";""Pleno dia"";""Crescente"";""Céu Claro"";""Simples"";""Não Informado"";""Não"";465273;""Caminhão-trator"";""VOLVO/FH 500 6X4T"";2019;""Passageiro"";""Lesões Leves"";51;""Feminino"";0;1;0;0;-31",52321383;-52,"59145883;""SR-RS"";""DEL9/7"";""UOP01/RS"""
"260780;580397;2020-01-04;""sábado"";""07:45:00"";""RS"";392;102","3;""MORRO REDONDO"";""Sim"";""Falta de Atenção à Condução"";1;""Saída de leito carroçável"";""Com Vítimas Feridas"";""Pleno dia"";""Crescente"";""Céu Claro"";""Simples"";""Não Informado"";""Não"";465273;""Caminhão-trator"";""VOLVO/FH 500 6X4T"";2019;""Condutor"";""Ileso"";60;""Masculino"";1;0;0;0;-31",52321383;-52,"59145883;""SR-RS"";""DEL9/7"";""UOP01/RS"""
"260781;580393;2020-01-04;""sábado"";""10:20:00"";""ES"";262;103","5;""VENDA NOVA DO IMIGRANTE"";""Sim"";""Desobediência às normas de trânsito pelo condutor"";1;""Atropelamento de Pedestre"";""Com Vítimas Feridas"";""Pleno dia"";""Crescente"";""Céu Claro"";""Dupla"";""Reta"";""Sim"";465431;""Motocicleta"";""HONDA/CG 160 START"";2016;""Pedestre"";""Lesões Graves"";71;""Masculino"";0;0;1;0;-20",33657022;-41,"12201819;""SR-ES"";""DEL12/1"";""UOP02/ES"""
"260781;580385;2020-01-04;""sábado"";""10:20:00"";""ES"";262;103","5;""VENDA NOVA DO IMIGRANTE"";""Sim"";""Desobediência às normas de trânsito pelo condutor"";1;""Atropelamento de Pedestre"";""Com Vítimas Feridas"";""Pleno dia"";""Crescente"";""Céu Claro"";""Dupla"";""Reta"";""Sim"";465431;""Motocicleta"";""HONDA/CG 160 START"";2016;""Condutor"";""Lesões Graves"";25;""Masculino"";0;0;1;0;-20",33657022;-41,"12201819;""SR-ES"";""DEL12/1"";""UOP02/ES"""
"260782;580288;2020-01-04;""sábado"";""11:00:00"";""MG"";365;156","3;""PIRAPORA"";""Não"";""Avarias e/ou desgaste excessivo no pneu"";1;""Colisão com objeto estático"";""Com Vítimas Feridas"";""Pleno dia"";""Crescente"";""Chuva"";""Simples"";""Reta"";""Não"";465368;""Camioneta"";""I/GM CAPTIVA SPORT FWD"";2010;""Condutor"";""Ileso"";39;""Masculino"";1;0;0;0;-17",33324402;-44,"89769078;""SR-MG"";""DEL4/12"";""UOP01/MG"""
"260782;580289;2020-01-04;""sábado"";""11:00:00"";""MG"";365;156","3;""PIRAPORA"";""Não"";""Avarias e/ou desgaste excessivo no pneu"";1;""Colisão com objeto estático"";""Com Vítimas Feridas"";""Pleno dia"";""Crescente"";""Chuva"";""Simples"";""Reta"";""Não"";465368;""Camioneta"";""I/GM CAPTIVA SPORT FWD"";2010;""Passageiro"";""Lesões Leves"";39;""Feminino"";0;1;0;0;-17",33324402;-44,"89769078;""SR-MG"";""DEL4/12"";""UOP01/MG"""
"260782;580288;2020-01-04;""sábado"";""11:00:00"";""MG"";365;156","3;""PIRAPORA"";""Não"";""Velocidade Incompatível"";1;""Colisão com objeto estático"";""Com Vítimas Feridas"";""Pleno dia"";""Crescente"";""Chuva"";""Simples"";""Reta"";""Não"";465368;""Camioneta"";""I/GM CAPTIVA SPORT FWD"";2010;""Condutor"";""Ileso"";39;""Masculino"";1;0;0;0;-17",33324402;-44,"89769078;""SR-MG"";""DEL4/12"";""UOP01/MG"""
"260782;580289;2020-01-04;""sábado"";""11:00:00"";""MG"";365;156","3;""PIRAPORA"";""Não"";""Velocidade Incompatível"";1;""Colisão com objeto estático"";""Com Vítimas Feridas"";""Pleno dia"";""Crescente"";""Chuva"";""Simples"";""Reta"";""Não"";465368;""Camioneta"";""I/GM CAPTIVA SPORT FWD"";2010;""Passageiro"";""Lesões Leves"";39;""Feminino"";0;1;0;0;-17",33324402;-44,"89769078;""SR-MG"";""DEL4/12"";""UOP01/MG"""
"260782;580288;2020-01-04;""sábado"";""11:00:00"";""MG"";365;156","3;""PIRAPORA"";""Sim"";""Pista Escorregadia"";1;""Colisão com objeto estático"";""Com Vítimas Feridas"";""Pleno dia"";""Crescente"";""Chuva"";""Simples"";""Reta"";""Não"";465368;""Camioneta"";""I/GM CAPTIVA SPORT FWD"";2010;""Condutor"";""Ileso"";39;""Masculino"";1;0;0;0;-17",33324402;-44,"89769078;""SR-MG"";""DEL4/12"";""UOP01/MG"""
"260782;580289;2020-01-04;""sábado"";""11:00:00"";""MG"";365;156","3;""PIRAPORA"";""Sim"";""Pista Escorregadia"";1;""Colisão com objeto estático"";""Com Vítimas Feridas"";""Pleno dia"";""Crescente"";""Chuva"";""Simples"";""Reta"";""Não"";465368;""Camioneta"";""I/GM CAPTIVA SPORT FWD"";2010;""Passageiro"";""Lesões Leves"";39;""Feminino"";0;1;0;0;-17",33324402;-44,"89769078;""SR-MG"";""DEL4/12"";""UOP01/MG"""
"260783;582060;2020-01-04;""sábado"";""11:34:00"";""ES"";101;146;""LINHARES"";""Sim"";""Falta de Atenção à Condução"";1;""Colisão traseira"";""Com Vítimas Feridas"";""Pleno dia"";""Decrescente"";""Céu Claro"";""Simples"";""Reta"";""Sim"";465554;""Motocicleta"";""HONDA/CG 160 FAN"";2018;""Condutor"";""Lesões Leves"";60;""Masculino"";0;1;0;0;-19",36990998;-40,"06560718;""SR-ES"";""DEL12/4"";""UOP01/ES""",
"260783;582057;2020-01-04;""sábado"";""11:34:00"";""ES"";101;146;""LINHARES"";""Sim"";""Falta de Atenção à Condução"";1;""Colisão traseira"";""Com Vítimas Feridas"";""Pleno dia"";""Decrescente"";""Céu Claro"";""Simples"";""Reta"";""Sim"";465553;""Ônibus"";""M.BENZ/INDUSCAR APACHE A"";2007;""Condutor"";""Ileso"";38;""Masculino"";1;0;0;0;-19",36990998;-40,"06560718;""SR-ES"";""DEL12/4"";""UOP01/ES""",
"260784;583926;2020-01-04;""sábado"";""11:30:00"";""MG"";153;28;""CENTRALINA"";""Sim"";""Falta de Atenção à Condução"";1;""Capotamento"";""Com Vítimas Feridas"";""Pleno dia"";""Crescente"";""Nublado"";""Dupla"";""Reta"";""Não"";467856;""Caminhonete"";""VW/SAVEIRO CE CROSS MA"";2014;""Condutor"";""Lesões Leves"";25;""Masculino"";0;1;0;0;-18",66327211;-49,"16526319;""SR-MG"";""DEL4/15"";""UOP03/MG""",
"260785;581065;2020-01-04;""sábado"";""10:00:00"";""BA"";242;244;""ITABERABA"";""Sim"";""Pista Escorregadia"";1;""Colisão lateral"";""Com Vítimas Feridas"";""Pleno dia"";""Decrescente"";""Chuva"";""Simples"";""Curva"";""Não"";465289;""Camioneta"";""I/HYUNDAI TUCSON GLS 27L"";2010;""Passageiro"";""Lesões Leves"";40;""Feminino"";0;1;0;0;-12",501019;-40,"427317;""SR-BA"";""DEL10/6"";""UOP02/BA""",
"260785;581063;2020-01-04;""sábado"";""10:00:00"";""BA"";242;244;""ITABERABA"";""Sim"";""Pista Escorregadia"";1;""Colisão lateral"";""Com Vítimas Feridas"";""Pleno dia"";""Decrescente"";""Chuva"";""Simples"";""Curva"";""Não"";465289;""Camioneta"";""I/HYUNDAI TUCSON GLS 27L"";2010;""Passageiro"";""Lesões Leves"";8;""Masculino"";0;1;0;0;-12",501019;-40,"427317;""SR-BA"";""DEL10/6"";""UOP02/BA""",
"260785;581062;2020-01-04;""sábado"";""10:00:00"";""BA"";242;244;""ITABERABA"";""Sim"";""Pista Escorregadia"";1;""Colisão lateral"";""Com Vítimas Feridas"";""Pleno dia"";""Decrescente"";""Chuva"";""Simples"";""Curva"";""Não"";465289;""Camioneta"";""I/HYUNDAI TUCSON GLS 27L"";2010;""Passageiro"";""Lesões Graves"";10;""Masculino"";0;0;1;0;-12",501019;-40,"427317;""SR-BA"";""DEL10/6"";""UOP02/BA""",
"260785;581060;2020-01-04;""sábado"";""10:00:00"";""BA"";242;244;""ITABERABA"";""Sim"";""Pista Escorregadia"";1;""Colisão lateral"";""Com Vítimas Feridas"";""Pleno dia"";""Decrescente"";""Chuva"";""Simples"";""Curva"";""Não"";465289;""Camioneta"";""I/HYUNDAI TUCSON GLS 27L"";2010;""Passageiro"";""Lesões Leves"";6;""Masculino"";0;1;0;0;-12",501019;-40,"427317;""SR-BA"";""DEL10/6"";""UOP02/BA""",
"260785;580628;2020-01-04;""sábado"";""10:00:00"";""BA"";242;244;""ITABERABA"";""Sim"";""Pista Escorregadia"";1;""Colisão lateral"";""Com Vítimas Feridas"";""Pleno dia"";""Decrescente"";""Chuva"";""Simples"";""Curva"";""Não"";465289;""Camioneta"";""I/HYUNDAI TUCSON GLS 27L"";2010;""Condutor"";""Lesões Graves"";42;""Masculino"";0;0;1;0;-12",501019;-40,"427317;""SR-BA"";""DEL10/6"";""UOP02/BA""",
"260785;580626;2020-01-04;""sábado"";""10:00:00"";""BA"";242;244;""ITABERABA"";""Sim"";""Pista Escorregadia"";1;""Colisão lateral"";""Com Vítimas Feridas"";""Pleno dia"";""Decrescente"";""Chuva"";""Simples"";""Curva"";""Não"";465288;""Caminhão-trator"";""SCANIA/R500 A6X4"";2019;""Condutor"";""Ileso"";47;""Masculino"";1;0;0;0;-12",501019;-40,"427317;""SR-BA"";""DEL10/6"";""UOP02/BA""",
"260785;581065;2020-01-04;""sábado"";""10:00:00"";""BA"";242;244;""ITABERABA"";""Não"";""Falta de Atenção à Condução"";1;""Colisão lateral"";""Com Vítimas Feridas"";""Pleno dia"";""Decrescente"";""Chuva"";""Simples"";""Curva"";""Não"";465289;""Camioneta"";""I/HYUNDAI TUCSON GLS 27L"";2010;""Passageiro"";""Lesões Leves"";40;""Feminino"";0;1;0;0;-12",501019;-40,"427317;""SR-BA"";""DEL10/6"";""UOP02/BA""",
"260785;581063;2020-01-04;""sábado"";""10:00:00"";""BA"";242;244;""ITABERABA"";""Não"";""Falta de Atenção à Condução"";1;""Colisão lateral"";""Com Vítimas Feridas"";""Pleno dia"";""Decrescente"";""Chuva"";""Simples"";""Curva"";""Não"";465289;""Camioneta"";""I/HYUNDAI TUCSON GLS 27L"";2010;""Passageiro"";""Lesões Leves"";8;""Masculino"";0;1;0;0;-12",501019;-40,"427317;""SR-BA"";""DEL10/6"";""UOP02/BA""",
"260785;581062;2020-01-04;""sábado"";""10:00:00"";""BA"";242;244;""ITABERABA"";""Não"";""Falta de Atenção à Condução"";1;""Colisão lateral"";""Com Vítimas Feridas"";""Pleno dia"";""Decrescente"";""Chuva"";""Simples"";""Curva"";""Não"";465289;""Camioneta"";""I/HYUNDAI TUCSON GLS 27L"";2010;""Passageiro"";""Lesões Graves"";10;""Masculino"";0;0;1;0;-12",501019;-40,"427317;""SR-BA"";""DEL10/6"";""UOP02/BA""",
"260785;581060;2020-01-04;""sábado"";""10:00:00"";""BA"";242;244;""ITABERABA"";""Não"";""Falta de Atenção à Condução"";1;""Colisão lateral"";""Com Vítimas Feridas"";""Pleno dia"";""Decrescente"";""Chuva"";""Simples"";""Curva"";""Não"";465289;""Camioneta"";""I/HYUNDAI TUCSON GLS 27L"";2010;""Passageiro"";""Lesões Leves"";6;""Masculino"";0;1;0;0;-12",501019;-40,"427317;""SR-BA"";""DEL10/6"";""UOP02/BA""",
"260785;580628;2020-01-04;""sábado"";""10:00:00"";""BA"";242;244;""ITABERABA"";""Não"";""Falta de Atenção à Condução"";1;""Colisão lateral"";""Com Vítimas Feridas"";""Pleno dia"";""Decrescente"";""Chuva"";""Simples"";""Curva"";""Não"";465289;""Camioneta"";""I/HYUNDAI TUCSON GLS 27L"";2010;""Condutor"";""Lesões Graves"";42;""Masculino"";0;0;1;0;-12",501019;-40,"427317;""SR-BA"";""DEL10/6"";""UOP02/BA""",
"260785;580626;2020-01-04;""sábado"";""10:00:00"";""BA"";242;244;""ITABERABA"";""Não"";""Falta de Atenção à Condução"";1;""Colisão lateral"";""Com Vítimas Feridas"";""Pleno dia"";""Decrescente"";""Chuva"";""Simples"";""Curva"";""Não"";465288;""Caminhão-trator"";""SCANIA/R500 A6X4"";2019;""Condutor"";""Ileso"";47;""Masculino"";1;0;0;0;-12",501019;-40,"427317;""SR-BA"";""DEL10/6"";""UOP02/BA""",
"260786;580217;2020-01-04;""sábado"";""12:40:00"";""SC"";101;210;""SAO JOSE"";""Sim"";""Desobediência às normas de trânsito pelo condutor"";1;""Engavetamento"";""Com Vítimas Feridas"";""Pleno dia"";""Decrescente"";""Chuva"";""Dupla"";""Reta"";""Sim"";465328;""Caminhonete"";""I/FORD RANGER XLSCD2A22"";2019;""Condutor"";""Ileso"";45;""Masculino"";1;0;0;0;-27",6167305;-48,"6457265;""SR-SC"";""DEL8/1"";""UOP01/SC""",
"260786;580213;2020-01-04;""sábado"";""12:40:00"";""SC"";101;210;""SAO JOSE"";""Sim"";""Desobediência às normas de trânsito pelo condutor"";1;""Engavetamento"";""Com Vítimas Feridas"";""Pleno dia"";""Decrescente"";""Chuva"";""Dupla"";""Reta"";""Sim"";465327;""Automóvel"";""TOYOTA/COROLLA XEI20FLEX"";2018;""Condutor"";""Ileso"";82;""Masculino"";1;0;0;0;-27",6167305;-48,"6457265;""SR-SC"";""DEL8/1"";""UOP01/SC""",
"260786;580210;2020-01-04;""sábado"";""12:40:00"";""SC"";101;210;""SAO JOSE"";""Sim"";""Desobediência às normas de trânsito pelo condutor"";1;""Engavetamento"";""Com Vítimas Feridas"";""Pleno dia"";""Decrescente"";""Chuva"";""Dupla"";""Reta"";""Sim"";465326;""Automóvel"";""VW/PARATI 1.8"";2003;""Passageiro"";""Lesões Leves"";0;""Masculino"";0;1;0;0;-27",6167305;-48,"6457265;""SR-SC"";""DEL8/1"";""UOP01/SC""",
"260786;580206;2020-01-04;""sábado"";""12:40:00"";""SC"";101;210;""SAO JOSE"";""Sim"";""Desobediência às normas de trânsito pelo condutor"";1;""Engavetamento"";""Com Vítimas Feridas"";""Pleno dia"";""Decrescente"";""Chuva"";""Dupla"";""Reta"";""Sim"";465326;""Automóvel"";""VW/PARATI 1.8"";2003;""Condutor"";""Ileso"";35;""Masculino"";1;0;0;0;-27",6167305;-48,"6457265;""SR-SC"";""DEL8/1"";""UOP01/SC""",
"260788;582031;2020-01-04;""sábado"";""10:20:00"";""SP"";116;499;""CAJATI"";""Sim"";""Pista Escorregadia"";1;""Colisão com objeto estático"";""Com Vítimas Feridas"";""Pleno dia"";""Crescente"";""Chuva"";""Dupla"";""Curva"";""Não"";465314;""Automóvel"";""CHEVROLET/ONIX 1.0MT LS"";2015;""Passageiro"";""Lesões Leves"";87;""Feminino"";0;1;0;0;-24",78228753;-48,"17695233;""SR-SP"";""DEL6/5"";""UOP03/SP""",
"260788;582030;2020-01-04;""sábado"";""10:20:00"";""SP"";116;499;""CAJATI"";""Sim"";""Pista Escorregadia"";1;""Colisão com objeto estático"";""Com Vítimas Feridas"";""Pleno dia"";""Crescente"";""Chuva"";""Dupla"";""Curva"";""Não"";465314;""Automóvel"";""CHEVROLET/ONIX 1.0MT LS"";2015;""Condutor"";""Ileso"";53;""Masculino"";1;0;0;0;-24",78228753;-48,"17695233;""SR-SP"";""DEL6/5"";""UOP03/SP""",
"260788;582031;2020-01-04;""sábado"";""10:20:00"";""SP"";116;499;""CAJATI"";""Não"";""Falta de Atenção à Condução"";1;""Colisão com objeto estático"";""Com Vítimas Feridas"";""Pleno dia"";""Crescente"";""Chuva"";""Dupla"";""Curva"";""Não"";465314;""Automóvel"";""CHEVROLET/ONIX 1.0MT LS"";2015;""Passageiro"";""Lesões Leves"";87;""Feminino"";0;1;0;0;-24",78228753;-48,"17695233;""SR-SP"";""DEL6/5"";""UOP03/SP""",
"260788;582030;2020-01-04;""sábado"";""10:20:00"";""SP"";116;499;""CAJATI"";""Não"";""Falta de Atenção à Condução"";1;""Colisão com objeto estático"";""Com Vítimas Feridas"";""Pleno dia"";""Crescente"";""Chuva"";""Dupla"";""Curva"";""Não"";465314;""Automóvel"";""CHEVROLET/ONIX 1.0MT LS"";2015;""Condutor"";""Ileso"";53;""Masculino"";1;0;0;0;-24",78228753;-48,"17695233;""SR-SP"";""DEL6/5"";""UOP03/SP""",
"260790;580224;2020-01-04;""sábado"";""12:30:00"";""MG"";116;717","6;""MURIAE"";""Sim"";""Avarias e/ou desgaste excessivo no pneu"";1;""Colisão frontal"";""Com Vítimas Fatais"";""Pleno dia"";""Crescente"";""Chuva"";""Simples"";""Não Informado"";""Não"";465340;""Automóvel"";""VW/GOL 1.0"";2008;""Condutor"";""Óbito"";37;""Masculino"";0;0;0;1;-21",21015931;-42,"38982439;""SR-MG"";""DEL4/7"";""UOP02/MG"""
"260790;580264;2020-01-04;""sábado"";""12:30:00"";""MG"";116;717","6;""MURIAE"";""Sim"";""Avarias e/ou desgaste excessivo no pneu"";1;""Colisão frontal"";""Com Vítimas Fatais"";""Pleno dia"";""Crescente"";""Chuva"";""Simples"";""Não Informado"";""Não"";465340;""Automóvel"";""VW/GOL 1.0"";2008;""Passageiro"";""Lesões Graves"";7;""Masculino"";0;0;1;0;-21",21015931;-42,"38982439;""SR-MG"";""DEL4/7"";""UOP02/MG"""
"260790;580263;2020-01-04;""sábado"";""12:30:00"";""MG"";116;717","6;""MURIAE"";""Sim"";""Avarias e/ou desgaste excessivo no pneu"";1;""Colisão frontal"";""Com Vítimas Fatais"";""Pleno dia"";""Crescente"";""Chuva"";""Simples"";""Não Informado"";""Não"";465340;""Automóvel"";""VW/GOL 1.0"";2008;""Passageiro"";""Lesões Graves"";32;""Feminino"";0;0;1;0;-21",21015931;-42,"38982439;""SR-MG"";""DEL4/7"";""UOP02/MG"""
"260790;580266;2020-01-04;""sábado"";""12:30:00"";""MG"";116;717","6;""MURIAE"";""Sim"";""Avarias e/ou desgaste excessivo no pneu"";1;""Colisão frontal"";""Com Vítimas Fatais"";""Pleno dia"";""Crescente"";""Chuva"";""Simples"";""Não Informado"";""Não"";465340;""Automóvel"";""VW/GOL 1.0"";2008;""Passageiro"";""Lesões Leves"";3;""Masculino"";0;1;0;0;-21",21015931;-42,"38982439;""SR-MG"";""DEL4/7"";""UOP02/MG"""
"260790;580258;2020-01-04;""sábado"";""12:30:00"";""MG"";116;717","6;""MURIAE"";""Sim"";""Avarias e/ou desgaste excessivo no pneu"";1;""Colisão frontal"";""Com Vítimas Fatais"";""Pleno dia"";""Crescente"";""Chuva"";""Simples"";""Não Informado"";""Não"";465341;""Automóvel"";""FIAT/PUNTO ESSENCE 1.6"";2012;""Condutor"";""Lesões Graves"";28;""Masculino"";0;0;1;0;-21",21015931;-42,"38982439;""SR-MG"";""DEL4/7"";""UOP02/MG"""
"260791;580715;2020-01-04;""sábado"";""12:20:00"";""PE"";101;45;""ABREU E LIMA"";""Sim"";""Desobediência às normas de trânsito pelo condutor"";1;""Colisão lateral"";""Com Vítimas Feridas"";""Pleno dia"";""Decrescente"";""Sol"";""Múltipla"";""Reta"";""Sim"";465323;""Motocicleta"";""HONDA/CG 160 FAN"";2019;""Condutor"";""Lesões Leves"";25;""Masculino"";0;1;0;0;-7",86521297;-34,"90715176;""SR-PE"";""DEL11/1"";""UOP02/PE""",
"260791;580717;2020-01-04;""sábado"";""12:20:00"";""PE"";101;45;""ABREU E LIMA"";""Sim"";""Desobediência às normas de trânsito pelo condutor"";1;""Colisão lateral"";""Com Vítimas Feridas"";""Pleno dia"";""Decrescente"";""Sol"";""Múltipla"";""Reta"";""Sim"";465324;""Automóvel"";"""";NA;""Condutor"";""Ileso"";NA;""Ignorado"";1;0;0;0;-7",86521297;-34,"90715176;""SR-PE"";""DEL11/1"";""UOP02/PE""",
"260792;580313;2020-01-04;""sábado"";""10:40:00"";""SP"";116;326","2;""JUQUITIBA"";""Sim"";""Falta de Atenção à Condução"";1;""Saída de leito carroçável"";""Com Vítimas Feridas"";""Pleno dia"";""Decrescente"";""Garoa/Chuvisco"";""Dupla"";""Curva"";""Sim"";465376;""Automóvel"";""HYUNDAI/HB20S 1.6A COMF"";2015;""Passageiro"";""Lesões Leves"";11;""Feminino"";0;1;0;0;-23",93901304;-47,"06241203;""SR-SP"";""DEL6/4"";""UOP01/SP"""