"id;""pesid"";""data_inversa"";""dia_semana"";""horario"";""uf"";""br"";""km"";""municipio"";""causa_principal"";""causa_acidente"";""ordem_tipo_acidente"";""tipo_acidente"";""classificacao_acidente"";""fase_dia"";""sentido_via"";""condicao_metereologica"";""tipo_pista"";""tracado_via"";""uso_solo"";""id_veiculo"";""tipo_veiculo"";""marca"";""ano_fabricacao_veiculo"";""tipo_envolvido"";""estado_fisico"";""idade"";""sexo"";""ilesos"";""feridos_leves"";""feridos_graves"";""mortos"";""latitude"";""longitude"";""regional"";""delegacia"";""uop""",,,
"260792;580312;2020-01-04;""sábado"";""10:40:00"";""SP"";116;326","2;""JUQUITIBA"";""Sim"";""Falta de Atenção à Condução"";1;""Saída de leito carroçável"";""Com Vítimas Feridas"";""Pleno dia"";""Decrescente"";""Garoa/Chuvisco"";""Dupla"";""Curva"";""Sim"";465376;""Automóvel"";""HYUNDAI/HB20S 1.6A COMF"";2015;""Passageiro"";""Ileso"";37;""Masculino"";1;0;0;0;-23",93901304;-47,"06241203;""SR-SP"";""DEL6/4"";""UOP01/SP"""
"260792;580310;2020-01-04;""sábado"";""10:40:00"";""SP"";116;326","2;""JUQUITIBA"";""Sim"";""Falta de Atenção à Condução"";1;""Saída de leito carroçável"";""Com Vítimas Feridas"";""Pleno dia"";""Decrescente"";""Garoa/Chuvisco"";""Dupla"";""Curva"";""Sim"";465376;""Automóvel"";""HYUNDAI/HB20S 1.6A COMF"";2015;""Condutor"";""Ileso"";57;""Masculino"";1;0;0;0;-23",93901304;-47,"06241203;""SR-SP"";""DEL6/4"";""UOP01/SP"""
"260793;580189;2020-01-04;""sábado"";""12:45:00"";""SP"";101;50","8;""UBATUBA"";""Sim"";""Falta de Atenção à Condução"";1;""Colisão transversal"";""Com Vítimas Feridas"";""Pleno dia"";""Decrescente"";""Nublado"";""Simples"";""Reta"";""Sim"";465311;""Bicicleta"";"""";NA;""Condutor"";""Lesões Leves"";50;""Masculino"";0;1;0;0;-23",45883716;-45,"06844997;""SR-SP"";""DEL6"";""UOP03/SP"""
"260793;580174;2020-01-04;""sábado"";""12:45:00"";""SP"";101;50","8;""UBATUBA"";""Sim"";""Falta de Atenção à Condução"";1;""Colisão transversal"";""Com Vítimas Feridas"";""Pleno dia"";""Decrescente"";""Nublado"";""Simples"";""Reta"";""Sim"";465303;""Motocicleta"";""HONDA/CG 160 FAN ESDI"";2015;""Condutor"";""Lesões Leves"";23;""Masculino"";0;1;0;0;-23",45883716;-45,"06844997;""SR-SP"";""DEL6"";""UOP03/SP"""
"260793;580189;2020-01-04;""sábado"";""12:45:00"";""SP"";101;50","8;""UBATUBA"";""Sim"";""Falta de Atenção à Condução"";2;""Tombamento"";""Com Vítimas Feridas"";""Pleno dia"";""Decrescente"";""Nublado"";""Simples"";""Reta"";""Sim"";465311;""Bicicleta"";"""";NA;""Condutor"";""Lesões Leves"";50;""Masculino"";0;1;0;0;-23",45883716;-45,"06844997;""SR-SP"";""DEL6"";""UOP03/SP"""
"260793;580174;2020-01-04;""sábado"";""12:45:00"";""SP"";101;50","8;""UBATUBA"";""Sim"";""Falta de Atenção à Condução"";2;""Tombamento"";""Com Vítimas Feridas"";""Pleno dia"";""Decrescente"";""Nublado"";""Simples"";""Reta"";""Sim"";465303;""Motocicleta"";""HONDA/CG 160 FAN ESDI"";2015;""Condutor"";""Lesões Leves"";23;""Masculino"";0;1;0;0;-23",45883716;-45,"06844997;""SR-SP"";""DEL6"";""UOP03/SP"""
"260795;580190;2020-01-04;""sábado"";""13:05:00"";""PR"";376;181;""MARINGA"";""Sim"";""Desobediência às normas de trânsito pelo condutor"";1;""Colisão transversal"";""Sem Vítimas"";""Pleno dia"";""Crescente"";""Céu Claro"";""Simples"";""Rotatória"";""Sim"";465310;""Motoneta"";""HONDA/BIZ 125 EX"";2012;""Condutor"";""Ileso"";27;""Feminino"";1;0;0;0;-23",43197477;-51,"88671852;""SR-PR"";""DEL7/7"";""UOP04/PR""",
"260795;580188;2020-01-04;""sábado"";""13:05:00"";""PR"";376;181;""MARINGA"";""Sim"";""Desobediência às normas de trânsito pelo condutor"";1;""Colisão transversal"";""Sem Vítimas"";""Pleno dia"";""Crescente"";""Céu Claro"";""Simples"";""Rotatória"";""Sim"";465309;""Automóvel"";""FIAT/PALIO EDX"";1996;""Condutor"";""Ileso"";47;""Masculino"";1;0;0;0;-23",43197477;-51,"88671852;""SR-PR"";""DEL7/7"";""UOP04/PR""",
"260796;580228;2020-01-04;""sábado"";""10:00:00"";""SC"";282;221","8;""LAGES"";""Sim"";""Ultrapassagem Indevida"";1;""Colisão frontal"";""Com Vítimas Feridas"";""Pleno dia"";""Decrescente"";""Céu Claro"";""Simples"";""Desvio Temporário"";""Não"";465337;""Automóvel"";""HONDA/FIT LXL FLEX"";2008;""Passageiro"";""Lesões Leves"";55;""Feminino"";0;1;0;0;-27",796358;-50,"343426;""SR-SC"";""DEL8/5"";""UOP01/SC"""
"260796;580227;2020-01-04;""sábado"";""10:00:00"";""SC"";282;221","8;""LAGES"";""Sim"";""Ultrapassagem Indevida"";1;""Colisão frontal"";""Com Vítimas Feridas"";""Pleno dia"";""Decrescente"";""Céu Claro"";""Simples"";""Desvio Temporário"";""Não"";465337;""Automóvel"";""HONDA/FIT LXL FLEX"";2008;""Passageiro"";""Lesões Leves"";26;""Feminino"";0;1;0;0;-27",796358;-50,"343426;""SR-SC"";""DEL8/5"";""UOP01/SC"""
"260796;580222;2020-01-04;""sábado"";""10:00:00"";""SC"";282;221","8;""LAGES"";""Sim"";""Ultrapassagem Indevida"";1;""Colisão frontal"";""Com Vítimas Feridas"";""Pleno dia"";""Decrescente"";""Céu Claro"";""Simples"";""Desvio Temporário"";""Não"";465337;""Automóvel"";""HONDA/FIT LXL FLEX"";2008;""Condutor"";""Lesões Graves"";61;""Masculino"";0;0;1;0;-27",796358;-50,"343426;""SR-SC"";""DEL8/5"";""UOP01/SC"""
"260796;580221;2020-01-04;""sábado"";""10:00:00"";""SC"";282;221","8;""LAGES"";""Sim"";""Ultrapassagem Indevida"";1;""Colisão frontal"";""Com Vítimas Feridas"";""Pleno dia"";""Decrescente"";""Céu Claro"";""Simples"";""Desvio Temporário"";""Não"";465329;""Caminhonete"";""I/GM SILVERADO T"";1997;""Condutor"";""Ileso"";40;""Masculino"";1;0;0;0;-27",796358;-50,"343426;""SR-SC"";""DEL8/5"";""UOP01/SC"""
"260796;580228;2020-01-04;""sábado"";""10:00:00"";""SC"";282;221","8;""LAGES"";""Sim"";""Ultrapassagem Indevida"";2;""Capotamento"";""Com Vítimas Feridas"";""Pleno dia"";""Decrescente"";""Céu Claro"";""Simples"";""Desvio Temporário"";""Não"";465337;""Automóvel"";""HONDA/FIT LXL FLEX"";2008;""Passageiro"";""Lesões Leves"";55;""Feminino"";0;1;0;0;-27",796358;-50,"343426;""SR-SC"";""DEL8/5"";""UOP01/SC"""
"260796;580227;2020-01-04;""sábado"";""10:00:00"";""SC"";282;221","8;""LAGES"";""Sim"";""Ultrapassagem Indevida"";2;""Capotamento"";""Com Vítimas Feridas"";""Pleno dia"";""Decrescente"";""Céu Claro"";""Simples"";""Desvio Temporário"";""Não"";465337;""Automóvel"";""HONDA/FIT LXL FLEX"";2008;""Passageiro"";""Lesões Leves"";26;""Feminino"";0;1;0;0;-27",796358;-50,"343426;""SR-SC"";""DEL8/5"";""UOP01/SC"""
"260796;580222;2020-01-04;""sábado"";""10:00:00"";""SC"";282;221","8;""LAGES"";""Sim"";""Ultrapassagem Indevida"";2;""Capotamento"";""Com Vítimas Feridas"";""Pleno dia"";""Decrescente"";""Céu Claro"";""Simples"";""Desvio Temporário"";""Não"";465337;""Automóvel"";""HONDA/FIT LXL FLEX"";2008;""Condutor"";""Lesões Graves"";61;""Masculino"";0;0;1;0;-27",796358;-50,"343426;""SR-SC"";""DEL8/5"";""UOP01/SC"""
"260796;580221;2020-01-04;""sábado"";""10:00:00"";""SC"";282;221","8;""LAGES"";""Sim"";""Ultrapassagem Indevida"";2;""Capotamento"";""Com Vítimas Feridas"";""Pleno dia"";""Decrescente"";""Céu Claro"";""Simples"";""Desvio Temporário"";""Não"";465329;""Caminhonete"";""I/GM SILVERADO T"";1997;""Condutor"";""Ileso"";40;""Masculino"";1;0;0;0;-27",796358;-50,"343426;""SR-SC"";""DEL8/5"";""UOP01/SC"""
"260797;580296;2020-01-04;""sábado"";""12:30:00"";""MG"";365;18;""MONTES CLAROS"";""Não"";""Velocidade Incompatível"";3;""Saída de leito carroçável"";""Com Vítimas Feridas"";""Pleno dia"";""Decrescente"";""Chuva"";""Simples"";""Não Informado"";""Não"";465370;""Caminhão"";""FORD/CARGO 2422 E"";2006;""Condutor"";""Lesões Leves"";50;""Masculino"";0;1;0;0;-16",87824584;-44,"00270102;""SR-MG"";""DEL4/12"";""UOP01/MG""",
"260797;580296;2020-01-04;""sábado"";""12:30:00"";""MG"";365;18;""MONTES CLAROS"";""Não"";""Velocidade Incompatível"";2;""Colisão com objeto estático"";""Com Vítimas Feridas"";""Pleno dia"";""Decrescente"";""Chuva"";""Simples"";""Não Informado"";""Não"";465370;""Caminhão"";""FORD/CARGO 2422 E"";2006;""Condutor"";""Lesões Leves"";50;""Masculino"";0;1;0;0;-16",87824584;-44,"00270102;""SR-MG"";""DEL4/12"";""UOP01/MG""",
"260797;580296;2020-01-04;""sábado"";""12:30:00"";""MG"";365;18;""MONTES CLAROS"";""Não"";""Velocidade Incompatível"";4;""Capotamento"";""Com Vítimas Feridas"";""Pleno dia"";""Decrescente"";""Chuva"";""Simples"";""Não Informado"";""Não"";465370;""Caminhão"";""FORD/CARGO 2422 E"";2006;""Condutor"";""Lesões Leves"";50;""Masculino"";0;1;0;0;-16",87824584;-44,"00270102;""SR-MG"";""DEL4/12"";""UOP01/MG""",
"260797;580296;2020-01-04;""sábado"";""12:30:00"";""MG"";365;18;""MONTES CLAROS"";""Não"";""Velocidade Incompatível"";1;""Colisão traseira"";""Com Vítimas Feridas"";""Pleno dia"";""Decrescente"";""Chuva"";""Simples"";""Não Informado"";""Não"";465370;""Caminhão"";""FORD/CARGO 2422 E"";2006;""Condutor"";""Lesões Leves"";50;""Masculino"";0;1;0;0;-16",87824584;-44,"00270102;""SR-MG"";""DEL4/12"";""UOP01/MG""",
"260797;580296;2020-01-04;""sábado"";""12:30:00"";""MG"";365;18;""MONTES CLAROS"";""Sim"";""Pista Escorregadia"";3;""Saída de leito carroçável"";""Com Vítimas Feridas"";""Pleno dia"";""Decrescente"";""Chuva"";""Simples"";""Não Informado"";""Não"";465370;""Caminhão"";""FORD/CARGO 2422 E"";2006;""Condutor"";""Lesões Leves"";50;""Masculino"";0;1;0;0;-16",87824584;-44,"00270102;""SR-MG"";""DEL4/12"";""UOP01/MG""",
"260797;580296;2020-01-04;""sábado"";""12:30:00"";""MG"";365;18;""MONTES CLAROS"";""Sim"";""Pista Escorregadia"";2;""Colisão com objeto estático"";""Com Vítimas Feridas"";""Pleno dia"";""Decrescente"";""Chuva"";""Simples"";""Não Informado"";""Não"";465370;""Caminhão"";""FORD/CARGO 2422 E"";2006;""Condutor"";""Lesões Leves"";50;""Masculino"";0;1;0;0;-16",87824584;-44,"00270102;""SR-MG"";""DEL4/12"";""UOP01/MG""",
"260797;580296;2020-01-04;""sábado"";""12:30:00"";""MG"";365;18;""MONTES CLAROS"";""Sim"";""Pista Escorregadia"";4;""Capotamento"";""Com Vítimas Feridas"";""Pleno dia"";""Decrescente"";""Chuva"";""Simples"";""Não Informado"";""Não"";465370;""Caminhão"";""FORD/CARGO 2422 E"";2006;""Condutor"";""Lesões Leves"";50;""Masculino"";0;1;0;0;-16",87824584;-44,"00270102;""SR-MG"";""DEL4/12"";""UOP01/MG""",
"260797;580296;2020-01-04;""sábado"";""12:30:00"";""MG"";365;18;""MONTES CLAROS"";""Sim"";""Pista Escorregadia"";1;""Colisão traseira"";""Com Vítimas Feridas"";""Pleno dia"";""Decrescente"";""Chuva"";""Simples"";""Não Informado"";""Não"";465370;""Caminhão"";""FORD/CARGO 2422 E"";2006;""Condutor"";""Lesões Leves"";50;""Masculino"";0;1;0;0;-16",87824584;-44,"00270102;""SR-MG"";""DEL4/12"";""UOP01/MG""",
"260798;582415;2020-01-04;""sábado"";""12:40:00"";""MG"";381;935","9;""EXTREMA"";""Sim"";""Velocidade Incompatível"";1;""Saída de leito carroçável"";""Com Vítimas Feridas"";""Pleno dia"";""Crescente"";""Chuva"";""Dupla"";""Curva"";""Não"";465375;""Automóvel"";""GM/CELTA 4P SPIRIT"";2010;""Condutor"";""Lesões Leves"";25;""Feminino"";0;1;0;0;-22",80635416;-46,"27569904;""SR-MG"";""DEL09"";""UOP03/MG"""
"260799;580302;2020-01-04;""sábado"";""10:40:00"";""MA"";222;649","2;""ACAILANDIA"";""Sim"";""Ultrapassagem Indevida"";1;""Colisão frontal"";""Com Vítimas Feridas"";""Pleno dia"";""Crescente"";""Chuva"";""Simples"";""Reta"";""Não"";465298;""Automóvel"";""FIAT/UNO MILLE ECONOMY"";2009;""Passageiro"";""Lesões Leves"";51;""Masculino"";0;1;0;0;-4",82416392;-47,"26334405;""SR-MA"";""DEL18/4"";""UOP03/MA"""
"260799;580301;2020-01-04;""sábado"";""10:40:00"";""MA"";222;649","2;""ACAILANDIA"";""Sim"";""Ultrapassagem Indevida"";1;""Colisão frontal"";""Com Vítimas Feridas"";""Pleno dia"";""Crescente"";""Chuva"";""Simples"";""Reta"";""Não"";465298;""Automóvel"";""FIAT/UNO MILLE ECONOMY"";2009;""Condutor"";""Lesões Graves"";42;""Masculino"";0;0;1;0;-4",82416392;-47,"26334405;""SR-MA"";""DEL18/4"";""UOP03/MA"""
"260799;580269;2020-01-04;""sábado"";""10:40:00"";""MA"";222;649","2;""ACAILANDIA"";""Sim"";""Ultrapassagem Indevida"";1;""Colisão frontal"";""Com Vítimas Feridas"";""Pleno dia"";""Crescente"";""Chuva"";""Simples"";""Reta"";""Não"";465297;""Caminhonete"";""GM/S10 EXECUTIVE 2.8 4X4"";2003;""Condutor"";""Ileso"";73;""Masculino"";1;0;0;0;-4",82416392;-47,"26334405;""SR-MA"";""DEL18/4"";""UOP03/MA"""
"260800;582048;2020-01-04;""sábado"";""12:00:00"";""PB"";230;10","2;""CABEDELO"";""Sim"";""Condutor Dormindo"";2;""Colisão com objeto estático"";""Com Vítimas Feridas"";""Pleno dia"";""Decrescente"";""Sol"";""Dupla"";""Reta"";""Sim"";465336;""Utilitário"";""MMC/PAJERO DAKAR D"";2014;""Condutor"";""Lesões Leves"";38;""Masculino"";0;1;0;0;-7",0514;-34,"8499;""SR-PB"";""DEL14/1"";""UOP01/PB"""
"260800;582048;2020-01-04;""sábado"";""12:00:00"";""PB"";230;10","2;""CABEDELO"";""Sim"";""Condutor Dormindo"";1;""Colisão transversal"";""Com Vítimas Feridas"";""Pleno dia"";""Decrescente"";""Sol"";""Dupla"";""Reta"";""Sim"";465336;""Utilitário"";""MMC/PAJERO DAKAR D"";2014;""Condutor"";""Lesões Leves"";38;""Masculino"";0;1;0;0;-7",0514;-34,"8499;""SR-PB"";""DEL14/1"";""UOP01/PB"""
"260801;580291;2020-01-04;""sábado"";""08:30:00"";""PE"";101;83","3;""JABOATAO DOS GUARARAPES"";""Sim"";""Mal Súbito"";1;""Saída de leito carroçável"";""Com Vítimas Feridas"";""Pleno dia"";""Decrescente"";""Céu Claro"";""Dupla"";""Não Informado"";""Sim"";465361;""Caminhonete"";""NISSAN/FRONTIER XE 4X4"";2012;""Passageiro"";""Lesões Leves"";33;""Masculino"";0;1;0;0;-8",175172;-34,"942642;""SR-PE"";""DEL11/1"";""UOP03/PE"""
"260801;580290;2020-01-04;""sábado"";""08:30:00"";""PE"";101;83","3;""JABOATAO DOS GUARARAPES"";""Sim"";""Mal Súbito"";1;""Saída de leito carroçável"";""Com Vítimas Feridas"";""Pleno dia"";""Decrescente"";""Céu Claro"";""Dupla"";""Não Informado"";""Sim"";465361;""Caminhonete"";""NISSAN/FRONTIER XE 4X4"";2012;""Condutor"";""Lesões Leves"";59;""Masculino"";0;1;0;0;-8",175172;-34,"942642;""SR-PE"";""DEL11/1"";""UOP03/PE"""
"260802;580417;2020-01-04;""sábado"";""11:30:00"";""MG"";262;364;""BETIM"";""Sim"";""Velocidade Incompatível"";1;""Saída de leito carroçável"";""Sem Vítimas"";""Pleno dia"";""Crescente"";""Céu Claro"";""Dupla"";""Reta"";""Sim"";465424;""Caminhonete"";""FIAT/STRADA WORKING"";2013;""Condutor"";""Não Informado"";NA;""Não Informado"";0;0;0;0;-19",98290644;-44,"24492623;""SR-MG"";""DEL4/1"";""UOP03/MG""",
"260803;580249;2020-01-04;""sábado"";""13:30:00"";""RS"";116;247","6;""SAO LEOPOLDO"";""Sim"";""Desobediência às normas de trânsito pelo condutor"";1;""Colisão transversal"";""Com Vítimas Feridas"";""Pleno dia"";""Crescente"";""Céu Claro"";""Dupla"";""Interseção de vias"";""Sim"";465350;""Motocicleta"";""HONDA/CG 150 TITAN KS"";2007;""Condutor"";""Lesões Leves"";30;""Masculino"";0;1;0;0;-29",76733091;-51,"1535296;""SR-RS"";""DEL9/1"";""UOP02/RS"""
"260803;580248;2020-01-04;""sábado"";""13:30:00"";""RS"";116;247","6;""SAO LEOPOLDO"";""Sim"";""Desobediência às normas de trânsito pelo condutor"";1;""Colisão transversal"";""Com Vítimas Feridas"";""Pleno dia"";""Crescente"";""Céu Claro"";""Dupla"";""Interseção de vias"";""Sim"";465315;""Automóvel"";""FIAT/SIENA 1.4 TETRAFUEL"";2011;""Condutor"";""Ileso"";48;""Masculino"";1;0;0;0;-29",76733091;-51,"1535296;""SR-RS"";""DEL9/1"";""UOP02/RS"""
"260804;580204;2020-01-04;""sábado"";""12:50:00"";""GO"";80;150;""SANTA RITA DO NOVO DESTINO"";""Sim"";""Velocidade Incompatível"";1;""Saída de leito carroçável"";""Com Vítimas Feridas"";""Pleno dia"";""Decrescente"";""Garoa/Chuvisco"";""Simples"";""Reta"";""Não"";465330;""Automóvel"";""I/FIAT CRONOS DRIVE 1.3"";2018;""Passageiro"";""Ileso"";43;""Masculino"";1;0;0;0;-14",87031868;-49,"00835216;""SR-GO"";""DEL1/7"";""UOP01/GO""",
"260804;580203;2020-01-04;""sábado"";""12:50:00"";""GO"";80;150;""SANTA RITA DO NOVO DESTINO"";""Sim"";""Velocidade Incompatível"";1;""Saída de leito carroçável"";""Com Vítimas Feridas"";""Pleno dia"";""Decrescente"";""Garoa/Chuvisco"";""Simples"";""Reta"";""Não"";465330;""Automóvel"";""I/FIAT CRONOS DRIVE 1.3"";2018;""Condutor"";""Lesões Graves"";58;""Feminino"";0;0;1;0;-14",87031868;-49,"00835216;""SR-GO"";""DEL1/7"";""UOP01/GO""",
"260804;580204;2020-01-04;""sábado"";""12:50:00"";""GO"";80;150;""SANTA RITA DO NOVO DESTINO"";""Sim"";""Velocidade Incompatível"";2;""Capotamento"";""Com Vítimas Feridas"";""Pleno dia"";""Decrescente"";""Garoa/Chuvisco"";""Simples"";""Reta"";""Não"";465330;""Automóvel"";""I/FIAT CRONOS DRIVE 1.3"";2018;""Passageiro"";""Ileso"";43;""Masculino"";1;0;0;0;-14",87031868;-49,"00835216;""SR-GO"";""DEL1/7"";""UOP01/GO""",
"260804;580203;2020-01-04;""sábado"";""12:50:00"";""GO"";80;150;""SANTA RITA DO NOVO DESTINO"";""Sim"";""Velocidade Incompatível"";2;""Capotamento"";""Com Vítimas Feridas"";""Pleno dia"";""Decrescente"";""Garoa/Chuvisco"";""Simples"";""Reta"";""Não"";465330;""Automóvel"";""I/FIAT CRONOS DRIVE 1.3"";2018;""Condutor"";""Lesões Graves"";58;""Feminino"";0;0;1;0;-14",87031868;-49,"00835216;""SR-GO"";""DEL1/7"";""UOP01/GO""",
"260804;580204;2020-01-04;""sábado"";""12:50:00"";""GO"";80;150;""SANTA RITA DO NOVO DESTINO"";""Não"";""Pista Escorregadia"";1;""Saída de leito carroçável"";""Com Vítimas Feridas"";""Pleno dia"";""Decrescente"";""Garoa/Chuvisco"";""Simples"";""Reta"";""Não"";465330;""Automóvel"";""I/FIAT CRONOS DRIVE 1.3"";2018;""Passageiro"";""Ileso"";43;""Masculino"";1;0;0;0;-14",87031868;-49,"00835216;""SR-GO"";""DEL1/7"";""UOP01/GO""",
"260804;580203;2020-01-04;""sábado"";""12:50:00"";""GO"";80;150;""SANTA RITA DO NOVO DESTINO"";""Não"";""Pista Escorregadia"";1;""Saída de leito carroçável"";""Com Vítimas Feridas"";""Pleno dia"";""Decrescente"";""Garoa/Chuvisco"";""Simples"";""Reta"";""Não"";465330;""Automóvel"";""I/FIAT CRONOS DRIVE 1.3"";2018;""Condutor"";""Lesões Graves"";58;""Feminino"";0;0;1;0;-14",87031868;-49,"00835216;""SR-GO"";""DEL1/7"";""UOP01/GO""",
"260804;580204;2020-01-04;""sábado"";""12:50:00"";""GO"";80;150;""SANTA RITA DO NOVO DESTINO"";""Não"";""Pista Escorregadia"";2;""Capotamento"";""Com Vítimas Feridas"";""Pleno dia"";""Decrescente"";""Garoa/Chuvisco"";""Simples"";""Reta"";""Não"";465330;""Automóvel"";""I/FIAT CRONOS DRIVE 1.3"";2018;""Passageiro"";""Ileso"";43;""Masculino"";1;0;0;0;-14",87031868;-49,"00835216;""SR-GO"";""DEL1/7"";""UOP01/GO""",
"260804;580203;2020-01-04;""sábado"";""12:50:00"";""GO"";80;150;""SANTA RITA DO NOVO DESTINO"";""Não"";""Pista Escorregadia"";2;""Capotamento"";""Com Vítimas Feridas"";""Pleno dia"";""Decrescente"";""Garoa/Chuvisco"";""Simples"";""Reta"";""Não"";465330;""Automóvel"";""I/FIAT CRONOS DRIVE 1.3"";2018;""Condutor"";""Lesões Graves"";58;""Feminino"";0;0;1;0;-14",87031868;-49,"00835216;""SR-GO"";""DEL1/7"";""UOP01/GO""",
"260804;580204;2020-01-04;""sábado"";""12:50:00"";""GO"";80;150;""SANTA RITA DO NOVO DESTINO"";""Não"";""Avarias e/ou desgaste excessivo no pneu"";1;""Saída de leito carroçável"";""Com Vítimas Feridas"";""Pleno dia"";""Decrescente"";""Garoa/Chuvisco"";""Simples"";""Reta"";""Não"";465330;""Automóvel"";""I/FIAT CRONOS DRIVE 1.3"";2018;""Passageiro"";""Ileso"";43;""Masculino"";1;0;0;0;-14",87031868;-49,"00835216;""SR-GO"";""DEL1/7"";""UOP01/GO""",
"260804;580203;2020-01-04;""sábado"";""12:50:00"";""GO"";80;150;""SANTA RITA DO NOVO DESTINO"";""Não"";""Avarias e/ou desgaste excessivo no pneu"";1;""Saída de leito carroçável"";""Com Vítimas Feridas"";""Pleno dia"";""Decrescente"";""Garoa/Chuvisco"";""Simples"";""Reta"";""Não"";465330;""Automóvel"";""I/FIAT CRONOS DRIVE 1.3"";2018;""Condutor"";""Lesões Graves"";58;""Feminino"";0;0;1;0;-14",87031868;-49,"00835216;""SR-GO"";""DEL1/7"";""UOP01/GO""",
"260804;580204;2020-01-04;""sábado"";""12:50:00"";""GO"";80;150;""SANTA RITA DO NOVO DESTINO"";""Não"";""Avarias e/ou desgaste excessivo no pneu"";2;""Capotamento"";""Com Vítimas Feridas"";""Pleno dia"";""Decrescente"";""Garoa/Chuvisco"";""Simples"";""Reta"";""Não"";465330;""Automóvel"";""I/FIAT CRONOS DRIVE 1.3"";2018;""Passageiro"";""Ileso"";43;""Masculino"";1;0;0;0;-14",87031868;-49,"00835216;""SR-GO"";""DEL1/7"";""UOP01/GO""",
"260804;580203;2020-01-04;""sábado"";""12:50:00"";""GO"";80;150;""SANTA RITA DO NOVO DESTINO"";""Não"";""Avarias e/ou desgaste excessivo no pneu"";2;""Capotamento"";""Com Vítimas Feridas"";""Pleno dia"";""Decrescente"";""Garoa/Chuvisco"";""Simples"";""Reta"";""Não"";465330;""Automóvel"";""I/FIAT CRONOS DRIVE 1.3"";2018;""Condutor"";""Lesões Graves"";58;""Feminino"";0;0;1;0;-14",87031868;-49,"00835216;""SR-GO"";""DEL1/7"";""UOP01/GO""",
"260805;582634;2020-01-04;""sábado"";""13:00:00"";""GO"";153;628","5;""MORRINHOS"";""Sim"";""Velocidade Incompatível"";2;""Capotamento"";""Com Vítimas Feridas"";""Pleno dia"";""Crescente"";""Nublado"";""Dupla"";""Curva"";""Não"";465556;""Utilitário"";""I/AUDI Q3 2.0TFSI"";2012;""Passageiro"";""Ileso"";40;""Feminino"";1;0;0;0;-17",7843;-49,"1865;""SR-GO"";""DEL1/3"";""UOP01/GO"""
"260805;582632;2020-01-04;""sábado"";""13:00:00"";""GO"";153;628","5;""MORRINHOS"";""Sim"";""Velocidade Incompatível"";2;""Capotamento"";""Com Vítimas Feridas"";""Pleno dia"";""Crescente"";""Nublado"";""Dupla"";""Curva"";""Não"";465556;""Utilitário"";""I/AUDI Q3 2.0TFSI"";2012;""Condutor"";""Lesões Leves"";47;""Masculino"";0;1;0;0;-17",7843;-49,"1865;""SR-GO"";""DEL1/3"";""UOP01/GO"""
"260805;582634;2020-01-04;""sábado"";""13:00:00"";""GO"";153;628","5;""MORRINHOS"";""Sim"";""Velocidade Incompatível"";1;""Saída de leito carroçável"";""Com Vítimas Feridas"";""Pleno dia"";""Crescente"";""Nublado"";""Dupla"";""Curva"";""Não"";465556;""Utilitário"";""I/AUDI Q3 2.0TFSI"";2012;""Passageiro"";""Ileso"";40;""Feminino"";1;0;0;0;-17",7843;-49,"1865;""SR-GO"";""DEL1/3"";""UOP01/GO"""
"260805;582632;2020-01-04;""sábado"";""13:00:00"";""GO"";153;628","5;""MORRINHOS"";""Sim"";""Velocidade Incompatível"";1;""Saída de leito carroçável"";""Com Vítimas Feridas"";""Pleno dia"";""Crescente"";""Nublado"";""Dupla"";""Curva"";""Não"";465556;""Utilitário"";""I/AUDI Q3 2.0TFSI"";2012;""Condutor"";""Lesões Leves"";47;""Masculino"";0;1;0;0;-17",7843;-49,"1865;""SR-GO"";""DEL1/3"";""UOP01/GO"""
"260805;582634;2020-01-04;""sábado"";""13:00:00"";""GO"";153;628","5;""MORRINHOS"";""Não"";""Pista Escorregadia"";2;""Capotamento"";""Com Vítimas Feridas"";""Pleno dia"";""Crescente"";""Nublado"";""Dupla"";""Curva"";""Não"";465556;""Utilitário"";""I/AUDI Q3 2.0TFSI"";2012;""Passageiro"";""Ileso"";40;""Feminino"";1;0;0;0;-17",7843;-49,"1865;""SR-GO"";""DEL1/3"";""UOP01/GO"""
"260805;582632;2020-01-04;""sábado"";""13:00:00"";""GO"";153;628","5;""MORRINHOS"";""Não"";""Pista Escorregadia"";2;""Capotamento"";""Com Vítimas Feridas"";""Pleno dia"";""Crescente"";""Nublado"";""Dupla"";""Curva"";""Não"";465556;""Utilitário"";""I/AUDI Q3 2.0TFSI"";2012;""Condutor"";""Lesões Leves"";47;""Masculino"";0;1;0;0;-17",7843;-49,"1865;""SR-GO"";""DEL1/3"";""UOP01/GO"""
"260805;582634;2020-01-04;""sábado"";""13:00:00"";""GO"";153;628","5;""MORRINHOS"";""Não"";""Pista Escorregadia"";1;""Saída de leito carroçável"";""Com Vítimas Feridas"";""Pleno dia"";""Crescente"";""Nublado"";""Dupla"";""Curva"";""Não"";465556;""Utilitário"";""I/AUDI Q3 2.0TFSI"";2012;""Passageiro"";""Ileso"";40;""Feminino"";1;0;0;0;-17",7843;-49,"1865;""SR-GO"";""DEL1/3"";""UOP01/GO"""
"260805;582632;2020-01-04;""sábado"";""13:00:00"";""GO"";153;628","5;""MORRINHOS"";""Não"";""Pista Escorregadia"";1;""Saída de leito carroçável"";""Com Vítimas Feridas"";""Pleno dia"";""Crescente"";""Nublado"";""Dupla"";""Curva"";""Não"";465556;""Utilitário"";""I/AUDI Q3 2.0TFSI"";2012;""Condutor"";""Lesões Leves"";47;""Masculino"";0;1;0;0;-17",7843;-49,"1865;""SR-GO"";""DEL1/3"";""UOP01/GO"""