"id;""pesid"";""data_inversa"";""dia_semana"";""horario"";""uf"";""br"";""km"";""municipio"";""causa_principal"";""causa_acidente"";""ordem_tipo_acidente"";""tipo_acidente"";""classificacao_acidente"";""fase_dia"";""sentido_via"";""condicao_metereologica"";""tipo_pista"";""tracado_via"";""uso_solo"";""id_veiculo"";""tipo_veiculo"";""marca"";""ano_fabricacao_veiculo"";""tipo_envolvido"";""estado_fisico"";""idade"";""sexo"";""ilesos"";""feridos_leves"";""feridos_graves"";""mortos"";""latitude"";""longitude"";""regional"";""delegacia"";""uop""",,,
"260806;580362;2020-01-04;""sábado"";""13:50:00"";""PR"";277;345","9;""GUARAPUAVA"";""Sim"";""Falta de Atenção à Condução"";1;""Colisão traseira"";""Com Vítimas Feridas"";""Pleno dia"";""Crescente"";""Sol"";""Simples"";""Rotatória"";""Sim"";465396;""Automóvel"";""GM/VECTRA SD EXPRESSION"";2008;""Condutor"";""Ileso"";26;""Masculino"";1;0;0;0;-25",36737229;-51,"49354219;""SR-PR"";""DEL7/3"";""UOP02/PR"""
"260806;580430;2020-01-04;""sábado"";""13:50:00"";""PR"";277;345","9;""GUARAPUAVA"";""Sim"";""Falta de Atenção à Condução"";1;""Colisão traseira"";""Com Vítimas Feridas"";""Pleno dia"";""Crescente"";""Sol"";""Simples"";""Rotatória"";""Sim"";465397;""Motocicleta"";""YAMAHA/YBR 125E"";2006;""Passageiro"";""Lesões Leves"";33;""Feminino"";0;1;0;0;-25",36737229;-51,"49354219;""SR-PR"";""DEL7/3"";""UOP02/PR"""
"260806;580365;2020-01-04;""sábado"";""13:50:00"";""PR"";277;345","9;""GUARAPUAVA"";""Sim"";""Falta de Atenção à Condução"";1;""Colisão traseira"";""Com Vítimas Feridas"";""Pleno dia"";""Crescente"";""Sol"";""Simples"";""Rotatória"";""Sim"";465397;""Motocicleta"";""YAMAHA/YBR 125E"";2006;""Condutor"";""Lesões Leves"";46;""Feminino"";0;1;0;0;-25",36737229;-51,"49354219;""SR-PR"";""DEL7/3"";""UOP02/PR"""
"260807;582076;2020-01-04;""sábado"";""10:30:00"";""SC"";280;19;""ARAQUARI"";""Sim"";""Falta de Atenção do Pedestre"";1;""Colisão traseira"";""Com Vítimas Feridas"";""Pleno dia"";""Crescente"";""Chuva"";""Simples"";""Curva"";""Não"";465313;""Motocicleta"";""HONDA/XRE 300"";2013;""Condutor"";""Lesões Graves"";51;""Masculino"";0;0;1;0;-26",3693676;-48,"67221803;""SR-SC"";""DEL8/3"";""UOP03/SC""",
"260807;582069;2020-01-04;""sábado"";""10:30:00"";""SC"";280;19;""ARAQUARI"";""Sim"";""Falta de Atenção do Pedestre"";1;""Colisão traseira"";""Com Vítimas Feridas"";""Pleno dia"";""Crescente"";""Chuva"";""Simples"";""Curva"";""Não"";465312;""Automóvel"";""HONDA/CITY EXL CVT"";2019;""Condutor"";""Ileso"";62;""Masculino"";1;0;0;0;-26",3693676;-48,"67221803;""SR-SC"";""DEL8/3"";""UOP03/SC""",
"260809;580212;2020-01-04;""sábado"";""10:05:00"";""MG"";116;759","1;""LEOPOLDINA"";""Sim"";""Falta de Atenção à Condução"";2;""Capotamento"";""Com Vítimas Feridas"";""Pleno dia"";""Decrescente"";""Nublado"";""Simples"";""Curva"";""Sim"";465325;""Automóvel"";""CHEV/PRISMA 10MT JOYE"";2019;""Condutor"";""Lesões Leves"";58;""Masculino"";0;1;0;0;-21",50589297;-42,"60923908;""SR-MG"";""DEL4/7"";""UOP01/MG"""
"260809;580220;2020-01-04;""sábado"";""10:05:00"";""MG"";116;759","1;""LEOPOLDINA"";""Sim"";""Falta de Atenção à Condução"";2;""Capotamento"";""Com Vítimas Feridas"";""Pleno dia"";""Decrescente"";""Nublado"";""Simples"";""Curva"";""Sim"";465325;""Automóvel"";""CHEV/PRISMA 10MT JOYE"";2019;""Pedestre"";""Lesões Graves"";71;""Masculino"";0;0;1;0;-21",50589297;-42,"60923908;""SR-MG"";""DEL4/7"";""UOP01/MG"""
"260809;580215;2020-01-04;""sábado"";""10:05:00"";""MG"";116;759","1;""LEOPOLDINA"";""Sim"";""Falta de Atenção à Condução"";2;""Capotamento"";""Com Vítimas Feridas"";""Pleno dia"";""Decrescente"";""Nublado"";""Simples"";""Curva"";""Sim"";465325;""Automóvel"";""CHEV/PRISMA 10MT JOYE"";2019;""Passageiro"";""Lesões Leves"";61;""Feminino"";0;1;0;0;-21",50589297;-42,"60923908;""SR-MG"";""DEL4/7"";""UOP01/MG"""
"260809;580212;2020-01-04;""sábado"";""10:05:00"";""MG"";116;759","1;""LEOPOLDINA"";""Sim"";""Falta de Atenção à Condução"";1;""Saída de leito carroçável"";""Com Vítimas Feridas"";""Pleno dia"";""Decrescente"";""Nublado"";""Simples"";""Curva"";""Sim"";465325;""Automóvel"";""CHEV/PRISMA 10MT JOYE"";2019;""Condutor"";""Lesões Leves"";58;""Masculino"";0;1;0;0;-21",50589297;-42,"60923908;""SR-MG"";""DEL4/7"";""UOP01/MG"""
"260809;580220;2020-01-04;""sábado"";""10:05:00"";""MG"";116;759","1;""LEOPOLDINA"";""Sim"";""Falta de Atenção à Condução"";1;""Saída de leito carroçável"";""Com Vítimas Feridas"";""Pleno dia"";""Decrescente"";""Nublado"";""Simples"";""Curva"";""Sim"";465325;""Automóvel"";""CHEV/PRISMA 10MT JOYE"";2019;""Pedestre"";""Lesões Graves"";71;""Masculino"";0;0;1;0;-21",50589297;-42,"60923908;""SR-MG"";""DEL4/7"";""UOP01/MG"""
"260809;580215;2020-01-04;""sábado"";""10:05:00"";""MG"";116;759","1;""LEOPOLDINA"";""Sim"";""Falta de Atenção à Condução"";1;""Saída de leito carroçável"";""Com Vítimas Feridas"";""Pleno dia"";""Decrescente"";""Nublado"";""Simples"";""Curva"";""Sim"";465325;""Automóvel"";""CHEV/PRISMA 10MT JOYE"";2019;""Passageiro"";""Lesões Leves"";61;""Feminino"";0;1;0;0;-21",50589297;-42,"60923908;""SR-MG"";""DEL4/7"";""UOP01/MG"""
"260810;584093;2020-01-04;""sábado"";""14:30:00"";""ES"";262;120;""CONCEICAO DO CASTELO"";""Sim"";""Falta de Atenção à Condução"";1;""Colisão lateral"";""Com Vítimas Feridas"";""Pleno dia"";""Crescente"";""Nublado"";""Simples"";""Não Informado"";""Não"";465430;""Caminhão-trator"";""SCANIA/R 440 A6X2"";2013;""Condutor"";""Ileso"";58;""Masculino"";1;0;0;0;-20",300399;-41,"23049498;""SR-ES"";""DEL12/1"";""UOP02/ES""",
"260810;584099;2020-01-04;""sábado"";""14:30:00"";""ES"";262;120;""CONCEICAO DO CASTELO"";""Sim"";""Falta de Atenção à Condução"";1;""Colisão lateral"";""Com Vítimas Feridas"";""Pleno dia"";""Crescente"";""Nublado"";""Simples"";""Não Informado"";""Não"";465429;""Automóvel"";""TOYOTA/ETIOS SD X 15L AT"";2018;""Passageiro"";""Lesões Leves"";10;""Masculino"";0;1;0;0;-20",300399;-41,"23049498;""SR-ES"";""DEL12/1"";""UOP02/ES""",
"260810;584097;2020-01-04;""sábado"";""14:30:00"";""ES"";262;120;""CONCEICAO DO CASTELO"";""Sim"";""Falta de Atenção à Condução"";1;""Colisão lateral"";""Com Vítimas Feridas"";""Pleno dia"";""Crescente"";""Nublado"";""Simples"";""Não Informado"";""Não"";465429;""Automóvel"";""TOYOTA/ETIOS SD X 15L AT"";2018;""Passageiro"";""Lesões Leves"";14;""Masculino"";0;1;0;0;-20",300399;-41,"23049498;""SR-ES"";""DEL12/1"";""UOP02/ES""",
"260810;584092;2020-01-04;""sábado"";""14:30:00"";""ES"";262;120;""CONCEICAO DO CASTELO"";""Sim"";""Falta de Atenção à Condução"";1;""Colisão lateral"";""Com Vítimas Feridas"";""Pleno dia"";""Crescente"";""Nublado"";""Simples"";""Não Informado"";""Não"";465429;""Automóvel"";""TOYOTA/ETIOS SD X 15L AT"";2018;""Condutor"";""Ileso"";39;""Masculino"";1;0;0;0;-20",300399;-41,"23049498;""SR-ES"";""DEL12/1"";""UOP02/ES""",
"260811;580216;2020-01-04;""sábado"";""14:00:00"";""PR"";376;552;""BALSA NOVA"";""Não"";""Pista Escorregadia"";1;""Saída de leito carroçável"";""Sem Vítimas"";""Pleno dia"";""Crescente"";""Garoa/Chuvisco"";""Dupla"";""Curva"";""Não"";465319;""Automóvel"";""RENAULT/CLIO RT 1.0 16V"";2001;""Passageiro"";""Ileso"";6;""Masculino"";1;0;0;0;-25",47128747;-49,"69156188;""SR-PR"";""DEL7/1"";""UOP05/PR""",
"260811;580211;2020-01-04;""sábado"";""14:00:00"";""PR"";376;552;""BALSA NOVA"";""Não"";""Pista Escorregadia"";1;""Saída de leito carroçável"";""Sem Vítimas"";""Pleno dia"";""Crescente"";""Garoa/Chuvisco"";""Dupla"";""Curva"";""Não"";465319;""Automóvel"";""RENAULT/CLIO RT 1.0 16V"";2001;""Passageiro"";""Ileso"";32;""Feminino"";1;0;0;0;-25",47128747;-49,"69156188;""SR-PR"";""DEL7/1"";""UOP05/PR""",
"260811;580207;2020-01-04;""sábado"";""14:00:00"";""PR"";376;552;""BALSA NOVA"";""Não"";""Pista Escorregadia"";1;""Saída de leito carroçável"";""Sem Vítimas"";""Pleno dia"";""Crescente"";""Garoa/Chuvisco"";""Dupla"";""Curva"";""Não"";465319;""Automóvel"";""RENAULT/CLIO RT 1.0 16V"";2001;""Condutor"";""Ileso"";34;""Masculino"";1;0;0;0;-25",47128747;-49,"69156188;""SR-PR"";""DEL7/1"";""UOP05/PR""",
"260811;580216;2020-01-04;""sábado"";""14:00:00"";""PR"";376;552;""BALSA NOVA"";""Sim"";""Falta de Atenção à Condução"";1;""Saída de leito carroçável"";""Sem Vítimas"";""Pleno dia"";""Crescente"";""Garoa/Chuvisco"";""Dupla"";""Curva"";""Não"";465319;""Automóvel"";""RENAULT/CLIO RT 1.0 16V"";2001;""Passageiro"";""Ileso"";6;""Masculino"";1;0;0;0;-25",47128747;-49,"69156188;""SR-PR"";""DEL7/1"";""UOP05/PR""",
"260811;580211;2020-01-04;""sábado"";""14:00:00"";""PR"";376;552;""BALSA NOVA"";""Sim"";""Falta de Atenção à Condução"";1;""Saída de leito carroçável"";""Sem Vítimas"";""Pleno dia"";""Crescente"";""Garoa/Chuvisco"";""Dupla"";""Curva"";""Não"";465319;""Automóvel"";""RENAULT/CLIO RT 1.0 16V"";2001;""Passageiro"";""Ileso"";32;""Feminino"";1;0;0;0;-25",47128747;-49,"69156188;""SR-PR"";""DEL7/1"";""UOP05/PR""",
"260811;580207;2020-01-04;""sábado"";""14:00:00"";""PR"";376;552;""BALSA NOVA"";""Sim"";""Falta de Atenção à Condução"";1;""Saída de leito carroçável"";""Sem Vítimas"";""Pleno dia"";""Crescente"";""Garoa/Chuvisco"";""Dupla"";""Curva"";""Não"";465319;""Automóvel"";""RENAULT/CLIO RT 1.0 16V"";2001;""Condutor"";""Ileso"";34;""Masculino"";1;0;0;0;-25",47128747;-49,"69156188;""SR-PR"";""DEL7/1"";""UOP05/PR""",
"260812;580370;2020-01-04;""sábado"";""10:25:00"";""MG"";116;411;""GOVERNADOR VALADARES"";""Sim"";""Falta de Atenção do Pedestre"";2;""Tombamento"";""Com Vítimas Feridas"";""Pleno dia"";""Decrescente"";""Nublado"";""Múltipla"";""Reta"";""Sim"";465320;""Motocicleta"";""HONDA/CG150 FAN ESDI"";2013;""Testemunha"";""Não Informado"";NA;""Não Informado"";0;0;0;0;-18",86244705;-41,"97405237;""SR-MG"";""DEL4/6"";""UOP01/MG""",
"260812;580369;2020-01-04;""sábado"";""10:25:00"";""MG"";116;411;""GOVERNADOR VALADARES"";""Sim"";""Falta de Atenção do Pedestre"";2;""Tombamento"";""Com Vítimas Feridas"";""Pleno dia"";""Decrescente"";""Nublado"";""Múltipla"";""Reta"";""Sim"";465320;""Motocicleta"";""HONDA/CG150 FAN ESDI"";2013;""Pedestre"";""Lesões Graves"";63;""Masculino"";0;0;1;0;-18",86244705;-41,"97405237;""SR-MG"";""DEL4/6"";""UOP01/MG""",
"260812;580368;2020-01-04;""sábado"";""10:25:00"";""MG"";116;411;""GOVERNADOR VALADARES"";""Sim"";""Falta de Atenção do Pedestre"";2;""Tombamento"";""Com Vítimas Feridas"";""Pleno dia"";""Decrescente"";""Nublado"";""Múltipla"";""Reta"";""Sim"";465320;""Motocicleta"";""HONDA/CG150 FAN ESDI"";2013;""Condutor"";""Lesões Graves"";32;""Masculino"";0;0;1;0;-18",86244705;-41,"97405237;""SR-MG"";""DEL4/6"";""UOP01/MG""",
"260812;580370;2020-01-04;""sábado"";""10:25:00"";""MG"";116;411;""GOVERNADOR VALADARES"";""Sim"";""Falta de Atenção do Pedestre"";1;""Atropelamento de Pedestre"";""Com Vítimas Feridas"";""Pleno dia"";""Decrescente"";""Nublado"";""Múltipla"";""Reta"";""Sim"";465320;""Motocicleta"";""HONDA/CG150 FAN ESDI"";2013;""Testemunha"";""Não Informado"";NA;""Não Informado"";0;0;0;0;-18",86244705;-41,"97405237;""SR-MG"";""DEL4/6"";""UOP01/MG""",
"260812;580369;2020-01-04;""sábado"";""10:25:00"";""MG"";116;411;""GOVERNADOR VALADARES"";""Sim"";""Falta de Atenção do Pedestre"";1;""Atropelamento de Pedestre"";""Com Vítimas Feridas"";""Pleno dia"";""Decrescente"";""Nublado"";""Múltipla"";""Reta"";""Sim"";465320;""Motocicleta"";""HONDA/CG150 FAN ESDI"";2013;""Pedestre"";""Lesões Graves"";63;""Masculino"";0;0;1;0;-18",86244705;-41,"97405237;""SR-MG"";""DEL4/6"";""UOP01/MG""",
"260812;580368;2020-01-04;""sábado"";""10:25:00"";""MG"";116;411;""GOVERNADOR VALADARES"";""Sim"";""Falta de Atenção do Pedestre"";1;""Atropelamento de Pedestre"";""Com Vítimas Feridas"";""Pleno dia"";""Decrescente"";""Nublado"";""Múltipla"";""Reta"";""Sim"";465320;""Motocicleta"";""HONDA/CG150 FAN ESDI"";2013;""Condutor"";""Lesões Graves"";32;""Masculino"";0;0;1;0;-18",86244705;-41,"97405237;""SR-MG"";""DEL4/6"";""UOP01/MG""",
"260813;580237;2020-01-04;""sábado"";""11:39:00"";""PB"";230;16;""JOAO PESSOA"";""Não"";""Desobediência às normas de trânsito pelo condutor"";1;""Tombamento"";""Com Vítimas Feridas"";""Pleno dia"";""Decrescente"";""Sol"";""Dupla"";""Não Informado"";""Sim"";465321;""Motocicleta"";""HONDA/CG150 FAN ESDI"";2014;""Condutor"";""Lesões Leves"";31;""Masculino"";0;1;0;0;-7",1039;-34,"8458;""SR-PB"";""DEL14/1"";""UOP01/PB""",
"260813;580237;2020-01-04;""sábado"";""11:39:00"";""PB"";230;16;""JOAO PESSOA"";""Sim"";""Pista Escorregadia"";1;""Tombamento"";""Com Vítimas Feridas"";""Pleno dia"";""Decrescente"";""Sol"";""Dupla"";""Não Informado"";""Sim"";465321;""Motocicleta"";""HONDA/CG150 FAN ESDI"";2014;""Condutor"";""Lesões Leves"";31;""Masculino"";0;1;0;0;-7",1039;-34,"8458;""SR-PB"";""DEL14/1"";""UOP01/PB""",
"260814;580201;2020-01-04;""sábado"";""07:50:00"";""SC"";101;70;""ARAQUARI"";""Sim"";""Falta de Atenção à Condução"";1;""Queda de ocupante de veículo"";""Com Vítimas Feridas"";""Amanhecer"";""Decrescente"";""Chuva"";""Múltipla"";""Reta"";""Não"";465322;""Motocicleta"";""KAWASAKI/ER-6N"";2010;""Condutor"";""Lesões Leves"";26;""Masculino"";0;1;0;0;-26",51082007;-48,"72345612;""SR-SC"";""DEL8/3"";""UOP02/SC""",
"260815;580234;2020-01-04;""sábado"";""14:30:00"";""RS"";290;66","5;""GRAVATAI"";""Sim"";""Falta de Atenção à Condução"";1;""Saída de leito carroçável"";""Com Vítimas Feridas"";""Pleno dia"";""Crescente"";""Céu Claro"";""Múltipla"";""Reta"";""Não"";465342;""Automóvel"";""FORD/KA GL IMAGE"";2000;""Condutor"";""Lesões Leves"";23;""Feminino"";0;1;0;0;-29",942627;-50,"915585;""SR-RS"";""DEL9/3"";""UOP01/RS"""
"260816;582958;2020-01-04;""sábado"";""15:00:00"";""ES"";101;266;""SERRA"";""Sim"";""Falta de Atenção à Condução"";1;""Colisão lateral"";""Com Vítimas Feridas"";""Pleno dia"";""Crescente"";""Céu Claro"";""Múltipla"";""Reta"";""Sim"";465385;""Motocicleta"";""HONDA/CB 300R"";2011;""Passageiro"";""Lesões Graves"";21;""Feminino"";0;0;1;0;-20",190199;-40,"26828891;""SR-ES"";""DEL12/2"";""UOP01/ES""",
"260816;582957;2020-01-04;""sábado"";""15:00:00"";""ES"";101;266;""SERRA"";""Sim"";""Falta de Atenção à Condução"";1;""Colisão lateral"";""Com Vítimas Feridas"";""Pleno dia"";""Crescente"";""Céu Claro"";""Múltipla"";""Reta"";""Sim"";465385;""Motocicleta"";""HONDA/CB 300R"";2011;""Condutor"";""Lesões Leves"";26;""Masculino"";0;1;0;0;-20",190199;-40,"26828891;""SR-ES"";""DEL12/2"";""UOP01/ES""",
"260816;582955;2020-01-04;""sábado"";""15:00:00"";""ES"";101;266;""SERRA"";""Sim"";""Falta de Atenção à Condução"";1;""Colisão lateral"";""Com Vítimas Feridas"";""Pleno dia"";""Crescente"";""Céu Claro"";""Múltipla"";""Reta"";""Sim"";465384;""Caminhão"";""IVECO/TECTOR 170E28"";2012;""Condutor"";""Ileso"";26;""Masculino"";1;0;0;0;-20",190199;-40,"26828891;""SR-ES"";""DEL12/2"";""UOP01/ES""",
"260817;NA;2020-01-04;""sábado"";""15:00:00"";""MG"";251;465","2;""GRAO MOGOL"";""Sim"";""Não guardar distância de segurança"";1;""Colisão traseira"";""Com Vítimas Fatais"";""Pleno dia"";""Crescente"";""Chuva"";""Simples"";""Não Informado"";""Não"";466710;""Automóvel"";""FIAT/UNO ATTRACTIVE 1.0"";2019;""Não Informado"";""Não Informado"";NA;""Não Informado"";0;0;0;0;-16",45710399;-43,"40386502;""SR-MG"";""DEL4/12"";""UOP01/MG"""
"260817;NA;2020-01-04;""sábado"";""15:00:00"";""MG"";251;465","2;""GRAO MOGOL"";""Sim"";""Não guardar distância de segurança"";1;""Colisão traseira"";""Com Vítimas Fatais"";""Pleno dia"";""Crescente"";""Chuva"";""Simples"";""Não Informado"";""Não"";466640;""Caminhonete"";""FIAT/FIORINO HD WK E"";2019;""Não Informado"";""Não Informado"";NA;""Não Informado"";0;0;0;0;-16",45710399;-43,"40386502;""SR-MG"";""DEL4/12"";""UOP01/MG"""
"260817;NA;2020-01-04;""sábado"";""15:00:00"";""MG"";251;465","2;""GRAO MOGOL"";""Sim"";""Não guardar distância de segurança"";1;""Colisão traseira"";""Com Vítimas Fatais"";""Pleno dia"";""Crescente"";""Chuva"";""Simples"";""Não Informado"";""Não"";466469;""Automóvel"";""FIAT/MOBI LIKE"";2019;""Não Informado"";""Não Informado"";NA;""Não Informado"";0;0;0;0;-16",45710399;-43,"40386502;""SR-MG"";""DEL4/12"";""UOP01/MG"""
"260817;NA;2020-01-04;""sábado"";""15:00:00"";""MG"";251;465","2;""GRAO MOGOL"";""Sim"";""Não guardar distância de segurança"";1;""Colisão traseira"";""Com Vítimas Fatais"";""Pleno dia"";""Crescente"";""Chuva"";""Simples"";""Não Informado"";""Não"";466470;""Automóvel"";""FIAT/MOBI LIKE"";2019;""Não Informado"";""Não Informado"";NA;""Não Informado"";0;0;0;0;-16",45710399;-43,"40386502;""SR-MG"";""DEL4/12"";""UOP01/MG"""
"260817;NA;2020-01-04;""sábado"";""15:00:00"";""MG"";251;465","2;""GRAO MOGOL"";""Sim"";""Não guardar distância de segurança"";1;""Colisão traseira"";""Com Vítimas Fatais"";""Pleno dia"";""Crescente"";""Chuva"";""Simples"";""Não Informado"";""Não"";466478;""Automóvel"";""FIAT/MOBI LIKE"";2019;""Não Informado"";""Não Informado"";NA;""Não Informado"";0;0;0;0;-16",45710399;-43,"40386502;""SR-MG"";""DEL4/12"";""UOP01/MG"""
"260817;NA;2020-01-04;""sábado"";""15:00:00"";""MG"";251;465","2;""GRAO MOGOL"";""Sim"";""Não guardar distância de segurança"";1;""Colisão traseira"";""Com Vítimas Fatais"";""Pleno dia"";""Crescente"";""Chuva"";""Simples"";""Não Informado"";""Não"";466701;""Automóvel"";""FIAT/MOBI LIKE"";2019;""Não Informado"";""Não Informado"";NA;""Não Informado"";0;0;0;0;-16",45710399;-43,"40386502;""SR-MG"";""DEL4/12"";""UOP01/MG"""
"260817;NA;2020-01-04;""sábado"";""15:00:00"";""MG"";251;465","2;""GRAO MOGOL"";""Sim"";""Não guardar distância de segurança"";1;""Colisão traseira"";""Com Vítimas Fatais"";""Pleno dia"";""Crescente"";""Chuva"";""Simples"";""Não Informado"";""Não"";466705;""Automóvel"";""I/FIAT CRONOS DRIVE 1.3"";2019;""Não Informado"";""Não Informado"";NA;""Não Informado"";0;0;0;0;-16",45710399;-43,"40386502;""SR-MG"";""DEL4/12"";""UOP01/MG"""
"260817;NA;2020-01-04;""sábado"";""15:00:00"";""MG"";251;465","2;""GRAO MOGOL"";""Sim"";""Não guardar distância de segurança"";1;""Colisão traseira"";""Com Vítimas Fatais"";""Pleno dia"";""Crescente"";""Chuva"";""Simples"";""Não Informado"";""Não"";466711;""Caminhonete"";""FIAT/STRADA FREEDOM CD"";2019;""Não Informado"";""Não Informado"";NA;""Não Informado"";0;0;0;0;-16",45710399;-43,"40386502;""SR-MG"";""DEL4/12"";""UOP01/MG"""
"260817;NA;2020-01-04;""sábado"";""15:00:00"";""MG"";251;465","2;""GRAO MOGOL"";""Sim"";""Não guardar distância de segurança"";1;""Colisão traseira"";""Com Vítimas Fatais"";""Pleno dia"";""Crescente"";""Chuva"";""Simples"";""Não Informado"";""Não"";466708;""Automóvel"";""I/FIAT CRONOS PREC AT"";2019;""Não Informado"";""Não Informado"";NA;""Não Informado"";0;0;0;0;-16",45710399;-43,"40386502;""SR-MG"";""DEL4/12"";""UOP01/MG"""
"260817;NA;2020-01-04;""sábado"";""15:00:00"";""MG"";251;465","2;""GRAO MOGOL"";""Sim"";""Não guardar distância de segurança"";1;""Colisão traseira"";""Com Vítimas Fatais"";""Pleno dia"";""Crescente"";""Chuva"";""Simples"";""Não Informado"";""Não"";466709;""Caminhonete"";""FIAT/STRADA FREEDOM CC"";2019;""Não Informado"";""Não Informado"";NA;""Não Informado"";0;0;0;0;-16",45710399;-43,"40386502;""SR-MG"";""DEL4/12"";""UOP01/MG"""
"260817;582392;2020-01-04;""sábado"";""15:00:00"";""MG"";251;465","2;""GRAO MOGOL"";""Sim"";""Não guardar distância de segurança"";1;""Colisão traseira"";""Com Vítimas Fatais"";""Pleno dia"";""Crescente"";""Chuva"";""Simples"";""Não Informado"";""Não"";466464;""Caminhão-trator"";""SCANIA/R 440 A6X2"";2014;""Condutor"";""Óbito"";54;""Masculino"";0;0;0;1;-16",45710399;-43,"40386502;""SR-MG"";""DEL4/12"";""UOP01/MG"""
"260817;582391;2020-01-04;""sábado"";""15:00:00"";""MG"";251;465","2;""GRAO MOGOL"";""Sim"";""Não guardar distância de segurança"";1;""Colisão traseira"";""Com Vítimas Fatais"";""Pleno dia"";""Crescente"";""Chuva"";""Simples"";""Não Informado"";""Não"";465523;""Automóvel"";""HONDA/CIVIC LXL"";2012;""Passageiro"";""Ileso"";6;""Masculino"";1;0;0;0;-16",45710399;-43,"40386502;""SR-MG"";""DEL4/12"";""UOP01/MG"""
"260817;582389;2020-01-04;""sábado"";""15:00:00"";""MG"";251;465","2;""GRAO MOGOL"";""Sim"";""Não guardar distância de segurança"";1;""Colisão traseira"";""Com Vítimas Fatais"";""Pleno dia"";""Crescente"";""Chuva"";""Simples"";""Não Informado"";""Não"";465523;""Automóvel"";""HONDA/CIVIC LXL"";2012;""Passageiro"";""Ileso"";44;""Feminino"";1;0;0;0;-16",45710399;-43,"40386502;""SR-MG"";""DEL4/12"";""UOP01/MG"""
"260817;582383;2020-01-04;""sábado"";""15:00:00"";""MG"";251;465","2;""GRAO MOGOL"";""Sim"";""Não guardar distância de segurança"";1;""Colisão traseira"";""Com Vítimas Fatais"";""Pleno dia"";""Crescente"";""Chuva"";""Simples"";""Não Informado"";""Não"";465523;""Automóvel"";""HONDA/CIVIC LXL"";2012;""Passageiro"";""Ileso"";57;""Masculino"";1;0;0;0;-16",45710399;-43,"40386502;""SR-MG"";""DEL4/12"";""UOP01/MG"""
"260817;582381;2020-01-04;""sábado"";""15:00:00"";""MG"";251;465","2;""GRAO MOGOL"";""Sim"";""Não guardar distância de segurança"";1;""Colisão traseira"";""Com Vítimas Fatais"";""Pleno dia"";""Crescente"";""Chuva"";""Simples"";""Não Informado"";""Não"";465523;""Automóvel"";""HONDA/CIVIC LXL"";2012;""Condutor"";""Ileso"";45;""Masculino"";1;0;0;0;-16",45710399;-43,"40386502;""SR-MG"";""DEL4/12"";""UOP01/MG"""
"260817;NA;2020-01-04;""sábado"";""15:00:00"";""MG"";251;465","2;""GRAO MOGOL"";""Sim"";""Não guardar distância de segurança"";1;""Colisão traseira"";""Com Vítimas Fatais"";""Pleno dia"";""Crescente"";""Chuva"";""Simples"";""Não Informado"";""Não"";466707;""Automóvel"";""FIAT/ARGO DRIVE 1.0"";2019;""Não Informado"";""Não Informado"";NA;""Não Informado"";0;0;0;0;-16",45710399;-43,"40386502;""SR-MG"";""DEL4/12"";""UOP01/MG"""
"260817;NA;2020-01-04;""sábado"";""15:00:00"";""MG"";251;465","2;""GRAO MOGOL"";""Sim"";""Não guardar distância de segurança"";1;""Colisão traseira"";""Com Vítimas Fatais"";""Pleno dia"";""Crescente"";""Chuva"";""Simples"";""Não Informado"";""Não"";466466;""Semireboque"";""SR/DAMBROZ EA113E"";2011;""Não Informado"";""Não Informado"";NA;""Não Informado"";0;0;0;0;-16",45710399;-43,"40386502;""SR-MG"";""DEL4/12"";""UOP01/MG"""
"260817;582328;2020-01-04;""sábado"";""15:00:00"";""MG"";251;465","2;""GRAO MOGOL"";""Sim"";""Não guardar distância de segurança"";1;""Colisão traseira"";""Com Vítimas Fatais"";""Pleno dia"";""Crescente"";""Chuva"";""Simples"";""Não Informado"";""Não"";466443;""Ônibus"";""VOLVO/B12 400 4X2"";1997;""Passageiro"";""Lesões Leves"";NA;""Masculino"";0;1;0;0;-16",45710399;-43,"40386502;""SR-MG"";""DEL4/12"";""UOP01/MG"""
"260817;582332;2020-01-04;""sábado"";""15:00:00"";""MG"";251;465","2;""GRAO MOGOL"";""Sim"";""Não guardar distância de segurança"";1;""Colisão traseira"";""Com Vítimas Fatais"";""Pleno dia"";""Crescente"";""Chuva"";""Simples"";""Não Informado"";""Não"";466443;""Ônibus"";""VOLVO/B12 400 4X2"";1997;""Passageiro"";""Lesões Leves"";NA;""Feminino"";0;1;0;0;-16",45710399;-43,"40386502;""SR-MG"";""DEL4/12"";""UOP01/MG"""
"260817;582342;2020-01-04;""sábado"";""15:00:00"";""MG"";251;465","2;""GRAO MOGOL"";""Sim"";""Não guardar distância de segurança"";1;""Colisão traseira"";""Com Vítimas Fatais"";""Pleno dia"";""Crescente"";""Chuva"";""Simples"";""Não Informado"";""Não"";466443;""Ônibus"";""VOLVO/B12 400 4X2"";1997;""Passageiro"";""Lesões Leves"";NA;""Masculino"";0;1;0;0;-16",45710399;-43,"40386502;""SR-MG"";""DEL4/12"";""UOP01/MG"""