"id;""pesid"";""data_inversa"";""dia_semana"";""horario"";""uf"";""br"";""km"";""municipio"";""causa_principal"";""causa_acidente"";""ordem_tipo_acidente"";""tipo_acidente"";""classificacao_acidente"";""fase_dia"";""sentido_via"";""condicao_metereologica"";""tipo_pista"";""tracado_via"";""uso_solo"";""id_veiculo"";""tipo_veiculo"";""marca"";""ano_fabricacao_veiculo"";""tipo_envolvido"";""estado_fisico"";""idade"";""sexo"";""ilesos"";""feridos_leves"";""feridos_graves"";""mortos"";""latitude"";""longitude"";""regional"";""delegacia"";""uop""",,,
"260817;NA;2020-01-04;""sábado"";""15:00:00"";""MG"";251;465","2;""GRAO MOGOL"";""Sim"";""Não guardar distância de segurança"";2;""Colisão frontal"";""Com Vítimas Fatais"";""Pleno dia"";""Crescente"";""Chuva"";""Simples"";""Não Informado"";""Não"";466708;""Automóvel"";""I/FIAT CRONOS PREC AT"";2019;""Não Informado"";""Não Informado"";NA;""Não Informado"";0;0;0;0;-16",45710399;-43,"40386502;""SR-MG"";""DEL4/12"";""UOP01/MG"""
"260817;NA;2020-01-04;""sábado"";""15:00:00"";""MG"";251;465","2;""GRAO MOGOL"";""Sim"";""Não guardar distância de segurança"";2;""Colisão frontal"";""Com Vítimas Fatais"";""Pleno dia"";""Crescente"";""Chuva"";""Simples"";""Não Informado"";""Não"";466709;""Caminhonete"";""FIAT/STRADA FREEDOM CC"";2019;""Não Informado"";""Não Informado"";NA;""Não Informado"";0;0;0;0;-16",45710399;-43,"40386502;""SR-MG"";""DEL4/12"";""UOP01/MG"""
"260817;582392;2020-01-04;""sábado"";""15:00:00"";""MG"";251;465","2;""GRAO MOGOL"";""Sim"";""Não guardar distância de segurança"";2;""Colisão frontal"";""Com Vítimas Fatais"";""Pleno dia"";""Crescente"";""Chuva"";""Simples"";""Não Informado"";""Não"";466464;""Caminhão-trator"";""SCANIA/R 440 A6X2"";2014;""Condutor"";""Óbito"";54;""Masculino"";0;0;0;1;-16",45710399;-43,"40386502;""SR-MG"";""DEL4/12"";""UOP01/MG"""
"260817;582391;2020-01-04;""sábado"";""15:00:00"";""MG"";251;465","2;""GRAO MOGOL"";""Sim"";""Não guardar distância de segurança"";2;""Colisão frontal"";""Com Vítimas Fatais"";""Pleno dia"";""Crescente"";""Chuva"";""Simples"";""Não Informado"";""Não"";465523;""Automóvel"";""HONDA/CIVIC LXL"";2012;""Passageiro"";""Ileso"";6;""Masculino"";1;0;0;0;-16",45710399;-43,"40386502;""SR-MG"";""DEL4/12"";""UOP01/MG"""
"260817;582389;2020-01-04;""sábado"";""15:00:00"";""MG"";251;465","2;""GRAO MOGOL"";""Sim"";""Não guardar distância de segurança"";2;""Colisão frontal"";""Com Vítimas Fatais"";""Pleno dia"";""Crescente"";""Chuva"";""Simples"";""Não Informado"";""Não"";465523;""Automóvel"";""HONDA/CIVIC LXL"";2012;""Passageiro"";""Ileso"";44;""Feminino"";1;0;0;0;-16",45710399;-43,"40386502;""SR-MG"";""DEL4/12"";""UOP01/MG"""
"260817;582383;2020-01-04;""sábado"";""15:00:00"";""MG"";251;465","2;""GRAO MOGOL"";""Sim"";""Não guardar distância de segurança"";2;""Colisão frontal"";""Com Vítimas Fatais"";""Pleno dia"";""Crescente"";""Chuva"";""Simples"";""Não Informado"";""Não"";465523;""Automóvel"";""HONDA/CIVIC LXL"";2012;""Passageiro"";""Ileso"";57;""Masculino"";1;0;0;0;-16",45710399;-43,"40386502;""SR-MG"";""DEL4/12"";""UOP01/MG"""
"260817;582381;2020-01-04;""sábado"";""15:00:00"";""MG"";251;465","2;""GRAO MOGOL"";""Sim"";""Não guardar distância de segurança"";2;""Colisão frontal"";""Com Vítimas Fatais"";""Pleno dia"";""Crescente"";""Chuva"";""Simples"";""Não Informado"";""Não"";465523;""Automóvel"";""HONDA/CIVIC LXL"";2012;""Condutor"";""Ileso"";45;""Masculino"";1;0;0;0;-16",45710399;-43,"40386502;""SR-MG"";""DEL4/12"";""UOP01/MG"""
"260817;NA;2020-01-04;""sábado"";""15:00:00"";""MG"";251;465","2;""GRAO MOGOL"";""Sim"";""Não guardar distância de segurança"";2;""Colisão frontal"";""Com Vítimas Fatais"";""Pleno dia"";""Crescente"";""Chuva"";""Simples"";""Não Informado"";""Não"";466707;""Automóvel"";""FIAT/ARGO DRIVE 1.0"";2019;""Não Informado"";""Não Informado"";NA;""Não Informado"";0;0;0;0;-16",45710399;-43,"40386502;""SR-MG"";""DEL4/12"";""UOP01/MG"""
"260817;NA;2020-01-04;""sábado"";""15:00:00"";""MG"";251;465","2;""GRAO MOGOL"";""Sim"";""Não guardar distância de segurança"";2;""Colisão frontal"";""Com Vítimas Fatais"";""Pleno dia"";""Crescente"";""Chuva"";""Simples"";""Não Informado"";""Não"";466466;""Semireboque"";""SR/DAMBROZ EA113E"";2011;""Não Informado"";""Não Informado"";NA;""Não Informado"";0;0;0;0;-16",45710399;-43,"40386502;""SR-MG"";""DEL4/12"";""UOP01/MG"""
"260817;582328;2020-01-04;""sábado"";""15:00:00"";""MG"";251;465","2;""GRAO MOGOL"";""Sim"";""Não guardar distância de segurança"";2;""Colisão frontal"";""Com Vítimas Fatais"";""Pleno dia"";""Crescente"";""Chuva"";""Simples"";""Não Informado"";""Não"";466443;""Ônibus"";""VOLVO/B12 400 4X2"";1997;""Passageiro"";""Lesões Leves"";NA;""Masculino"";0;1;0;0;-16",45710399;-43,"40386502;""SR-MG"";""DEL4/12"";""UOP01/MG"""
"260817;582332;2020-01-04;""sábado"";""15:00:00"";""MG"";251;465","2;""GRAO MOGOL"";""Sim"";""Não guardar distância de segurança"";2;""Colisão frontal"";""Com Vítimas Fatais"";""Pleno dia"";""Crescente"";""Chuva"";""Simples"";""Não Informado"";""Não"";466443;""Ônibus"";""VOLVO/B12 400 4X2"";1997;""Passageiro"";""Lesões Leves"";NA;""Feminino"";0;1;0;0;-16",45710399;-43,"40386502;""SR-MG"";""DEL4/12"";""UOP01/MG"""
"260817;582342;2020-01-04;""sábado"";""15:00:00"";""MG"";251;465","2;""GRAO MOGOL"";""Sim"";""Não guardar distância de segurança"";2;""Colisão frontal"";""Com Vítimas Fatais"";""Pleno dia"";""Crescente"";""Chuva"";""Simples"";""Não Informado"";""Não"";466443;""Ônibus"";""VOLVO/B12 400 4X2"";1997;""Passageiro"";""Lesões Leves"";NA;""Masculino"";0;1;0;0;-16",45710399;-43,"40386502;""SR-MG"";""DEL4/12"";""UOP01/MG"""
"260817;582335;2020-01-04;""sábado"";""15:00:00"";""MG"";251;465","2;""GRAO MOGOL"";""Sim"";""Não guardar distância de segurança"";2;""Colisão frontal"";""Com Vítimas Fatais"";""Pleno dia"";""Crescente"";""Chuva"";""Simples"";""Não Informado"";""Não"";466443;""Ônibus"";""VOLVO/B12 400 4X2"";1997;""Passageiro"";""Lesões Leves"";71;""Masculino"";0;1;0;0;-16",45710399;-43,"40386502;""SR-MG"";""DEL4/12"";""UOP01/MG"""
"260817;582334;2020-01-04;""sábado"";""15:00:00"";""MG"";251;465","2;""GRAO MOGOL"";""Sim"";""Não guardar distância de segurança"";2;""Colisão frontal"";""Com Vítimas Fatais"";""Pleno dia"";""Crescente"";""Chuva"";""Simples"";""Não Informado"";""Não"";466443;""Ônibus"";""VOLVO/B12 400 4X2"";1997;""Passageiro"";""Lesões Leves"";72;""Feminino"";0;1;0;0;-16",45710399;-43,"40386502;""SR-MG"";""DEL4/12"";""UOP01/MG"""
"260817;582331;2020-01-04;""sábado"";""15:00:00"";""MG"";251;465","2;""GRAO MOGOL"";""Sim"";""Não guardar distância de segurança"";2;""Colisão frontal"";""Com Vítimas Fatais"";""Pleno dia"";""Crescente"";""Chuva"";""Simples"";""Não Informado"";""Não"";466443;""Ônibus"";""VOLVO/B12 400 4X2"";1997;""Passageiro"";""Lesões Leves"";37;""Masculino"";0;1;0;0;-16",45710399;-43,"40386502;""SR-MG"";""DEL4/12"";""UOP01/MG"""
"260817;582329;2020-01-04;""sábado"";""15:00:00"";""MG"";251;465","2;""GRAO MOGOL"";""Sim"";""Não guardar distância de segurança"";2;""Colisão frontal"";""Com Vítimas Fatais"";""Pleno dia"";""Crescente"";""Chuva"";""Simples"";""Não Informado"";""Não"";466443;""Ônibus"";""VOLVO/B12 400 4X2"";1997;""Passageiro"";""Lesões Leves"";42;""Feminino"";0;1;0;0;-16",45710399;-43,"40386502;""SR-MG"";""DEL4/12"";""UOP01/MG"""
"260817;582327;2020-01-04;""sábado"";""15:00:00"";""MG"";251;465","2;""GRAO MOGOL"";""Sim"";""Não guardar distância de segurança"";2;""Colisão frontal"";""Com Vítimas Fatais"";""Pleno dia"";""Crescente"";""Chuva"";""Simples"";""Não Informado"";""Não"";466443;""Ônibus"";""VOLVO/B12 400 4X2"";1997;""Passageiro"";""Lesões Leves"";53;""Masculino"";0;1;0;0;-16",45710399;-43,"40386502;""SR-MG"";""DEL4/12"";""UOP01/MG"""
"260817;582324;2020-01-04;""sábado"";""15:00:00"";""MG"";251;465","2;""GRAO MOGOL"";""Sim"";""Não guardar distância de segurança"";2;""Colisão frontal"";""Com Vítimas Fatais"";""Pleno dia"";""Crescente"";""Chuva"";""Simples"";""Não Informado"";""Não"";466443;""Ônibus"";""VOLVO/B12 400 4X2"";1997;""Passageiro"";""Ileso"";56;""Masculino"";1;0;0;0;-16",45710399;-43,"40386502;""SR-MG"";""DEL4/12"";""UOP01/MG"""
"260817;582323;2020-01-04;""sábado"";""15:00:00"";""MG"";251;465","2;""GRAO MOGOL"";""Sim"";""Não guardar distância de segurança"";2;""Colisão frontal"";""Com Vítimas Fatais"";""Pleno dia"";""Crescente"";""Chuva"";""Simples"";""Não Informado"";""Não"";466443;""Ônibus"";""VOLVO/B12 400 4X2"";1997;""Passageiro"";""Ileso"";23;""Masculino"";1;0;0;0;-16",45710399;-43,"40386502;""SR-MG"";""DEL4/12"";""UOP01/MG"""
"260817;582322;2020-01-04;""sábado"";""15:00:00"";""MG"";251;465","2;""GRAO MOGOL"";""Sim"";""Não guardar distância de segurança"";2;""Colisão frontal"";""Com Vítimas Fatais"";""Pleno dia"";""Crescente"";""Chuva"";""Simples"";""Não Informado"";""Não"";466443;""Ônibus"";""VOLVO/B12 400 4X2"";1997;""Passageiro"";""Ileso"";26;""Masculino"";1;0;0;0;-16",45710399;-43,"40386502;""SR-MG"";""DEL4/12"";""UOP01/MG"""
"260817;582320;2020-01-04;""sábado"";""15:00:00"";""MG"";251;465","2;""GRAO MOGOL"";""Sim"";""Não guardar distância de segurança"";2;""Colisão frontal"";""Com Vítimas Fatais"";""Pleno dia"";""Crescente"";""Chuva"";""Simples"";""Não Informado"";""Não"";466443;""Ônibus"";""VOLVO/B12 400 4X2"";1997;""Passageiro"";""Ileso"";51;""Masculino"";1;0;0;0;-16",45710399;-43,"40386502;""SR-MG"";""DEL4/12"";""UOP01/MG"""
"260817;582317;2020-01-04;""sábado"";""15:00:00"";""MG"";251;465","2;""GRAO MOGOL"";""Sim"";""Não guardar distância de segurança"";2;""Colisão frontal"";""Com Vítimas Fatais"";""Pleno dia"";""Crescente"";""Chuva"";""Simples"";""Não Informado"";""Não"";466443;""Ônibus"";""VOLVO/B12 400 4X2"";1997;""Passageiro"";""Ileso"";NA;""Feminino"";1;0;0;0;-16",45710399;-43,"40386502;""SR-MG"";""DEL4/12"";""UOP01/MG"""
"260817;582315;2020-01-04;""sábado"";""15:00:00"";""MG"";251;465","2;""GRAO MOGOL"";""Sim"";""Não guardar distância de segurança"";2;""Colisão frontal"";""Com Vítimas Fatais"";""Pleno dia"";""Crescente"";""Chuva"";""Simples"";""Não Informado"";""Não"";466443;""Ônibus"";""VOLVO/B12 400 4X2"";1997;""Passageiro"";""Ileso"";NA;""Feminino"";1;0;0;0;-16",45710399;-43,"40386502;""SR-MG"";""DEL4/12"";""UOP01/MG"""
"260817;582312;2020-01-04;""sábado"";""15:00:00"";""MG"";251;465","2;""GRAO MOGOL"";""Sim"";""Não guardar distância de segurança"";2;""Colisão frontal"";""Com Vítimas Fatais"";""Pleno dia"";""Crescente"";""Chuva"";""Simples"";""Não Informado"";""Não"";466443;""Ônibus"";""VOLVO/B12 400 4X2"";1997;""Passageiro"";""Ileso"";38;""Feminino"";1;0;0;0;-16",45710399;-43,"40386502;""SR-MG"";""DEL4/12"";""UOP01/MG"""
"260817;582310;2020-01-04;""sábado"";""15:00:00"";""MG"";251;465","2;""GRAO MOGOL"";""Sim"";""Não guardar distância de segurança"";2;""Colisão frontal"";""Com Vítimas Fatais"";""Pleno dia"";""Crescente"";""Chuva"";""Simples"";""Não Informado"";""Não"";466443;""Ônibus"";""VOLVO/B12 400 4X2"";1997;""Passageiro"";""Ileso"";7;""Feminino"";1;0;0;0;-16",45710399;-43,"40386502;""SR-MG"";""DEL4/12"";""UOP01/MG"""
"260817;582308;2020-01-04;""sábado"";""15:00:00"";""MG"";251;465","2;""GRAO MOGOL"";""Sim"";""Não guardar distância de segurança"";2;""Colisão frontal"";""Com Vítimas Fatais"";""Pleno dia"";""Crescente"";""Chuva"";""Simples"";""Não Informado"";""Não"";466443;""Ônibus"";""VOLVO/B12 400 4X2"";1997;""Passageiro"";""Ileso"";23;""Masculino"";1;0;0;0;-16",45710399;-43,"40386502;""SR-MG"";""DEL4/12"";""UOP01/MG"""
"260817;582307;2020-01-04;""sábado"";""15:00:00"";""MG"";251;465","2;""GRAO MOGOL"";""Sim"";""Não guardar distância de segurança"";2;""Colisão frontal"";""Com Vítimas Fatais"";""Pleno dia"";""Crescente"";""Chuva"";""Simples"";""Não Informado"";""Não"";466443;""Ônibus"";""VOLVO/B12 400 4X2"";1997;""Passageiro"";""Ileso"";53;""Masculino"";1;0;0;0;-16",45710399;-43,"40386502;""SR-MG"";""DEL4/12"";""UOP01/MG"""
"260817;582304;2020-01-04;""sábado"";""15:00:00"";""MG"";251;465","2;""GRAO MOGOL"";""Sim"";""Não guardar distância de segurança"";2;""Colisão frontal"";""Com Vítimas Fatais"";""Pleno dia"";""Crescente"";""Chuva"";""Simples"";""Não Informado"";""Não"";466443;""Ônibus"";""VOLVO/B12 400 4X2"";1997;""Passageiro"";""Ileso"";26;""Masculino"";1;0;0;0;-16",45710399;-43,"40386502;""SR-MG"";""DEL4/12"";""UOP01/MG"""
"260817;582297;2020-01-04;""sábado"";""15:00:00"";""MG"";251;465","2;""GRAO MOGOL"";""Sim"";""Não guardar distância de segurança"";2;""Colisão frontal"";""Com Vítimas Fatais"";""Pleno dia"";""Crescente"";""Chuva"";""Simples"";""Não Informado"";""Não"";466443;""Ônibus"";""VOLVO/B12 400 4X2"";1997;""Passageiro"";""Ileso"";23;""Feminino"";1;0;0;0;-16",45710399;-43,"40386502;""SR-MG"";""DEL4/12"";""UOP01/MG"""
"260817;582296;2020-01-04;""sábado"";""15:00:00"";""MG"";251;465","2;""GRAO MOGOL"";""Sim"";""Não guardar distância de segurança"";2;""Colisão frontal"";""Com Vítimas Fatais"";""Pleno dia"";""Crescente"";""Chuva"";""Simples"";""Não Informado"";""Não"";466443;""Ônibus"";""VOLVO/B12 400 4X2"";1997;""Passageiro"";""Ileso"";21;""Masculino"";1;0;0;0;-16",45710399;-43,"40386502;""SR-MG"";""DEL4/12"";""UOP01/MG"""
"260817;582295;2020-01-04;""sábado"";""15:00:00"";""MG"";251;465","2;""GRAO MOGOL"";""Sim"";""Não guardar distância de segurança"";2;""Colisão frontal"";""Com Vítimas Fatais"";""Pleno dia"";""Crescente"";""Chuva"";""Simples"";""Não Informado"";""Não"";466443;""Ônibus"";""VOLVO/B12 400 4X2"";1997;""Passageiro"";""Ileso"";34;""Masculino"";1;0;0;0;-16",45710399;-43,"40386502;""SR-MG"";""DEL4/12"";""UOP01/MG"""
"260817;582294;2020-01-04;""sábado"";""15:00:00"";""MG"";251;465","2;""GRAO MOGOL"";""Sim"";""Não guardar distância de segurança"";2;""Colisão frontal"";""Com Vítimas Fatais"";""Pleno dia"";""Crescente"";""Chuva"";""Simples"";""Não Informado"";""Não"";466443;""Ônibus"";""VOLVO/B12 400 4X2"";1997;""Passageiro"";""Ileso"";18;""Feminino"";1;0;0;0;-16",45710399;-43,"40386502;""SR-MG"";""DEL4/12"";""UOP01/MG"""
"260817;582288;2020-01-04;""sábado"";""15:00:00"";""MG"";251;465","2;""GRAO MOGOL"";""Sim"";""Não guardar distância de segurança"";2;""Colisão frontal"";""Com Vítimas Fatais"";""Pleno dia"";""Crescente"";""Chuva"";""Simples"";""Não Informado"";""Não"";466443;""Ônibus"";""VOLVO/B12 400 4X2"";1997;""Passageiro"";""Ileso"";28;""Masculino"";1;0;0;0;-16",45710399;-43,"40386502;""SR-MG"";""DEL4/12"";""UOP01/MG"""
"260817;582286;2020-01-04;""sábado"";""15:00:00"";""MG"";251;465","2;""GRAO MOGOL"";""Sim"";""Não guardar distância de segurança"";2;""Colisão frontal"";""Com Vítimas Fatais"";""Pleno dia"";""Crescente"";""Chuva"";""Simples"";""Não Informado"";""Não"";466443;""Ônibus"";""VOLVO/B12 400 4X2"";1997;""Passageiro"";""Ileso"";38;""Masculino"";1;0;0;0;-16",45710399;-43,"40386502;""SR-MG"";""DEL4/12"";""UOP01/MG"""
"260817;582285;2020-01-04;""sábado"";""15:00:00"";""MG"";251;465","2;""GRAO MOGOL"";""Sim"";""Não guardar distância de segurança"";2;""Colisão frontal"";""Com Vítimas Fatais"";""Pleno dia"";""Crescente"";""Chuva"";""Simples"";""Não Informado"";""Não"";466443;""Ônibus"";""VOLVO/B12 400 4X2"";1997;""Passageiro"";""Ileso"";18;""Feminino"";1;0;0;0;-16",45710399;-43,"40386502;""SR-MG"";""DEL4/12"";""UOP01/MG"""
"260817;582283;2020-01-04;""sábado"";""15:00:00"";""MG"";251;465","2;""GRAO MOGOL"";""Sim"";""Não guardar distância de segurança"";2;""Colisão frontal"";""Com Vítimas Fatais"";""Pleno dia"";""Crescente"";""Chuva"";""Simples"";""Não Informado"";""Não"";466443;""Ônibus"";""VOLVO/B12 400 4X2"";1997;""Passageiro"";""Ileso"";34;""Masculino"";1;0;0;0;-16",45710399;-43,"40386502;""SR-MG"";""DEL4/12"";""UOP01/MG"""
"260817;582282;2020-01-04;""sábado"";""15:00:00"";""MG"";251;465","2;""GRAO MOGOL"";""Sim"";""Não guardar distância de segurança"";2;""Colisão frontal"";""Com Vítimas Fatais"";""Pleno dia"";""Crescente"";""Chuva"";""Simples"";""Não Informado"";""Não"";466443;""Ônibus"";""VOLVO/B12 400 4X2"";1997;""Passageiro"";""Ileso"";27;""Masculino"";1;0;0;0;-16",45710399;-43,"40386502;""SR-MG"";""DEL4/12"";""UOP01/MG"""
"260817;582281;2020-01-04;""sábado"";""15:00:00"";""MG"";251;465","2;""GRAO MOGOL"";""Sim"";""Não guardar distância de segurança"";2;""Colisão frontal"";""Com Vítimas Fatais"";""Pleno dia"";""Crescente"";""Chuva"";""Simples"";""Não Informado"";""Não"";466443;""Ônibus"";""VOLVO/B12 400 4X2"";1997;""Passageiro"";""Ileso"";23;""Masculino"";1;0;0;0;-16",45710399;-43,"40386502;""SR-MG"";""DEL4/12"";""UOP01/MG"""
"260817;582280;2020-01-04;""sábado"";""15:00:00"";""MG"";251;465","2;""GRAO MOGOL"";""Sim"";""Não guardar distância de segurança"";2;""Colisão frontal"";""Com Vítimas Fatais"";""Pleno dia"";""Crescente"";""Chuva"";""Simples"";""Não Informado"";""Não"";466443;""Ônibus"";""VOLVO/B12 400 4X2"";1997;""Passageiro"";""Ileso"";NA;""Masculino"";1;0;0;0;-16",45710399;-43,"40386502;""SR-MG"";""DEL4/12"";""UOP01/MG"""
"260817;582279;2020-01-04;""sábado"";""15:00:00"";""MG"";251;465","2;""GRAO MOGOL"";""Sim"";""Não guardar distância de segurança"";2;""Colisão frontal"";""Com Vítimas Fatais"";""Pleno dia"";""Crescente"";""Chuva"";""Simples"";""Não Informado"";""Não"";466443;""Ônibus"";""VOLVO/B12 400 4X2"";1997;""Passageiro"";""Ileso"";NA;""Feminino"";1;0;0;0;-16",45710399;-43,"40386502;""SR-MG"";""DEL4/12"";""UOP01/MG"""
"260817;582278;2020-01-04;""sábado"";""15:00:00"";""MG"";251;465","2;""GRAO MOGOL"";""Sim"";""Não guardar distância de segurança"";2;""Colisão frontal"";""Com Vítimas Fatais"";""Pleno dia"";""Crescente"";""Chuva"";""Simples"";""Não Informado"";""Não"";466443;""Ônibus"";""VOLVO/B12 400 4X2"";1997;""Passageiro"";""Ileso"";14;""Feminino"";1;0;0;0;-16",45710399;-43,"40386502;""SR-MG"";""DEL4/12"";""UOP01/MG"""
"260817;582275;2020-01-04;""sábado"";""15:00:00"";""MG"";251;465","2;""GRAO MOGOL"";""Sim"";""Não guardar distância de segurança"";2;""Colisão frontal"";""Com Vítimas Fatais"";""Pleno dia"";""Crescente"";""Chuva"";""Simples"";""Não Informado"";""Não"";466443;""Ônibus"";""VOLVO/B12 400 4X2"";1997;""Passageiro"";""Ileso"";69;""Feminino"";1;0;0;0;-16",45710399;-43,"40386502;""SR-MG"";""DEL4/12"";""UOP01/MG"""
"260817;582274;2020-01-04;""sábado"";""15:00:00"";""MG"";251;465","2;""GRAO MOGOL"";""Sim"";""Não guardar distância de segurança"";2;""Colisão frontal"";""Com Vítimas Fatais"";""Pleno dia"";""Crescente"";""Chuva"";""Simples"";""Não Informado"";""Não"";466443;""Ônibus"";""VOLVO/B12 400 4X2"";1997;""Passageiro"";""Ileso"";NA;""Feminino"";1;0;0;0;-16",45710399;-43,"40386502;""SR-MG"";""DEL4/12"";""UOP01/MG"""
"260817;582271;2020-01-04;""sábado"";""15:00:00"";""MG"";251;465","2;""GRAO MOGOL"";""Sim"";""Não guardar distância de segurança"";2;""Colisão frontal"";""Com Vítimas Fatais"";""Pleno dia"";""Crescente"";""Chuva"";""Simples"";""Não Informado"";""Não"";466443;""Ônibus"";""VOLVO/B12 400 4X2"";1997;""Passageiro"";""Ileso"";42;""Feminino"";1;0;0;0;-16",45710399;-43,"40386502;""SR-MG"";""DEL4/12"";""UOP01/MG"""
"260817;582269;2020-01-04;""sábado"";""15:00:00"";""MG"";251;465","2;""GRAO MOGOL"";""Sim"";""Não guardar distância de segurança"";2;""Colisão frontal"";""Com Vítimas Fatais"";""Pleno dia"";""Crescente"";""Chuva"";""Simples"";""Não Informado"";""Não"";466443;""Ônibus"";""VOLVO/B12 400 4X2"";1997;""Passageiro"";""Ileso"";NA;""Feminino"";1;0;0;0;-16",45710399;-43,"40386502;""SR-MG"";""DEL4/12"";""UOP01/MG"""
"260817;582266;2020-01-04;""sábado"";""15:00:00"";""MG"";251;465","2;""GRAO MOGOL"";""Sim"";""Não guardar distância de segurança"";2;""Colisão frontal"";""Com Vítimas Fatais"";""Pleno dia"";""Crescente"";""Chuva"";""Simples"";""Não Informado"";""Não"";466443;""Ônibus"";""VOLVO/B12 400 4X2"";1997;""Passageiro"";""Ileso"";66;""Masculino"";1;0;0;0;-16",45710399;-43,"40386502;""SR-MG"";""DEL4/12"";""UOP01/MG"""
"260817;582265;2020-01-04;""sábado"";""15:00:00"";""MG"";251;465","2;""GRAO MOGOL"";""Sim"";""Não guardar distância de segurança"";2;""Colisão frontal"";""Com Vítimas Fatais"";""Pleno dia"";""Crescente"";""Chuva"";""Simples"";""Não Informado"";""Não"";466443;""Ônibus"";""VOLVO/B12 400 4X2"";1997;""Passageiro"";""Ileso"";43;""Masculino"";1;0;0;0;-16",45710399;-43,"40386502;""SR-MG"";""DEL4/12"";""UOP01/MG"""
"260817;582024;2020-01-04;""sábado"";""15:00:00"";""MG"";251;465","2;""GRAO MOGOL"";""Sim"";""Não guardar distância de segurança"";2;""Colisão frontal"";""Com Vítimas Fatais"";""Pleno dia"";""Crescente"";""Chuva"";""Simples"";""Não Informado"";""Não"";466443;""Ônibus"";""VOLVO/B12 400 4X2"";1997;""Passageiro"";""Ileso"";25;""Masculino"";1;0;0;0;-16",45710399;-43,"40386502;""SR-MG"";""DEL4/12"";""UOP01/MG"""
"260817;582023;2020-01-04;""sábado"";""15:00:00"";""MG"";251;465","2;""GRAO MOGOL"";""Sim"";""Não guardar distância de segurança"";2;""Colisão frontal"";""Com Vítimas Fatais"";""Pleno dia"";""Crescente"";""Chuva"";""Simples"";""Não Informado"";""Não"";466443;""Ônibus"";""VOLVO/B12 400 4X2"";1997;""Passageiro"";""Ileso"";20;""Feminino"";1;0;0;0;-16",45710399;-43,"40386502;""SR-MG"";""DEL4/12"";""UOP01/MG"""
"260817;582020;2020-01-04;""sábado"";""15:00:00"";""MG"";251;465","2;""GRAO MOGOL"";""Sim"";""Não guardar distância de segurança"";2;""Colisão frontal"";""Com Vítimas Fatais"";""Pleno dia"";""Crescente"";""Chuva"";""Simples"";""Não Informado"";""Não"";466443;""Ônibus"";""VOLVO/B12 400 4X2"";1997;""Passageiro"";""Ileso"";5;""Masculino"";1;0;0;0;-16",45710399;-43,"40386502;""SR-MG"";""DEL4/12"";""UOP01/MG"""
"260817;582019;2020-01-04;""sábado"";""15:00:00"";""MG"";251;465","2;""GRAO MOGOL"";""Sim"";""Não guardar distância de segurança"";2;""Colisão frontal"";""Com Vítimas Fatais"";""Pleno dia"";""Crescente"";""Chuva"";""Simples"";""Não Informado"";""Não"";466443;""Ônibus"";""VOLVO/B12 400 4X2"";1997;""Passageiro"";""Ileso"";1;""Feminino"";1;0;0;0;-16",45710399;-43,"40386502;""SR-MG"";""DEL4/12"";""UOP01/MG"""
"260817;582015;2020-01-04;""sábado"";""15:00:00"";""MG"";251;465","2;""GRAO MOGOL"";""Sim"";""Não guardar distância de segurança"";2;""Colisão frontal"";""Com Vítimas Fatais"";""Pleno dia"";""Crescente"";""Chuva"";""Simples"";""Não Informado"";""Não"";466443;""Ônibus"";""VOLVO/B12 400 4X2"";1997;""Passageiro"";""Ileso"";21;""Masculino"";1;0;0;0;-16",45710399;-43,"40386502;""SR-MG"";""DEL4/12"";""UOP01/MG"""
"260817;582373;2020-01-04;""sábado"";""15:00:00"";""MG"";251;465","2;""GRAO MOGOL"";""Sim"";""Não guardar distância de segurança"";2;""Colisão frontal"";""Com Vítimas Fatais"";""Pleno dia"";""Crescente"";""Chuva"";""Simples"";""Não Informado"";""Não"";466443;""Ônibus"";""VOLVO/B12 400 4X2"";1997;""Condutor"";""Óbito"";58;""Masculino"";0;0;0;1;-16",45710399;-43,"40386502;""SR-MG"";""DEL4/12"";""UOP01/MG"""
"260817;582082;2020-01-04;""sábado"";""15:00:00"";""MG"";251;465","2;""GRAO MOGOL"";""Sim"";""Não guardar distância de segurança"";2;""Colisão frontal"";""Com Vítimas Fatais"";""Pleno dia"";""Crescente"";""Chuva"";""Simples"";""Não Informado"";""Não"";466443;""Ônibus"";""VOLVO/B12 400 4X2"";1997;""Passageiro"";""Ileso"";19;""Masculino"";1;0;0;0;-16",45710399;-43,"40386502;""SR-MG"";""DEL4/12"";""UOP01/MG"""