"id;""pesid"";""data_inversa"";""dia_semana"";""horario"";""uf"";""br"";""km"";""municipio"";""causa_principal"";""causa_acidente"";""ordem_tipo_acidente"";""tipo_acidente"";""classificacao_acidente"";""fase_dia"";""sentido_via"";""condicao_metereologica"";""tipo_pista"";""tracado_via"";""uso_solo"";""id_veiculo"";""tipo_veiculo"";""marca"";""ano_fabricacao_veiculo"";""tipo_envolvido"";""estado_fisico"";""idade"";""sexo"";""ilesos"";""feridos_leves"";""feridos_graves"";""mortos"";""latitude"";""longitude"";""regional"";""delegacia"";""uop""",,,
"260817;582078;2020-01-04;""sábado"";""15:00:00"";""MG"";251;465","2;""GRAO MOGOL"";""Sim"";""Não guardar distância de segurança"";2;""Colisão frontal"";""Com Vítimas Fatais"";""Pleno dia"";""Crescente"";""Chuva"";""Simples"";""Não Informado"";""Não"";466443;""Ônibus"";""VOLVO/B12 400 4X2"";1997;""Passageiro"";""Ileso"";25;""Masculino"";1;0;0;0;-16",45710399;-43,"40386502;""SR-MG"";""DEL4/12"";""UOP01/MG"""
"260817;582077;2020-01-04;""sábado"";""15:00:00"";""MG"";251;465","2;""GRAO MOGOL"";""Sim"";""Não guardar distância de segurança"";2;""Colisão frontal"";""Com Vítimas Fatais"";""Pleno dia"";""Crescente"";""Chuva"";""Simples"";""Não Informado"";""Não"";466443;""Ônibus"";""VOLVO/B12 400 4X2"";1997;""Passageiro"";""Ileso"";23;""Masculino"";1;0;0;0;-16",45710399;-43,"40386502;""SR-MG"";""DEL4/12"";""UOP01/MG"""
"260817;582075;2020-01-04;""sábado"";""15:00:00"";""MG"";251;465","2;""GRAO MOGOL"";""Sim"";""Não guardar distância de segurança"";2;""Colisão frontal"";""Com Vítimas Fatais"";""Pleno dia"";""Crescente"";""Chuva"";""Simples"";""Não Informado"";""Não"";466443;""Ônibus"";""VOLVO/B12 400 4X2"";1997;""Passageiro"";""Ileso"";45;""Masculino"";1;0;0;0;-16",45710399;-43,"40386502;""SR-MG"";""DEL4/12"";""UOP01/MG"""
"260817;582073;2020-01-04;""sábado"";""15:00:00"";""MG"";251;465","2;""GRAO MOGOL"";""Sim"";""Não guardar distância de segurança"";2;""Colisão frontal"";""Com Vítimas Fatais"";""Pleno dia"";""Crescente"";""Chuva"";""Simples"";""Não Informado"";""Não"";466443;""Ônibus"";""VOLVO/B12 400 4X2"";1997;""Passageiro"";""Ileso"";20;""Masculino"";1;0;0;0;-16",45710399;-43,"40386502;""SR-MG"";""DEL4/12"";""UOP01/MG"""
"260818;580321;2020-01-04;""sábado"";""14:50:00"";""SP"";101;40;""UBATUBA"";""Sim"";""Falta de Atenção à Condução"";1;""Colisão transversal"";""Com Vítimas Feridas"";""Pleno dia"";""Decrescente"";""Nublado"";""Simples"";""Retorno Regulamentado"";""Não"";465346;""Motocicleta"";""HONDA/CG 150 FAN ESI"";2010;""Condutor"";""Lesões Leves"";23;""Masculino"";0;1;0;0;-23",41495528;-45,"03516778;""SR-SP"";""DEL6"";""UOP03/SP""",
"260818;580246;2020-01-04;""sábado"";""14:50:00"";""SP"";101;40;""UBATUBA"";""Sim"";""Falta de Atenção à Condução"";1;""Colisão transversal"";""Com Vítimas Feridas"";""Pleno dia"";""Decrescente"";""Nublado"";""Simples"";""Retorno Regulamentado"";""Não"";465345;""Automóvel"";""FORD/FIESTA 1.6 FLEX"";2013;""Passageiro"";""Lesões Leves"";23;""Feminino"";0;1;0;0;-23",41495528;-45,"03516778;""SR-SP"";""DEL6"";""UOP03/SP""",
"260818;580318;2020-01-04;""sábado"";""14:50:00"";""SP"";101;40;""UBATUBA"";""Sim"";""Falta de Atenção à Condução"";1;""Colisão transversal"";""Com Vítimas Feridas"";""Pleno dia"";""Decrescente"";""Nublado"";""Simples"";""Retorno Regulamentado"";""Não"";465345;""Automóvel"";""FORD/FIESTA 1.6 FLEX"";2013;""Condutor"";""Ileso"";55;""Feminino"";1;0;0;0;-23",41495528;-45,"03516778;""SR-SP"";""DEL6"";""UOP03/SP""",
"260819;580314;2020-01-04;""sábado"";""15:10:00"";""RS"";116;164","9;""CAXIAS DO SUL"";""Sim"";""Desobediência às normas de trânsito pelo condutor"";2;""Capotamento"";""Com Vítimas Feridas"";""Pleno dia"";""Crescente"";""Chuva"";""Dupla"";""Curva"";""Não"";465378;""Automóvel"";""GM/CORSA SUPER"";1997;""Passageiro"";""Lesões Leves"";22;""Feminino"";0;1;0;0;-29",26344857;-51,"16113999;""SR-RS"";""DEL9/5"";""UOP02/RS"""
"260819;580311;2020-01-04;""sábado"";""15:10:00"";""RS"";116;164","9;""CAXIAS DO SUL"";""Sim"";""Desobediência às normas de trânsito pelo condutor"";2;""Capotamento"";""Com Vítimas Feridas"";""Pleno dia"";""Crescente"";""Chuva"";""Dupla"";""Curva"";""Não"";465378;""Automóvel"";""GM/CORSA SUPER"";1997;""Condutor"";""Ileso"";25;""Masculino"";1;0;0;0;-29",26344857;-51,"16113999;""SR-RS"";""DEL9/5"";""UOP02/RS"""
"260819;580314;2020-01-04;""sábado"";""15:10:00"";""RS"";116;164","9;""CAXIAS DO SUL"";""Sim"";""Desobediência às normas de trânsito pelo condutor"";1;""Colisão com objeto estático"";""Com Vítimas Feridas"";""Pleno dia"";""Crescente"";""Chuva"";""Dupla"";""Curva"";""Não"";465378;""Automóvel"";""GM/CORSA SUPER"";1997;""Passageiro"";""Lesões Leves"";22;""Feminino"";0;1;0;0;-29",26344857;-51,"16113999;""SR-RS"";""DEL9/5"";""UOP02/RS"""
"260819;580311;2020-01-04;""sábado"";""15:10:00"";""RS"";116;164","9;""CAXIAS DO SUL"";""Sim"";""Desobediência às normas de trânsito pelo condutor"";1;""Colisão com objeto estático"";""Com Vítimas Feridas"";""Pleno dia"";""Crescente"";""Chuva"";""Dupla"";""Curva"";""Não"";465378;""Automóvel"";""GM/CORSA SUPER"";1997;""Condutor"";""Ileso"";25;""Masculino"";1;0;0;0;-29",26344857;-51,"16113999;""SR-RS"";""DEL9/5"";""UOP02/RS"""
"260819;580314;2020-01-04;""sábado"";""15:10:00"";""RS"";116;164","9;""CAXIAS DO SUL"";""Não"";""Velocidade Incompatível"";2;""Capotamento"";""Com Vítimas Feridas"";""Pleno dia"";""Crescente"";""Chuva"";""Dupla"";""Curva"";""Não"";465378;""Automóvel"";""GM/CORSA SUPER"";1997;""Passageiro"";""Lesões Leves"";22;""Feminino"";0;1;0;0;-29",26344857;-51,"16113999;""SR-RS"";""DEL9/5"";""UOP02/RS"""
"260819;580311;2020-01-04;""sábado"";""15:10:00"";""RS"";116;164","9;""CAXIAS DO SUL"";""Não"";""Velocidade Incompatível"";2;""Capotamento"";""Com Vítimas Feridas"";""Pleno dia"";""Crescente"";""Chuva"";""Dupla"";""Curva"";""Não"";465378;""Automóvel"";""GM/CORSA SUPER"";1997;""Condutor"";""Ileso"";25;""Masculino"";1;0;0;0;-29",26344857;-51,"16113999;""SR-RS"";""DEL9/5"";""UOP02/RS"""
"260819;580314;2020-01-04;""sábado"";""15:10:00"";""RS"";116;164","9;""CAXIAS DO SUL"";""Não"";""Velocidade Incompatível"";1;""Colisão com objeto estático"";""Com Vítimas Feridas"";""Pleno dia"";""Crescente"";""Chuva"";""Dupla"";""Curva"";""Não"";465378;""Automóvel"";""GM/CORSA SUPER"";1997;""Passageiro"";""Lesões Leves"";22;""Feminino"";0;1;0;0;-29",26344857;-51,"16113999;""SR-RS"";""DEL9/5"";""UOP02/RS"""
"260819;580311;2020-01-04;""sábado"";""15:10:00"";""RS"";116;164","9;""CAXIAS DO SUL"";""Não"";""Velocidade Incompatível"";1;""Colisão com objeto estático"";""Com Vítimas Feridas"";""Pleno dia"";""Crescente"";""Chuva"";""Dupla"";""Curva"";""Não"";465378;""Automóvel"";""GM/CORSA SUPER"";1997;""Condutor"";""Ileso"";25;""Masculino"";1;0;0;0;-29",26344857;-51,"16113999;""SR-RS"";""DEL9/5"";""UOP02/RS"""
"260820;580287;2020-01-04;""sábado"";""11:00:00"";""PE"";101;192","5;""PALMARES"";""Não"";""Velocidade Incompatível"";1;""Colisão traseira"";""Com Vítimas Feridas"";""Pleno dia"";""Crescente"";""Céu Claro"";""Dupla"";""Curva"";""Não"";465360;""Caminhão"";""VW/24.220 EURO3 WORKER"";2007;""Condutor"";""Lesões Leves"";37;""Masculino"";0;1;0;0;-8",71282291;-35,"60955915;""SR-PE"";""DEL11/1"";""UOP03/PE"""
"260820;580282;2020-01-04;""sábado"";""11:00:00"";""PE"";101;192","5;""PALMARES"";""Não"";""Velocidade Incompatível"";1;""Colisão traseira"";""Com Vítimas Feridas"";""Pleno dia"";""Crescente"";""Céu Claro"";""Dupla"";""Curva"";""Não"";465359;""Caminhão"";""M.BENZ/L 2217"";1989;""Condutor"";""Ileso"";43;""Masculino"";1;0;0;0;-8",71282291;-35,"60955915;""SR-PE"";""DEL11/1"";""UOP03/PE"""
"260820;580287;2020-01-04;""sábado"";""11:00:00"";""PE"";101;192","5;""PALMARES"";""Sim"";""Falta de Atenção à Condução"";1;""Colisão traseira"";""Com Vítimas Feridas"";""Pleno dia"";""Crescente"";""Céu Claro"";""Dupla"";""Curva"";""Não"";465360;""Caminhão"";""VW/24.220 EURO3 WORKER"";2007;""Condutor"";""Lesões Leves"";37;""Masculino"";0;1;0;0;-8",71282291;-35,"60955915;""SR-PE"";""DEL11/1"";""UOP03/PE"""
"260820;580282;2020-01-04;""sábado"";""11:00:00"";""PE"";101;192","5;""PALMARES"";""Sim"";""Falta de Atenção à Condução"";1;""Colisão traseira"";""Com Vítimas Feridas"";""Pleno dia"";""Crescente"";""Céu Claro"";""Dupla"";""Curva"";""Não"";465359;""Caminhão"";""M.BENZ/L 2217"";1989;""Condutor"";""Ileso"";43;""Masculino"";1;0;0;0;-8",71282291;-35,"60955915;""SR-PE"";""DEL11/1"";""UOP03/PE"""
"260822;581951;2020-01-04;""sábado"";""07:00:00"";""SC"";282;64","2;""RANCHO QUEIMADO"";""Não"";""Pista Escorregadia"";1;""Colisão transversal"";""Com Vítimas Fatais"";""Pleno dia"";""Decrescente"";""Chuva"";""Simples"";""Curva"";""Não"";465333;""Caminhão-trator"";""SCANIA/R 440 A6X2"";2018;""Condutor"";""Ileso"";31;""Masculino"";1;0;0;0;-27",6971322;-49,"05502796;""SR-SC"";""DEL8/1"";""UOP03/SC"""
"260822;NA;2020-01-04;""sábado"";""07:00:00"";""SC"";282;64","2;""RANCHO QUEIMADO"";""Não"";""Pista Escorregadia"";1;""Colisão transversal"";""Com Vítimas Fatais"";""Pleno dia"";""Decrescente"";""Chuva"";""Simples"";""Curva"";""Não"";465876;""Semireboque"";""SR/LIBRELATO CACAENCR 3E"";2018;""Não Informado"";""Não Informado"";NA;""Não Informado"";0;0;0;0;-27",6971322;-49,"05502796;""SR-SC"";""DEL8/1"";""UOP03/SC"""
"260822;582035;2020-01-04;""sábado"";""07:00:00"";""SC"";282;64","2;""RANCHO QUEIMADO"";""Não"";""Pista Escorregadia"";1;""Colisão transversal"";""Com Vítimas Fatais"";""Pleno dia"";""Decrescente"";""Chuva"";""Simples"";""Curva"";""Não"";465332;""Automóvel"";""CHEVROLET/CLASSIC LS"";2010;""Passageiro"";""Lesões Leves"";15;""Feminino"";0;1;0;0;-27",6971322;-49,"05502796;""SR-SC"";""DEL8/1"";""UOP03/SC"""
"260822;580214;2020-01-04;""sábado"";""07:00:00"";""SC"";282;64","2;""RANCHO QUEIMADO"";""Não"";""Pista Escorregadia"";1;""Colisão transversal"";""Com Vítimas Fatais"";""Pleno dia"";""Decrescente"";""Chuva"";""Simples"";""Curva"";""Não"";465332;""Automóvel"";""CHEVROLET/CLASSIC LS"";2010;""Condutor"";""Óbito"";49;""Masculino"";0;0;0;1;-27",6971322;-49,"05502796;""SR-SC"";""DEL8/1"";""UOP03/SC"""
"260822;581951;2020-01-04;""sábado"";""07:00:00"";""SC"";282;64","2;""RANCHO QUEIMADO"";""Sim"";""Velocidade Incompatível"";1;""Colisão transversal"";""Com Vítimas Fatais"";""Pleno dia"";""Decrescente"";""Chuva"";""Simples"";""Curva"";""Não"";465333;""Caminhão-trator"";""SCANIA/R 440 A6X2"";2018;""Condutor"";""Ileso"";31;""Masculino"";1;0;0;0;-27",6971322;-49,"05502796;""SR-SC"";""DEL8/1"";""UOP03/SC"""
"260822;NA;2020-01-04;""sábado"";""07:00:00"";""SC"";282;64","2;""RANCHO QUEIMADO"";""Sim"";""Velocidade Incompatível"";1;""Colisão transversal"";""Com Vítimas Fatais"";""Pleno dia"";""Decrescente"";""Chuva"";""Simples"";""Curva"";""Não"";465876;""Semireboque"";""SR/LIBRELATO CACAENCR 3E"";2018;""Não Informado"";""Não Informado"";NA;""Não Informado"";0;0;0;0;-27",6971322;-49,"05502796;""SR-SC"";""DEL8/1"";""UOP03/SC"""
"260822;582035;2020-01-04;""sábado"";""07:00:00"";""SC"";282;64","2;""RANCHO QUEIMADO"";""Sim"";""Velocidade Incompatível"";1;""Colisão transversal"";""Com Vítimas Fatais"";""Pleno dia"";""Decrescente"";""Chuva"";""Simples"";""Curva"";""Não"";465332;""Automóvel"";""CHEVROLET/CLASSIC LS"";2010;""Passageiro"";""Lesões Leves"";15;""Feminino"";0;1;0;0;-27",6971322;-49,"05502796;""SR-SC"";""DEL8/1"";""UOP03/SC"""
"260822;580214;2020-01-04;""sábado"";""07:00:00"";""SC"";282;64","2;""RANCHO QUEIMADO"";""Sim"";""Velocidade Incompatível"";1;""Colisão transversal"";""Com Vítimas Fatais"";""Pleno dia"";""Decrescente"";""Chuva"";""Simples"";""Curva"";""Não"";465332;""Automóvel"";""CHEVROLET/CLASSIC LS"";2010;""Condutor"";""Óbito"";49;""Masculino"";0;0;0;1;-27",6971322;-49,"05502796;""SR-SC"";""DEL8/1"";""UOP03/SC"""
"260823;582128;2020-01-04;""sábado"";""15:00:00"";""RJ"";40;119;""DUQUE DE CAXIAS"";""Sim"";""Agressão Externa"";1;""Colisão traseira"";""Sem Vítimas"";""Pleno dia"";""Decrescente"";""Nublado"";""Múltipla"";""Reta"";""Sim"";466526;""Automóvel"";""VW/POLO AF"";2018;""Condutor"";""Ileso"";55;""Masculino"";1;0;0;0;-22",76375592;-43,"28683062;""SR-RJ"";""DEL5/1"";""UOP01/RJ""",
"260823;582125;2020-01-04;""sábado"";""15:00:00"";""RJ"";40;119;""DUQUE DE CAXIAS"";""Sim"";""Agressão Externa"";1;""Colisão traseira"";""Sem Vítimas"";""Pleno dia"";""Decrescente"";""Nublado"";""Múltipla"";""Reta"";""Sim"";466523;""Automóvel"";""FIAT/PALIO ELX FLEX"";2009;""Condutor"";""Ileso"";32;""Masculino"";1;0;0;0;-22",76375592;-43,"28683062;""SR-RJ"";""DEL5/1"";""UOP01/RJ""",
"260823;582124;2020-01-04;""sábado"";""15:00:00"";""RJ"";40;119;""DUQUE DE CAXIAS"";""Sim"";""Agressão Externa"";1;""Colisão traseira"";""Sem Vítimas"";""Pleno dia"";""Decrescente"";""Nublado"";""Múltipla"";""Reta"";""Sim"";466457;""Automóvel"";""RENAULT/KWID INTENS 10MT"";2019;""Condutor"";""Ileso"";27;""Feminino"";1;0;0;0;-22",76375592;-43,"28683062;""SR-RJ"";""DEL5/1"";""UOP01/RJ""",
"260823;582119;2020-01-04;""sábado"";""15:00:00"";""RJ"";40;119;""DUQUE DE CAXIAS"";""Sim"";""Agressão Externa"";1;""Colisão traseira"";""Sem Vítimas"";""Pleno dia"";""Decrescente"";""Nublado"";""Múltipla"";""Reta"";""Sim"";465369;""Automóvel"";""CITROEN/C3 EXCL 14 FLEX"";2009;""Condutor"";""Ileso"";25;""Masculino"";1;0;0;0;-22",76375592;-43,"28683062;""SR-RJ"";""DEL5/1"";""UOP01/RJ""",
"260824;580307;2020-01-04;""sábado"";""15:55:00"";""GO"";40;1;""VALPARAISO DE GOIAS"";""Sim"";""Falta de Atenção à Condução"";2;""Queda de ocupante de veículo"";""Com Vítimas Feridas"";""Pleno dia"";""Crescente"";""Garoa/Chuvisco"";""Dupla"";""Reta"";""Sim"";465381;""Motocicleta"";""KASINSKI/MIRAGE 150 50"";2010;""Condutor"";""Lesões Leves"";25;""Masculino"";0;1;0;0;-16",058245;-47,"982825;""SR-DF"";""UOP01/DF"";""""",
"260824;580309;2020-01-04;""sábado"";""15:55:00"";""GO"";40;1;""VALPARAISO DE GOIAS"";""Sim"";""Falta de Atenção à Condução"";2;""Queda de ocupante de veículo"";""Com Vítimas Feridas"";""Pleno dia"";""Crescente"";""Garoa/Chuvisco"";""Dupla"";""Reta"";""Sim"";465382;""Automóvel"";""FIAT/SIENA ATTRACTIV 1.4"";2018;""Condutor"";""Ileso"";59;""Masculino"";1;0;0;0;-16",058245;-47,"982825;""SR-DF"";""UOP01/DF"";""""",
"260824;580307;2020-01-04;""sábado"";""15:55:00"";""GO"";40;1;""VALPARAISO DE GOIAS"";""Sim"";""Falta de Atenção à Condução"";1;""Colisão lateral"";""Com Vítimas Feridas"";""Pleno dia"";""Crescente"";""Garoa/Chuvisco"";""Dupla"";""Reta"";""Sim"";465381;""Motocicleta"";""KASINSKI/MIRAGE 150 50"";2010;""Condutor"";""Lesões Leves"";25;""Masculino"";0;1;0;0;-16",058245;-47,"982825;""SR-DF"";""UOP01/DF"";""""",
"260824;580309;2020-01-04;""sábado"";""15:55:00"";""GO"";40;1;""VALPARAISO DE GOIAS"";""Sim"";""Falta de Atenção à Condução"";1;""Colisão lateral"";""Com Vítimas Feridas"";""Pleno dia"";""Crescente"";""Garoa/Chuvisco"";""Dupla"";""Reta"";""Sim"";465382;""Automóvel"";""FIAT/SIENA ATTRACTIV 1.4"";2018;""Condutor"";""Ileso"";59;""Masculino"";1;0;0;0;-16",058245;-47,"982825;""SR-DF"";""UOP01/DF"";""""",
"260825;580546;2020-01-04;""sábado"";""15:00:00"";""GO"";80;21","9;""PADRE BERNARDO"";""Sim"";""Velocidade Incompatível"";1;""Saída de leito carroçável"";""Com Vítimas Feridas"";""Pleno dia"";""Decrescente"";""Chuva"";""Simples"";""Não Informado"";""Sim"";465527;""Caminhão"";""VW/17.190 WORKER"";2017;""Passageiro"";""Lesões Leves"";25;""Masculino"";0;1;0;0;-15",36229268;-48,"22365582;""SR-DF"";""UOP06/DF"";"""""
"260825;580544;2020-01-04;""sábado"";""15:00:00"";""GO"";80;21","9;""PADRE BERNARDO"";""Sim"";""Velocidade Incompatível"";1;""Saída de leito carroçável"";""Com Vítimas Feridas"";""Pleno dia"";""Decrescente"";""Chuva"";""Simples"";""Não Informado"";""Sim"";465527;""Caminhão"";""VW/17.190 WORKER"";2017;""Condutor"";""Lesões Leves"";38;""Masculino"";0;1;0;0;-15",36229268;-48,"22365582;""SR-DF"";""UOP06/DF"";"""""
"260825;580546;2020-01-04;""sábado"";""15:00:00"";""GO"";80;21","9;""PADRE BERNARDO"";""Sim"";""Velocidade Incompatível"";2;""Capotamento"";""Com Vítimas Feridas"";""Pleno dia"";""Decrescente"";""Chuva"";""Simples"";""Não Informado"";""Sim"";465527;""Caminhão"";""VW/17.190 WORKER"";2017;""Passageiro"";""Lesões Leves"";25;""Masculino"";0;1;0;0;-15",36229268;-48,"22365582;""SR-DF"";""UOP06/DF"";"""""
"260825;580544;2020-01-04;""sábado"";""15:00:00"";""GO"";80;21","9;""PADRE BERNARDO"";""Sim"";""Velocidade Incompatível"";2;""Capotamento"";""Com Vítimas Feridas"";""Pleno dia"";""Decrescente"";""Chuva"";""Simples"";""Não Informado"";""Sim"";465527;""Caminhão"";""VW/17.190 WORKER"";2017;""Condutor"";""Lesões Leves"";38;""Masculino"";0;1;0;0;-15",36229268;-48,"22365582;""SR-DF"";""UOP06/DF"";"""""
"260825;580546;2020-01-04;""sábado"";""15:00:00"";""GO"";80;21","9;""PADRE BERNARDO"";""Não"";""Pista Escorregadia"";1;""Saída de leito carroçável"";""Com Vítimas Feridas"";""Pleno dia"";""Decrescente"";""Chuva"";""Simples"";""Não Informado"";""Sim"";465527;""Caminhão"";""VW/17.190 WORKER"";2017;""Passageiro"";""Lesões Leves"";25;""Masculino"";0;1;0;0;-15",36229268;-48,"22365582;""SR-DF"";""UOP06/DF"";"""""
"260825;580544;2020-01-04;""sábado"";""15:00:00"";""GO"";80;21","9;""PADRE BERNARDO"";""Não"";""Pista Escorregadia"";1;""Saída de leito carroçável"";""Com Vítimas Feridas"";""Pleno dia"";""Decrescente"";""Chuva"";""Simples"";""Não Informado"";""Sim"";465527;""Caminhão"";""VW/17.190 WORKER"";2017;""Condutor"";""Lesões Leves"";38;""Masculino"";0;1;0;0;-15",36229268;-48,"22365582;""SR-DF"";""UOP06/DF"";"""""
"260825;580546;2020-01-04;""sábado"";""15:00:00"";""GO"";80;21","9;""PADRE BERNARDO"";""Não"";""Pista Escorregadia"";2;""Capotamento"";""Com Vítimas Feridas"";""Pleno dia"";""Decrescente"";""Chuva"";""Simples"";""Não Informado"";""Sim"";465527;""Caminhão"";""VW/17.190 WORKER"";2017;""Passageiro"";""Lesões Leves"";25;""Masculino"";0;1;0;0;-15",36229268;-48,"22365582;""SR-DF"";""UOP06/DF"";"""""
"260825;580544;2020-01-04;""sábado"";""15:00:00"";""GO"";80;21","9;""PADRE BERNARDO"";""Não"";""Pista Escorregadia"";2;""Capotamento"";""Com Vítimas Feridas"";""Pleno dia"";""Decrescente"";""Chuva"";""Simples"";""Não Informado"";""Sim"";465527;""Caminhão"";""VW/17.190 WORKER"";2017;""Condutor"";""Lesões Leves"";38;""Masculino"";0;1;0;0;-15",36229268;-48,"22365582;""SR-DF"";""UOP06/DF"";"""""
"260826;582452;2020-01-04;""sábado"";""15:10:00"";""SP"";116;557;""BARRA DO TURVO"";""Sim"";""Pista Escorregadia"";1;""Capotamento"";""Com Vítimas Feridas"";""Pleno dia"";""Decrescente"";""Chuva"";""Dupla"";""Curva"";""Não"";465496;""Caminhonete"";""I/TOYOTA HILUX CD4X2 SR"";2009;""Passageiro"";""Lesões Graves"";13;""Feminino"";0;0;1;0;-24",99089107;-48,"50734616;""SR-SP"";""DEL6/5"";""UOP03/SP""",
"260826;582451;2020-01-04;""sábado"";""15:10:00"";""SP"";116;557;""BARRA DO TURVO"";""Sim"";""Pista Escorregadia"";1;""Capotamento"";""Com Vítimas Feridas"";""Pleno dia"";""Decrescente"";""Chuva"";""Dupla"";""Curva"";""Não"";465496;""Caminhonete"";""I/TOYOTA HILUX CD4X2 SR"";2009;""Passageiro"";""Lesões Leves"";22;""Feminino"";0;1;0;0;-24",99089107;-48,"50734616;""SR-SP"";""DEL6/5"";""UOP03/SP""",
"260826;582449;2020-01-04;""sábado"";""15:10:00"";""SP"";116;557;""BARRA DO TURVO"";""Sim"";""Pista Escorregadia"";1;""Capotamento"";""Com Vítimas Feridas"";""Pleno dia"";""Decrescente"";""Chuva"";""Dupla"";""Curva"";""Não"";465496;""Caminhonete"";""I/TOYOTA HILUX CD4X2 SR"";2009;""Passageiro"";""Ileso"";37;""Feminino"";1;0;0;0;-24",99089107;-48,"50734616;""SR-SP"";""DEL6/5"";""UOP03/SP""",
"260826;582448;2020-01-04;""sábado"";""15:10:00"";""SP"";116;557;""BARRA DO TURVO"";""Sim"";""Pista Escorregadia"";1;""Capotamento"";""Com Vítimas Feridas"";""Pleno dia"";""Decrescente"";""Chuva"";""Dupla"";""Curva"";""Não"";465496;""Caminhonete"";""I/TOYOTA HILUX CD4X2 SR"";2009;""Condutor"";""Ileso"";45;""Masculino"";1;0;0;0;-24",99089107;-48,"50734616;""SR-SP"";""DEL6/5"";""UOP03/SP""",
"260826;582452;2020-01-04;""sábado"";""15:10:00"";""SP"";116;557;""BARRA DO TURVO"";""Sim"";""Pista Escorregadia"";2;""Colisão com objeto estático"";""Com Vítimas Feridas"";""Pleno dia"";""Decrescente"";""Chuva"";""Dupla"";""Curva"";""Não"";465496;""Caminhonete"";""I/TOYOTA HILUX CD4X2 SR"";2009;""Passageiro"";""Lesões Graves"";13;""Feminino"";0;0;1;0;-24",99089107;-48,"50734616;""SR-SP"";""DEL6/5"";""UOP03/SP""",
"260826;582451;2020-01-04;""sábado"";""15:10:00"";""SP"";116;557;""BARRA DO TURVO"";""Sim"";""Pista Escorregadia"";2;""Colisão com objeto estático"";""Com Vítimas Feridas"";""Pleno dia"";""Decrescente"";""Chuva"";""Dupla"";""Curva"";""Não"";465496;""Caminhonete"";""I/TOYOTA HILUX CD4X2 SR"";2009;""Passageiro"";""Lesões Leves"";22;""Feminino"";0;1;0;0;-24",99089107;-48,"50734616;""SR-SP"";""DEL6/5"";""UOP03/SP""",
"260826;582449;2020-01-04;""sábado"";""15:10:00"";""SP"";116;557;""BARRA DO TURVO"";""Sim"";""Pista Escorregadia"";2;""Colisão com objeto estático"";""Com Vítimas Feridas"";""Pleno dia"";""Decrescente"";""Chuva"";""Dupla"";""Curva"";""Não"";465496;""Caminhonete"";""I/TOYOTA HILUX CD4X2 SR"";2009;""Passageiro"";""Ileso"";37;""Feminino"";1;0;0;0;-24",99089107;-48,"50734616;""SR-SP"";""DEL6/5"";""UOP03/SP""",
"260826;582448;2020-01-04;""sábado"";""15:10:00"";""SP"";116;557;""BARRA DO TURVO"";""Sim"";""Pista Escorregadia"";2;""Colisão com objeto estático"";""Com Vítimas Feridas"";""Pleno dia"";""Decrescente"";""Chuva"";""Dupla"";""Curva"";""Não"";465496;""Caminhonete"";""I/TOYOTA HILUX CD4X2 SR"";2009;""Condutor"";""Ileso"";45;""Masculino"";1;0;0;0;-24",99089107;-48,"50734616;""SR-SP"";""DEL6/5"";""UOP03/SP""",
"260827;580277;2020-01-04;""sábado"";""11:50:00"";""RR"";401;1","2;""BOA VISTA"";""Sim"";""Falta de Atenção à Condução"";1;""Colisão lateral"";""Com Vítimas Feridas"";""Pleno dia"";""Crescente"";""Céu Claro"";""Dupla"";""Interseção de vias"";""Sim"";465354;""Caminhonete"";""I/VW AMAROK CD 4X4 SE"";2018;""Condutor"";""Ileso"";26;""Masculino"";1;0;0;0;2",80229396;-60,"68243402;""SR-RR"";""UOP01/RR"";"""""
"260827;580304;2020-01-04;""sábado"";""11:50:00"";""RR"";401;1","2;""BOA VISTA"";""Sim"";""Falta de Atenção à Condução"";1;""Colisão lateral"";""Com Vítimas Feridas"";""Pleno dia"";""Crescente"";""Céu Claro"";""Dupla"";""Interseção de vias"";""Sim"";465353;""Motoneta"";""HONDA/BIZ 125 ES"";2010;""Condutor"";""Lesões Leves"";48;""Feminino"";0;1;0;0;2",80229396;-60,"68243402;""SR-RR"";""UOP01/RR"";"""""
"260828;580261;2020-01-04;""sábado"";""12:30:00"";""MT"";364;179","9;""PEDRA PRETA"";""Sim"";""Falta de Atenção à Condução"";1;""Colisão traseira"";""Com Vítimas Feridas"";""Pleno dia"";""Decrescente"";""Sol"";""Simples"";""Curva"";""Não"";465348;""Caminhonete"";""FIAT/TORO FREEDOM AT"";2016;""Condutor"";""Ileso"";79;""Masculino"";1;0;0;0;-16",60295123;-54,"48278902;""SR-MT"";""DEL2/2"";""UOP01/MT"""
"260828;580268;2020-01-04;""sábado"";""12:30:00"";""MT"";364;179","9;""PEDRA PRETA"";""Sim"";""Falta de Atenção à Condução"";1;""Colisão traseira"";""Com Vítimas Feridas"";""Pleno dia"";""Decrescente"";""Sol"";""Simples"";""Curva"";""Não"";465348;""Caminhonete"";""FIAT/TORO FREEDOM AT"";2016;""Passageiro"";""Ileso"";65;""Feminino"";1;0;0;0;-16",60295123;-54,"48278902;""SR-MT"";""DEL2/2"";""UOP01/MT"""
"260828;580252;2020-01-04;""sábado"";""12:30:00"";""MT"";364;179","9;""PEDRA PRETA"";""Sim"";""Falta de Atenção à Condução"";1;""Colisão traseira"";""Com Vítimas Feridas"";""Pleno dia"";""Decrescente"";""Sol"";""Simples"";""Curva"";""Não"";465347;""Automóvel"";""VW/POLO SEDAN 1.6"";2014;""Condutor"";""Ileso"";46;""Masculino"";1;0;0;0;-16",60295123;-54,"48278902;""SR-MT"";""DEL2/2"";""UOP01/MT"""