"id;""pesid"";""data_inversa"";""dia_semana"";""horario"";""uf"";""br"";""km"";""municipio"";""causa_principal"";""causa_acidente"";""ordem_tipo_acidente"";""tipo_acidente"";""classificacao_acidente"";""fase_dia"";""sentido_via"";""condicao_metereologica"";""tipo_pista"";""tracado_via"";""uso_solo"";""id_veiculo"";""tipo_veiculo"";""marca"";""ano_fabricacao_veiculo"";""tipo_envolvido"";""estado_fisico"";""idade"";""sexo"";""ilesos"";""feridos_leves"";""feridos_graves"";""mortos"";""latitude"";""longitude"";""regional"";""delegacia"";""uop""",,,
"260828;580259;2020-01-04;""sábado"";""12:30:00"";""MT"";364;179","9;""PEDRA PRETA"";""Sim"";""Falta de Atenção à Condução"";1;""Colisão traseira"";""Com Vítimas Feridas"";""Pleno dia"";""Decrescente"";""Sol"";""Simples"";""Curva"";""Não"";465347;""Automóvel"";""VW/POLO SEDAN 1.6"";2014;""Passageiro"";""Lesões Leves"";16;""Feminino"";0;1;0;0;-16",60295123;-54,"48278902;""SR-MT"";""DEL2/2"";""UOP01/MT"""
"260828;580256;2020-01-04;""sábado"";""12:30:00"";""MT"";364;179","9;""PEDRA PRETA"";""Sim"";""Falta de Atenção à Condução"";1;""Colisão traseira"";""Com Vítimas Feridas"";""Pleno dia"";""Decrescente"";""Sol"";""Simples"";""Curva"";""Não"";465347;""Automóvel"";""VW/POLO SEDAN 1.6"";2014;""Passageiro"";""Lesões Leves"";6;""Masculino"";0;1;0;0;-16",60295123;-54,"48278902;""SR-MT"";""DEL2/2"";""UOP01/MT"""
"260828;580254;2020-01-04;""sábado"";""12:30:00"";""MT"";364;179","9;""PEDRA PRETA"";""Sim"";""Falta de Atenção à Condução"";1;""Colisão traseira"";""Com Vítimas Feridas"";""Pleno dia"";""Decrescente"";""Sol"";""Simples"";""Curva"";""Não"";465347;""Automóvel"";""VW/POLO SEDAN 1.6"";2014;""Passageiro"";""Lesões Leves"";40;""Feminino"";0;1;0;0;-16",60295123;-54,"48278902;""SR-MT"";""DEL2/2"";""UOP01/MT"""
"260828;580261;2020-01-04;""sábado"";""12:30:00"";""MT"";364;179","9;""PEDRA PRETA"";""Não"";""Velocidade Incompatível"";1;""Colisão traseira"";""Com Vítimas Feridas"";""Pleno dia"";""Decrescente"";""Sol"";""Simples"";""Curva"";""Não"";465348;""Caminhonete"";""FIAT/TORO FREEDOM AT"";2016;""Condutor"";""Ileso"";79;""Masculino"";1;0;0;0;-16",60295123;-54,"48278902;""SR-MT"";""DEL2/2"";""UOP01/MT"""
"260828;580268;2020-01-04;""sábado"";""12:30:00"";""MT"";364;179","9;""PEDRA PRETA"";""Não"";""Velocidade Incompatível"";1;""Colisão traseira"";""Com Vítimas Feridas"";""Pleno dia"";""Decrescente"";""Sol"";""Simples"";""Curva"";""Não"";465348;""Caminhonete"";""FIAT/TORO FREEDOM AT"";2016;""Passageiro"";""Ileso"";65;""Feminino"";1;0;0;0;-16",60295123;-54,"48278902;""SR-MT"";""DEL2/2"";""UOP01/MT"""
"260828;580252;2020-01-04;""sábado"";""12:30:00"";""MT"";364;179","9;""PEDRA PRETA"";""Não"";""Velocidade Incompatível"";1;""Colisão traseira"";""Com Vítimas Feridas"";""Pleno dia"";""Decrescente"";""Sol"";""Simples"";""Curva"";""Não"";465347;""Automóvel"";""VW/POLO SEDAN 1.6"";2014;""Condutor"";""Ileso"";46;""Masculino"";1;0;0;0;-16",60295123;-54,"48278902;""SR-MT"";""DEL2/2"";""UOP01/MT"""
"260828;580259;2020-01-04;""sábado"";""12:30:00"";""MT"";364;179","9;""PEDRA PRETA"";""Não"";""Velocidade Incompatível"";1;""Colisão traseira"";""Com Vítimas Feridas"";""Pleno dia"";""Decrescente"";""Sol"";""Simples"";""Curva"";""Não"";465347;""Automóvel"";""VW/POLO SEDAN 1.6"";2014;""Passageiro"";""Lesões Leves"";16;""Feminino"";0;1;0;0;-16",60295123;-54,"48278902;""SR-MT"";""DEL2/2"";""UOP01/MT"""
"260828;580256;2020-01-04;""sábado"";""12:30:00"";""MT"";364;179","9;""PEDRA PRETA"";""Não"";""Velocidade Incompatível"";1;""Colisão traseira"";""Com Vítimas Feridas"";""Pleno dia"";""Decrescente"";""Sol"";""Simples"";""Curva"";""Não"";465347;""Automóvel"";""VW/POLO SEDAN 1.6"";2014;""Passageiro"";""Lesões Leves"";6;""Masculino"";0;1;0;0;-16",60295123;-54,"48278902;""SR-MT"";""DEL2/2"";""UOP01/MT"""
"260828;580254;2020-01-04;""sábado"";""12:30:00"";""MT"";364;179","9;""PEDRA PRETA"";""Não"";""Velocidade Incompatível"";1;""Colisão traseira"";""Com Vítimas Feridas"";""Pleno dia"";""Decrescente"";""Sol"";""Simples"";""Curva"";""Não"";465347;""Automóvel"";""VW/POLO SEDAN 1.6"";2014;""Passageiro"";""Lesões Leves"";40;""Feminino"";0;1;0;0;-16",60295123;-54,"48278902;""SR-MT"";""DEL2/2"";""UOP01/MT"""
"260829;582142;2020-01-04;""sábado"";""12:55:00"";""MG"";381;671","5;""PERDOES"";""Sim"";""Velocidade Incompatível"";2;""Colisão com objeto estático"";""Com Vítimas Feridas"";""Pleno dia"";""Crescente"";""Chuva"";""Dupla"";""Não Informado"";""Não"";465545;""Automóvel"";""GM/CORSA HATCH JOY"";2008;""Passageiro"";""Lesões Leves"";32;""Masculino"";0;1;0;0;-21",08945416;-45,"06864195;""SR-MG"";""DEL4/4"";""UOP02/MG"""
"260829;582140;2020-01-04;""sábado"";""12:55:00"";""MG"";381;671","5;""PERDOES"";""Sim"";""Velocidade Incompatível"";2;""Colisão com objeto estático"";""Com Vítimas Feridas"";""Pleno dia"";""Crescente"";""Chuva"";""Dupla"";""Não Informado"";""Não"";465545;""Automóvel"";""GM/CORSA HATCH JOY"";2008;""Condutor"";""Lesões Graves"";33;""Masculino"";0;0;1;0;-21",08945416;-45,"06864195;""SR-MG"";""DEL4/4"";""UOP02/MG"""
"260829;582142;2020-01-04;""sábado"";""12:55:00"";""MG"";381;671","5;""PERDOES"";""Sim"";""Velocidade Incompatível"";3;""Capotamento"";""Com Vítimas Feridas"";""Pleno dia"";""Crescente"";""Chuva"";""Dupla"";""Não Informado"";""Não"";465545;""Automóvel"";""GM/CORSA HATCH JOY"";2008;""Passageiro"";""Lesões Leves"";32;""Masculino"";0;1;0;0;-21",08945416;-45,"06864195;""SR-MG"";""DEL4/4"";""UOP02/MG"""
"260829;582140;2020-01-04;""sábado"";""12:55:00"";""MG"";381;671","5;""PERDOES"";""Sim"";""Velocidade Incompatível"";3;""Capotamento"";""Com Vítimas Feridas"";""Pleno dia"";""Crescente"";""Chuva"";""Dupla"";""Não Informado"";""Não"";465545;""Automóvel"";""GM/CORSA HATCH JOY"";2008;""Condutor"";""Lesões Graves"";33;""Masculino"";0;0;1;0;-21",08945416;-45,"06864195;""SR-MG"";""DEL4/4"";""UOP02/MG"""
"260829;582142;2020-01-04;""sábado"";""12:55:00"";""MG"";381;671","5;""PERDOES"";""Sim"";""Velocidade Incompatível"";1;""Saída de leito carroçável"";""Com Vítimas Feridas"";""Pleno dia"";""Crescente"";""Chuva"";""Dupla"";""Não Informado"";""Não"";465545;""Automóvel"";""GM/CORSA HATCH JOY"";2008;""Passageiro"";""Lesões Leves"";32;""Masculino"";0;1;0;0;-21",08945416;-45,"06864195;""SR-MG"";""DEL4/4"";""UOP02/MG"""
"260829;582140;2020-01-04;""sábado"";""12:55:00"";""MG"";381;671","5;""PERDOES"";""Sim"";""Velocidade Incompatível"";1;""Saída de leito carroçável"";""Com Vítimas Feridas"";""Pleno dia"";""Crescente"";""Chuva"";""Dupla"";""Não Informado"";""Não"";465545;""Automóvel"";""GM/CORSA HATCH JOY"";2008;""Condutor"";""Lesões Graves"";33;""Masculino"";0;0;1;0;-21",08945416;-45,"06864195;""SR-MG"";""DEL4/4"";""UOP02/MG"""
"260829;582142;2020-01-04;""sábado"";""12:55:00"";""MG"";381;671","5;""PERDOES"";""Não"";""Fenômenos da Natureza"";2;""Colisão com objeto estático"";""Com Vítimas Feridas"";""Pleno dia"";""Crescente"";""Chuva"";""Dupla"";""Não Informado"";""Não"";465545;""Automóvel"";""GM/CORSA HATCH JOY"";2008;""Passageiro"";""Lesões Leves"";32;""Masculino"";0;1;0;0;-21",08945416;-45,"06864195;""SR-MG"";""DEL4/4"";""UOP02/MG"""
"260829;582140;2020-01-04;""sábado"";""12:55:00"";""MG"";381;671","5;""PERDOES"";""Não"";""Fenômenos da Natureza"";2;""Colisão com objeto estático"";""Com Vítimas Feridas"";""Pleno dia"";""Crescente"";""Chuva"";""Dupla"";""Não Informado"";""Não"";465545;""Automóvel"";""GM/CORSA HATCH JOY"";2008;""Condutor"";""Lesões Graves"";33;""Masculino"";0;0;1;0;-21",08945416;-45,"06864195;""SR-MG"";""DEL4/4"";""UOP02/MG"""
"260829;582142;2020-01-04;""sábado"";""12:55:00"";""MG"";381;671","5;""PERDOES"";""Não"";""Fenômenos da Natureza"";3;""Capotamento"";""Com Vítimas Feridas"";""Pleno dia"";""Crescente"";""Chuva"";""Dupla"";""Não Informado"";""Não"";465545;""Automóvel"";""GM/CORSA HATCH JOY"";2008;""Passageiro"";""Lesões Leves"";32;""Masculino"";0;1;0;0;-21",08945416;-45,"06864195;""SR-MG"";""DEL4/4"";""UOP02/MG"""
"260829;582140;2020-01-04;""sábado"";""12:55:00"";""MG"";381;671","5;""PERDOES"";""Não"";""Fenômenos da Natureza"";3;""Capotamento"";""Com Vítimas Feridas"";""Pleno dia"";""Crescente"";""Chuva"";""Dupla"";""Não Informado"";""Não"";465545;""Automóvel"";""GM/CORSA HATCH JOY"";2008;""Condutor"";""Lesões Graves"";33;""Masculino"";0;0;1;0;-21",08945416;-45,"06864195;""SR-MG"";""DEL4/4"";""UOP02/MG"""
"260829;582142;2020-01-04;""sábado"";""12:55:00"";""MG"";381;671","5;""PERDOES"";""Não"";""Fenômenos da Natureza"";1;""Saída de leito carroçável"";""Com Vítimas Feridas"";""Pleno dia"";""Crescente"";""Chuva"";""Dupla"";""Não Informado"";""Não"";465545;""Automóvel"";""GM/CORSA HATCH JOY"";2008;""Passageiro"";""Lesões Leves"";32;""Masculino"";0;1;0;0;-21",08945416;-45,"06864195;""SR-MG"";""DEL4/4"";""UOP02/MG"""
"260829;582140;2020-01-04;""sábado"";""12:55:00"";""MG"";381;671","5;""PERDOES"";""Não"";""Fenômenos da Natureza"";1;""Saída de leito carroçável"";""Com Vítimas Feridas"";""Pleno dia"";""Crescente"";""Chuva"";""Dupla"";""Não Informado"";""Não"";465545;""Automóvel"";""GM/CORSA HATCH JOY"";2008;""Condutor"";""Lesões Graves"";33;""Masculino"";0;0;1;0;-21",08945416;-45,"06864195;""SR-MG"";""DEL4/4"";""UOP02/MG"""
"260830;580317;2020-01-04;""sábado"";""15:45:00"";""MG"";381;929","7;""ITAPEVA"";""Sim"";""Velocidade Incompatível"";3;""Capotamento"";""Com Vítimas Feridas"";""Pleno dia"";""Crescente"";""Chuva"";""Dupla"";""Não Informado"";""Não"";465387;""Automóvel"";""I/VW SPACEFOX SPORT.GII"";2011;""Passageiro"";""Lesões Leves"";34;""Feminino"";0;1;0;0;-22",79911462;-46,"26123692;""SR-MG"";""DEL09"";""UOP03/MG"""
"260830;580316;2020-01-04;""sábado"";""15:45:00"";""MG"";381;929","7;""ITAPEVA"";""Sim"";""Velocidade Incompatível"";3;""Capotamento"";""Com Vítimas Feridas"";""Pleno dia"";""Crescente"";""Chuva"";""Dupla"";""Não Informado"";""Não"";465387;""Automóvel"";""I/VW SPACEFOX SPORT.GII"";2011;""Condutor"";""Lesões Leves"";35;""Masculino"";0;1;0;0;-22",79911462;-46,"26123692;""SR-MG"";""DEL09"";""UOP03/MG"""
"260830;580317;2020-01-04;""sábado"";""15:45:00"";""MG"";381;929","7;""ITAPEVA"";""Sim"";""Velocidade Incompatível"";1;""Colisão com objeto estático"";""Com Vítimas Feridas"";""Pleno dia"";""Crescente"";""Chuva"";""Dupla"";""Não Informado"";""Não"";465387;""Automóvel"";""I/VW SPACEFOX SPORT.GII"";2011;""Passageiro"";""Lesões Leves"";34;""Feminino"";0;1;0;0;-22",79911462;-46,"26123692;""SR-MG"";""DEL09"";""UOP03/MG"""
"260830;580316;2020-01-04;""sábado"";""15:45:00"";""MG"";381;929","7;""ITAPEVA"";""Sim"";""Velocidade Incompatível"";1;""Colisão com objeto estático"";""Com Vítimas Feridas"";""Pleno dia"";""Crescente"";""Chuva"";""Dupla"";""Não Informado"";""Não"";465387;""Automóvel"";""I/VW SPACEFOX SPORT.GII"";2011;""Condutor"";""Lesões Leves"";35;""Masculino"";0;1;0;0;-22",79911462;-46,"26123692;""SR-MG"";""DEL09"";""UOP03/MG"""
"260830;580317;2020-01-04;""sábado"";""15:45:00"";""MG"";381;929","7;""ITAPEVA"";""Sim"";""Velocidade Incompatível"";2;""Saída de leito carroçável"";""Com Vítimas Feridas"";""Pleno dia"";""Crescente"";""Chuva"";""Dupla"";""Não Informado"";""Não"";465387;""Automóvel"";""I/VW SPACEFOX SPORT.GII"";2011;""Passageiro"";""Lesões Leves"";34;""Feminino"";0;1;0;0;-22",79911462;-46,"26123692;""SR-MG"";""DEL09"";""UOP03/MG"""
"260830;580316;2020-01-04;""sábado"";""15:45:00"";""MG"";381;929","7;""ITAPEVA"";""Sim"";""Velocidade Incompatível"";2;""Saída de leito carroçável"";""Com Vítimas Feridas"";""Pleno dia"";""Crescente"";""Chuva"";""Dupla"";""Não Informado"";""Não"";465387;""Automóvel"";""I/VW SPACEFOX SPORT.GII"";2011;""Condutor"";""Lesões Leves"";35;""Masculino"";0;1;0;0;-22",79911462;-46,"26123692;""SR-MG"";""DEL09"";""UOP03/MG"""
"260831;580337;2020-01-04;""sábado"";""15:48:00"";""RJ"";116;177;""NOVA IGUACU"";""Sim"";""Falta de Atenção à Condução"";2;""Queda de ocupante de veículo"";""Com Vítimas Feridas"";""Pleno dia"";""Crescente"";""Nublado"";""Dupla"";""Reta"";""Sim"";465409;""Motocicleta"";""HONDA/XRE 300"";2013;""Condutor"";""Lesões Leves"";25;""Masculino"";0;1;0;0;-22",78055198;-43,"39208599;""SR-RJ"";""DEL5/1"";""UOP02/RJ""",
"260831;580337;2020-01-04;""sábado"";""15:48:00"";""RJ"";116;177;""NOVA IGUACU"";""Sim"";""Falta de Atenção à Condução"";1;""Tombamento"";""Com Vítimas Feridas"";""Pleno dia"";""Crescente"";""Nublado"";""Dupla"";""Reta"";""Sim"";465409;""Motocicleta"";""HONDA/XRE 300"";2013;""Condutor"";""Lesões Leves"";25;""Masculino"";0;1;0;0;-22",78055198;-43,"39208599;""SR-RJ"";""DEL5/1"";""UOP02/RJ""",
"260832;582038;2020-01-04;""sábado"";""14:00:00"";""SP"";116;328","6;""JUQUITIBA"";""Sim"";""Condutor Dormindo"";1;""Saída de leito carroçável"";""Sem Vítimas"";""Pleno dia"";""Decrescente"";""Céu Claro"";""Dupla"";""Reta"";""Não"";465383;""Automóvel"";""FIAT/SIENA ATTRACTIV 1.4"";2018;""Passageiro"";""Ileso"";14;""Masculino"";1;0;0;0;-23",93652709;-47,"08014299;""SR-SP"";""DEL6/4"";""UOP01/SP"""
"260832;582036;2020-01-04;""sábado"";""14:00:00"";""SP"";116;328","6;""JUQUITIBA"";""Sim"";""Condutor Dormindo"";1;""Saída de leito carroçável"";""Sem Vítimas"";""Pleno dia"";""Decrescente"";""Céu Claro"";""Dupla"";""Reta"";""Não"";465383;""Automóvel"";""FIAT/SIENA ATTRACTIV 1.4"";2018;""Passageiro"";""Ileso"";36;""Feminino"";1;0;0;0;-23",93652709;-47,"08014299;""SR-SP"";""DEL6/4"";""UOP01/SP"""
"260832;582034;2020-01-04;""sábado"";""14:00:00"";""SP"";116;328","6;""JUQUITIBA"";""Sim"";""Condutor Dormindo"";1;""Saída de leito carroçável"";""Sem Vítimas"";""Pleno dia"";""Decrescente"";""Céu Claro"";""Dupla"";""Reta"";""Não"";465383;""Automóvel"";""FIAT/SIENA ATTRACTIV 1.4"";2018;""Condutor"";""Ileso"";45;""Masculino"";1;0;0;0;-23",93652709;-47,"08014299;""SR-SP"";""DEL6/4"";""UOP01/SP"""
"260833;584656;2020-01-04;""sábado"";""16:00:00"";""MG"";40;730","1;""OLIVEIRA FORTES"";""Sim"";""Velocidade Incompatível"";1;""Colisão com objeto estático"";""Com Vítimas Feridas"";""Pleno dia"";""Decrescente"";""Chuva"";""Simples"";""Curva"";""Não"";465435;""Camioneta"";""VW/KOMBI"";2001;""Passageiro"";""Lesões Leves"";68;""Feminino"";0;1;0;0;-21",33378994;-43,"5866212;""SR-MG"";""DEL5"";""UOP01/MG"""
"260833;581971;2020-01-04;""sábado"";""16:00:00"";""MG"";40;730","1;""OLIVEIRA FORTES"";""Sim"";""Velocidade Incompatível"";1;""Colisão com objeto estático"";""Com Vítimas Feridas"";""Pleno dia"";""Decrescente"";""Chuva"";""Simples"";""Curva"";""Não"";465435;""Camioneta"";""VW/KOMBI"";2001;""Condutor"";""Lesões Leves"";71;""Masculino"";0;1;0;0;-21",33378994;-43,"5866212;""SR-MG"";""DEL5"";""UOP01/MG"""
"260835;NA;2020-01-04;""sábado"";""16:30:00"";""MG"";354;709;""CAXAMBU"";""Sim"";""Velocidade Incompatível"";1;""Tombamento"";""Com Vítimas Feridas"";""Pleno dia"";""Crescente"";""Nublado"";""Simples"";""Curva"";""Não"";465449;""Semireboque"";""SE/RANDON SR SL"";2011;""Não Informado"";""Não Informado"";NA;""Não Informado"";0;0;0;0;-22",02469499;-44,"9270357;""SR-MG"";""DEL5"";""UOP03/MG""",
"260835;580411;2020-01-04;""sábado"";""16:30:00"";""MG"";354;709;""CAXAMBU"";""Sim"";""Velocidade Incompatível"";1;""Tombamento"";""Com Vítimas Feridas"";""Pleno dia"";""Crescente"";""Nublado"";""Simples"";""Curva"";""Não"";465446;""Caminhão-trator"";""VOLVO/FH 440 6X2T"";2011;""Condutor"";""Lesões Graves"";42;""Masculino"";0;0;1;0;-22",02469499;-44,"9270357;""SR-MG"";""DEL5"";""UOP03/MG""",
"260836;580357;2020-01-04;""sábado"";""16:10:00"";""RJ"";101;535","3;""PARATY"";""Sim"";""Velocidade Incompatível"";1;""Engavetamento"";""Com Vítimas Feridas"";""Pleno dia"";""Decrescente"";""Chuva"";""Simples"";""Reta"";""Não"";465408;""Automóvel"";""FIAT/SIENA ELX FLEX"";2006;""Condutor"";""Ileso"";66;""Masculino"";1;0;0;0;-23",0351872;-44,"55544353;""SR-RJ"";""DEL5/3"";""UOP03/RJ"""
"260836;580351;2020-01-04;""sábado"";""16:10:00"";""RJ"";101;535","3;""PARATY"";""Sim"";""Velocidade Incompatível"";1;""Engavetamento"";""Com Vítimas Feridas"";""Pleno dia"";""Decrescente"";""Chuva"";""Simples"";""Reta"";""Não"";465407;""Automóvel"";""HONDA/CIVIC LX"";2004;""Condutor"";""Lesões Leves"";36;""Masculino"";0;1;0;0;-23",0351872;-44,"55544353;""SR-RJ"";""DEL5/3"";""UOP03/RJ"""
"260836;580350;2020-01-04;""sábado"";""16:10:00"";""RJ"";101;535","3;""PARATY"";""Sim"";""Velocidade Incompatível"";1;""Engavetamento"";""Com Vítimas Feridas"";""Pleno dia"";""Decrescente"";""Chuva"";""Simples"";""Reta"";""Não"";465406;""Automóvel"";""FORD/FIESTA SEDAN1.6FLEX"";2006;""Condutor"";""Ileso"";21;""Masculino"";1;0;0;0;-23",0351872;-44,"55544353;""SR-RJ"";""DEL5/3"";""UOP03/RJ"""
"260836;580349;2020-01-04;""sábado"";""16:10:00"";""RJ"";101;535","3;""PARATY"";""Sim"";""Velocidade Incompatível"";1;""Engavetamento"";""Com Vítimas Feridas"";""Pleno dia"";""Decrescente"";""Chuva"";""Simples"";""Reta"";""Não"";465405;""Automóvel"";""VW/GOL 1.0"";2010;""Passageiro"";""Ileso"";24;""Feminino"";1;0;0;0;-23",0351872;-44,"55544353;""SR-RJ"";""DEL5/3"";""UOP03/RJ"""
"260836;580345;2020-01-04;""sábado"";""16:10:00"";""RJ"";101;535","3;""PARATY"";""Sim"";""Velocidade Incompatível"";1;""Engavetamento"";""Com Vítimas Feridas"";""Pleno dia"";""Decrescente"";""Chuva"";""Simples"";""Reta"";""Não"";465405;""Automóvel"";""VW/GOL 1.0"";2010;""Condutor"";""Ileso"";25;""Masculino"";1;0;0;0;-23",0351872;-44,"55544353;""SR-RJ"";""DEL5/3"";""UOP03/RJ"""
"260837;581628;2020-01-04;""sábado"";""16:05:00"";""TO"";153;673","9;""GURUPI"";""Não"";""Desobediência às normas de trânsito pelo condutor"";2;""Queda de ocupante de veículo"";""Com Vítimas Feridas"";""Pleno dia"";""Decrescente"";""Céu Claro"";""Simples"";""Interseção de vias"";""Sim"";465351;""Automóvel"";""CHEVROLET/PRISMA 1.4L LT"";2011;""Condutor"";""Ileso"";66;""Masculino"";1;0;0;0;-11",73820383;-49,"08104077;""SR-TO"";""UOP01/TO"";"""""
"260837;581646;2020-01-04;""sábado"";""16:05:00"";""TO"";153;673","9;""GURUPI"";""Não"";""Desobediência às normas de trânsito pelo condutor"";2;""Queda de ocupante de veículo"";""Com Vítimas Feridas"";""Pleno dia"";""Decrescente"";""Céu Claro"";""Simples"";""Interseção de vias"";""Sim"";465352;""Motocicleta"";""YAMAHA/FACTOR YBR125 E"";2010;""Condutor"";""Lesões Graves"";56;""Masculino"";0;0;1;0;-11",73820383;-49,"08104077;""SR-TO"";""UOP01/TO"";"""""
"260837;581628;2020-01-04;""sábado"";""16:05:00"";""TO"";153;673","9;""GURUPI"";""Não"";""Desobediência às normas de trânsito pelo condutor"";1;""Colisão lateral"";""Com Vítimas Feridas"";""Pleno dia"";""Decrescente"";""Céu Claro"";""Simples"";""Interseção de vias"";""Sim"";465351;""Automóvel"";""CHEVROLET/PRISMA 1.4L LT"";2011;""Condutor"";""Ileso"";66;""Masculino"";1;0;0;0;-11",73820383;-49,"08104077;""SR-TO"";""UOP01/TO"";"""""
"260837;581646;2020-01-04;""sábado"";""16:05:00"";""TO"";153;673","9;""GURUPI"";""Não"";""Desobediência às normas de trânsito pelo condutor"";1;""Colisão lateral"";""Com Vítimas Feridas"";""Pleno dia"";""Decrescente"";""Céu Claro"";""Simples"";""Interseção de vias"";""Sim"";465352;""Motocicleta"";""YAMAHA/FACTOR YBR125 E"";2010;""Condutor"";""Lesões Graves"";56;""Masculino"";0;0;1;0;-11",73820383;-49,"08104077;""SR-TO"";""UOP01/TO"";"""""
"260837;581628;2020-01-04;""sábado"";""16:05:00"";""TO"";153;673","9;""GURUPI"";""Sim"";""Falta de Atenção à Condução"";2;""Queda de ocupante de veículo"";""Com Vítimas Feridas"";""Pleno dia"";""Decrescente"";""Céu Claro"";""Simples"";""Interseção de vias"";""Sim"";465351;""Automóvel"";""CHEVROLET/PRISMA 1.4L LT"";2011;""Condutor"";""Ileso"";66;""Masculino"";1;0;0;0;-11",73820383;-49,"08104077;""SR-TO"";""UOP01/TO"";"""""
"260837;581646;2020-01-04;""sábado"";""16:05:00"";""TO"";153;673","9;""GURUPI"";""Sim"";""Falta de Atenção à Condução"";2;""Queda de ocupante de veículo"";""Com Vítimas Feridas"";""Pleno dia"";""Decrescente"";""Céu Claro"";""Simples"";""Interseção de vias"";""Sim"";465352;""Motocicleta"";""YAMAHA/FACTOR YBR125 E"";2010;""Condutor"";""Lesões Graves"";56;""Masculino"";0;0;1;0;-11",73820383;-49,"08104077;""SR-TO"";""UOP01/TO"";"""""
"260837;581628;2020-01-04;""sábado"";""16:05:00"";""TO"";153;673","9;""GURUPI"";""Sim"";""Falta de Atenção à Condução"";1;""Colisão lateral"";""Com Vítimas Feridas"";""Pleno dia"";""Decrescente"";""Céu Claro"";""Simples"";""Interseção de vias"";""Sim"";465351;""Automóvel"";""CHEVROLET/PRISMA 1.4L LT"";2011;""Condutor"";""Ileso"";66;""Masculino"";1;0;0;0;-11",73820383;-49,"08104077;""SR-TO"";""UOP01/TO"";"""""
"260837;581646;2020-01-04;""sábado"";""16:05:00"";""TO"";153;673","9;""GURUPI"";""Sim"";""Falta de Atenção à Condução"";1;""Colisão lateral"";""Com Vítimas Feridas"";""Pleno dia"";""Decrescente"";""Céu Claro"";""Simples"";""Interseção de vias"";""Sim"";465352;""Motocicleta"";""YAMAHA/FACTOR YBR125 E"";2010;""Condutor"";""Lesões Graves"";56;""Masculino"";0;0;1;0;-11",73820383;-49,"08104077;""SR-TO"";""UOP01/TO"";"""""
"260838;580303;2020-01-04;""sábado"";""16:30:00"";""PR"";116;131;""FAZENDA RIO GRANDE"";""Sim"";""Velocidade Incompatível"";1;""Saída de leito carroçável"";""Sem Vítimas"";""Pleno dia"";""Decrescente"";""Chuva"";""Dupla"";""Reta"";""Sim"";465377;""Automóvel"";""CITROEN/XSARA PICASSO EX"";2004;""Condutor"";""Ileso"";37;""Feminino"";1;0;0;0;-25",648307;-49,"31251207;""SR-PR"";""DEL7/1"";""UOP03/PR""",
"260840;581959;2020-01-04;""sábado"";""16:50:00"";""MG"";40;728","1;""OLIVEIRA FORTES"";""Sim"";""Velocidade Incompatível"";1;""Saída de leito carroçável"";""Com Vítimas Feridas"";""Pleno dia"";""Crescente"";""Chuva"";""Dupla"";""Curva"";""Não"";465518;""Automóvel"";""TOYOTA/COROLLA GLI18FLEX"";2010;""Passageiro"";""Ileso"";12;""Feminino"";1;0;0;0;-21",31842199;-43,"58689599;""SR-MG"";""DEL5"";""UOP01/MG"""
"260840;581955;2020-01-04;""sábado"";""16:50:00"";""MG"";40;728","1;""OLIVEIRA FORTES"";""Sim"";""Velocidade Incompatível"";1;""Saída de leito carroçável"";""Com Vítimas Feridas"";""Pleno dia"";""Crescente"";""Chuva"";""Dupla"";""Curva"";""Não"";465518;""Automóvel"";""TOYOTA/COROLLA GLI18FLEX"";2010;""Passageiro"";""Lesões Leves"";43;""Feminino"";0;1;0;0;-21",31842199;-43,"58689599;""SR-MG"";""DEL5"";""UOP01/MG"""
"260840;581954;2020-01-04;""sábado"";""16:50:00"";""MG"";40;728","1;""OLIVEIRA FORTES"";""Sim"";""Velocidade Incompatível"";1;""Saída de leito carroçável"";""Com Vítimas Feridas"";""Pleno dia"";""Crescente"";""Chuva"";""Dupla"";""Curva"";""Não"";465518;""Automóvel"";""TOYOTA/COROLLA GLI18FLEX"";2010;""Passageiro"";""Lesões Leves"";67;""Feminino"";0;1;0;0;-21",31842199;-43,"58689599;""SR-MG"";""DEL5"";""UOP01/MG"""
"260840;581953;2020-01-04;""sábado"";""16:50:00"";""MG"";40;728","1;""OLIVEIRA FORTES"";""Sim"";""Velocidade Incompatível"";1;""Saída de leito carroçável"";""Com Vítimas Feridas"";""Pleno dia"";""Crescente"";""Chuva"";""Dupla"";""Curva"";""Não"";465518;""Automóvel"";""TOYOTA/COROLLA GLI18FLEX"";2010;""Condutor"";""Lesões Leves"";42;""Masculino"";0;1;0;0;-21",31842199;-43,"58689599;""SR-MG"";""DEL5"";""UOP01/MG"""
"260841;580270;2020-01-04;""sábado"";""11:50:00"";""SC"";282;30;""SANTO AMARO DA IMPERATRIZ"";""Sim"";""Velocidade Incompatível"";1;""Capotamento"";""Com Vítimas Feridas"";""Pleno dia"";""Crescente"";""Chuva"";""Simples"";""Curva"";""Não"";465355;""Camioneta"";""I/KIA SPORTAGE LX2 OFFG4"";2012;""Condutor"";""Ileso"";32;""Masculino"";1;0;0;0;-27",687376;-48,"79071;""SR-SC"";""DEL8/1"";""UOP03/SC""",