"id;""pesid"";""data_inversa"";""dia_semana"";""horario"";""uf"";""br"";""km"";""municipio"";""causa_principal"";""causa_acidente"";""ordem_tipo_acidente"";""tipo_acidente"";""classificacao_acidente"";""fase_dia"";""sentido_via"";""condicao_metereologica"";""tipo_pista"";""tracado_via"";""uso_solo"";""id_veiculo"";""tipo_veiculo"";""marca"";""ano_fabricacao_veiculo"";""tipo_envolvido"";""estado_fisico"";""idade"";""sexo"";""ilesos"";""feridos_leves"";""feridos_graves"";""mortos"";""latitude"";""longitude"";""regional"";""delegacia"";""uop""",,,
"260856;580339;2020-01-04;""sábado"";""18:00:00"";""RJ"";101;417","3;""MANGARATIBA"";""Sim"";""Velocidade Incompatível"";2;""Colisão com objeto estático"";""Sem Vítimas"";""Pleno dia"";""Decrescente"";""Chuva"";""Simples"";""Curva"";""Não"";465410;""Automóvel"";""RENAULT/LOGAN EXP 16"";2012;""Condutor"";""Ileso"";32;""Masculino"";1;0;0;0;-22",9178274;-43,"90471593;""SR-RJ"";""DEL5/3"";""UOP01/RJ"""
"260856;580340;2020-01-04;""sábado"";""18:00:00"";""RJ"";101;417","3;""MANGARATIBA"";""Sim"";""Velocidade Incompatível"";3;""Capotamento"";""Sem Vítimas"";""Pleno dia"";""Decrescente"";""Chuva"";""Simples"";""Curva"";""Não"";465410;""Automóvel"";""RENAULT/LOGAN EXP 16"";2012;""Passageiro"";""Ileso"";29;""Feminino"";1;0;0;0;-22",9178274;-43,"90471593;""SR-RJ"";""DEL5/3"";""UOP01/RJ"""
"260856;580339;2020-01-04;""sábado"";""18:00:00"";""RJ"";101;417","3;""MANGARATIBA"";""Sim"";""Velocidade Incompatível"";3;""Capotamento"";""Sem Vítimas"";""Pleno dia"";""Decrescente"";""Chuva"";""Simples"";""Curva"";""Não"";465410;""Automóvel"";""RENAULT/LOGAN EXP 16"";2012;""Condutor"";""Ileso"";32;""Masculino"";1;0;0;0;-22",9178274;-43,"90471593;""SR-RJ"";""DEL5/3"";""UOP01/RJ"""
"260856;580340;2020-01-04;""sábado"";""18:00:00"";""RJ"";101;417","3;""MANGARATIBA"";""Sim"";""Velocidade Incompatível"";1;""Saída de leito carroçável"";""Sem Vítimas"";""Pleno dia"";""Decrescente"";""Chuva"";""Simples"";""Curva"";""Não"";465410;""Automóvel"";""RENAULT/LOGAN EXP 16"";2012;""Passageiro"";""Ileso"";29;""Feminino"";1;0;0;0;-22",9178274;-43,"90471593;""SR-RJ"";""DEL5/3"";""UOP01/RJ"""
"260856;580339;2020-01-04;""sábado"";""18:00:00"";""RJ"";101;417","3;""MANGARATIBA"";""Sim"";""Velocidade Incompatível"";1;""Saída de leito carroçável"";""Sem Vítimas"";""Pleno dia"";""Decrescente"";""Chuva"";""Simples"";""Curva"";""Não"";465410;""Automóvel"";""RENAULT/LOGAN EXP 16"";2012;""Condutor"";""Ileso"";32;""Masculino"";1;0;0;0;-22",9178274;-43,"90471593;""SR-RJ"";""DEL5/3"";""UOP01/RJ"""
"260857;582104;2020-01-04;""sábado"";""15:50:00"";""SC"";280;28","2;""ARAQUARI"";""Sim"";""Falta de Atenção à Condução"";1;""Colisão transversal"";""Com Vítimas Feridas"";""Pleno dia"";""Decrescente"";""Nublado"";""Simples"";""Reta"";""Sim"";465380;""Automóvel"";""CHEVROLET/CLASSIC LS"";2011;""Passageiro"";""Ileso"";41;""Feminino"";1;0;0;0;-26",40450077;-48,"74561031;""SR-SC"";""DEL8/3"";""UOP03/SC"""
"260857;582103;2020-01-04;""sábado"";""15:50:00"";""SC"";280;28","2;""ARAQUARI"";""Sim"";""Falta de Atenção à Condução"";1;""Colisão transversal"";""Com Vítimas Feridas"";""Pleno dia"";""Decrescente"";""Nublado"";""Simples"";""Reta"";""Sim"";465380;""Automóvel"";""CHEVROLET/CLASSIC LS"";2011;""Condutor"";""Ileso"";43;""Masculino"";1;0;0;0;-26",40450077;-48,"74561031;""SR-SC"";""DEL8/3"";""UOP03/SC"""
"260857;582102;2020-01-04;""sábado"";""15:50:00"";""SC"";280;28","2;""ARAQUARI"";""Sim"";""Falta de Atenção à Condução"";1;""Colisão transversal"";""Com Vítimas Feridas"";""Pleno dia"";""Decrescente"";""Nublado"";""Simples"";""Reta"";""Sim"";465379;""Automóvel"";""RENAULT/SANDERO PRI 16"";2012;""Passageiro"";""Ileso"";47;""Masculino"";1;0;0;0;-26",40450077;-48,"74561031;""SR-SC"";""DEL8/3"";""UOP03/SC"""
"260857;582100;2020-01-04;""sábado"";""15:50:00"";""SC"";280;28","2;""ARAQUARI"";""Sim"";""Falta de Atenção à Condução"";1;""Colisão transversal"";""Com Vítimas Feridas"";""Pleno dia"";""Decrescente"";""Nublado"";""Simples"";""Reta"";""Sim"";465379;""Automóvel"";""RENAULT/SANDERO PRI 16"";2012;""Condutor"";""Lesões Leves"";43;""Feminino"";0;1;0;0;-26",40450077;-48,"74561031;""SR-SC"";""DEL8/3"";""UOP03/SC"""
"260858;580491;2020-01-04;""sábado"";""18:00:00"";""PE"";232;100","8;""BEZERROS"";""Sim"";""Deficiência ou não Acionamento do Sistema de Iluminação/Sinalização do Veículo"";1;""Colisão transversal"";""Sem Vítimas"";""Plena Noite"";""Crescente"";""Céu Claro"";""Simples"";""Interseção de vias"";""Sim"";465443;""Automóvel"";""CHEVROLET/COBALT 1.4 LTZ"";2012;""Condutor"";""Ileso"";56;""Masculino"";1;0;0;0;-8",23791176;-35,"74297705;""SR-PE"";""DEL11/1"";""UOP04/PE"""
"260858;580492;2020-01-04;""sábado"";""18:00:00"";""PE"";232;100","8;""BEZERROS"";""Sim"";""Deficiência ou não Acionamento do Sistema de Iluminação/Sinalização do Veículo"";1;""Colisão transversal"";""Sem Vítimas"";""Plena Noite"";""Crescente"";""Céu Claro"";""Simples"";""Interseção de vias"";""Sim"";465442;""Motocicleta"";""HONDA/CG 125 TITAN KS"";2003;""Condutor"";""Não Informado"";NA;""Não Informado"";0;0;0;0;-8",23791176;-35,"74297705;""SR-PE"";""DEL11/1"";""UOP04/PE"""
"260859;580487;2020-01-04;""sábado"";""18:10:00"";""ES"";101;140","3;""LINHARES"";""Sim"";""Falta de Atenção à Condução"";1;""Colisão traseira"";""Com Vítimas Feridas"";""Plena Noite"";""Crescente"";""Chuva"";""Simples"";""Reta"";""Sim"";465516;""Automóvel"";""FIAT/SIENA ATTRACTIV 1.4"";2014;""Condutor"";""Ileso"";49;""Masculino"";1;0;0;0;-19",31817306;-40,"07552313;""SR-ES"";""DEL12/4"";""UOP01/ES"""
"260859;580490;2020-01-04;""sábado"";""18:10:00"";""ES"";101;140","3;""LINHARES"";""Sim"";""Falta de Atenção à Condução"";1;""Colisão traseira"";""Com Vítimas Feridas"";""Plena Noite"";""Crescente"";""Chuva"";""Simples"";""Reta"";""Sim"";465519;""Motocicleta"";""HONDA/CG 160 TITAN"";2019;""Condutor"";""Lesões Leves"";41;""Masculino"";0;1;0;0;-19",31817306;-40,"07552313;""SR-ES"";""DEL12/4"";""UOP01/ES"""
"260860;580435;2020-01-04;""sábado"";""17:30:00"";""MG"";116;776","7;""LEOPOLDINA"";""Sim"";""Falta de Atenção à Condução"";1;""Saída de leito carroçável"";""Com Vítimas Feridas"";""Pleno dia"";""Decrescente"";""Garoa/Chuvisco"";""Simples"";""Curva"";""Não"";465386;""Automóvel"";""TOYOTA/COROLLA XEI20FLEX"";2014;""Passageiro"";""Lesões Leves"";44;""Feminino"";0;1;0;0;-21",59023796;-42,"68715187;""SR-MG"";""DEL4/7"";""UOP01/MG"""
"260860;580434;2020-01-04;""sábado"";""17:30:00"";""MG"";116;776","7;""LEOPOLDINA"";""Sim"";""Falta de Atenção à Condução"";1;""Saída de leito carroçável"";""Com Vítimas Feridas"";""Pleno dia"";""Decrescente"";""Garoa/Chuvisco"";""Simples"";""Curva"";""Não"";465386;""Automóvel"";""TOYOTA/COROLLA XEI20FLEX"";2014;""Condutor"";""Lesões Leves"";52;""Masculino"";0;1;0;0;-21",59023796;-42,"68715187;""SR-MG"";""DEL4/7"";""UOP01/MG"""
"260860;580435;2020-01-04;""sábado"";""17:30:00"";""MG"";116;776","7;""LEOPOLDINA"";""Sim"";""Falta de Atenção à Condução"";2;""Capotamento"";""Com Vítimas Feridas"";""Pleno dia"";""Decrescente"";""Garoa/Chuvisco"";""Simples"";""Curva"";""Não"";465386;""Automóvel"";""TOYOTA/COROLLA XEI20FLEX"";2014;""Passageiro"";""Lesões Leves"";44;""Feminino"";0;1;0;0;-21",59023796;-42,"68715187;""SR-MG"";""DEL4/7"";""UOP01/MG"""
"260860;580434;2020-01-04;""sábado"";""17:30:00"";""MG"";116;776","7;""LEOPOLDINA"";""Sim"";""Falta de Atenção à Condução"";2;""Capotamento"";""Com Vítimas Feridas"";""Pleno dia"";""Decrescente"";""Garoa/Chuvisco"";""Simples"";""Curva"";""Não"";465386;""Automóvel"";""TOYOTA/COROLLA XEI20FLEX"";2014;""Condutor"";""Lesões Leves"";52;""Masculino"";0;1;0;0;-21",59023796;-42,"68715187;""SR-MG"";""DEL4/7"";""UOP01/MG"""
"260861;580423;2020-01-04;""sábado"";""18:35:00"";""RN"";406;148","8;""CEARA-MIRIM"";""Sim"";""Falta de Atenção do Pedestre"";3;""Queda de ocupante de veículo"";""Com Vítimas Feridas"";""Plena Noite"";""Crescente"";""Céu Claro"";""Simples"";""Reta"";""Não"";465421;""Motocicleta"";""HONDA/CG 150 TITAN ES"";2005;""Pedestre"";""Não Informado"";NA;""Não Informado"";0;0;0;0;-5",64738063;-35,"45019595;""SR-RN"";""DEL15/2"";""UOP01/RN"""
"260861;580421;2020-01-04;""sábado"";""18:35:00"";""RN"";406;148","8;""CEARA-MIRIM"";""Sim"";""Falta de Atenção do Pedestre"";3;""Queda de ocupante de veículo"";""Com Vítimas Feridas"";""Plena Noite"";""Crescente"";""Céu Claro"";""Simples"";""Reta"";""Não"";465421;""Motocicleta"";""HONDA/CG 150 TITAN ES"";2005;""Passageiro"";""Lesões Leves"";46;""Feminino"";0;1;0;0;-5",64738063;-35,"45019595;""SR-RN"";""DEL15/2"";""UOP01/RN"""
"260861;580420;2020-01-04;""sábado"";""18:35:00"";""RN"";406;148","8;""CEARA-MIRIM"";""Sim"";""Falta de Atenção do Pedestre"";3;""Queda de ocupante de veículo"";""Com Vítimas Feridas"";""Plena Noite"";""Crescente"";""Céu Claro"";""Simples"";""Reta"";""Não"";465421;""Motocicleta"";""HONDA/CG 150 TITAN ES"";2005;""Condutor"";""Lesões Leves"";43;""Masculino"";0;1;0;0;-5",64738063;-35,"45019595;""SR-RN"";""DEL15/2"";""UOP01/RN"""
"260861;580423;2020-01-04;""sábado"";""18:35:00"";""RN"";406;148","8;""CEARA-MIRIM"";""Sim"";""Falta de Atenção do Pedestre"";2;""Tombamento"";""Com Vítimas Feridas"";""Plena Noite"";""Crescente"";""Céu Claro"";""Simples"";""Reta"";""Não"";465421;""Motocicleta"";""HONDA/CG 150 TITAN ES"";2005;""Pedestre"";""Não Informado"";NA;""Não Informado"";0;0;0;0;-5",64738063;-35,"45019595;""SR-RN"";""DEL15/2"";""UOP01/RN"""
"260861;580421;2020-01-04;""sábado"";""18:35:00"";""RN"";406;148","8;""CEARA-MIRIM"";""Sim"";""Falta de Atenção do Pedestre"";2;""Tombamento"";""Com Vítimas Feridas"";""Plena Noite"";""Crescente"";""Céu Claro"";""Simples"";""Reta"";""Não"";465421;""Motocicleta"";""HONDA/CG 150 TITAN ES"";2005;""Passageiro"";""Lesões Leves"";46;""Feminino"";0;1;0;0;-5",64738063;-35,"45019595;""SR-RN"";""DEL15/2"";""UOP01/RN"""
"260861;580420;2020-01-04;""sábado"";""18:35:00"";""RN"";406;148","8;""CEARA-MIRIM"";""Sim"";""Falta de Atenção do Pedestre"";2;""Tombamento"";""Com Vítimas Feridas"";""Plena Noite"";""Crescente"";""Céu Claro"";""Simples"";""Reta"";""Não"";465421;""Motocicleta"";""HONDA/CG 150 TITAN ES"";2005;""Condutor"";""Lesões Leves"";43;""Masculino"";0;1;0;0;-5",64738063;-35,"45019595;""SR-RN"";""DEL15/2"";""UOP01/RN"""
"260861;580423;2020-01-04;""sábado"";""18:35:00"";""RN"";406;148","8;""CEARA-MIRIM"";""Sim"";""Falta de Atenção do Pedestre"";1;""Atropelamento de Pedestre"";""Com Vítimas Feridas"";""Plena Noite"";""Crescente"";""Céu Claro"";""Simples"";""Reta"";""Não"";465421;""Motocicleta"";""HONDA/CG 150 TITAN ES"";2005;""Pedestre"";""Não Informado"";NA;""Não Informado"";0;0;0;0;-5",64738063;-35,"45019595;""SR-RN"";""DEL15/2"";""UOP01/RN"""
"260861;580421;2020-01-04;""sábado"";""18:35:00"";""RN"";406;148","8;""CEARA-MIRIM"";""Sim"";""Falta de Atenção do Pedestre"";1;""Atropelamento de Pedestre"";""Com Vítimas Feridas"";""Plena Noite"";""Crescente"";""Céu Claro"";""Simples"";""Reta"";""Não"";465421;""Motocicleta"";""HONDA/CG 150 TITAN ES"";2005;""Passageiro"";""Lesões Leves"";46;""Feminino"";0;1;0;0;-5",64738063;-35,"45019595;""SR-RN"";""DEL15/2"";""UOP01/RN"""
"260861;580420;2020-01-04;""sábado"";""18:35:00"";""RN"";406;148","8;""CEARA-MIRIM"";""Sim"";""Falta de Atenção do Pedestre"";1;""Atropelamento de Pedestre"";""Com Vítimas Feridas"";""Plena Noite"";""Crescente"";""Céu Claro"";""Simples"";""Reta"";""Não"";465421;""Motocicleta"";""HONDA/CG 150 TITAN ES"";2005;""Condutor"";""Lesões Leves"";43;""Masculino"";0;1;0;0;-5",64738063;-35,"45019595;""SR-RN"";""DEL15/2"";""UOP01/RN"""
"260862;580346;2020-01-04;""sábado"";""17:00:00"";""SC"";282;602","1;""MARAVILHA"";""Sim"";""Desobediência às normas de trânsito pelo condutor"";1;""Colisão frontal"";""Com Vítimas Feridas"";""Pleno dia"";""Decrescente"";""Céu Claro"";""Simples"";""Não Informado"";""Não"";465393;""Motocicleta"";""HONDA/NX 350 SAHARA"";1998;""Passageiro"";""Lesões Graves"";17;""Masculino"";0;0;1;0;-26",80554285;-53,"18138123;""SR-SC"";""DEL7"";""UOP02/SC"""
"260862;580344;2020-01-04;""sábado"";""17:00:00"";""SC"";282;602","1;""MARAVILHA"";""Sim"";""Desobediência às normas de trânsito pelo condutor"";1;""Colisão frontal"";""Com Vítimas Feridas"";""Pleno dia"";""Decrescente"";""Céu Claro"";""Simples"";""Não Informado"";""Não"";465393;""Motocicleta"";""HONDA/NX 350 SAHARA"";1998;""Condutor"";""Lesões Graves"";25;""Masculino"";0;0;1;0;-26",80554285;-53,"18138123;""SR-SC"";""DEL7"";""UOP02/SC"""
"260862;580332;2020-01-04;""sábado"";""17:00:00"";""SC"";282;602","1;""MARAVILHA"";""Sim"";""Desobediência às normas de trânsito pelo condutor"";1;""Colisão frontal"";""Com Vítimas Feridas"";""Pleno dia"";""Decrescente"";""Céu Claro"";""Simples"";""Não Informado"";""Não"";465392;""Caminhonete"";""FIAT/FIORINO 1.4 FLEX"";2014;""Condutor"";""Ileso"";68;""Masculino"";1;0;0;0;-26",80554285;-53,"18138123;""SR-SC"";""DEL7"";""UOP02/SC"""
"260862;580346;2020-01-04;""sábado"";""17:00:00"";""SC"";282;602","1;""MARAVILHA"";""Sim"";""Desobediência às normas de trânsito pelo condutor"";2;""Tombamento"";""Com Vítimas Feridas"";""Pleno dia"";""Decrescente"";""Céu Claro"";""Simples"";""Não Informado"";""Não"";465393;""Motocicleta"";""HONDA/NX 350 SAHARA"";1998;""Passageiro"";""Lesões Graves"";17;""Masculino"";0;0;1;0;-26",80554285;-53,"18138123;""SR-SC"";""DEL7"";""UOP02/SC"""
"260862;580344;2020-01-04;""sábado"";""17:00:00"";""SC"";282;602","1;""MARAVILHA"";""Sim"";""Desobediência às normas de trânsito pelo condutor"";2;""Tombamento"";""Com Vítimas Feridas"";""Pleno dia"";""Decrescente"";""Céu Claro"";""Simples"";""Não Informado"";""Não"";465393;""Motocicleta"";""HONDA/NX 350 SAHARA"";1998;""Condutor"";""Lesões Graves"";25;""Masculino"";0;0;1;0;-26",80554285;-53,"18138123;""SR-SC"";""DEL7"";""UOP02/SC"""
"260862;580332;2020-01-04;""sábado"";""17:00:00"";""SC"";282;602","1;""MARAVILHA"";""Sim"";""Desobediência às normas de trânsito pelo condutor"";2;""Tombamento"";""Com Vítimas Feridas"";""Pleno dia"";""Decrescente"";""Céu Claro"";""Simples"";""Não Informado"";""Não"";465392;""Caminhonete"";""FIAT/FIORINO 1.4 FLEX"";2014;""Condutor"";""Ileso"";68;""Masculino"";1;0;0;0;-26",80554285;-53,"18138123;""SR-SC"";""DEL7"";""UOP02/SC"""
"260862;580346;2020-01-04;""sábado"";""17:00:00"";""SC"";282;602","1;""MARAVILHA"";""Não"";""Velocidade Incompatível"";1;""Colisão frontal"";""Com Vítimas Feridas"";""Pleno dia"";""Decrescente"";""Céu Claro"";""Simples"";""Não Informado"";""Não"";465393;""Motocicleta"";""HONDA/NX 350 SAHARA"";1998;""Passageiro"";""Lesões Graves"";17;""Masculino"";0;0;1;0;-26",80554285;-53,"18138123;""SR-SC"";""DEL7"";""UOP02/SC"""
"260862;580344;2020-01-04;""sábado"";""17:00:00"";""SC"";282;602","1;""MARAVILHA"";""Não"";""Velocidade Incompatível"";1;""Colisão frontal"";""Com Vítimas Feridas"";""Pleno dia"";""Decrescente"";""Céu Claro"";""Simples"";""Não Informado"";""Não"";465393;""Motocicleta"";""HONDA/NX 350 SAHARA"";1998;""Condutor"";""Lesões Graves"";25;""Masculino"";0;0;1;0;-26",80554285;-53,"18138123;""SR-SC"";""DEL7"";""UOP02/SC"""
"260862;580332;2020-01-04;""sábado"";""17:00:00"";""SC"";282;602","1;""MARAVILHA"";""Não"";""Velocidade Incompatível"";1;""Colisão frontal"";""Com Vítimas Feridas"";""Pleno dia"";""Decrescente"";""Céu Claro"";""Simples"";""Não Informado"";""Não"";465392;""Caminhonete"";""FIAT/FIORINO 1.4 FLEX"";2014;""Condutor"";""Ileso"";68;""Masculino"";1;0;0;0;-26",80554285;-53,"18138123;""SR-SC"";""DEL7"";""UOP02/SC"""
"260862;580346;2020-01-04;""sábado"";""17:00:00"";""SC"";282;602","1;""MARAVILHA"";""Não"";""Velocidade Incompatível"";2;""Tombamento"";""Com Vítimas Feridas"";""Pleno dia"";""Decrescente"";""Céu Claro"";""Simples"";""Não Informado"";""Não"";465393;""Motocicleta"";""HONDA/NX 350 SAHARA"";1998;""Passageiro"";""Lesões Graves"";17;""Masculino"";0;0;1;0;-26",80554285;-53,"18138123;""SR-SC"";""DEL7"";""UOP02/SC"""
"260862;580344;2020-01-04;""sábado"";""17:00:00"";""SC"";282;602","1;""MARAVILHA"";""Não"";""Velocidade Incompatível"";2;""Tombamento"";""Com Vítimas Feridas"";""Pleno dia"";""Decrescente"";""Céu Claro"";""Simples"";""Não Informado"";""Não"";465393;""Motocicleta"";""HONDA/NX 350 SAHARA"";1998;""Condutor"";""Lesões Graves"";25;""Masculino"";0;0;1;0;-26",80554285;-53,"18138123;""SR-SC"";""DEL7"";""UOP02/SC"""
"260862;580332;2020-01-04;""sábado"";""17:00:00"";""SC"";282;602","1;""MARAVILHA"";""Não"";""Velocidade Incompatível"";2;""Tombamento"";""Com Vítimas Feridas"";""Pleno dia"";""Decrescente"";""Céu Claro"";""Simples"";""Não Informado"";""Não"";465392;""Caminhonete"";""FIAT/FIORINO 1.4 FLEX"";2014;""Condutor"";""Ileso"";68;""Masculino"";1;0;0;0;-26",80554285;-53,"18138123;""SR-SC"";""DEL7"";""UOP02/SC"""
"260864;580428;2020-01-04;""sábado"";""19:00:00"";""MG"";40;14","4;""PARACATU"";""Sim"";""Defeito Mecânico no Veículo"";3;""Colisão com objeto estático"";""Com Vítimas Feridas"";""Plena Noite"";""Crescente"";""Chuva"";""Simples"";""Reta"";""Não"";465434;""Automóvel"";""VW/POLO SEDAN 1.6"";2013;""Passageiro"";""Lesões Leves"";12;""Masculino"";0;1;0;0;-17",07109734;-47,"04227828;""SR-MG"";""DEL4/14"";""UOP01/MG"""
"260864;580427;2020-01-04;""sábado"";""19:00:00"";""MG"";40;14","4;""PARACATU"";""Sim"";""Defeito Mecânico no Veículo"";3;""Colisão com objeto estático"";""Com Vítimas Feridas"";""Plena Noite"";""Crescente"";""Chuva"";""Simples"";""Reta"";""Não"";465434;""Automóvel"";""VW/POLO SEDAN 1.6"";2013;""Passageiro"";""Lesões Leves"";7;""Feminino"";0;1;0;0;-17",07109734;-47,"04227828;""SR-MG"";""DEL4/14"";""UOP01/MG"""
"260864;580426;2020-01-04;""sábado"";""19:00:00"";""MG"";40;14","4;""PARACATU"";""Sim"";""Defeito Mecânico no Veículo"";3;""Colisão com objeto estático"";""Com Vítimas Feridas"";""Plena Noite"";""Crescente"";""Chuva"";""Simples"";""Reta"";""Não"";465434;""Automóvel"";""VW/POLO SEDAN 1.6"";2013;""Passageiro"";""Lesões Leves"";42;""Masculino"";0;1;0;0;-17",07109734;-47,"04227828;""SR-MG"";""DEL4/14"";""UOP01/MG"""
"260864;580419;2020-01-04;""sábado"";""19:00:00"";""MG"";40;14","4;""PARACATU"";""Sim"";""Defeito Mecânico no Veículo"";3;""Colisão com objeto estático"";""Com Vítimas Feridas"";""Plena Noite"";""Crescente"";""Chuva"";""Simples"";""Reta"";""Não"";465434;""Automóvel"";""VW/POLO SEDAN 1.6"";2013;""Passageiro"";""Lesões Leves"";48;""Feminino"";0;1;0;0;-17",07109734;-47,"04227828;""SR-MG"";""DEL4/14"";""UOP01/MG"""
"260864;580414;2020-01-04;""sábado"";""19:00:00"";""MG"";40;14","4;""PARACATU"";""Sim"";""Defeito Mecânico no Veículo"";3;""Colisão com objeto estático"";""Com Vítimas Feridas"";""Plena Noite"";""Crescente"";""Chuva"";""Simples"";""Reta"";""Não"";465434;""Automóvel"";""VW/POLO SEDAN 1.6"";2013;""Condutor"";""Lesões Graves"";44;""Masculino"";0;0;1;0;-17",07109734;-47,"04227828;""SR-MG"";""DEL4/14"";""UOP01/MG"""
"260864;580428;2020-01-04;""sábado"";""19:00:00"";""MG"";40;14","4;""PARACATU"";""Sim"";""Defeito Mecânico no Veículo"";1;""Saída de leito carroçável"";""Com Vítimas Feridas"";""Plena Noite"";""Crescente"";""Chuva"";""Simples"";""Reta"";""Não"";465434;""Automóvel"";""VW/POLO SEDAN 1.6"";2013;""Passageiro"";""Lesões Leves"";12;""Masculino"";0;1;0;0;-17",07109734;-47,"04227828;""SR-MG"";""DEL4/14"";""UOP01/MG"""
"260864;580427;2020-01-04;""sábado"";""19:00:00"";""MG"";40;14","4;""PARACATU"";""Sim"";""Defeito Mecânico no Veículo"";1;""Saída de leito carroçável"";""Com Vítimas Feridas"";""Plena Noite"";""Crescente"";""Chuva"";""Simples"";""Reta"";""Não"";465434;""Automóvel"";""VW/POLO SEDAN 1.6"";2013;""Passageiro"";""Lesões Leves"";7;""Feminino"";0;1;0;0;-17",07109734;-47,"04227828;""SR-MG"";""DEL4/14"";""UOP01/MG"""
"260864;580426;2020-01-04;""sábado"";""19:00:00"";""MG"";40;14","4;""PARACATU"";""Sim"";""Defeito Mecânico no Veículo"";1;""Saída de leito carroçável"";""Com Vítimas Feridas"";""Plena Noite"";""Crescente"";""Chuva"";""Simples"";""Reta"";""Não"";465434;""Automóvel"";""VW/POLO SEDAN 1.6"";2013;""Passageiro"";""Lesões Leves"";42;""Masculino"";0;1;0;0;-17",07109734;-47,"04227828;""SR-MG"";""DEL4/14"";""UOP01/MG"""
"260864;580419;2020-01-04;""sábado"";""19:00:00"";""MG"";40;14","4;""PARACATU"";""Sim"";""Defeito Mecânico no Veículo"";1;""Saída de leito carroçável"";""Com Vítimas Feridas"";""Plena Noite"";""Crescente"";""Chuva"";""Simples"";""Reta"";""Não"";465434;""Automóvel"";""VW/POLO SEDAN 1.6"";2013;""Passageiro"";""Lesões Leves"";48;""Feminino"";0;1;0;0;-17",07109734;-47,"04227828;""SR-MG"";""DEL4/14"";""UOP01/MG"""
"260864;580414;2020-01-04;""sábado"";""19:00:00"";""MG"";40;14","4;""PARACATU"";""Sim"";""Defeito Mecânico no Veículo"";1;""Saída de leito carroçável"";""Com Vítimas Feridas"";""Plena Noite"";""Crescente"";""Chuva"";""Simples"";""Reta"";""Não"";465434;""Automóvel"";""VW/POLO SEDAN 1.6"";2013;""Condutor"";""Lesões Graves"";44;""Masculino"";0;0;1;0;-17",07109734;-47,"04227828;""SR-MG"";""DEL4/14"";""UOP01/MG"""
"260864;580428;2020-01-04;""sábado"";""19:00:00"";""MG"";40;14","4;""PARACATU"";""Sim"";""Defeito Mecânico no Veículo"";2;""Tombamento"";""Com Vítimas Feridas"";""Plena Noite"";""Crescente"";""Chuva"";""Simples"";""Reta"";""Não"";465434;""Automóvel"";""VW/POLO SEDAN 1.6"";2013;""Passageiro"";""Lesões Leves"";12;""Masculino"";0;1;0;0;-17",07109734;-47,"04227828;""SR-MG"";""DEL4/14"";""UOP01/MG"""
"260864;580427;2020-01-04;""sábado"";""19:00:00"";""MG"";40;14","4;""PARACATU"";""Sim"";""Defeito Mecânico no Veículo"";2;""Tombamento"";""Com Vítimas Feridas"";""Plena Noite"";""Crescente"";""Chuva"";""Simples"";""Reta"";""Não"";465434;""Automóvel"";""VW/POLO SEDAN 1.6"";2013;""Passageiro"";""Lesões Leves"";7;""Feminino"";0;1;0;0;-17",07109734;-47,"04227828;""SR-MG"";""DEL4/14"";""UOP01/MG"""
"260864;580426;2020-01-04;""sábado"";""19:00:00"";""MG"";40;14","4;""PARACATU"";""Sim"";""Defeito Mecânico no Veículo"";2;""Tombamento"";""Com Vítimas Feridas"";""Plena Noite"";""Crescente"";""Chuva"";""Simples"";""Reta"";""Não"";465434;""Automóvel"";""VW/POLO SEDAN 1.6"";2013;""Passageiro"";""Lesões Leves"";42;""Masculino"";0;1;0;0;-17",07109734;-47,"04227828;""SR-MG"";""DEL4/14"";""UOP01/MG"""
"260864;580419;2020-01-04;""sábado"";""19:00:00"";""MG"";40;14","4;""PARACATU"";""Sim"";""Defeito Mecânico no Veículo"";2;""Tombamento"";""Com Vítimas Feridas"";""Plena Noite"";""Crescente"";""Chuva"";""Simples"";""Reta"";""Não"";465434;""Automóvel"";""VW/POLO SEDAN 1.6"";2013;""Passageiro"";""Lesões Leves"";48;""Feminino"";0;1;0;0;-17",07109734;-47,"04227828;""SR-MG"";""DEL4/14"";""UOP01/MG"""
"260864;580414;2020-01-04;""sábado"";""19:00:00"";""MG"";40;14","4;""PARACATU"";""Sim"";""Defeito Mecânico no Veículo"";2;""Tombamento"";""Com Vítimas Feridas"";""Plena Noite"";""Crescente"";""Chuva"";""Simples"";""Reta"";""Não"";465434;""Automóvel"";""VW/POLO SEDAN 1.6"";2013;""Condutor"";""Lesões Graves"";44;""Masculino"";0;0;1;0;-17",07109734;-47,"04227828;""SR-MG"";""DEL4/14"";""UOP01/MG"""
"260865;583041;2020-01-04;""sábado"";""16:20:00"";""BA"";101;535;""SAO JOSE DA VITORIA"";""Sim"";""Velocidade Incompatível"";1;""Colisão lateral"";""Com Vítimas Feridas"";""Pleno dia"";""Decrescente"";""Chuva"";""Simples"";""Curva"";""Não"";465400;""Caminhão"";""M.BENZ/ACCELO 815"";2015;""Condutor"";""Ileso"";53;""Masculino"";1;0;0;0;-15",03266994;-39,"3296814;""SR-BA"";""DEL10/5"";""UOP01/BA""",