"id;""pesid"";""data_inversa"";""dia_semana"";""horario"";""uf"";""br"";""km"";""municipio"";""causa_principal"";""causa_acidente"";""ordem_tipo_acidente"";""tipo_acidente"";""classificacao_acidente"";""fase_dia"";""sentido_via"";""condicao_metereologica"";""tipo_pista"";""tracado_via"";""uso_solo"";""id_veiculo"";""tipo_veiculo"";""marca"";""ano_fabricacao_veiculo"";""tipo_envolvido"";""estado_fisico"";""idade"";""sexo"";""ilesos"";""feridos_leves"";""feridos_graves"";""mortos"";""latitude"";""longitude"";""regional"";""delegacia"";""uop""",,,
"260865;583043;2020-01-04;""sábado"";""16:20:00"";""BA"";101;535;""SAO JOSE DA VITORIA"";""Sim"";""Velocidade Incompatível"";1;""Colisão lateral"";""Com Vítimas Feridas"";""Pleno dia"";""Decrescente"";""Chuva"";""Simples"";""Curva"";""Não"";465401;""Automóvel"";""CHEVROLET/ONIX 10MT JOYE"";2017;""Condutor"";""Lesões Leves"";29;""Masculino"";0;1;0;0;-15",03266994;-39,"3296814;""SR-BA"";""DEL10/5"";""UOP01/BA""",
"260865;583041;2020-01-04;""sábado"";""16:20:00"";""BA"";101;535;""SAO JOSE DA VITORIA"";""Não"";""Pista Escorregadia"";1;""Colisão lateral"";""Com Vítimas Feridas"";""Pleno dia"";""Decrescente"";""Chuva"";""Simples"";""Curva"";""Não"";465400;""Caminhão"";""M.BENZ/ACCELO 815"";2015;""Condutor"";""Ileso"";53;""Masculino"";1;0;0;0;-15",03266994;-39,"3296814;""SR-BA"";""DEL10/5"";""UOP01/BA""",
"260865;583043;2020-01-04;""sábado"";""16:20:00"";""BA"";101;535;""SAO JOSE DA VITORIA"";""Não"";""Pista Escorregadia"";1;""Colisão lateral"";""Com Vítimas Feridas"";""Pleno dia"";""Decrescente"";""Chuva"";""Simples"";""Curva"";""Não"";465401;""Automóvel"";""CHEVROLET/ONIX 10MT JOYE"";2017;""Condutor"";""Lesões Leves"";29;""Masculino"";0;1;0;0;-15",03266994;-39,"3296814;""SR-BA"";""DEL10/5"";""UOP01/BA""",
"260866;581998;2020-01-04;""sábado"";""18:40:00"";""RJ"";101;430;""MANGARATIBA"";""Sim"";""Velocidade Incompatível"";1;""Colisão transversal"";""Com Vítimas Feridas"";""Plena Noite"";""Crescente"";""Garoa/Chuvisco"";""Simples"";""Curva"";""Não"";465471;""Utilitário"";""NISSAN/XTERRA 2.8 SE"";2003;""Passageiro"";""Lesões Leves"";69;""Masculino"";0;1;0;0;-22",93710123;-44,"01083798;""SR-RJ"";""DEL5/3"";""UOP01/RJ""",
"260866;581997;2020-01-04;""sábado"";""18:40:00"";""RJ"";101;430;""MANGARATIBA"";""Sim"";""Velocidade Incompatível"";1;""Colisão transversal"";""Com Vítimas Feridas"";""Plena Noite"";""Crescente"";""Garoa/Chuvisco"";""Simples"";""Curva"";""Não"";465471;""Utilitário"";""NISSAN/XTERRA 2.8 SE"";2003;""Passageiro"";""Lesões Leves"";54;""Feminino"";0;1;0;0;-22",93710123;-44,"01083798;""SR-RJ"";""DEL5/3"";""UOP01/RJ""",
"260866;581996;2020-01-04;""sábado"";""18:40:00"";""RJ"";101;430;""MANGARATIBA"";""Sim"";""Velocidade Incompatível"";1;""Colisão transversal"";""Com Vítimas Feridas"";""Plena Noite"";""Crescente"";""Garoa/Chuvisco"";""Simples"";""Curva"";""Não"";465471;""Utilitário"";""NISSAN/XTERRA 2.8 SE"";2003;""Passageiro"";""Lesões Leves"";57;""Feminino"";0;1;0;0;-22",93710123;-44,"01083798;""SR-RJ"";""DEL5/3"";""UOP01/RJ""",
"260866;581991;2020-01-04;""sábado"";""18:40:00"";""RJ"";101;430;""MANGARATIBA"";""Sim"";""Velocidade Incompatível"";1;""Colisão transversal"";""Com Vítimas Feridas"";""Plena Noite"";""Crescente"";""Garoa/Chuvisco"";""Simples"";""Curva"";""Não"";465471;""Utilitário"";""NISSAN/XTERRA 2.8 SE"";2003;""Condutor"";""Ileso"";60;""Masculino"";1;0;0;0;-22",93710123;-44,"01083798;""SR-RJ"";""DEL5/3"";""UOP01/RJ""",
"260866;580433;2020-01-04;""sábado"";""18:40:00"";""RJ"";101;430;""MANGARATIBA"";""Sim"";""Velocidade Incompatível"";1;""Colisão transversal"";""Com Vítimas Feridas"";""Plena Noite"";""Crescente"";""Garoa/Chuvisco"";""Simples"";""Curva"";""Não"";465470;""Automóvel"";""RENAULT/SANDERO AUTH 10"";2015;""Passageiro"";""Lesões Graves"";2;""Masculino"";0;0;1;0;-22",93710123;-44,"01083798;""SR-RJ"";""DEL5/3"";""UOP01/RJ""",
"260866;581988;2020-01-04;""sábado"";""18:40:00"";""RJ"";101;430;""MANGARATIBA"";""Sim"";""Velocidade Incompatível"";1;""Colisão transversal"";""Com Vítimas Feridas"";""Plena Noite"";""Crescente"";""Garoa/Chuvisco"";""Simples"";""Curva"";""Não"";465470;""Automóvel"";""RENAULT/SANDERO AUTH 10"";2015;""Passageiro"";""Lesões Leves"";21;""Feminino"";0;1;0;0;-22",93710123;-44,"01083798;""SR-RJ"";""DEL5/3"";""UOP01/RJ""",
"260866;581984;2020-01-04;""sábado"";""18:40:00"";""RJ"";101;430;""MANGARATIBA"";""Sim"";""Velocidade Incompatível"";1;""Colisão transversal"";""Com Vítimas Feridas"";""Plena Noite"";""Crescente"";""Garoa/Chuvisco"";""Simples"";""Curva"";""Não"";465470;""Automóvel"";""RENAULT/SANDERO AUTH 10"";2015;""Condutor"";""Lesões Leves"";22;""Masculino"";0;1;0;0;-22",93710123;-44,"01083798;""SR-RJ"";""DEL5/3"";""UOP01/RJ""",
"260866;581998;2020-01-04;""sábado"";""18:40:00"";""RJ"";101;430;""MANGARATIBA"";""Sim"";""Velocidade Incompatível"";2;""Capotamento"";""Com Vítimas Feridas"";""Plena Noite"";""Crescente"";""Garoa/Chuvisco"";""Simples"";""Curva"";""Não"";465471;""Utilitário"";""NISSAN/XTERRA 2.8 SE"";2003;""Passageiro"";""Lesões Leves"";69;""Masculino"";0;1;0;0;-22",93710123;-44,"01083798;""SR-RJ"";""DEL5/3"";""UOP01/RJ""",
"260866;581997;2020-01-04;""sábado"";""18:40:00"";""RJ"";101;430;""MANGARATIBA"";""Sim"";""Velocidade Incompatível"";2;""Capotamento"";""Com Vítimas Feridas"";""Plena Noite"";""Crescente"";""Garoa/Chuvisco"";""Simples"";""Curva"";""Não"";465471;""Utilitário"";""NISSAN/XTERRA 2.8 SE"";2003;""Passageiro"";""Lesões Leves"";54;""Feminino"";0;1;0;0;-22",93710123;-44,"01083798;""SR-RJ"";""DEL5/3"";""UOP01/RJ""",
"260866;581996;2020-01-04;""sábado"";""18:40:00"";""RJ"";101;430;""MANGARATIBA"";""Sim"";""Velocidade Incompatível"";2;""Capotamento"";""Com Vítimas Feridas"";""Plena Noite"";""Crescente"";""Garoa/Chuvisco"";""Simples"";""Curva"";""Não"";465471;""Utilitário"";""NISSAN/XTERRA 2.8 SE"";2003;""Passageiro"";""Lesões Leves"";57;""Feminino"";0;1;0;0;-22",93710123;-44,"01083798;""SR-RJ"";""DEL5/3"";""UOP01/RJ""",
"260866;581991;2020-01-04;""sábado"";""18:40:00"";""RJ"";101;430;""MANGARATIBA"";""Sim"";""Velocidade Incompatível"";2;""Capotamento"";""Com Vítimas Feridas"";""Plena Noite"";""Crescente"";""Garoa/Chuvisco"";""Simples"";""Curva"";""Não"";465471;""Utilitário"";""NISSAN/XTERRA 2.8 SE"";2003;""Condutor"";""Ileso"";60;""Masculino"";1;0;0;0;-22",93710123;-44,"01083798;""SR-RJ"";""DEL5/3"";""UOP01/RJ""",
"260866;580433;2020-01-04;""sábado"";""18:40:00"";""RJ"";101;430;""MANGARATIBA"";""Sim"";""Velocidade Incompatível"";2;""Capotamento"";""Com Vítimas Feridas"";""Plena Noite"";""Crescente"";""Garoa/Chuvisco"";""Simples"";""Curva"";""Não"";465470;""Automóvel"";""RENAULT/SANDERO AUTH 10"";2015;""Passageiro"";""Lesões Graves"";2;""Masculino"";0;0;1;0;-22",93710123;-44,"01083798;""SR-RJ"";""DEL5/3"";""UOP01/RJ""",
"260866;581988;2020-01-04;""sábado"";""18:40:00"";""RJ"";101;430;""MANGARATIBA"";""Sim"";""Velocidade Incompatível"";2;""Capotamento"";""Com Vítimas Feridas"";""Plena Noite"";""Crescente"";""Garoa/Chuvisco"";""Simples"";""Curva"";""Não"";465470;""Automóvel"";""RENAULT/SANDERO AUTH 10"";2015;""Passageiro"";""Lesões Leves"";21;""Feminino"";0;1;0;0;-22",93710123;-44,"01083798;""SR-RJ"";""DEL5/3"";""UOP01/RJ""",
"260866;581984;2020-01-04;""sábado"";""18:40:00"";""RJ"";101;430;""MANGARATIBA"";""Sim"";""Velocidade Incompatível"";2;""Capotamento"";""Com Vítimas Feridas"";""Plena Noite"";""Crescente"";""Garoa/Chuvisco"";""Simples"";""Curva"";""Não"";465470;""Automóvel"";""RENAULT/SANDERO AUTH 10"";2015;""Condutor"";""Lesões Leves"";22;""Masculino"";0;1;0;0;-22",93710123;-44,"01083798;""SR-RJ"";""DEL5/3"";""UOP01/RJ""",
"260867;580534;2020-01-04;""sábado"";""18:45:00"";""PI"";135;354;""BOM JESUS"";""Sim"";""Defeito na Via"";1;""Saída de leito carroçável"";""Com Vítimas Feridas"";""Plena Noite"";""Decrescente"";""Chuva"";""Simples"";""Reta"";""Não"";465403;""Automóvel"";""FIAT/SIENA ATTRACTIV 1.4"";2012;""Passageiro"";""Ileso"";12;""Feminino"";1;0;0;0;-9",08911307;-44,"36270761;""SR-PI"";""DEL17/3"";""UOP02/PI""",
"260867;580535;2020-01-04;""sábado"";""18:45:00"";""PI"";135;354;""BOM JESUS"";""Sim"";""Defeito na Via"";1;""Saída de leito carroçável"";""Com Vítimas Feridas"";""Plena Noite"";""Decrescente"";""Chuva"";""Simples"";""Reta"";""Não"";465403;""Automóvel"";""FIAT/SIENA ATTRACTIV 1.4"";2012;""Passageiro"";""Ileso"";52;""Feminino"";1;0;0;0;-9",08911307;-44,"36270761;""SR-PI"";""DEL17/3"";""UOP02/PI""",
"260867;580536;2020-01-04;""sábado"";""18:45:00"";""PI"";135;354;""BOM JESUS"";""Sim"";""Defeito na Via"";1;""Saída de leito carroçável"";""Com Vítimas Feridas"";""Plena Noite"";""Decrescente"";""Chuva"";""Simples"";""Reta"";""Não"";465403;""Automóvel"";""FIAT/SIENA ATTRACTIV 1.4"";2012;""Passageiro"";""Lesões Leves"";21;""Feminino"";0;1;0;0;-9",08911307;-44,"36270761;""SR-PI"";""DEL17/3"";""UOP02/PI""",
"260867;580533;2020-01-04;""sábado"";""18:45:00"";""PI"";135;354;""BOM JESUS"";""Sim"";""Defeito na Via"";1;""Saída de leito carroçável"";""Com Vítimas Feridas"";""Plena Noite"";""Decrescente"";""Chuva"";""Simples"";""Reta"";""Não"";465403;""Automóvel"";""FIAT/SIENA ATTRACTIV 1.4"";2012;""Condutor"";""Ileso"";49;""Masculino"";1;0;0;0;-9",08911307;-44,"36270761;""SR-PI"";""DEL17/3"";""UOP02/PI""",
"260867;580534;2020-01-04;""sábado"";""18:45:00"";""PI"";135;354;""BOM JESUS"";""Não"";""Pista Escorregadia"";1;""Saída de leito carroçável"";""Com Vítimas Feridas"";""Plena Noite"";""Decrescente"";""Chuva"";""Simples"";""Reta"";""Não"";465403;""Automóvel"";""FIAT/SIENA ATTRACTIV 1.4"";2012;""Passageiro"";""Ileso"";12;""Feminino"";1;0;0;0;-9",08911307;-44,"36270761;""SR-PI"";""DEL17/3"";""UOP02/PI""",
"260867;580535;2020-01-04;""sábado"";""18:45:00"";""PI"";135;354;""BOM JESUS"";""Não"";""Pista Escorregadia"";1;""Saída de leito carroçável"";""Com Vítimas Feridas"";""Plena Noite"";""Decrescente"";""Chuva"";""Simples"";""Reta"";""Não"";465403;""Automóvel"";""FIAT/SIENA ATTRACTIV 1.4"";2012;""Passageiro"";""Ileso"";52;""Feminino"";1;0;0;0;-9",08911307;-44,"36270761;""SR-PI"";""DEL17/3"";""UOP02/PI""",
"260867;580536;2020-01-04;""sábado"";""18:45:00"";""PI"";135;354;""BOM JESUS"";""Não"";""Pista Escorregadia"";1;""Saída de leito carroçável"";""Com Vítimas Feridas"";""Plena Noite"";""Decrescente"";""Chuva"";""Simples"";""Reta"";""Não"";465403;""Automóvel"";""FIAT/SIENA ATTRACTIV 1.4"";2012;""Passageiro"";""Lesões Leves"";21;""Feminino"";0;1;0;0;-9",08911307;-44,"36270761;""SR-PI"";""DEL17/3"";""UOP02/PI""",
"260867;580533;2020-01-04;""sábado"";""18:45:00"";""PI"";135;354;""BOM JESUS"";""Não"";""Pista Escorregadia"";1;""Saída de leito carroçável"";""Com Vítimas Feridas"";""Plena Noite"";""Decrescente"";""Chuva"";""Simples"";""Reta"";""Não"";465403;""Automóvel"";""FIAT/SIENA ATTRACTIV 1.4"";2012;""Condutor"";""Ileso"";49;""Masculino"";1;0;0;0;-9",08911307;-44,"36270761;""SR-PI"";""DEL17/3"";""UOP02/PI""",
"260868;580495;2020-01-04;""sábado"";""19:30:00"";""RS"";101;7;""TORRES"";""Sim"";""Falta de Atenção à Condução"";1;""Colisão transversal"";""Com Vítimas Feridas"";""Plena Noite"";""Crescente"";""Nublado"";""Dupla"";""Rotatória"";""Sim"";465427;""Automóvel"";""RENAULT/SANDERO EXP1016V"";2012;""Passageiro"";""Ileso"";19;""Feminino"";1;0;0;0;-29",35339556;-49,"79995251;""SR-RS"";""DEL9/3"";""UOP02/RS""",
"260868;580373;2020-01-04;""sábado"";""19:30:00"";""RS"";101;7;""TORRES"";""Sim"";""Falta de Atenção à Condução"";1;""Colisão transversal"";""Com Vítimas Feridas"";""Plena Noite"";""Crescente"";""Nublado"";""Dupla"";""Rotatória"";""Sim"";465427;""Automóvel"";""RENAULT/SANDERO EXP1016V"";2012;""Condutor"";""Ileso"";25;""Masculino"";1;0;0;0;-29",35339556;-49,"79995251;""SR-RS"";""DEL9/3"";""UOP02/RS""",
"260868;580375;2020-01-04;""sábado"";""19:30:00"";""RS"";101;7;""TORRES"";""Sim"";""Falta de Atenção à Condução"";1;""Colisão transversal"";""Com Vítimas Feridas"";""Plena Noite"";""Crescente"";""Nublado"";""Dupla"";""Rotatória"";""Sim"";465427;""Automóvel"";""RENAULT/SANDERO EXP1016V"";2012;""Passageiro"";""Lesões Leves"";27;""Feminino"";0;1;0;0;-29",35339556;-49,"79995251;""SR-RS"";""DEL9/3"";""UOP02/RS""",
"260868;580374;2020-01-04;""sábado"";""19:30:00"";""RS"";101;7;""TORRES"";""Sim"";""Falta de Atenção à Condução"";1;""Colisão transversal"";""Com Vítimas Feridas"";""Plena Noite"";""Crescente"";""Nublado"";""Dupla"";""Rotatória"";""Sim"";465427;""Automóvel"";""RENAULT/SANDERO EXP1016V"";2012;""Passageiro"";""Lesões Leves"";36;""Masculino"";0;1;0;0;-29",35339556;-49,"79995251;""SR-RS"";""DEL9/3"";""UOP02/RS""",
"260868;580372;2020-01-04;""sábado"";""19:30:00"";""RS"";101;7;""TORRES"";""Sim"";""Falta de Atenção à Condução"";1;""Colisão transversal"";""Com Vítimas Feridas"";""Plena Noite"";""Crescente"";""Nublado"";""Dupla"";""Rotatória"";""Sim"";465426;""Caminhonete"";""GM/S10 ADVANTAGE S"";2010;""Passageiro"";""Ileso"";39;""Feminino"";1;0;0;0;-29",35339556;-49,"79995251;""SR-RS"";""DEL9/3"";""UOP02/RS""",
"260868;580371;2020-01-04;""sábado"";""19:30:00"";""RS"";101;7;""TORRES"";""Sim"";""Falta de Atenção à Condução"";1;""Colisão transversal"";""Com Vítimas Feridas"";""Plena Noite"";""Crescente"";""Nublado"";""Dupla"";""Rotatória"";""Sim"";465426;""Caminhonete"";""GM/S10 ADVANTAGE S"";2010;""Condutor"";""Ileso"";27;""Masculino"";1;0;0;0;-29",35339556;-49,"79995251;""SR-RS"";""DEL9/3"";""UOP02/RS""",
"260869;580402;2020-01-04;""sábado"";""18:30:00"";""SC"";101;70","8;""ARAQUARI"";""Sim"";""Falta de Atenção à Condução"";1;""Queda de ocupante de veículo"";""Com Vítimas Feridas"";""Anoitecer"";""Decrescente"";""Nublado"";""Múltipla"";""Curva"";""Não"";465436;""Motoneta"";""HONDA/BIZ 125 ES"";2009;""Condutor"";""Lesões Leves"";31;""Feminino"";0;1;0;0;-26",51082007;-48,"72345612;""SR-SC"";""DEL8/3"";""UOP02/SC"""
"260870;580530;2020-01-04;""sábado"";""19:30:00"";""SP"";381;85;""SAO PAULO"";""Sim"";""Falta de Atenção do Pedestre"";1;""Atropelamento de Pedestre"";""Com Vítimas Fatais"";""Plena Noite"";""Decrescente"";""Nublado"";""Dupla"";""Reta"";""Sim"";465485;""Automóvel"";""FIAT/PALIO EX"";1999;""Pedestre"";""Óbito"";NA;""Masculino"";0;0;0;1;-23",449343;-46,"56983501;""SR-SP"";""DEL6/3"";""UOP02/SP""",
"260870;580527;2020-01-04;""sábado"";""19:30:00"";""SP"";381;85;""SAO PAULO"";""Sim"";""Falta de Atenção do Pedestre"";1;""Atropelamento de Pedestre"";""Com Vítimas Fatais"";""Plena Noite"";""Decrescente"";""Nublado"";""Dupla"";""Reta"";""Sim"";465485;""Automóvel"";""FIAT/PALIO EX"";1999;""Condutor"";""Ileso"";46;""Masculino"";1;0;0;0;-23",449343;-46,"56983501;""SR-SP"";""DEL6/3"";""UOP02/SP""",
"260870;580530;2020-01-04;""sábado"";""19:30:00"";""SP"";381;85;""SAO PAULO"";""Não"";""Falta de Atenção à Condução"";1;""Atropelamento de Pedestre"";""Com Vítimas Fatais"";""Plena Noite"";""Decrescente"";""Nublado"";""Dupla"";""Reta"";""Sim"";465485;""Automóvel"";""FIAT/PALIO EX"";1999;""Pedestre"";""Óbito"";NA;""Masculino"";0;0;0;1;-23",449343;-46,"56983501;""SR-SP"";""DEL6/3"";""UOP02/SP""",
"260870;580527;2020-01-04;""sábado"";""19:30:00"";""SP"";381;85;""SAO PAULO"";""Não"";""Falta de Atenção à Condução"";1;""Atropelamento de Pedestre"";""Com Vítimas Fatais"";""Plena Noite"";""Decrescente"";""Nublado"";""Dupla"";""Reta"";""Sim"";465485;""Automóvel"";""FIAT/PALIO EX"";1999;""Condutor"";""Ileso"";46;""Masculino"";1;0;0;0;-23",449343;-46,"56983501;""SR-SP"";""DEL6/3"";""UOP02/SP""",
"260871;580338;2020-01-04;""sábado"";""18:25:00"";""SC"";282;305","1;""VARGEM"";""Não"";""Avarias e/ou desgaste excessivo no pneu"";2;""Colisão com objeto estático"";""Com Vítimas Feridas"";""Pleno dia"";""Crescente"";""Chuva"";""Simples"";""Não Informado"";""Não"";465411;""Automóvel"";""PEUGEOT/208 ACTIVE"";2014;""Condutor"";""Lesões Leves"";26;""Masculino"";0;1;0;0;-27",500679;-50,"949047;""SR-SC"";""DEL7"";""UOP08/SC"""
"260871;580338;2020-01-04;""sábado"";""18:25:00"";""SC"";282;305","1;""VARGEM"";""Não"";""Avarias e/ou desgaste excessivo no pneu"";1;""Saída de leito carroçável"";""Com Vítimas Feridas"";""Pleno dia"";""Crescente"";""Chuva"";""Simples"";""Não Informado"";""Não"";465411;""Automóvel"";""PEUGEOT/208 ACTIVE"";2014;""Condutor"";""Lesões Leves"";26;""Masculino"";0;1;0;0;-27",500679;-50,"949047;""SR-SC"";""DEL7"";""UOP08/SC"""
"260871;580338;2020-01-04;""sábado"";""18:25:00"";""SC"";282;305","1;""VARGEM"";""Sim"";""Velocidade Incompatível"";2;""Colisão com objeto estático"";""Com Vítimas Feridas"";""Pleno dia"";""Crescente"";""Chuva"";""Simples"";""Não Informado"";""Não"";465411;""Automóvel"";""PEUGEOT/208 ACTIVE"";2014;""Condutor"";""Lesões Leves"";26;""Masculino"";0;1;0;0;-27",500679;-50,"949047;""SR-SC"";""DEL7"";""UOP08/SC"""
"260871;580338;2020-01-04;""sábado"";""18:25:00"";""SC"";282;305","1;""VARGEM"";""Sim"";""Velocidade Incompatível"";1;""Saída de leito carroçável"";""Com Vítimas Feridas"";""Pleno dia"";""Crescente"";""Chuva"";""Simples"";""Não Informado"";""Não"";465411;""Automóvel"";""PEUGEOT/208 ACTIVE"";2014;""Condutor"";""Lesões Leves"";26;""Masculino"";0;1;0;0;-27",500679;-50,"949047;""SR-SC"";""DEL7"";""UOP08/SC"""
"260874;580355;2020-01-04;""sábado"";""15:35:00"";""SC"";280;96;""CORUPA"";""Sim"";""Velocidade Incompatível"";1;""Saída de leito carroçável"";""Com Vítimas Feridas"";""Pleno dia"";""Decrescente"";""Chuva"";""Simples"";""Curva"";""Não"";465415;""Automóvel"";""I/JAC J2 1.4"";2013;""Passageiro"";""Lesões Leves"";60;""Feminino"";0;1;0;0;-26",38369074;-49,"32175219;""SR-SC"";""DEL8/6"";""UOP03/SC""",
"260874;580353;2020-01-04;""sábado"";""15:35:00"";""SC"";280;96;""CORUPA"";""Sim"";""Velocidade Incompatível"";1;""Saída de leito carroçável"";""Com Vítimas Feridas"";""Pleno dia"";""Decrescente"";""Chuva"";""Simples"";""Curva"";""Não"";465415;""Automóvel"";""I/JAC J2 1.4"";2013;""Condutor"";""Lesões Leves"";42;""Feminino"";0;1;0;0;-26",38369074;-49,"32175219;""SR-SC"";""DEL8/6"";""UOP03/SC""",
"260875;582867;2020-01-04;""sábado"";""20:00:00"";""ES"";101;360","9;""ANCHIETA"";""Sim"";""Velocidade Incompatível"";1;""Tombamento"";""Com Vítimas Feridas"";""Plena Noite"";""Crescente"";""Chuva"";""Simples"";""Curva"";""Não"";465535;""Caminhão-trator"";""SCANIA/G 420 A4X2"";2010;""Condutor"";""Lesões Leves"";43;""Masculino"";0;1;0;0;-20",7043621;-40,"71735486;""SR-ES"";""DEL12/3"";""UOP01/ES"""
"260875;NA;2020-01-04;""sábado"";""20:00:00"";""ES"";101;360","9;""ANCHIETA"";""Sim"";""Velocidade Incompatível"";1;""Tombamento"";""Com Vítimas Feridas"";""Plena Noite"";""Crescente"";""Chuva"";""Simples"";""Curva"";""Não"";467002;""Semireboque"";""SR/IBIPORA SR3E FRIG"";2008;""Não Informado"";""Não Informado"";NA;""Não Informado"";0;0;0;0;-20",7043621;-40,"71735486;""SR-ES"";""DEL12/3"";""UOP01/ES"""
"260877;580360;2020-01-04;""sábado"";""11:13:00"";""MT"";174;445;""NOVA LACERDA"";""Sim"";""Fenômenos da Natureza"";1;""Colisão com objeto estático"";""Sem Vítimas"";""Pleno dia"";""Crescente"";""Chuva"";""Simples"";""Reta"";""Não"";465419;""Caminhonete"";""CHEVROLET/S10 LTZ DD4A"";2018;""Condutor"";""Ileso"";63;""Masculino"";1;0;0;0;-14",01723092;-59,"74997526;""SR-MT"";""DEL2/7"";""UOP01/MT""",
"260878;584026;2020-01-04;""sábado"";""15:30:00"";""MG"";116;508","9;""UBAPORANGA"";""Sim"";""Defeito Mecânico no Veículo"";1;""Colisão traseira"";""Com Vítimas Feridas"";""Pleno dia"";""Crescente"";""Céu Claro"";""Simples"";""Reta"";""Sim"";467921;""Automóvel"";"""";NA;""Condutor"";""Ileso"";NA;""Masculino"";1;0;0;0;-19",62776197;-42,"10624519;""SR-MG"";""DEL4/6"";""UOP02/MG"""
"260878;584028;2020-01-04;""sábado"";""15:30:00"";""MG"";116;508","9;""UBAPORANGA"";""Sim"";""Defeito Mecânico no Veículo"";1;""Colisão traseira"";""Com Vítimas Feridas"";""Pleno dia"";""Crescente"";""Céu Claro"";""Simples"";""Reta"";""Sim"";465423;""Automóvel"";""I/NISSAN SENTRA UNIQUE"";2015;""Passageiro"";""Lesões Leves"";81;""Masculino"";0;1;0;0;-19",62776197;-42,"10624519;""SR-MG"";""DEL4/6"";""UOP02/MG"""
"260878;584025;2020-01-04;""sábado"";""15:30:00"";""MG"";116;508","9;""UBAPORANGA"";""Sim"";""Defeito Mecânico no Veículo"";1;""Colisão traseira"";""Com Vítimas Feridas"";""Pleno dia"";""Crescente"";""Céu Claro"";""Simples"";""Reta"";""Sim"";465423;""Automóvel"";""I/NISSAN SENTRA UNIQUE"";2015;""Condutor"";""Ileso"";48;""Masculino"";1;0;0;0;-19",62776197;-42,"10624519;""SR-MG"";""DEL4/6"";""UOP02/MG"""
"260878;584023;2020-01-04;""sábado"";""15:30:00"";""MG"";116;508","9;""UBAPORANGA"";""Sim"";""Defeito Mecânico no Veículo"";1;""Colisão traseira"";""Com Vítimas Feridas"";""Pleno dia"";""Crescente"";""Céu Claro"";""Simples"";""Reta"";""Sim"";465422;""Caminhão"";""FORD/F4000"";1992;""Condutor"";""Ileso"";60;""Masculino"";1;0;0;0;-19",62776197;-42,"10624519;""SR-MG"";""DEL4/6"";""UOP02/MG"""
"260878;584027;2020-01-04;""sábado"";""15:30:00"";""MG"";116;508","9;""UBAPORANGA"";""Sim"";""Defeito Mecânico no Veículo"";1;""Colisão traseira"";""Com Vítimas Feridas"";""Pleno dia"";""Crescente"";""Céu Claro"";""Simples"";""Reta"";""Sim"";467922;""Caminhão"";"""";NA;""Condutor"";""Ileso"";NA;""Masculino"";1;0;0;0;-19",62776197;-42,"10624519;""SR-MG"";""DEL4/6"";""UOP02/MG"""
"260879;582108;2020-01-04;""sábado"";""15:00:00"";""SC"";280;91;""CORUPA"";""Sim"";""Pista Escorregadia"";1;""Tombamento"";""Com Vítimas Feridas"";""Pleno dia"";""Decrescente"";""Chuva"";""Simples"";""Curva"";""Não"";465452;""Automóvel"";""GM/CORSA HATCH MAXX"";2011;""Condutor"";""Lesões Leves"";67;""Feminino"";0;1;0;0;-26",40198057;-49,"29053774;""SR-SC"";""DEL8/6"";""UOP03/SC""",
"260880;580451;2020-01-04;""sábado"";""20:40:00"";""PE"";101;65","5;""RECIFE"";""Sim"";""Falta de Atenção à Condução"";1;""Colisão transversal"";""Com Vítimas Feridas"";""Plena Noite"";""Crescente"";""Céu Claro"";""Dupla"";""Reta"";""Sim"";465437;""Automóvel"";""FIAT/SIENA EL 1.4 FLEX"";2013;""Condutor"";""Ileso"";34;""Masculino"";1;0;0;0;-8",02478597;-34,"94276635;""SR-PE"";""DEL11/1"";""UOP01/PE"""
"260880;580518;2020-01-04;""sábado"";""20:40:00"";""PE"";101;65","5;""RECIFE"";""Sim"";""Falta de Atenção à Condução"";1;""Colisão transversal"";""Com Vítimas Feridas"";""Plena Noite"";""Crescente"";""Céu Claro"";""Dupla"";""Reta"";""Sim"";465536;""Bicicleta"";"""";NA;""Condutor"";""Lesões Leves"";NA;""Masculino"";0;1;0;0;-8",02478597;-34,"94276635;""SR-PE"";""DEL11/1"";""UOP01/PE"""
"260881;581952;2020-01-04;""sábado"";""20:40:00"";""BA"";116;441","9;""FEIRA DE SANTANA"";""Sim"";""Velocidade Incompatível"";2;""Capotamento"";""Com Vítimas Feridas"";""Plena Noite"";""Crescente"";""Chuva"";""Dupla"";""Curva"";""Não"";465458;""Automóvel"";""PEUGEOT/208 GRIFFE A"";2014;""Condutor"";""Lesões Leves"";29;""Masculino"";0;1;0;0;-12",33163605;-39,"06586497;""SR-BA"";""DEL10/2"";""UOP01/BA"""
"260881;581952;2020-01-04;""sábado"";""20:40:00"";""BA"";116;441","9;""FEIRA DE SANTANA"";""Sim"";""Velocidade Incompatível"";1;""Saída de leito carroçável"";""Com Vítimas Feridas"";""Plena Noite"";""Crescente"";""Chuva"";""Dupla"";""Curva"";""Não"";465458;""Automóvel"";""PEUGEOT/208 GRIFFE A"";2014;""Condutor"";""Lesões Leves"";29;""Masculino"";0;1;0;0;-12",33163605;-39,"06586497;""SR-BA"";""DEL10/2"";""UOP01/BA"""