"id;""pesid"";""data_inversa"";""dia_semana"";""horario"";""uf"";""br"";""km"";""municipio"";""causa_principal"";""causa_acidente"";""ordem_tipo_acidente"";""tipo_acidente"";""classificacao_acidente"";""fase_dia"";""sentido_via"";""condicao_metereologica"";""tipo_pista"";""tracado_via"";""uso_solo"";""id_veiculo"";""tipo_veiculo"";""marca"";""ano_fabricacao_veiculo"";""tipo_envolvido"";""estado_fisico"";""idade"";""sexo"";""ilesos"";""feridos_leves"";""feridos_graves"";""mortos"";""latitude"";""longitude"";""regional"";""delegacia"";""uop""",,,
"260907;582116;2020-01-04;""sábado"";""20:30:00"";""PR"";153;95","5;""JAPIRA"";""Sim"";""Velocidade Incompatível"";1;""Colisão com objeto estático"";""Sem Vítimas"";""Plena Noite"";""Decrescente"";""Chuva"";""Simples"";""Curva"";""Não"";465487;""Caminhonete"";""CHEVROLET/S10 LT DD4A"";2014;""Condutor"";""Ileso"";54;""Masculino"";1;0;0;0;-23",73015023;-50,"17832875;""SR-PR"";""DEL7/7"";""UOP07/PR"""
"260907;582116;2020-01-04;""sábado"";""20:30:00"";""PR"";153;95","5;""JAPIRA"";""Sim"";""Velocidade Incompatível"";2;""Saída de leito carroçável"";""Sem Vítimas"";""Plena Noite"";""Decrescente"";""Chuva"";""Simples"";""Curva"";""Não"";465487;""Caminhonete"";""CHEVROLET/S10 LT DD4A"";2014;""Condutor"";""Ileso"";54;""Masculino"";1;0;0;0;-23",73015023;-50,"17832875;""SR-PR"";""DEL7/7"";""UOP07/PR"""
"260907;582116;2020-01-04;""sábado"";""20:30:00"";""PR"";153;95","5;""JAPIRA"";""Não"";""Fenômenos da Natureza"";1;""Colisão com objeto estático"";""Sem Vítimas"";""Plena Noite"";""Decrescente"";""Chuva"";""Simples"";""Curva"";""Não"";465487;""Caminhonete"";""CHEVROLET/S10 LT DD4A"";2014;""Condutor"";""Ileso"";54;""Masculino"";1;0;0;0;-23",73015023;-50,"17832875;""SR-PR"";""DEL7/7"";""UOP07/PR"""
"260907;582116;2020-01-04;""sábado"";""20:30:00"";""PR"";153;95","5;""JAPIRA"";""Não"";""Fenômenos da Natureza"";2;""Saída de leito carroçável"";""Sem Vítimas"";""Plena Noite"";""Decrescente"";""Chuva"";""Simples"";""Curva"";""Não"";465487;""Caminhonete"";""CHEVROLET/S10 LT DD4A"";2014;""Condutor"";""Ileso"";54;""Masculino"";1;0;0;0;-23",73015023;-50,"17832875;""SR-PR"";""DEL7/7"";""UOP07/PR"""
"260908;580481;2020-01-05;""domingo"";""00:30:00"";""BA"";101;718;""EUNAPOLIS"";""Sim"";""Ingestão de Álcool"";1;""Colisão lateral"";""Sem Vítimas"";""Plena Noite"";""Crescente"";""Nublado"";""Dupla"";""Reta"";""Sim"";465512;""Automóvel"";""I/VW JETTA TL AF"";2016;""Condutor"";""Ileso"";38;""Masculino"";1;0;0;0;-16",37450885;-39,"58089005;""SR-BA"";""DEL10/9"";""UOP01/BA""",
"260908;580479;2020-01-05;""domingo"";""00:30:00"";""BA"";101;718;""EUNAPOLIS"";""Sim"";""Ingestão de Álcool"";1;""Colisão lateral"";""Sem Vítimas"";""Plena Noite"";""Crescente"";""Nublado"";""Dupla"";""Reta"";""Sim"";465511;""Automóvel"";""NISSAN/MARCH 16SL"";2015;""Condutor"";""Ileso"";30;""Feminino"";1;0;0;0;-16",37450885;-39,"58089005;""SR-BA"";""DEL10/9"";""UOP01/BA""",
"260909;582127;2020-01-04;""sábado"";""23:50:00"";""RN"";101;97","7;""NATAL"";""Sim"";""Falta de Atenção à Condução"";1;""Tombamento"";""Com Vítimas Feridas"";""Plena Noite"";""Crescente"";""Céu Claro"";""Múltipla"";""Reta"";""Sim"";465506;""Motocicleta"";""HONDA/CG 125 FAN KS"";2013;""Passageiro"";""Lesões Graves"";47;""Masculino"";0;0;1;0;-5",86311303;-35,"21569848;""SR-RN"";""DEL15/1"";""UOP01/RN"""
"260909;580468;2020-01-04;""sábado"";""23:50:00"";""RN"";101;97","7;""NATAL"";""Sim"";""Falta de Atenção à Condução"";1;""Tombamento"";""Com Vítimas Feridas"";""Plena Noite"";""Crescente"";""Céu Claro"";""Múltipla"";""Reta"";""Sim"";465506;""Motocicleta"";""HONDA/CG 125 FAN KS"";2013;""Condutor"";""Lesões Leves"";38;""Masculino"";0;1;0;0;-5",86311303;-35,"21569848;""SR-RN"";""DEL15/1"";""UOP01/RN"""
"260910;581961;2020-01-04;""sábado"";""22:30:00"";""RO"";364;343;""JI-PARANA"";""Não"";""Falta de Atenção à Condução"";1;""Saída de leito carroçável"";""Sem Vítimas"";""Plena Noite"";""Crescente"";""Nublado"";""Dupla"";""Reta"";""Sim"";465483;""Automóvel"";""GM/CORSA SUPER"";1996;""Condutor"";""Não Informado"";NA;""Não Informado"";0;0;0;0;-10",87878519;-61,"94499012;""SR-RO"";""DEL21/2"";""UOP01/RO""",
"260910;581961;2020-01-04;""sábado"";""22:30:00"";""RO"";364;343;""JI-PARANA"";""Sim"";""Velocidade Incompatível"";1;""Saída de leito carroçável"";""Sem Vítimas"";""Plena Noite"";""Crescente"";""Nublado"";""Dupla"";""Reta"";""Sim"";465483;""Automóvel"";""GM/CORSA SUPER"";1996;""Condutor"";""Não Informado"";NA;""Não Informado"";0;0;0;0;-10",87878519;-61,"94499012;""SR-RO"";""DEL21/2"";""UOP01/RO""",
"260911;580464;2020-01-05;""domingo"";""01:00:00"";""MG"";381;509;""SAO JOAQUIM DE BICAS"";""Sim"";""Falta de Atenção à Condução"";1;""Colisão com objeto estático"";""Sem Vítimas"";""Plena Noite"";""Decrescente"";""Nublado"";""Dupla"";""Reta"";""Sim"";465495;""Automóvel"";""FIAT/STILO BLACKMOTION"";2009;""Condutor"";""Não Informado"";NA;""Não Informado"";0;0;0;0;-20",07008;-44,"298819;""SR-MG"";""DEL4/1"";""UOP03/MG""",
"260912;582580;2020-01-05;""domingo"";""01:30:00"";""PR"";153;44","9;""SANTO ANTONIO DA PLATINA"";""Sim"";""Animais na Pista"";1;""Atropelamento de Animal"";""Com Vítimas Feridas"";""Plena Noite"";""Decrescente"";""Céu Claro"";""Simples"";""Reta"";""Não"";465544;""Motocicleta"";""HONDA/CG 125 FAN KS"";2010;""Condutor"";""Lesões Leves"";24;""Masculino"";0;1;0;0;-23",33982022;-50,"067873;""SR-PR"";""DEL7/7"";""UOP07/PR"""
"260913;581283;2020-01-04;""sábado"";""19:30:00"";""MG"";381;726","8;""CARMO DA CACHOEIRA"";""Sim"";""Falta de Atenção à Condução"";1;""Colisão traseira"";""Com Vítimas Feridas"";""Plena Noite"";""Decrescente"";""Chuva"";""Dupla"";""Curva"";""Não"";465972;""Bicicleta"";"""";NA;""Condutor"";""Lesões Leves"";29;""Masculino"";0;1;0;0;-21",47819002;-45,"20133734;""SR-MG"";""DEL4/4"";""UOP02/MG"""
"260913;581281;2020-01-04;""sábado"";""19:30:00"";""MG"";381;726","8;""CARMO DA CACHOEIRA"";""Sim"";""Falta de Atenção à Condução"";1;""Colisão traseira"";""Com Vítimas Feridas"";""Plena Noite"";""Decrescente"";""Chuva"";""Dupla"";""Curva"";""Não"";465490;""Automóvel"";""CHEVROLET/ONIX 1.4MT LTZ"";2018;""Condutor"";""Ileso"";46;""Masculino"";1;0;0;0;-21",47819002;-45,"20133734;""SR-MG"";""DEL4/4"";""UOP02/MG"""
"260914;580475;2020-01-05;""domingo"";""00:35:00"";""SC"";101;21;""JOINVILLE"";""Sim"";""Falta de Atenção do Pedestre"";1;""Atropelamento de Pedestre"";""Com Vítimas Fatais"";""Plena Noite"";""Decrescente"";""Chuva"";""Dupla"";""Curva"";""Não"";465491;""Automóvel"";"""";NA;""Condutor"";""Não Informado"";NA;""Não Informado"";0;0;0;0;-26",13376586;-48,"89661416;""SR-SC"";""DEL8/3"";""UOP01/SC""",
"260914;580453;2020-01-05;""domingo"";""00:35:00"";""SC"";101;21;""JOINVILLE"";""Sim"";""Falta de Atenção do Pedestre"";1;""Atropelamento de Pedestre"";""Com Vítimas Fatais"";""Plena Noite"";""Decrescente"";""Chuva"";""Dupla"";""Curva"";""Não"";465491;""Automóvel"";"""";NA;""Pedestre"";""Óbito"";NA;""Masculino"";0;0;0;1;-26",13376586;-48,"89661416;""SR-SC"";""DEL8/3"";""UOP01/SC""",
"260915;580463;2020-01-05;""domingo"";""01:00:00"";""PB"";104;129","4;""CAMPINA GRANDE"";""Sim"";""Falta de Atenção à Condução"";1;""Colisão com objeto estático"";""Com Vítimas Fatais"";""Plena Noite"";""Crescente"";""Céu Claro"";""Simples"";""Reta"";""Sim"";465499;""Ciclomotor"";""I/WUYANG WY48Q-2"";2013;""Condutor"";""Óbito"";34;""Masculino"";0;0;0;1;-7",28120589;-35,"88915693;""SR-PB"";""DEL14/2"";""UOP01/PB"""
"260915;580463;2020-01-05;""domingo"";""01:00:00"";""PB"";104;129","4;""CAMPINA GRANDE"";""Não"";""Velocidade Incompatível"";1;""Colisão com objeto estático"";""Com Vítimas Fatais"";""Plena Noite"";""Crescente"";""Céu Claro"";""Simples"";""Reta"";""Sim"";465499;""Ciclomotor"";""I/WUYANG WY48Q-2"";2013;""Condutor"";""Óbito"";34;""Masculino"";0;0;0;1;-7",28120589;-35,"88915693;""SR-PB"";""DEL14/2"";""UOP01/PB"""
"260916;580473;2020-01-05;""domingo"";""01:40:00"";""GO"";20;88","5;""VILA BOA"";""Sim"";""Pista Escorregadia"";1;""Saída de leito carroçável"";""Com Vítimas Feridas"";""Plena Noite"";""Crescente"";""Chuva"";""Simples"";""Reta"";""Não"";465508;""Ônibus"";""VW/COMIL PIA O"";2005;""Passageiro"";""Ileso"";24;""Masculino"";1;0;0;0;-15",035155;-47,"056973;""SR-DF"";""UOP01/DEL02/DF"";"""""
"260916;580470;2020-01-05;""domingo"";""01:40:00"";""GO"";20;88","5;""VILA BOA"";""Sim"";""Pista Escorregadia"";1;""Saída de leito carroçável"";""Com Vítimas Feridas"";""Plena Noite"";""Crescente"";""Chuva"";""Simples"";""Reta"";""Não"";465508;""Ônibus"";""VW/COMIL PIA O"";2005;""Condutor"";""Lesões Leves"";38;""Masculino"";0;1;0;0;-15",035155;-47,"056973;""SR-DF"";""UOP01/DEL02/DF"";"""""
"260916;580473;2020-01-05;""domingo"";""01:40:00"";""GO"";20;88","5;""VILA BOA"";""Sim"";""Pista Escorregadia"";2;""Tombamento"";""Com Vítimas Feridas"";""Plena Noite"";""Crescente"";""Chuva"";""Simples"";""Reta"";""Não"";465508;""Ônibus"";""VW/COMIL PIA O"";2005;""Passageiro"";""Ileso"";24;""Masculino"";1;0;0;0;-15",035155;-47,"056973;""SR-DF"";""UOP01/DEL02/DF"";"""""
"260916;580470;2020-01-05;""domingo"";""01:40:00"";""GO"";20;88","5;""VILA BOA"";""Sim"";""Pista Escorregadia"";2;""Tombamento"";""Com Vítimas Feridas"";""Plena Noite"";""Crescente"";""Chuva"";""Simples"";""Reta"";""Não"";465508;""Ônibus"";""VW/COMIL PIA O"";2005;""Condutor"";""Lesões Leves"";38;""Masculino"";0;1;0;0;-15",035155;-47,"056973;""SR-DF"";""UOP01/DEL02/DF"";"""""
"260918;580476;2020-01-05;""domingo"";""02:00:00"";""RJ"";101;334;""RIO DE JANEIRO"";""Sim"";""Falta de Atenção à Condução"";1;""Colisão com objeto estático"";""Com Vítimas Feridas"";""Plena Noite"";""Decrescente"";""Chuva"";""Simples"";""Não Informado"";""Não"";465492;""Automóvel"";""I/NISSAN MARCH 10 FLEX"";2012;""Condutor"";""Lesões Leves"";32;""Feminino"";0;1;0;0;-22",88517902;-43,"21704364;""SR-RJ"";""DEL5/2"";""UOP01/RJ""",
"260920;583054;2020-01-05;""domingo"";""02:50:00"";""SP"";116;269;""TABOAO DA SERRA"";""Sim"";""Falta de Atenção à Condução"";1;""Colisão transversal"";""Com Vítimas Feridas"";""Plena Noite"";""Decrescente"";""Céu Claro"";""Dupla"";""Reta"";""Não"";465541;""Motocicleta"";""HONDA/CG 150 TITAN ESD"";2007;""Condutor"";""Lesões Graves"";32;""Masculino"";0;0;1;0;-23",61799728;-46,"79677694;""SR-SP"";""DEL6/4"";""UOP01/SP""",
"260920;583052;2020-01-05;""domingo"";""02:50:00"";""SP"";116;269;""TABOAO DA SERRA"";""Sim"";""Falta de Atenção à Condução"";1;""Colisão transversal"";""Com Vítimas Feridas"";""Plena Noite"";""Decrescente"";""Céu Claro"";""Dupla"";""Reta"";""Não"";465540;""Automóvel"";""RENAULT/LOGAN AUTH 10"";2019;""Condutor"";""Ileso"";28;""Masculino"";1;0;0;0;-23",61799728;-46,"79677694;""SR-SP"";""DEL6/4"";""UOP01/SP""",
"260921;583347;2020-01-05;""domingo"";""01:00:00"";""RO"";364;420","6;""JARU"";""Sim"";""Condutor Dormindo"";1;""Saída de leito carroçável"";""Com Vítimas Feridas"";""Plena Noite"";""Crescente"";""Céu Claro"";""Simples"";""Reta"";""Não"";466345;""Caminhão"";""M.BENZ/L 1618"";1989;""Passageiro"";""Lesões Graves"";32;""Masculino"";0;0;1;0;-10",47470369;-62,"44575957;""SR-RO"";""DEL21/3"";""UOP02/RO"""
"260921;583345;2020-01-05;""domingo"";""01:00:00"";""RO"";364;420","6;""JARU"";""Sim"";""Condutor Dormindo"";1;""Saída de leito carroçável"";""Com Vítimas Feridas"";""Plena Noite"";""Crescente"";""Céu Claro"";""Simples"";""Reta"";""Não"";466345;""Caminhão"";""M.BENZ/L 1618"";1989;""Condutor"";""Lesões Graves"";20;""Masculino"";0;0;1;0;-10",47470369;-62,"44575957;""SR-RO"";""DEL21/3"";""UOP02/RO"""
"260922;582215;2020-01-04;""sábado"";""10:20:00"";""SP"";116;511;""CAJATI"";""Sim"";""Falta de Atenção à Condução"";1;""Colisão com objeto estático"";""Sem Vítimas"";""Pleno dia"";""Decrescente"";""Chuva"";""Dupla"";""Curva"";""Não"";465500;""Caminhão-trator"";""FORD/CARGO 1933 BTL"";2016;""Condutor"";""Ileso"";40;""Masculino"";1;0;0;0;-24",83558399;-48,"2223738;""SR-SP"";""DEL6/5"";""UOP03/SP""",
"260922;NA;2020-01-04;""sábado"";""10:20:00"";""SP"";116;511;""CAJATI"";""Sim"";""Falta de Atenção à Condução"";1;""Colisão com objeto estático"";""Sem Vítimas"";""Pleno dia"";""Decrescente"";""Chuva"";""Dupla"";""Curva"";""Não"";466604;""Semireboque"";""SR/RANDON SRFG CG"";2007;""Não Informado"";""Não Informado"";NA;""Não Informado"";0;0;0;0;-24",83558399;-48,"2223738;""SR-SP"";""DEL6/5"";""UOP03/SP""",
"260922;582215;2020-01-04;""sábado"";""10:20:00"";""SP"";116;511;""CAJATI"";""Não"";""Velocidade Incompatível"";1;""Colisão com objeto estático"";""Sem Vítimas"";""Pleno dia"";""Decrescente"";""Chuva"";""Dupla"";""Curva"";""Não"";465500;""Caminhão-trator"";""FORD/CARGO 1933 BTL"";2016;""Condutor"";""Ileso"";40;""Masculino"";1;0;0;0;-24",83558399;-48,"2223738;""SR-SP"";""DEL6/5"";""UOP03/SP""",
"260922;NA;2020-01-04;""sábado"";""10:20:00"";""SP"";116;511;""CAJATI"";""Não"";""Velocidade Incompatível"";1;""Colisão com objeto estático"";""Sem Vítimas"";""Pleno dia"";""Decrescente"";""Chuva"";""Dupla"";""Curva"";""Não"";466604;""Semireboque"";""SR/RANDON SRFG CG"";2007;""Não Informado"";""Não Informado"";NA;""Não Informado"";0;0;0;0;-24",83558399;-48,"2223738;""SR-SP"";""DEL6/5"";""UOP03/SP""",
"260923;580466;2020-01-05;""domingo"";""04:00:00"";""RS"";116;242","8;""SAO LEOPOLDO"";""Sim"";""Falta de Atenção à Condução"";1;""Colisão com objeto estático"";""Sem Vítimas"";""Plena Noite"";""Crescente"";""Céu Claro"";""Dupla"";""Retorno Regulamentado"";""Sim"";465501;""Automóvel"";""FIAT/PUNTO ATTRACTIVE"";2011;""Condutor"";""Ileso"";37;""Masculino"";1;0;0;0;-29",7300422;-51,"14957571;""SR-RS"";""DEL9/1"";""UOP02/RS"""
"260924;580474;2020-01-04;""sábado"";""14:00:00"";""GO"";20;88","5;""VILA BOA"";""Sim"";""Falta de Atenção à Condução"";1;""Tombamento"";""Sem Vítimas"";""Pleno dia"";""Decrescente"";""Chuva"";""Simples"";""Reta"";""Não"";465507;""Ônibus"";""SCANIA/MPOLO VIAGGIO GVR"";1998;""Condutor"";""Não Informado"";NA;""Não Informado"";0;0;0;0;-15",035155;-47,"056973;""SR-DF"";""UOP01/DEL02/DF"";"""""
"260925;580562;2020-01-04;""sábado"";""22:05:00"";""BA"";324;385;""GAVIAO"";""Sim"";""Velocidade Incompatível"";1;""Colisão transversal"";""Com Vítimas Feridas"";""Plena Noite"";""Crescente"";""Chuva"";""Simples"";""Reta"";""Não"";465503;""Caminhão-trator"";""VOLVO/FH12 380 4X2 T"";2001;""Condutor"";""Ileso"";31;""Masculino"";1;0;0;0;-11",48858977;-39,"75706888;""SR-BA"";""DEL10/4"";""UOP02/BA""",
"260925;580620;2020-01-04;""sábado"";""22:05:00"";""BA"";324;385;""GAVIAO"";""Sim"";""Velocidade Incompatível"";1;""Colisão transversal"";""Com Vítimas Feridas"";""Plena Noite"";""Crescente"";""Chuva"";""Simples"";""Reta"";""Não"";465502;""Caminhão"";""VW/24.250 CNC 6X2"";2011;""Condutor"";""Lesões Leves"";36;""Masculino"";0;1;0;0;-11",48858977;-39,"75706888;""SR-BA"";""DEL10/4"";""UOP02/BA""",
"260925;NA;2020-01-04;""sábado"";""22:05:00"";""BA"";324;385;""GAVIAO"";""Sim"";""Velocidade Incompatível"";1;""Colisão transversal"";""Com Vítimas Feridas"";""Plena Noite"";""Crescente"";""Chuva"";""Simples"";""Reta"";""Não"";465565;""Semireboque"";""SR/RANDONSP SRFG LO"";2011;""Não Informado"";""Não Informado"";NA;""Não Informado"";0;0;0;0;-11",48858977;-39,"75706888;""SR-BA"";""DEL10/4"";""UOP02/BA""",
"260925;580562;2020-01-04;""sábado"";""22:05:00"";""BA"";324;385;""GAVIAO"";""Não"";""Pista Escorregadia"";1;""Colisão transversal"";""Com Vítimas Feridas"";""Plena Noite"";""Crescente"";""Chuva"";""Simples"";""Reta"";""Não"";465503;""Caminhão-trator"";""VOLVO/FH12 380 4X2 T"";2001;""Condutor"";""Ileso"";31;""Masculino"";1;0;0;0;-11",48858977;-39,"75706888;""SR-BA"";""DEL10/4"";""UOP02/BA""",
"260925;580620;2020-01-04;""sábado"";""22:05:00"";""BA"";324;385;""GAVIAO"";""Não"";""Pista Escorregadia"";1;""Colisão transversal"";""Com Vítimas Feridas"";""Plena Noite"";""Crescente"";""Chuva"";""Simples"";""Reta"";""Não"";465502;""Caminhão"";""VW/24.250 CNC 6X2"";2011;""Condutor"";""Lesões Leves"";36;""Masculino"";0;1;0;0;-11",48858977;-39,"75706888;""SR-BA"";""DEL10/4"";""UOP02/BA""",
"260925;NA;2020-01-04;""sábado"";""22:05:00"";""BA"";324;385;""GAVIAO"";""Não"";""Pista Escorregadia"";1;""Colisão transversal"";""Com Vítimas Feridas"";""Plena Noite"";""Crescente"";""Chuva"";""Simples"";""Reta"";""Não"";465565;""Semireboque"";""SR/RANDONSP SRFG LO"";2011;""Não Informado"";""Não Informado"";NA;""Não Informado"";0;0;0;0;-11",48858977;-39,"75706888;""SR-BA"";""DEL10/4"";""UOP02/BA""",
"260927;580503;2020-01-05;""domingo"";""03:30:00"";""MG"";251;512","7;""MONTES CLAROS"";""Sim"";""Pista Escorregadia"";1;""Colisão com objeto estático"";""Com Vítimas Feridas"";""Plena Noite"";""Crescente"";""Garoa/Chuvisco"";""Simples"";""Reta"";""Não"";465524;""Caminhão-trator"";""M.BENZ/AXOR 2036 S"";2013;""Condutor"";""Lesões Leves"";35;""Masculino"";0;1;0;0;-16",6553239;-43,"71906108;""SR-MG"";""DEL4/12"";""UOP01/MG"""
"260927;NA;2020-01-05;""domingo"";""03:30:00"";""MG"";251;512","7;""MONTES CLAROS"";""Sim"";""Pista Escorregadia"";1;""Colisão com objeto estático"";""Com Vítimas Feridas"";""Plena Noite"";""Crescente"";""Garoa/Chuvisco"";""Simples"";""Reta"";""Não"";465532;""Semireboque"";""SR/GUERRA AG FG"";2011;""Não Informado"";""Não Informado"";NA;""Não Informado"";0;0;0;0;-16",6553239;-43,"71906108;""SR-MG"";""DEL4/12"";""UOP01/MG"""
"260927;580503;2020-01-05;""domingo"";""03:30:00"";""MG"";251;512","7;""MONTES CLAROS"";""Não"";""Velocidade Incompatível"";1;""Colisão com objeto estático"";""Com Vítimas Feridas"";""Plena Noite"";""Crescente"";""Garoa/Chuvisco"";""Simples"";""Reta"";""Não"";465524;""Caminhão-trator"";""M.BENZ/AXOR 2036 S"";2013;""Condutor"";""Lesões Leves"";35;""Masculino"";0;1;0;0;-16",6553239;-43,"71906108;""SR-MG"";""DEL4/12"";""UOP01/MG"""
"260927;NA;2020-01-05;""domingo"";""03:30:00"";""MG"";251;512","7;""MONTES CLAROS"";""Não"";""Velocidade Incompatível"";1;""Colisão com objeto estático"";""Com Vítimas Feridas"";""Plena Noite"";""Crescente"";""Garoa/Chuvisco"";""Simples"";""Reta"";""Não"";465532;""Semireboque"";""SR/GUERRA AG FG"";2011;""Não Informado"";""Não Informado"";NA;""Não Informado"";0;0;0;0;-16",6553239;-43,"71906108;""SR-MG"";""DEL4/12"";""UOP01/MG"""
"260928;582089;2020-01-04;""sábado"";""15:50:00"";""RN"";304;74","8;""MOSSORO"";""Sim"";""Falta de Atenção à Condução"";4;""Danos eventuais"";""Com Vítimas Feridas"";""Pleno dia"";""Crescente"";""Céu Claro"";""Simples"";""Reta"";""Não"";465510;""Caminhão"";""M.BENZ/ATEGO 3030 CE"";2018;""Condutor"";""Ileso"";32;""Masculino"";1;0;0;0;-5",43028812;-37,"20332515;""SR-RN"";""DEL15/4"";""UOP01/RN"""
"260928;580488;2020-01-04;""sábado"";""15:50:00"";""RN"";304;74","8;""MOSSORO"";""Sim"";""Falta de Atenção à Condução"";4;""Danos eventuais"";""Com Vítimas Feridas"";""Pleno dia"";""Crescente"";""Céu Claro"";""Simples"";""Reta"";""Não"";465520;""Bicicleta"";"""";NA;""Condutor"";""Lesões Leves"";54;""Masculino"";0;1;0;0;-5",43028812;-37,"20332515;""SR-RN"";""DEL15/4"";""UOP01/RN"""
"260928;580483;2020-01-04;""sábado"";""15:50:00"";""RN"";304;74","8;""MOSSORO"";""Sim"";""Falta de Atenção à Condução"";4;""Danos eventuais"";""Com Vítimas Feridas"";""Pleno dia"";""Crescente"";""Céu Claro"";""Simples"";""Reta"";""Não"";465517;""Bicicleta"";"""";NA;""Condutor"";""Lesões Graves"";50;""Masculino"";0;0;1;0;-5",43028812;-37,"20332515;""SR-RN"";""DEL15/4"";""UOP01/RN"""
"260928;582089;2020-01-04;""sábado"";""15:50:00"";""RN"";304;74","8;""MOSSORO"";""Sim"";""Falta de Atenção à Condução"";1;""Tombamento"";""Com Vítimas Feridas"";""Pleno dia"";""Crescente"";""Céu Claro"";""Simples"";""Reta"";""Não"";465510;""Caminhão"";""M.BENZ/ATEGO 3030 CE"";2018;""Condutor"";""Ileso"";32;""Masculino"";1;0;0;0;-5",43028812;-37,"20332515;""SR-RN"";""DEL15/4"";""UOP01/RN"""
"260928;580488;2020-01-04;""sábado"";""15:50:00"";""RN"";304;74","8;""MOSSORO"";""Sim"";""Falta de Atenção à Condução"";1;""Tombamento"";""Com Vítimas Feridas"";""Pleno dia"";""Crescente"";""Céu Claro"";""Simples"";""Reta"";""Não"";465520;""Bicicleta"";"""";NA;""Condutor"";""Lesões Leves"";54;""Masculino"";0;1;0;0;-5",43028812;-37,"20332515;""SR-RN"";""DEL15/4"";""UOP01/RN"""
"260928;580483;2020-01-04;""sábado"";""15:50:00"";""RN"";304;74","8;""MOSSORO"";""Sim"";""Falta de Atenção à Condução"";1;""Tombamento"";""Com Vítimas Feridas"";""Pleno dia"";""Crescente"";""Céu Claro"";""Simples"";""Reta"";""Não"";465517;""Bicicleta"";"""";NA;""Condutor"";""Lesões Graves"";50;""Masculino"";0;0;1;0;-5",43028812;-37,"20332515;""SR-RN"";""DEL15/4"";""UOP01/RN"""
"260928;582089;2020-01-04;""sábado"";""15:50:00"";""RN"";304;74","8;""MOSSORO"";""Sim"";""Falta de Atenção à Condução"";3;""Queda de ocupante de veículo"";""Com Vítimas Feridas"";""Pleno dia"";""Crescente"";""Céu Claro"";""Simples"";""Reta"";""Não"";465510;""Caminhão"";""M.BENZ/ATEGO 3030 CE"";2018;""Condutor"";""Ileso"";32;""Masculino"";1;0;0;0;-5",43028812;-37,"20332515;""SR-RN"";""DEL15/4"";""UOP01/RN"""
"260928;580488;2020-01-04;""sábado"";""15:50:00"";""RN"";304;74","8;""MOSSORO"";""Sim"";""Falta de Atenção à Condução"";3;""Queda de ocupante de veículo"";""Com Vítimas Feridas"";""Pleno dia"";""Crescente"";""Céu Claro"";""Simples"";""Reta"";""Não"";465520;""Bicicleta"";"""";NA;""Condutor"";""Lesões Leves"";54;""Masculino"";0;1;0;0;-5",43028812;-37,"20332515;""SR-RN"";""DEL15/4"";""UOP01/RN"""
"260928;580483;2020-01-04;""sábado"";""15:50:00"";""RN"";304;74","8;""MOSSORO"";""Sim"";""Falta de Atenção à Condução"";3;""Queda de ocupante de veículo"";""Com Vítimas Feridas"";""Pleno dia"";""Crescente"";""Céu Claro"";""Simples"";""Reta"";""Não"";465517;""Bicicleta"";"""";NA;""Condutor"";""Lesões Graves"";50;""Masculino"";0;0;1;0;-5",43028812;-37,"20332515;""SR-RN"";""DEL15/4"";""UOP01/RN"""
"260928;582089;2020-01-04;""sábado"";""15:50:00"";""RN"";304;74","8;""MOSSORO"";""Sim"";""Falta de Atenção à Condução"";2;""Derramamento de carga"";""Com Vítimas Feridas"";""Pleno dia"";""Crescente"";""Céu Claro"";""Simples"";""Reta"";""Não"";465510;""Caminhão"";""M.BENZ/ATEGO 3030 CE"";2018;""Condutor"";""Ileso"";32;""Masculino"";1;0;0;0;-5",43028812;-37,"20332515;""SR-RN"";""DEL15/4"";""UOP01/RN"""
"260928;580488;2020-01-04;""sábado"";""15:50:00"";""RN"";304;74","8;""MOSSORO"";""Sim"";""Falta de Atenção à Condução"";2;""Derramamento de carga"";""Com Vítimas Feridas"";""Pleno dia"";""Crescente"";""Céu Claro"";""Simples"";""Reta"";""Não"";465520;""Bicicleta"";"""";NA;""Condutor"";""Lesões Leves"";54;""Masculino"";0;1;0;0;-5",43028812;-37,"20332515;""SR-RN"";""DEL15/4"";""UOP01/RN"""
"260928;580483;2020-01-04;""sábado"";""15:50:00"";""RN"";304;74","8;""MOSSORO"";""Sim"";""Falta de Atenção à Condução"";2;""Derramamento de carga"";""Com Vítimas Feridas"";""Pleno dia"";""Crescente"";""Céu Claro"";""Simples"";""Reta"";""Não"";465517;""Bicicleta"";"""";NA;""Condutor"";""Lesões Graves"";50;""Masculino"";0;0;1;0;-5",43028812;-37,"20332515;""SR-RN"";""DEL15/4"";""UOP01/RN"""
"260929;580471;2020-01-05;""domingo"";""02:30:00"";""MG"";50;30;""ARAGUARI"";""Sim"";""Desobediência às normas de trânsito pelo condutor"";2;""Capotamento"";""Sem Vítimas"";""Plena Noite"";""Decrescente"";""Nublado"";""Dupla"";""Não Informado"";""Não"";465509;""Automóvel"";""RENAULT/KWID ZEN 10MT"";2019;""Condutor"";""Ileso"";22;""Masculino"";1;0;0;0;-18",61550987;-48,"11660731;""SR-MG"";""DEL4/15"";""UOP02/MG""",