"id;""pesid"";""data_inversa"";""dia_semana"";""horario"";""uf"";""br"";""km"";""municipio"";""causa_principal"";""causa_acidente"";""ordem_tipo_acidente"";""tipo_acidente"";""classificacao_acidente"";""fase_dia"";""sentido_via"";""condicao_metereologica"";""tipo_pista"";""tracado_via"";""uso_solo"";""id_veiculo"";""tipo_veiculo"";""marca"";""ano_fabricacao_veiculo"";""tipo_envolvido"";""estado_fisico"";""idade"";""sexo"";""ilesos"";""feridos_leves"";""feridos_graves"";""mortos"";""latitude"";""longitude"";""regional"";""delegacia"";""uop""",,,
"260940;580889;2020-01-05;""domingo"";""06:30:00"";""TO"";153;789","1;""TALISMA"";""Sim"";""Pista Escorregadia"";2;""Tombamento"";""Com Vítimas Feridas"";""Pleno dia"";""Crescente"";""Chuva"";""Simples"";""Não Informado"";""Não"";465747;""Automóvel"";""VW/PARATI S"";1985;""Passageiro"";""Lesões Leves"";80;""Feminino"";0;1;0;0;-12",71914102;-49,"07691189;""SR-TO"";""UOP01/TO"";"""""
"260940;580885;2020-01-05;""domingo"";""06:30:00"";""TO"";153;789","1;""TALISMA"";""Sim"";""Pista Escorregadia"";2;""Tombamento"";""Com Vítimas Feridas"";""Pleno dia"";""Crescente"";""Chuva"";""Simples"";""Não Informado"";""Não"";465747;""Automóvel"";""VW/PARATI S"";1985;""Passageiro"";""Lesões Leves"";3;""Feminino"";0;1;0;0;-12",71914102;-49,"07691189;""SR-TO"";""UOP01/TO"";"""""
"260940;580884;2020-01-05;""domingo"";""06:30:00"";""TO"";153;789","1;""TALISMA"";""Sim"";""Pista Escorregadia"";2;""Tombamento"";""Com Vítimas Feridas"";""Pleno dia"";""Crescente"";""Chuva"";""Simples"";""Não Informado"";""Não"";465747;""Automóvel"";""VW/PARATI S"";1985;""Passageiro"";""Lesões Graves"";43;""Masculino"";0;0;1;0;-12",71914102;-49,"07691189;""SR-TO"";""UOP01/TO"";"""""
"260940;580883;2020-01-05;""domingo"";""06:30:00"";""TO"";153;789","1;""TALISMA"";""Sim"";""Pista Escorregadia"";2;""Tombamento"";""Com Vítimas Feridas"";""Pleno dia"";""Crescente"";""Chuva"";""Simples"";""Não Informado"";""Não"";465747;""Automóvel"";""VW/PARATI S"";1985;""Passageiro"";""Lesões Graves"";42;""Feminino"";0;0;1;0;-12",71914102;-49,"07691189;""SR-TO"";""UOP01/TO"";"""""
"260940;580880;2020-01-05;""domingo"";""06:30:00"";""TO"";153;789","1;""TALISMA"";""Sim"";""Pista Escorregadia"";2;""Tombamento"";""Com Vítimas Feridas"";""Pleno dia"";""Crescente"";""Chuva"";""Simples"";""Não Informado"";""Não"";465747;""Automóvel"";""VW/PARATI S"";1985;""Condutor"";""Lesões Leves"";20;""Masculino"";0;1;0;0;-12",71914102;-49,"07691189;""SR-TO"";""UOP01/TO"";"""""
"260940;580889;2020-01-05;""domingo"";""06:30:00"";""TO"";153;789","1;""TALISMA"";""Sim"";""Pista Escorregadia"";1;""Saída de leito carroçável"";""Com Vítimas Feridas"";""Pleno dia"";""Crescente"";""Chuva"";""Simples"";""Não Informado"";""Não"";465747;""Automóvel"";""VW/PARATI S"";1985;""Passageiro"";""Lesões Leves"";80;""Feminino"";0;1;0;0;-12",71914102;-49,"07691189;""SR-TO"";""UOP01/TO"";"""""
"260940;580885;2020-01-05;""domingo"";""06:30:00"";""TO"";153;789","1;""TALISMA"";""Sim"";""Pista Escorregadia"";1;""Saída de leito carroçável"";""Com Vítimas Feridas"";""Pleno dia"";""Crescente"";""Chuva"";""Simples"";""Não Informado"";""Não"";465747;""Automóvel"";""VW/PARATI S"";1985;""Passageiro"";""Lesões Leves"";3;""Feminino"";0;1;0;0;-12",71914102;-49,"07691189;""SR-TO"";""UOP01/TO"";"""""
"260940;580884;2020-01-05;""domingo"";""06:30:00"";""TO"";153;789","1;""TALISMA"";""Sim"";""Pista Escorregadia"";1;""Saída de leito carroçável"";""Com Vítimas Feridas"";""Pleno dia"";""Crescente"";""Chuva"";""Simples"";""Não Informado"";""Não"";465747;""Automóvel"";""VW/PARATI S"";1985;""Passageiro"";""Lesões Graves"";43;""Masculino"";0;0;1;0;-12",71914102;-49,"07691189;""SR-TO"";""UOP01/TO"";"""""
"260940;580883;2020-01-05;""domingo"";""06:30:00"";""TO"";153;789","1;""TALISMA"";""Sim"";""Pista Escorregadia"";1;""Saída de leito carroçável"";""Com Vítimas Feridas"";""Pleno dia"";""Crescente"";""Chuva"";""Simples"";""Não Informado"";""Não"";465747;""Automóvel"";""VW/PARATI S"";1985;""Passageiro"";""Lesões Graves"";42;""Feminino"";0;0;1;0;-12",71914102;-49,"07691189;""SR-TO"";""UOP01/TO"";"""""
"260940;580880;2020-01-05;""domingo"";""06:30:00"";""TO"";153;789","1;""TALISMA"";""Sim"";""Pista Escorregadia"";1;""Saída de leito carroçável"";""Com Vítimas Feridas"";""Pleno dia"";""Crescente"";""Chuva"";""Simples"";""Não Informado"";""Não"";465747;""Automóvel"";""VW/PARATI S"";1985;""Condutor"";""Lesões Leves"";20;""Masculino"";0;1;0;0;-12",71914102;-49,"07691189;""SR-TO"";""UOP01/TO"";"""""
"260941;580619;2020-01-05;""domingo"";""05:30:00"";""RJ"";101;297;""ITABORAI"";""Sim"";""Ingestão de Álcool"";1;""Colisão frontal"";""Sem Vítimas"";""Amanhecer"";""Crescente"";""Nublado"";""Dupla"";""Curva"";""Sim"";465538;""Automóvel"";""I/RENAULT FLUENCE PRI20A"";2014;""Condutor"";""Ileso"";37;""Masculino"";1;0;0;0;-22",76942037;-42,"91873581;""SR-RJ"";""DEL5/2"";""UOP02/RJ""",
"260943;580601;2020-01-05;""domingo"";""06:00:00"";""PE"";116;63","6;""CABROBO"";""Sim"";""Defeito Mecânico no Veículo"";1;""Capotamento"";""Com Vítimas Feridas"";""Pleno dia"";""Crescente"";""Céu Claro"";""Simples"";""Reta"";""Não"";465580;""Automóvel"";""HYUNDAI/HB20S 1.6M COMF"";2014;""Passageiro"";""Lesões Leves"";59;""Masculino"";0;1;0;0;-8",385413;-39,"156868;""SR-PE"";""DEL11/5"";""UOP03/PE"""
"260943;580600;2020-01-05;""domingo"";""06:00:00"";""PE"";116;63","6;""CABROBO"";""Sim"";""Defeito Mecânico no Veículo"";1;""Capotamento"";""Com Vítimas Feridas"";""Pleno dia"";""Crescente"";""Céu Claro"";""Simples"";""Reta"";""Não"";465580;""Automóvel"";""HYUNDAI/HB20S 1.6M COMF"";2014;""Passageiro"";""Ileso"";32;""Feminino"";1;0;0;0;-8",385413;-39,"156868;""SR-PE"";""DEL11/5"";""UOP03/PE"""
"260943;580604;2020-01-05;""domingo"";""06:00:00"";""PE"";116;63","6;""CABROBO"";""Sim"";""Defeito Mecânico no Veículo"";1;""Capotamento"";""Com Vítimas Feridas"";""Pleno dia"";""Crescente"";""Céu Claro"";""Simples"";""Reta"";""Não"";465580;""Automóvel"";""HYUNDAI/HB20S 1.6M COMF"";2014;""Passageiro"";""Ileso"";4;""Feminino"";1;0;0;0;-8",385413;-39,"156868;""SR-PE"";""DEL11/5"";""UOP03/PE"""
"260943;580602;2020-01-05;""domingo"";""06:00:00"";""PE"";116;63","6;""CABROBO"";""Sim"";""Defeito Mecânico no Veículo"";1;""Capotamento"";""Com Vítimas Feridas"";""Pleno dia"";""Crescente"";""Céu Claro"";""Simples"";""Reta"";""Não"";465580;""Automóvel"";""HYUNDAI/HB20S 1.6M COMF"";2014;""Passageiro"";""Lesões Leves"";12;""Feminino"";0;1;0;0;-8",385413;-39,"156868;""SR-PE"";""DEL11/5"";""UOP03/PE"""
"260943;580599;2020-01-05;""domingo"";""06:00:00"";""PE"";116;63","6;""CABROBO"";""Sim"";""Defeito Mecânico no Veículo"";1;""Capotamento"";""Com Vítimas Feridas"";""Pleno dia"";""Crescente"";""Céu Claro"";""Simples"";""Reta"";""Não"";465580;""Automóvel"";""HYUNDAI/HB20S 1.6M COMF"";2014;""Condutor"";""Lesões Leves"";36;""Masculino"";0;1;0;0;-8",385413;-39,"156868;""SR-PE"";""DEL11/5"";""UOP03/PE"""
"260944;583909;2020-01-05;""domingo"";""07:20:00"";""ES"";262;101;""VENDA NOVA DO IMIGRANTE"";""Sim"";""Ingestão de Álcool"";1;""Saída de leito carroçável"";""Com Vítimas Feridas"";""Pleno dia"";""Decrescente"";""Céu Claro"";""Dupla"";""Viaduto"";""Não"";465942;""Automóvel"";""I/VW BORA"";2000;""Condutor"";""Lesões Graves"";39;""Masculino"";0;0;1;0;-20",34357039;-41,"10950531;""SR-ES"";""DEL12/1"";""UOP02/ES""",
"260944;583909;2020-01-05;""domingo"";""07:20:00"";""ES"";262;101;""VENDA NOVA DO IMIGRANTE"";""Não"";""Condutor Dormindo"";1;""Saída de leito carroçável"";""Com Vítimas Feridas"";""Pleno dia"";""Decrescente"";""Céu Claro"";""Dupla"";""Viaduto"";""Não"";465942;""Automóvel"";""I/VW BORA"";2000;""Condutor"";""Lesões Graves"";39;""Masculino"";0;0;1;0;-20",34357039;-41,"10950531;""SR-ES"";""DEL12/1"";""UOP02/ES""",
"260945;580743;2020-01-05;""domingo"";""07:40:00"";""PE"";101;102;""CABO DE SANTO AGOSTINHO"";""Sim"";""Velocidade Incompatível"";1;""Colisão traseira"";""Com Vítimas Feridas"";""Pleno dia"";""Crescente"";""Céu Claro"";""Dupla"";""Curva"";""Sim"";465595;""Automóvel"";""TOYOTA/YARIS HB XL 13 AT"";2019;""Condutor"";""Ileso"";66;""Feminino"";1;0;0;0;-8",28368856;-35,"05795866;""SR-PE"";""DEL11/1"";""UOP03/PE""",
"260945;580742;2020-01-05;""domingo"";""07:40:00"";""PE"";101;102;""CABO DE SANTO AGOSTINHO"";""Sim"";""Velocidade Incompatível"";1;""Colisão traseira"";""Com Vítimas Feridas"";""Pleno dia"";""Crescente"";""Céu Claro"";""Dupla"";""Curva"";""Sim"";465594;""Motocicleta"";""KAWASAKI/NINJA 300"";2017;""Condutor"";""Lesões Graves"";27;""Masculino"";0;0;1;0;-8",28368856;-35,"05795866;""SR-PE"";""DEL11/1"";""UOP03/PE""",
"260946;582325;2020-01-05;""domingo"";""06:30:00"";""PA"";222;236;""MARABA"";""Sim"";""Ultrapassagem Indevida"";1;""Colisão frontal"";""Com Vítimas Feridas"";""Pleno dia"";""Decrescente"";""Céu Claro"";""Simples"";""Reta"";""Sim"";465571;""Automóvel"";""FIAT/SIENA CITY"";2010;""Condutor"";""Lesões Leves"";35;""Masculino"";0;1;0;0;-5",285714;-49,"07513;""SR-PA"";""DEL19/3"";""UOP01/PA""",
"260946;582319;2020-01-05;""domingo"";""06:30:00"";""PA"";222;236;""MARABA"";""Sim"";""Ultrapassagem Indevida"";1;""Colisão frontal"";""Com Vítimas Feridas"";""Pleno dia"";""Decrescente"";""Céu Claro"";""Simples"";""Reta"";""Sim"";465570;""Caminhonete"";""VW/SAVEIRO CD CROSS MA"";2018;""Condutor"";""Ileso"";34;""Masculino"";1;0;0;0;-5",285714;-49,"07513;""SR-PA"";""DEL19/3"";""UOP01/PA""",
"260946;582314;2020-01-05;""domingo"";""06:30:00"";""PA"";222;236;""MARABA"";""Sim"";""Ultrapassagem Indevida"";1;""Colisão frontal"";""Com Vítimas Feridas"";""Pleno dia"";""Decrescente"";""Céu Claro"";""Simples"";""Reta"";""Sim"";465569;""Automóvel"";""GM/CORSA HATCH MAXX"";2012;""Condutor"";""Ileso"";69;""Masculino"";1;0;0;0;-5",285714;-49,"07513;""SR-PA"";""DEL19/3"";""UOP01/PA""",
"260947;582380;2020-01-05;""domingo"";""06:10:00"";""SC"";282;365;""ERVAL VELHO"";""Sim"";""Restrição de Visibilidade"";1;""Colisão traseira"";""Com Vítimas Feridas"";""Amanhecer"";""Decrescente"";""Céu Claro"";""Simples"";""Reta"";""Não"";465549;""Automóvel"";""GM/VECTRA SD EXPRESSION"";2008;""Passageiro"";""Ileso"";NA;""Masculino"";1;0;0;0;-27",295467;-51,"407909;""SR-SC"";""DEL7"";""UOP07/SC""",
"260947;582379;2020-01-05;""domingo"";""06:10:00"";""SC"";282;365;""ERVAL VELHO"";""Sim"";""Restrição de Visibilidade"";1;""Colisão traseira"";""Com Vítimas Feridas"";""Amanhecer"";""Decrescente"";""Céu Claro"";""Simples"";""Reta"";""Não"";465549;""Automóvel"";""GM/VECTRA SD EXPRESSION"";2008;""Passageiro"";""Ileso"";53;""Feminino"";1;0;0;0;-27",295467;-51,"407909;""SR-SC"";""DEL7"";""UOP07/SC""",
"260947;582377;2020-01-05;""domingo"";""06:10:00"";""SC"";282;365;""ERVAL VELHO"";""Sim"";""Restrição de Visibilidade"";1;""Colisão traseira"";""Com Vítimas Feridas"";""Amanhecer"";""Decrescente"";""Céu Claro"";""Simples"";""Reta"";""Não"";465549;""Automóvel"";""GM/VECTRA SD EXPRESSION"";2008;""Condutor"";""Ileso"";52;""Masculino"";1;0;0;0;-27",295467;-51,"407909;""SR-SC"";""DEL7"";""UOP07/SC""",
"260947;582376;2020-01-05;""domingo"";""06:10:00"";""SC"";282;365;""ERVAL VELHO"";""Sim"";""Restrição de Visibilidade"";1;""Colisão traseira"";""Com Vítimas Feridas"";""Amanhecer"";""Decrescente"";""Céu Claro"";""Simples"";""Reta"";""Não"";465548;""Caminhonete"";""FIAT/FIORINO FLEX"";2012;""Condutor"";""Lesões Leves"";55;""Masculino"";0;1;0;0;-27",295467;-51,"407909;""SR-SC"";""DEL7"";""UOP07/SC""",
"260947;582380;2020-01-05;""domingo"";""06:10:00"";""SC"";282;365;""ERVAL VELHO"";""Não"";""Velocidade Incompatível"";1;""Colisão traseira"";""Com Vítimas Feridas"";""Amanhecer"";""Decrescente"";""Céu Claro"";""Simples"";""Reta"";""Não"";465549;""Automóvel"";""GM/VECTRA SD EXPRESSION"";2008;""Passageiro"";""Ileso"";NA;""Masculino"";1;0;0;0;-27",295467;-51,"407909;""SR-SC"";""DEL7"";""UOP07/SC""",
"260947;582379;2020-01-05;""domingo"";""06:10:00"";""SC"";282;365;""ERVAL VELHO"";""Não"";""Velocidade Incompatível"";1;""Colisão traseira"";""Com Vítimas Feridas"";""Amanhecer"";""Decrescente"";""Céu Claro"";""Simples"";""Reta"";""Não"";465549;""Automóvel"";""GM/VECTRA SD EXPRESSION"";2008;""Passageiro"";""Ileso"";53;""Feminino"";1;0;0;0;-27",295467;-51,"407909;""SR-SC"";""DEL7"";""UOP07/SC""",
"260947;582377;2020-01-05;""domingo"";""06:10:00"";""SC"";282;365;""ERVAL VELHO"";""Não"";""Velocidade Incompatível"";1;""Colisão traseira"";""Com Vítimas Feridas"";""Amanhecer"";""Decrescente"";""Céu Claro"";""Simples"";""Reta"";""Não"";465549;""Automóvel"";""GM/VECTRA SD EXPRESSION"";2008;""Condutor"";""Ileso"";52;""Masculino"";1;0;0;0;-27",295467;-51,"407909;""SR-SC"";""DEL7"";""UOP07/SC""",
"260947;582376;2020-01-05;""domingo"";""06:10:00"";""SC"";282;365;""ERVAL VELHO"";""Não"";""Velocidade Incompatível"";1;""Colisão traseira"";""Com Vítimas Feridas"";""Amanhecer"";""Decrescente"";""Céu Claro"";""Simples"";""Reta"";""Não"";465548;""Caminhonete"";""FIAT/FIORINO FLEX"";2012;""Condutor"";""Lesões Leves"";55;""Masculino"";0;1;0;0;-27",295467;-51,"407909;""SR-SC"";""DEL7"";""UOP07/SC""",
"260948;582175;2020-01-05;""domingo"";""08:00:00"";""SP"";101;50","8;""UBATUBA"";""Sim"";""Ingestão de Álcool"";1;""Colisão frontal"";""Com Vítimas Feridas"";""Pleno dia"";""Decrescente"";""Céu Claro"";""Simples"";""Reta"";""Sim"";465564;""Motocicleta"";""HONDA/CB 300R"";2009;""Condutor"";""Lesões Leves"";29;""Masculino"";0;1;0;0;-23",45927021;-45,"06802082;""SR-SP"";""DEL6"";""UOP03/SP"""
"260948;582171;2020-01-05;""domingo"";""08:00:00"";""SP"";101;50","8;""UBATUBA"";""Sim"";""Ingestão de Álcool"";1;""Colisão frontal"";""Com Vítimas Feridas"";""Pleno dia"";""Decrescente"";""Céu Claro"";""Simples"";""Reta"";""Sim"";465563;""Bicicleta"";"""";NA;""Condutor"";""Lesões Leves"";25;""Feminino"";0;1;0;0;-23",45927021;-45,"06802082;""SR-SP"";""DEL6"";""UOP03/SP"""
"260948;582175;2020-01-05;""domingo"";""08:00:00"";""SP"";101;50","8;""UBATUBA"";""Sim"";""Ingestão de Álcool"";2;""Tombamento"";""Com Vítimas Feridas"";""Pleno dia"";""Decrescente"";""Céu Claro"";""Simples"";""Reta"";""Sim"";465564;""Motocicleta"";""HONDA/CB 300R"";2009;""Condutor"";""Lesões Leves"";29;""Masculino"";0;1;0;0;-23",45927021;-45,"06802082;""SR-SP"";""DEL6"";""UOP03/SP"""
"260948;582171;2020-01-05;""domingo"";""08:00:00"";""SP"";101;50","8;""UBATUBA"";""Sim"";""Ingestão de Álcool"";2;""Tombamento"";""Com Vítimas Feridas"";""Pleno dia"";""Decrescente"";""Céu Claro"";""Simples"";""Reta"";""Sim"";465563;""Bicicleta"";"""";NA;""Condutor"";""Lesões Leves"";25;""Feminino"";0;1;0;0;-23",45927021;-45,"06802082;""SR-SP"";""DEL6"";""UOP03/SP"""
"260948;582175;2020-01-05;""domingo"";""08:00:00"";""SP"";101;50","8;""UBATUBA"";""Não"";""Desobediência às normas de trânsito pelo condutor"";1;""Colisão frontal"";""Com Vítimas Feridas"";""Pleno dia"";""Decrescente"";""Céu Claro"";""Simples"";""Reta"";""Sim"";465564;""Motocicleta"";""HONDA/CB 300R"";2009;""Condutor"";""Lesões Leves"";29;""Masculino"";0;1;0;0;-23",45927021;-45,"06802082;""SR-SP"";""DEL6"";""UOP03/SP"""
"260948;582171;2020-01-05;""domingo"";""08:00:00"";""SP"";101;50","8;""UBATUBA"";""Não"";""Desobediência às normas de trânsito pelo condutor"";1;""Colisão frontal"";""Com Vítimas Feridas"";""Pleno dia"";""Decrescente"";""Céu Claro"";""Simples"";""Reta"";""Sim"";465563;""Bicicleta"";"""";NA;""Condutor"";""Lesões Leves"";25;""Feminino"";0;1;0;0;-23",45927021;-45,"06802082;""SR-SP"";""DEL6"";""UOP03/SP"""
"260948;582175;2020-01-05;""domingo"";""08:00:00"";""SP"";101;50","8;""UBATUBA"";""Não"";""Desobediência às normas de trânsito pelo condutor"";2;""Tombamento"";""Com Vítimas Feridas"";""Pleno dia"";""Decrescente"";""Céu Claro"";""Simples"";""Reta"";""Sim"";465564;""Motocicleta"";""HONDA/CB 300R"";2009;""Condutor"";""Lesões Leves"";29;""Masculino"";0;1;0;0;-23",45927021;-45,"06802082;""SR-SP"";""DEL6"";""UOP03/SP"""
"260948;582171;2020-01-05;""domingo"";""08:00:00"";""SP"";101;50","8;""UBATUBA"";""Não"";""Desobediência às normas de trânsito pelo condutor"";2;""Tombamento"";""Com Vítimas Feridas"";""Pleno dia"";""Decrescente"";""Céu Claro"";""Simples"";""Reta"";""Sim"";465563;""Bicicleta"";"""";NA;""Condutor"";""Lesões Leves"";25;""Feminino"";0;1;0;0;-23",45927021;-45,"06802082;""SR-SP"";""DEL6"";""UOP03/SP"""
"260949;582990;2020-01-05;""domingo"";""07:15:00"";""MG"";381;761","7;""CAMPANHA"";""Sim"";""Falta de Atenção à Condução"";1;""Saída de leito carroçável"";""Sem Vítimas"";""Pleno dia"";""Crescente"";""Céu Claro"";""Dupla"";""Reta"";""Não"";465560;""Automóvel"";""CHEVROLET/CELTA 1.0L LT"";2014;""Condutor"";""Ileso"";48;""Masculino"";1;0;0;0;-21",73238173;-45,"38248249;""SR-MG"";""DEL09"";""UOP02/MG"""
"260951;582917;2020-01-05;""domingo"";""07:45:00"";""RJ"";101;266;""RIO BONITO"";""Sim"";""Falta de Atenção à Condução"";1;""Colisão lateral"";""Com Vítimas Feridas"";""Pleno dia"";""Crescente"";""Sol"";""Dupla"";""Reta"";""Não"";465643;""Motocicleta"";""YAMAHA/LANDER XTZ250"";2007;""Condutor"";""Lesões Leves"";40;""Masculino"";0;1;0;0;-22",70861445;-42,"65178735;""SR-RJ"";""DEL5/2"";""UOP02/RJ""",
"260951;582916;2020-01-05;""domingo"";""07:45:00"";""RJ"";101;266;""RIO BONITO"";""Sim"";""Falta de Atenção à Condução"";1;""Colisão lateral"";""Com Vítimas Feridas"";""Pleno dia"";""Crescente"";""Sol"";""Dupla"";""Reta"";""Não"";465642;""Automóvel"";""RENAULT/LOGAN EXPR 16 M"";2016;""Condutor"";""Ileso"";34;""Masculino"";1;0;0;0;-22",70861445;-42,"65178735;""SR-RJ"";""DEL5/2"";""UOP02/RJ""",
"260952;582037;2020-01-05;""domingo"";""07:40:00"";""GO"";40;92","7;""CRISTALINA"";""Não"";""Falta de Atenção à Condução"";1;""Colisão transversal"";""Com Vítimas Feridas"";""Pleno dia"";""Crescente"";""Nublado"";""Simples"";""Interseção de vias"";""Não"";465567;""Caminhão"";""M.BENZ/L 1318"";1988;""Condutor"";""Ileso"";64;""Masculino"";1;0;0;0;-16",730814;-47,"626211;""SR-DF"";""UOP02/DF"";"""""
"260952;582045;2020-01-05;""domingo"";""07:40:00"";""GO"";40;92","7;""CRISTALINA"";""Não"";""Falta de Atenção à Condução"";1;""Colisão transversal"";""Com Vítimas Feridas"";""Pleno dia"";""Crescente"";""Nublado"";""Simples"";""Interseção de vias"";""Não"";465566;""Automóvel"";""RENAULT/SANDERO SW1616VA"";2013;""Passageiro"";""Lesões Graves"";12;""Masculino"";0;0;1;0;-16",730814;-47,"626211;""SR-DF"";""UOP02/DF"";"""""
"260952;582044;2020-01-05;""domingo"";""07:40:00"";""GO"";40;92","7;""CRISTALINA"";""Não"";""Falta de Atenção à Condução"";1;""Colisão transversal"";""Com Vítimas Feridas"";""Pleno dia"";""Crescente"";""Nublado"";""Simples"";""Interseção de vias"";""Não"";465566;""Automóvel"";""RENAULT/SANDERO SW1616VA"";2013;""Passageiro"";""Lesões Graves"";9;""Feminino"";0;0;1;0;-16",730814;-47,"626211;""SR-DF"";""UOP02/DF"";"""""
"260952;582041;2020-01-05;""domingo"";""07:40:00"";""GO"";40;92","7;""CRISTALINA"";""Não"";""Falta de Atenção à Condução"";1;""Colisão transversal"";""Com Vítimas Feridas"";""Pleno dia"";""Crescente"";""Nublado"";""Simples"";""Interseção de vias"";""Não"";465566;""Automóvel"";""RENAULT/SANDERO SW1616VA"";2013;""Passageiro"";""Lesões Graves"";37;""Feminino"";0;0;1;0;-16",730814;-47,"626211;""SR-DF"";""UOP02/DF"";"""""
"260952;582040;2020-01-05;""domingo"";""07:40:00"";""GO"";40;92","7;""CRISTALINA"";""Não"";""Falta de Atenção à Condução"";1;""Colisão transversal"";""Com Vítimas Feridas"";""Pleno dia"";""Crescente"";""Nublado"";""Simples"";""Interseção de vias"";""Não"";465566;""Automóvel"";""RENAULT/SANDERO SW1616VA"";2013;""Passageiro"";""Lesões Graves"";58;""Masculino"";0;0;1;0;-16",730814;-47,"626211;""SR-DF"";""UOP02/DF"";"""""
"260952;582033;2020-01-05;""domingo"";""07:40:00"";""GO"";40;92","7;""CRISTALINA"";""Não"";""Falta de Atenção à Condução"";1;""Colisão transversal"";""Com Vítimas Feridas"";""Pleno dia"";""Crescente"";""Nublado"";""Simples"";""Interseção de vias"";""Não"";465566;""Automóvel"";""RENAULT/SANDERO SW1616VA"";2013;""Condutor"";""Lesões Leves"";42;""Feminino"";0;1;0;0;-16",730814;-47,"626211;""SR-DF"";""UOP02/DF"";"""""
"260952;582037;2020-01-05;""domingo"";""07:40:00"";""GO"";40;92","7;""CRISTALINA"";""Sim"";""Desobediência às normas de trânsito pelo condutor"";1;""Colisão transversal"";""Com Vítimas Feridas"";""Pleno dia"";""Crescente"";""Nublado"";""Simples"";""Interseção de vias"";""Não"";465567;""Caminhão"";""M.BENZ/L 1318"";1988;""Condutor"";""Ileso"";64;""Masculino"";1;0;0;0;-16",730814;-47,"626211;""SR-DF"";""UOP02/DF"";"""""
"260952;582045;2020-01-05;""domingo"";""07:40:00"";""GO"";40;92","7;""CRISTALINA"";""Sim"";""Desobediência às normas de trânsito pelo condutor"";1;""Colisão transversal"";""Com Vítimas Feridas"";""Pleno dia"";""Crescente"";""Nublado"";""Simples"";""Interseção de vias"";""Não"";465566;""Automóvel"";""RENAULT/SANDERO SW1616VA"";2013;""Passageiro"";""Lesões Graves"";12;""Masculino"";0;0;1;0;-16",730814;-47,"626211;""SR-DF"";""UOP02/DF"";"""""
"260952;582044;2020-01-05;""domingo"";""07:40:00"";""GO"";40;92","7;""CRISTALINA"";""Sim"";""Desobediência às normas de trânsito pelo condutor"";1;""Colisão transversal"";""Com Vítimas Feridas"";""Pleno dia"";""Crescente"";""Nublado"";""Simples"";""Interseção de vias"";""Não"";465566;""Automóvel"";""RENAULT/SANDERO SW1616VA"";2013;""Passageiro"";""Lesões Graves"";9;""Feminino"";0;0;1;0;-16",730814;-47,"626211;""SR-DF"";""UOP02/DF"";"""""
"260952;582041;2020-01-05;""domingo"";""07:40:00"";""GO"";40;92","7;""CRISTALINA"";""Sim"";""Desobediência às normas de trânsito pelo condutor"";1;""Colisão transversal"";""Com Vítimas Feridas"";""Pleno dia"";""Crescente"";""Nublado"";""Simples"";""Interseção de vias"";""Não"";465566;""Automóvel"";""RENAULT/SANDERO SW1616VA"";2013;""Passageiro"";""Lesões Graves"";37;""Feminino"";0;0;1;0;-16",730814;-47,"626211;""SR-DF"";""UOP02/DF"";"""""
"260952;582040;2020-01-05;""domingo"";""07:40:00"";""GO"";40;92","7;""CRISTALINA"";""Sim"";""Desobediência às normas de trânsito pelo condutor"";1;""Colisão transversal"";""Com Vítimas Feridas"";""Pleno dia"";""Crescente"";""Nublado"";""Simples"";""Interseção de vias"";""Não"";465566;""Automóvel"";""RENAULT/SANDERO SW1616VA"";2013;""Passageiro"";""Lesões Graves"";58;""Masculino"";0;0;1;0;-16",730814;-47,"626211;""SR-DF"";""UOP02/DF"";"""""
"260952;582033;2020-01-05;""domingo"";""07:40:00"";""GO"";40;92","7;""CRISTALINA"";""Sim"";""Desobediência às normas de trânsito pelo condutor"";1;""Colisão transversal"";""Com Vítimas Feridas"";""Pleno dia"";""Crescente"";""Nublado"";""Simples"";""Interseção de vias"";""Não"";465566;""Automóvel"";""RENAULT/SANDERO SW1616VA"";2013;""Condutor"";""Lesões Leves"";42;""Feminino"";0;1;0;0;-16",730814;-47,"626211;""SR-DF"";""UOP02/DF"";"""""
"260953;580583;2020-01-05;""domingo"";""08:15:00"";""PR"";116;17;""CURITIBA"";""Sim"";""Condutor Dormindo"";1;""Saída de leito carroçável"";""Com Vítimas Feridas"";""Pleno dia"";""Crescente"";""Sol"";""Dupla"";""Reta"";""Sim"";465576;""Automóvel"";""FORD/FIESTA SEDAN1.6FLEX"";2011;""Passageiro"";""Lesões Leves"";21;""Masculino"";0;1;0;0;-25",389;-49,"1867;""SR-PR"";""DEL7/1"";""UOP01/PR""",
"260953;580581;2020-01-05;""domingo"";""08:15:00"";""PR"";116;17;""CURITIBA"";""Sim"";""Condutor Dormindo"";1;""Saída de leito carroçável"";""Com Vítimas Feridas"";""Pleno dia"";""Crescente"";""Sol"";""Dupla"";""Reta"";""Sim"";465576;""Automóvel"";""FORD/FIESTA SEDAN1.6FLEX"";2011;""Passageiro"";""Lesões Leves"";39;""Feminino"";0;1;0;0;-25",389;-49,"1867;""SR-PR"";""DEL7/1"";""UOP01/PR""",