"id;""pesid"";""data_inversa"";""dia_semana"";""horario"";""uf"";""br"";""km"";""municipio"";""causa_principal"";""causa_acidente"";""ordem_tipo_acidente"";""tipo_acidente"";""classificacao_acidente"";""fase_dia"";""sentido_via"";""condicao_metereologica"";""tipo_pista"";""tracado_via"";""uso_solo"";""id_veiculo"";""tipo_veiculo"";""marca"";""ano_fabricacao_veiculo"";""tipo_envolvido"";""estado_fisico"";""idade"";""sexo"";""ilesos"";""feridos_leves"";""feridos_graves"";""mortos"";""latitude"";""longitude"";""regional"";""delegacia"";""uop""",,,
"260953;580579;2020-01-05;""domingo"";""08:15:00"";""PR"";116;17;""CURITIBA"";""Sim"";""Condutor Dormindo"";1;""Saída de leito carroçável"";""Com Vítimas Feridas"";""Pleno dia"";""Crescente"";""Sol"";""Dupla"";""Reta"";""Sim"";465576;""Automóvel"";""FORD/FIESTA SEDAN1.6FLEX"";2011;""Passageiro"";""Lesões Leves"";12;""Masculino"";0;1;0;0;-25",389;-49,"1867;""SR-PR"";""DEL7/1"";""UOP01/PR""",
"260953;580578;2020-01-05;""domingo"";""08:15:00"";""PR"";116;17;""CURITIBA"";""Sim"";""Condutor Dormindo"";1;""Saída de leito carroçável"";""Com Vítimas Feridas"";""Pleno dia"";""Crescente"";""Sol"";""Dupla"";""Reta"";""Sim"";465576;""Automóvel"";""FORD/FIESTA SEDAN1.6FLEX"";2011;""Passageiro"";""Ileso"";18;""Feminino"";1;0;0;0;-25",389;-49,"1867;""SR-PR"";""DEL7/1"";""UOP01/PR""",
"260953;580577;2020-01-05;""domingo"";""08:15:00"";""PR"";116;17;""CURITIBA"";""Sim"";""Condutor Dormindo"";1;""Saída de leito carroçável"";""Com Vítimas Feridas"";""Pleno dia"";""Crescente"";""Sol"";""Dupla"";""Reta"";""Sim"";465576;""Automóvel"";""FORD/FIESTA SEDAN1.6FLEX"";2011;""Condutor"";""Ileso"";45;""Masculino"";1;0;0;0;-25",389;-49,"1867;""SR-PR"";""DEL7/1"";""UOP01/PR""",
"260954;584368;2020-01-05;""domingo"";""08:00:00"";""PB"";101;89","8;""JOAO PESSOA"";""Sim"";""Falta de Atenção à Condução"";1;""Colisão traseira"";""Sem Vítimas"";""Pleno dia"";""Decrescente"";""Nublado"";""Dupla"";""Retorno Regulamentado"";""Sim"";465638;""Motocicleta"";""HONDA/CG150 FAN ESDI"";NA;""Passageiro"";""Não Informado"";NA;""Não Informado"";0;0;0;0;-7",1710694;-34,"89765372;""SR-PB"";""DEL14/1"";""UOP01/PB"""
"260954;584358;2020-01-05;""domingo"";""08:00:00"";""PB"";101;89","8;""JOAO PESSOA"";""Sim"";""Falta de Atenção à Condução"";1;""Colisão traseira"";""Sem Vítimas"";""Pleno dia"";""Decrescente"";""Nublado"";""Dupla"";""Retorno Regulamentado"";""Sim"";465638;""Motocicleta"";""HONDA/CG150 FAN ESDI"";NA;""Condutor"";""Não Informado"";NA;""Não Informado"";0;0;0;0;-7",1710694;-34,"89765372;""SR-PB"";""DEL14/1"";""UOP01/PB"""
"260954;584365;2020-01-05;""domingo"";""08:00:00"";""PB"";101;89","8;""JOAO PESSOA"";""Sim"";""Falta de Atenção à Condução"";1;""Colisão traseira"";""Sem Vítimas"";""Pleno dia"";""Decrescente"";""Nublado"";""Dupla"";""Retorno Regulamentado"";""Sim"";465630;""Automóvel"";""CHEVROLET/CLASSIC LS"";2010;""Condutor"";""Ileso"";37;""Masculino"";1;0;0;0;-7",1710694;-34,"89765372;""SR-PB"";""DEL14/1"";""UOP01/PB"""
"260955;586788;2020-01-05;""domingo"";""04:00:00"";""MG"";251;334;""FRUTA DE LEITE"";""Não"";""Pista Escorregadia"";1;""Colisão frontal"";""Com Vítimas Feridas"";""Plena Noite"";""Crescente"";""Chuva"";""Simples"";""Não Informado"";""Não"";465726;""Caminhonete"";""VW/SAVEIRO 1.6 CS"";2012;""Condutor"";""Lesões Leves"";70;""Masculino"";0;1;0;0;-16",25584596;-42,"43923797;""SR-MG"";""DEL4/12"";""UOP01/MG""",
"260955;NA;2020-01-05;""domingo"";""04:00:00"";""MG"";251;334;""FRUTA DE LEITE"";""Não"";""Pista Escorregadia"";1;""Colisão frontal"";""Com Vítimas Feridas"";""Plena Noite"";""Crescente"";""Chuva"";""Simples"";""Não Informado"";""Não"";469066;""Semireboque"";""SR/GUERRA AG CS"";2003;""Não Informado"";""Não Informado"";NA;""Não Informado"";0;0;0;0;-16",25584596;-42,"43923797;""SR-MG"";""DEL4/12"";""UOP01/MG""",
"260955;586789;2020-01-05;""domingo"";""04:00:00"";""MG"";251;334;""FRUTA DE LEITE"";""Não"";""Pista Escorregadia"";1;""Colisão frontal"";""Com Vítimas Feridas"";""Plena Noite"";""Crescente"";""Chuva"";""Simples"";""Não Informado"";""Não"";465796;""Caminhão-trator"";""M.BENZ/LS 1634"";2008;""Condutor"";""Ileso"";43;""Masculino"";1;0;0;0;-16",25584596;-42,"43923797;""SR-MG"";""DEL4/12"";""UOP01/MG""",
"260955;586788;2020-01-05;""domingo"";""04:00:00"";""MG"";251;334;""FRUTA DE LEITE"";""Sim"";""Condutor Dormindo"";1;""Colisão frontal"";""Com Vítimas Feridas"";""Plena Noite"";""Crescente"";""Chuva"";""Simples"";""Não Informado"";""Não"";465726;""Caminhonete"";""VW/SAVEIRO 1.6 CS"";2012;""Condutor"";""Lesões Leves"";70;""Masculino"";0;1;0;0;-16",25584596;-42,"43923797;""SR-MG"";""DEL4/12"";""UOP01/MG""",
"260955;NA;2020-01-05;""domingo"";""04:00:00"";""MG"";251;334;""FRUTA DE LEITE"";""Sim"";""Condutor Dormindo"";1;""Colisão frontal"";""Com Vítimas Feridas"";""Plena Noite"";""Crescente"";""Chuva"";""Simples"";""Não Informado"";""Não"";469066;""Semireboque"";""SR/GUERRA AG CS"";2003;""Não Informado"";""Não Informado"";NA;""Não Informado"";0;0;0;0;-16",25584596;-42,"43923797;""SR-MG"";""DEL4/12"";""UOP01/MG""",
"260955;586789;2020-01-05;""domingo"";""04:00:00"";""MG"";251;334;""FRUTA DE LEITE"";""Sim"";""Condutor Dormindo"";1;""Colisão frontal"";""Com Vítimas Feridas"";""Plena Noite"";""Crescente"";""Chuva"";""Simples"";""Não Informado"";""Não"";465796;""Caminhão-trator"";""M.BENZ/LS 1634"";2008;""Condutor"";""Ileso"";43;""Masculino"";1;0;0;0;-16",25584596;-42,"43923797;""SR-MG"";""DEL4/12"";""UOP01/MG""",
"260956;580685;2020-01-05;""domingo"";""09:00:00"";""SC"";470;71","5;""INDAIAL"";""Sim"";""Defeito Mecânico no Veículo"";1;""Incêndio"";""Sem Vítimas"";""Pleno dia"";""Crescente"";""Céu Claro"";""Simples"";""Reta"";""Não"";465622;""Automóvel"";""FORD/FIESTA 1.6 FLEX"";2011;""Condutor"";""Ileso"";30;""Masculino"";1;0;0;0;-26",895243;-49,"262104;""SR-SC"";""DEL8/4"";""UOP01/SC"""
"260957;580675;2020-01-05;""domingo"";""07:45:00"";""PR"";467;102","1;""CASCAVEL"";""Não"";""Velocidade Incompatível"";2;""Capotamento"";""Com Vítimas Fatais"";""Pleno dia"";""Decrescente"";""Céu Claro"";""Dupla"";""Curva"";""Não"";465611;""Camioneta"";""I/HYUNDAI IX35 2.0"";2010;""Passageiro"";""Lesões Graves"";24;""Masculino"";0;0;1;0;-24",90153082;-53,"52141023;""SR-PR"";""DEL7/4"";""UOP01/PR"""
"260957;580673;2020-01-05;""domingo"";""07:45:00"";""PR"";467;102","1;""CASCAVEL"";""Não"";""Velocidade Incompatível"";2;""Capotamento"";""Com Vítimas Fatais"";""Pleno dia"";""Decrescente"";""Céu Claro"";""Dupla"";""Curva"";""Não"";465611;""Camioneta"";""I/HYUNDAI IX35 2.0"";2010;""Passageiro"";""Lesões Graves"";27;""Masculino"";0;0;1;0;-24",90153082;-53,"52141023;""SR-PR"";""DEL7/4"";""UOP01/PR"""
"260957;580663;2020-01-05;""domingo"";""07:45:00"";""PR"";467;102","1;""CASCAVEL"";""Não"";""Velocidade Incompatível"";2;""Capotamento"";""Com Vítimas Fatais"";""Pleno dia"";""Decrescente"";""Céu Claro"";""Dupla"";""Curva"";""Não"";465611;""Camioneta"";""I/HYUNDAI IX35 2.0"";2010;""Condutor"";""Óbito"";28;""Masculino"";0;0;0;1;-24",90153082;-53,"52141023;""SR-PR"";""DEL7/4"";""UOP01/PR"""
"260957;580675;2020-01-05;""domingo"";""07:45:00"";""PR"";467;102","1;""CASCAVEL"";""Não"";""Velocidade Incompatível"";1;""Saída de leito carroçável"";""Com Vítimas Fatais"";""Pleno dia"";""Decrescente"";""Céu Claro"";""Dupla"";""Curva"";""Não"";465611;""Camioneta"";""I/HYUNDAI IX35 2.0"";2010;""Passageiro"";""Lesões Graves"";24;""Masculino"";0;0;1;0;-24",90153082;-53,"52141023;""SR-PR"";""DEL7/4"";""UOP01/PR"""
"260957;580673;2020-01-05;""domingo"";""07:45:00"";""PR"";467;102","1;""CASCAVEL"";""Não"";""Velocidade Incompatível"";1;""Saída de leito carroçável"";""Com Vítimas Fatais"";""Pleno dia"";""Decrescente"";""Céu Claro"";""Dupla"";""Curva"";""Não"";465611;""Camioneta"";""I/HYUNDAI IX35 2.0"";2010;""Passageiro"";""Lesões Graves"";27;""Masculino"";0;0;1;0;-24",90153082;-53,"52141023;""SR-PR"";""DEL7/4"";""UOP01/PR"""
"260957;580663;2020-01-05;""domingo"";""07:45:00"";""PR"";467;102","1;""CASCAVEL"";""Não"";""Velocidade Incompatível"";1;""Saída de leito carroçável"";""Com Vítimas Fatais"";""Pleno dia"";""Decrescente"";""Céu Claro"";""Dupla"";""Curva"";""Não"";465611;""Camioneta"";""I/HYUNDAI IX35 2.0"";2010;""Condutor"";""Óbito"";28;""Masculino"";0;0;0;1;-24",90153082;-53,"52141023;""SR-PR"";""DEL7/4"";""UOP01/PR"""
"260957;580675;2020-01-05;""domingo"";""07:45:00"";""PR"";467;102","1;""CASCAVEL"";""Sim"";""Ingestão de Álcool"";2;""Capotamento"";""Com Vítimas Fatais"";""Pleno dia"";""Decrescente"";""Céu Claro"";""Dupla"";""Curva"";""Não"";465611;""Camioneta"";""I/HYUNDAI IX35 2.0"";2010;""Passageiro"";""Lesões Graves"";24;""Masculino"";0;0;1;0;-24",90153082;-53,"52141023;""SR-PR"";""DEL7/4"";""UOP01/PR"""
"260957;580673;2020-01-05;""domingo"";""07:45:00"";""PR"";467;102","1;""CASCAVEL"";""Sim"";""Ingestão de Álcool"";2;""Capotamento"";""Com Vítimas Fatais"";""Pleno dia"";""Decrescente"";""Céu Claro"";""Dupla"";""Curva"";""Não"";465611;""Camioneta"";""I/HYUNDAI IX35 2.0"";2010;""Passageiro"";""Lesões Graves"";27;""Masculino"";0;0;1;0;-24",90153082;-53,"52141023;""SR-PR"";""DEL7/4"";""UOP01/PR"""
"260957;580663;2020-01-05;""domingo"";""07:45:00"";""PR"";467;102","1;""CASCAVEL"";""Sim"";""Ingestão de Álcool"";2;""Capotamento"";""Com Vítimas Fatais"";""Pleno dia"";""Decrescente"";""Céu Claro"";""Dupla"";""Curva"";""Não"";465611;""Camioneta"";""I/HYUNDAI IX35 2.0"";2010;""Condutor"";""Óbito"";28;""Masculino"";0;0;0;1;-24",90153082;-53,"52141023;""SR-PR"";""DEL7/4"";""UOP01/PR"""
"260957;580675;2020-01-05;""domingo"";""07:45:00"";""PR"";467;102","1;""CASCAVEL"";""Sim"";""Ingestão de Álcool"";1;""Saída de leito carroçável"";""Com Vítimas Fatais"";""Pleno dia"";""Decrescente"";""Céu Claro"";""Dupla"";""Curva"";""Não"";465611;""Camioneta"";""I/HYUNDAI IX35 2.0"";2010;""Passageiro"";""Lesões Graves"";24;""Masculino"";0;0;1;0;-24",90153082;-53,"52141023;""SR-PR"";""DEL7/4"";""UOP01/PR"""
"260957;580673;2020-01-05;""domingo"";""07:45:00"";""PR"";467;102","1;""CASCAVEL"";""Sim"";""Ingestão de Álcool"";1;""Saída de leito carroçável"";""Com Vítimas Fatais"";""Pleno dia"";""Decrescente"";""Céu Claro"";""Dupla"";""Curva"";""Não"";465611;""Camioneta"";""I/HYUNDAI IX35 2.0"";2010;""Passageiro"";""Lesões Graves"";27;""Masculino"";0;0;1;0;-24",90153082;-53,"52141023;""SR-PR"";""DEL7/4"";""UOP01/PR"""
"260957;580663;2020-01-05;""domingo"";""07:45:00"";""PR"";467;102","1;""CASCAVEL"";""Sim"";""Ingestão de Álcool"";1;""Saída de leito carroçável"";""Com Vítimas Fatais"";""Pleno dia"";""Decrescente"";""Céu Claro"";""Dupla"";""Curva"";""Não"";465611;""Camioneta"";""I/HYUNDAI IX35 2.0"";2010;""Condutor"";""Óbito"";28;""Masculino"";0;0;0;1;-24",90153082;-53,"52141023;""SR-PR"";""DEL7/4"";""UOP01/PR"""
"260959;580593;2020-01-05;""domingo"";""01:30:00"";""BA"";242;618","8;""MUQUEM DE SAO FRANCISCO"";""Sim"";""Deficiência ou não Acionamento do Sistema de Iluminação/Sinalização do Veículo"";1;""Colisão traseira"";""Com Vítimas Feridas"";""Amanhecer"";""Crescente"";""Chuva"";""Simples"";""Reta"";""Não"";465573;""Caminhonete"";""I/VW AMAROK CD 4X4 S"";2013;""Passageiro"";""Ileso"";30;""Feminino"";1;0;0;0;-12",142486;-43,"318127;""SR-BA"";""DEL 10/10"";""UOP02/BA"""
"260959;580592;2020-01-05;""domingo"";""01:30:00"";""BA"";242;618","8;""MUQUEM DE SAO FRANCISCO"";""Sim"";""Deficiência ou não Acionamento do Sistema de Iluminação/Sinalização do Veículo"";1;""Colisão traseira"";""Com Vítimas Feridas"";""Amanhecer"";""Crescente"";""Chuva"";""Simples"";""Reta"";""Não"";465573;""Caminhonete"";""I/VW AMAROK CD 4X4 S"";2013;""Passageiro"";""Ileso"";31;""Masculino"";1;0;0;0;-12",142486;-43,"318127;""SR-BA"";""DEL 10/10"";""UOP02/BA"""
"260959;580591;2020-01-05;""domingo"";""01:30:00"";""BA"";242;618","8;""MUQUEM DE SAO FRANCISCO"";""Sim"";""Deficiência ou não Acionamento do Sistema de Iluminação/Sinalização do Veículo"";1;""Colisão traseira"";""Com Vítimas Feridas"";""Amanhecer"";""Crescente"";""Chuva"";""Simples"";""Reta"";""Não"";465573;""Caminhonete"";""I/VW AMAROK CD 4X4 S"";2013;""Passageiro"";""Ileso"";32;""Feminino"";1;0;0;0;-12",142486;-43,"318127;""SR-BA"";""DEL 10/10"";""UOP02/BA"""
"260959;580590;2020-01-05;""domingo"";""01:30:00"";""BA"";242;618","8;""MUQUEM DE SAO FRANCISCO"";""Sim"";""Deficiência ou não Acionamento do Sistema de Iluminação/Sinalização do Veículo"";1;""Colisão traseira"";""Com Vítimas Feridas"";""Amanhecer"";""Crescente"";""Chuva"";""Simples"";""Reta"";""Não"";465573;""Caminhonete"";""I/VW AMAROK CD 4X4 S"";2013;""Condutor"";""Ileso"";30;""Masculino"";1;0;0;0;-12",142486;-43,"318127;""SR-BA"";""DEL 10/10"";""UOP02/BA"""
"260959;580597;2020-01-05;""domingo"";""01:30:00"";""BA"";242;618","8;""MUQUEM DE SAO FRANCISCO"";""Sim"";""Deficiência ou não Acionamento do Sistema de Iluminação/Sinalização do Veículo"";1;""Colisão traseira"";""Com Vítimas Feridas"";""Amanhecer"";""Crescente"";""Chuva"";""Simples"";""Reta"";""Não"";465572;""Automóvel"";""VW/GOL MI"";1997;""Passageiro"";""Lesões Leves"";NA;""Feminino"";0;1;0;0;-12",142486;-43,"318127;""SR-BA"";""DEL 10/10"";""UOP02/BA"""
"260959;580589;2020-01-05;""domingo"";""01:30:00"";""BA"";242;618","8;""MUQUEM DE SAO FRANCISCO"";""Sim"";""Deficiência ou não Acionamento do Sistema de Iluminação/Sinalização do Veículo"";1;""Colisão traseira"";""Com Vítimas Feridas"";""Amanhecer"";""Crescente"";""Chuva"";""Simples"";""Reta"";""Não"";465572;""Automóvel"";""VW/GOL MI"";1997;""Condutor"";""Ileso"";69;""Masculino"";1;0;0;0;-12",142486;-43,"318127;""SR-BA"";""DEL 10/10"";""UOP02/BA"""
"260961;580735;2020-01-05;""domingo"";""09:20:00"";""MG"";40;414","6;""CURVELO"";""Sim"";""Desobediência às normas de trânsito pelo condutor"";1;""Saída de leito carroçável"";""Com Vítimas Feridas"";""Pleno dia"";""Crescente"";""Nublado"";""Simples"";""Reta"";""Não"";465653;""Automóvel"";""I/VW JETTA 2.0"";2014;""Condutor"";""Lesões Leves"";23;""Feminino"";0;1;0;0;-19",13829649;-44,"61526051;""SR-MG"";""DEL4/2"";""UOP01/MG"""
"260961;580740;2020-01-05;""domingo"";""09:20:00"";""MG"";40;414","6;""CURVELO"";""Sim"";""Desobediência às normas de trânsito pelo condutor"";1;""Saída de leito carroçável"";""Com Vítimas Feridas"";""Pleno dia"";""Crescente"";""Nublado"";""Simples"";""Reta"";""Não"";465653;""Automóvel"";""I/VW JETTA 2.0"";2014;""Passageiro"";""Lesões Leves"";20;""Feminino"";0;1;0;0;-19",13829649;-44,"61526051;""SR-MG"";""DEL4/2"";""UOP01/MG"""
"260961;580739;2020-01-05;""domingo"";""09:20:00"";""MG"";40;414","6;""CURVELO"";""Sim"";""Desobediência às normas de trânsito pelo condutor"";1;""Saída de leito carroçável"";""Com Vítimas Feridas"";""Pleno dia"";""Crescente"";""Nublado"";""Simples"";""Reta"";""Não"";465653;""Automóvel"";""I/VW JETTA 2.0"";2014;""Passageiro"";""Ileso"";31;""Masculino"";1;0;0;0;-19",13829649;-44,"61526051;""SR-MG"";""DEL4/2"";""UOP01/MG"""
"260961;580735;2020-01-05;""domingo"";""09:20:00"";""MG"";40;414","6;""CURVELO"";""Não"";""Falta de Atenção à Condução"";1;""Saída de leito carroçável"";""Com Vítimas Feridas"";""Pleno dia"";""Crescente"";""Nublado"";""Simples"";""Reta"";""Não"";465653;""Automóvel"";""I/VW JETTA 2.0"";2014;""Condutor"";""Lesões Leves"";23;""Feminino"";0;1;0;0;-19",13829649;-44,"61526051;""SR-MG"";""DEL4/2"";""UOP01/MG"""
"260961;580740;2020-01-05;""domingo"";""09:20:00"";""MG"";40;414","6;""CURVELO"";""Não"";""Falta de Atenção à Condução"";1;""Saída de leito carroçável"";""Com Vítimas Feridas"";""Pleno dia"";""Crescente"";""Nublado"";""Simples"";""Reta"";""Não"";465653;""Automóvel"";""I/VW JETTA 2.0"";2014;""Passageiro"";""Lesões Leves"";20;""Feminino"";0;1;0;0;-19",13829649;-44,"61526051;""SR-MG"";""DEL4/2"";""UOP01/MG"""
"260961;580739;2020-01-05;""domingo"";""09:20:00"";""MG"";40;414","6;""CURVELO"";""Não"";""Falta de Atenção à Condução"";1;""Saída de leito carroçável"";""Com Vítimas Feridas"";""Pleno dia"";""Crescente"";""Nublado"";""Simples"";""Reta"";""Não"";465653;""Automóvel"";""I/VW JETTA 2.0"";2014;""Passageiro"";""Ileso"";31;""Masculino"";1;0;0;0;-19",13829649;-44,"61526051;""SR-MG"";""DEL4/2"";""UOP01/MG"""
"260963;581743;2020-01-05;""domingo"";""07:20:00"";""MT"";174;7","9;""PONTES E LACERDA"";""Sim"";""Falta de Atenção à Condução"";2;""Capotamento"";""Com Vítimas Feridas"";""Pleno dia"";""Decrescente"";""Nublado"";""Simples"";""Reta"";""Não"";466239;""Automóvel"";""RENAULT/KWID ZEN 10MT"";2018;""Passageiro"";""Lesões Leves"";21;""Masculino"";0;1;0;0;-15",20909;-59,"35975;""SR-MT"";""DEL2/7"";""UOP01/MT"""
"260963;581742;2020-01-05;""domingo"";""07:20:00"";""MT"";174;7","9;""PONTES E LACERDA"";""Sim"";""Falta de Atenção à Condução"";2;""Capotamento"";""Com Vítimas Feridas"";""Pleno dia"";""Decrescente"";""Nublado"";""Simples"";""Reta"";""Não"";466239;""Automóvel"";""RENAULT/KWID ZEN 10MT"";2018;""Passageiro"";""Ileso"";25;""Feminino"";1;0;0;0;-15",20909;-59,"35975;""SR-MT"";""DEL2/7"";""UOP01/MT"""
"260963;581741;2020-01-05;""domingo"";""07:20:00"";""MT"";174;7","9;""PONTES E LACERDA"";""Sim"";""Falta de Atenção à Condução"";2;""Capotamento"";""Com Vítimas Feridas"";""Pleno dia"";""Decrescente"";""Nublado"";""Simples"";""Reta"";""Não"";466239;""Automóvel"";""RENAULT/KWID ZEN 10MT"";2018;""Condutor"";""Ileso"";21;""Feminino"";1;0;0;0;-15",20909;-59,"35975;""SR-MT"";""DEL2/7"";""UOP01/MT"""
"260963;581743;2020-01-05;""domingo"";""07:20:00"";""MT"";174;7","9;""PONTES E LACERDA"";""Sim"";""Falta de Atenção à Condução"";1;""Saída de leito carroçável"";""Com Vítimas Feridas"";""Pleno dia"";""Decrescente"";""Nublado"";""Simples"";""Reta"";""Não"";466239;""Automóvel"";""RENAULT/KWID ZEN 10MT"";2018;""Passageiro"";""Lesões Leves"";21;""Masculino"";0;1;0;0;-15",20909;-59,"35975;""SR-MT"";""DEL2/7"";""UOP01/MT"""
"260963;581742;2020-01-05;""domingo"";""07:20:00"";""MT"";174;7","9;""PONTES E LACERDA"";""Sim"";""Falta de Atenção à Condução"";1;""Saída de leito carroçável"";""Com Vítimas Feridas"";""Pleno dia"";""Decrescente"";""Nublado"";""Simples"";""Reta"";""Não"";466239;""Automóvel"";""RENAULT/KWID ZEN 10MT"";2018;""Passageiro"";""Ileso"";25;""Feminino"";1;0;0;0;-15",20909;-59,"35975;""SR-MT"";""DEL2/7"";""UOP01/MT"""
"260963;581741;2020-01-05;""domingo"";""07:20:00"";""MT"";174;7","9;""PONTES E LACERDA"";""Sim"";""Falta de Atenção à Condução"";1;""Saída de leito carroçável"";""Com Vítimas Feridas"";""Pleno dia"";""Decrescente"";""Nublado"";""Simples"";""Reta"";""Não"";466239;""Automóvel"";""RENAULT/KWID ZEN 10MT"";2018;""Condutor"";""Ileso"";21;""Feminino"";1;0;0;0;-15",20909;-59,"35975;""SR-MT"";""DEL2/7"";""UOP01/MT"""
"260964;580734;2020-01-05;""domingo"";""06:30:00"";""BA"";242;726;""CRISTOPOLIS"";""Sim"";""Pista Escorregadia"";1;""Saída de leito carroçável"";""Com Vítimas Feridas"";""Pleno dia"";""Decrescente"";""Garoa/Chuvisco"";""Simples"";""Reta"";""Não"";465629;""Automóvel"";""RENAULT/MEGANESD DYN 16"";2008;""Passageiro"";""Ileso"";26;""Feminino"";1;0;0;0;-12",22257423;-44,"234798;""SR-BA"";""DEL10/10"";""UOP01/BA""",
"260964;580733;2020-01-05;""domingo"";""06:30:00"";""BA"";242;726;""CRISTOPOLIS"";""Sim"";""Pista Escorregadia"";1;""Saída de leito carroçável"";""Com Vítimas Feridas"";""Pleno dia"";""Decrescente"";""Garoa/Chuvisco"";""Simples"";""Reta"";""Não"";465629;""Automóvel"";""RENAULT/MEGANESD DYN 16"";2008;""Passageiro"";""Ileso"";11;""Masculino"";1;0;0;0;-12",22257423;-44,"234798;""SR-BA"";""DEL10/10"";""UOP01/BA""",
"260964;580732;2020-01-05;""domingo"";""06:30:00"";""BA"";242;726;""CRISTOPOLIS"";""Sim"";""Pista Escorregadia"";1;""Saída de leito carroçável"";""Com Vítimas Feridas"";""Pleno dia"";""Decrescente"";""Garoa/Chuvisco"";""Simples"";""Reta"";""Não"";465629;""Automóvel"";""RENAULT/MEGANESD DYN 16"";2008;""Passageiro"";""Lesões Leves"";42;""Feminino"";0;1;0;0;-12",22257423;-44,"234798;""SR-BA"";""DEL10/10"";""UOP01/BA""",
"260964;580731;2020-01-05;""domingo"";""06:30:00"";""BA"";242;726;""CRISTOPOLIS"";""Sim"";""Pista Escorregadia"";1;""Saída de leito carroçável"";""Com Vítimas Feridas"";""Pleno dia"";""Decrescente"";""Garoa/Chuvisco"";""Simples"";""Reta"";""Não"";465629;""Automóvel"";""RENAULT/MEGANESD DYN 16"";2008;""Condutor"";""Ileso"";46;""Masculino"";1;0;0;0;-12",22257423;-44,"234798;""SR-BA"";""DEL10/10"";""UOP01/BA""",
"260966;582566;2020-01-05;""domingo"";""09:40:00"";""MG"";251;472;""FRANCISCO SA"";""Sim"";""Velocidade Incompatível"";1;""Colisão frontal"";""Sem Vítimas"";""Pleno dia"";""Decrescente"";""Chuva"";""Simples"";""Reta"";""Não"";465713;""Utilitário"";""CHEV/TRAILBLAZER LTZ AG4"";2013;""Passageiro"";""Ileso"";45;""Masculino"";1;0;0;0;-16",4669101;-43,"43947986;""SR-MG"";""DEL4/12"";""UOP01/MG""",
"260966;582565;2020-01-05;""domingo"";""09:40:00"";""MG"";251;472;""FRANCISCO SA"";""Sim"";""Velocidade Incompatível"";1;""Colisão frontal"";""Sem Vítimas"";""Pleno dia"";""Decrescente"";""Chuva"";""Simples"";""Reta"";""Não"";465713;""Utilitário"";""CHEV/TRAILBLAZER LTZ AG4"";2013;""Condutor"";""Ileso"";35;""Masculino"";1;0;0;0;-16",4669101;-43,"43947986;""SR-MG"";""DEL4/12"";""UOP01/MG""",
"260966;580938;2020-01-05;""domingo"";""09:40:00"";""MG"";251;472;""FRANCISCO SA"";""Sim"";""Velocidade Incompatível"";1;""Colisão frontal"";""Sem Vítimas"";""Pleno dia"";""Decrescente"";""Chuva"";""Simples"";""Reta"";""Não"";465713;""Utilitário"";""CHEV/TRAILBLAZER LTZ AG4"";2013;""Testemunha"";""Não Informado"";NA;""Não Informado"";0;0;0;0;-16",4669101;-43,"43947986;""SR-MG"";""DEL4/12"";""UOP01/MG""",
"260966;580934;2020-01-05;""domingo"";""09:40:00"";""MG"";251;472;""FRANCISCO SA"";""Sim"";""Velocidade Incompatível"";1;""Colisão frontal"";""Sem Vítimas"";""Pleno dia"";""Decrescente"";""Chuva"";""Simples"";""Reta"";""Não"";465713;""Utilitário"";""CHEV/TRAILBLAZER LTZ AG4"";2013;""Testemunha"";""Não Informado"";NA;""Não Informado"";0;0;0;0;-16",4669101;-43,"43947986;""SR-MG"";""DEL4/12"";""UOP01/MG""",
"260966;580935;2020-01-05;""domingo"";""09:40:00"";""MG"";251;472;""FRANCISCO SA"";""Sim"";""Velocidade Incompatível"";1;""Colisão frontal"";""Sem Vítimas"";""Pleno dia"";""Decrescente"";""Chuva"";""Simples"";""Reta"";""Não"";465713;""Utilitário"";""CHEV/TRAILBLAZER LTZ AG4"";2013;""Testemunha"";""Não Informado"";NA;""Não Informado"";0;0;0;0;-16",4669101;-43,"43947986;""SR-MG"";""DEL4/12"";""UOP01/MG""",
"260966;580936;2020-01-05;""domingo"";""09:40:00"";""MG"";251;472;""FRANCISCO SA"";""Sim"";""Velocidade Incompatível"";1;""Colisão frontal"";""Sem Vítimas"";""Pleno dia"";""Decrescente"";""Chuva"";""Simples"";""Reta"";""Não"";465713;""Utilitário"";""CHEV/TRAILBLAZER LTZ AG4"";2013;""Testemunha"";""Não Informado"";NA;""Não Informado"";0;0;0;0;-16",4669101;-43,"43947986;""SR-MG"";""DEL4/12"";""UOP01/MG""",
"260966;580932;2020-01-05;""domingo"";""09:40:00"";""MG"";251;472;""FRANCISCO SA"";""Sim"";""Velocidade Incompatível"";1;""Colisão frontal"";""Sem Vítimas"";""Pleno dia"";""Decrescente"";""Chuva"";""Simples"";""Reta"";""Não"";465712;""Automóvel"";""FIAT/PALIO ELX FLEX"";2009;""Passageiro"";""Ileso"";54;""Masculino"";1;0;0;0;-16",4669101;-43,"43947986;""SR-MG"";""DEL4/12"";""UOP01/MG""",