"id;""pesid"";""data_inversa"";""dia_semana"";""horario"";""uf"";""br"";""km"";""municipio"";""causa_principal"";""causa_acidente"";""ordem_tipo_acidente"";""tipo_acidente"";""classificacao_acidente"";""fase_dia"";""sentido_via"";""condicao_metereologica"";""tipo_pista"";""tracado_via"";""uso_solo"";""id_veiculo"";""tipo_veiculo"";""marca"";""ano_fabricacao_veiculo"";""tipo_envolvido"";""estado_fisico"";""idade"";""sexo"";""ilesos"";""feridos_leves"";""feridos_graves"";""mortos"";""latitude"";""longitude"";""regional"";""delegacia"";""uop""",,,
"260975;580671;2020-01-05;""domingo"";""10:30:00"";""GO"";153;646;""MORRINHOS"";""Sim"";""Condutor Dormindo"";1;""Saída de leito carroçável"";""Sem Vítimas"";""Pleno dia"";""Crescente"";""Céu Claro"";""Dupla"";""Reta"";""Não"";465612;""Automóvel"";""VW/VOYAGE CL MB"";2015;""Condutor"";""Ileso"";67;""Masculino"";1;0;0;0;-17",932;-49,"2444;""SR-GO"";""DEL1/3"";""UOP01/GO""",
"260976;582439;2020-01-05;""domingo"";""11:00:00"";""GO"";20;88;""VILA BOA"";""Sim"";""Não guardar distância de segurança"";1;""Colisão traseira"";""Com Vítimas Feridas"";""Pleno dia"";""Decrescente"";""Chuva"";""Simples"";""Reta"";""Não"";466736;""Utilitário"";""CAOACHERY/TIGGO 5X TXS"";2019;""Condutor"";""Ileso"";39;""Masculino"";1;0;0;0;-15",035155;-47,"056973;""SR-DF"";""UOP01/DEL02/DF"";""""",
"260976;582436;2020-01-05;""domingo"";""11:00:00"";""GO"";20;88;""VILA BOA"";""Sim"";""Não guardar distância de segurança"";1;""Colisão traseira"";""Com Vítimas Feridas"";""Pleno dia"";""Decrescente"";""Chuva"";""Simples"";""Reta"";""Não"";466735;""Automóvel"";""GM/CORSA WIND"";1999;""Passageiro"";""Lesões Leves"";45;""Feminino"";0;1;0;0;-15",035155;-47,"056973;""SR-DF"";""UOP01/DEL02/DF"";""""",
"260976;582432;2020-01-05;""domingo"";""11:00:00"";""GO"";20;88;""VILA BOA"";""Sim"";""Não guardar distância de segurança"";1;""Colisão traseira"";""Com Vítimas Feridas"";""Pleno dia"";""Decrescente"";""Chuva"";""Simples"";""Reta"";""Não"";466735;""Automóvel"";""GM/CORSA WIND"";1999;""Condutor"";""Ileso"";27;""Masculino"";1;0;0;0;-15",035155;-47,"056973;""SR-DF"";""UOP01/DEL02/DF"";""""",
"260976;582439;2020-01-05;""domingo"";""11:00:00"";""GO"";20;88;""VILA BOA"";""Não"";""Falta de Atenção à Condução"";1;""Colisão traseira"";""Com Vítimas Feridas"";""Pleno dia"";""Decrescente"";""Chuva"";""Simples"";""Reta"";""Não"";466736;""Utilitário"";""CAOACHERY/TIGGO 5X TXS"";2019;""Condutor"";""Ileso"";39;""Masculino"";1;0;0;0;-15",035155;-47,"056973;""SR-DF"";""UOP01/DEL02/DF"";""""",
"260976;582436;2020-01-05;""domingo"";""11:00:00"";""GO"";20;88;""VILA BOA"";""Não"";""Falta de Atenção à Condução"";1;""Colisão traseira"";""Com Vítimas Feridas"";""Pleno dia"";""Decrescente"";""Chuva"";""Simples"";""Reta"";""Não"";466735;""Automóvel"";""GM/CORSA WIND"";1999;""Passageiro"";""Lesões Leves"";45;""Feminino"";0;1;0;0;-15",035155;-47,"056973;""SR-DF"";""UOP01/DEL02/DF"";""""",
"260976;582432;2020-01-05;""domingo"";""11:00:00"";""GO"";20;88;""VILA BOA"";""Não"";""Falta de Atenção à Condução"";1;""Colisão traseira"";""Com Vítimas Feridas"";""Pleno dia"";""Decrescente"";""Chuva"";""Simples"";""Reta"";""Não"";466735;""Automóvel"";""GM/CORSA WIND"";1999;""Condutor"";""Ileso"";27;""Masculino"";1;0;0;0;-15",035155;-47,"056973;""SR-DF"";""UOP01/DEL02/DF"";""""",
"260978;584379;2020-01-01;""quarta"";""18:00:00"";""RJ"";101;430;""MANGARATIBA"";""Sim"";""Falta de Atenção à Condução"";1;""Colisão traseira"";""Sem Vítimas"";""Pleno dia"";""Decrescente"";""Ignorado"";""Simples"";""Curva"";""Sim"";465598;""Automóvel"";""VW/GOL 1.0"";2010;""Condutor"";""Ileso"";45;""Feminino"";1;0;0;0;-22",93710123;-44,"01083798;""SR-RJ"";""DEL5/3"";""UOP01/RJ""",
"260978;584377;2020-01-01;""quarta"";""18:00:00"";""RJ"";101;430;""MANGARATIBA"";""Sim"";""Falta de Atenção à Condução"";1;""Colisão traseira"";""Sem Vítimas"";""Pleno dia"";""Decrescente"";""Ignorado"";""Simples"";""Curva"";""Sim"";465597;""Automóvel"";""VW/GOL 1.0"";2009;""Condutor"";""Ileso"";58;""Masculino"";1;0;0;0;-22",93710123;-44,"01083798;""SR-RJ"";""DEL5/3"";""UOP01/RJ""",
"260978;584376;2020-01-01;""quarta"";""18:00:00"";""RJ"";101;430;""MANGARATIBA"";""Sim"";""Falta de Atenção à Condução"";1;""Colisão traseira"";""Sem Vítimas"";""Pleno dia"";""Decrescente"";""Ignorado"";""Simples"";""Curva"";""Sim"";465596;""Automóvel"";""I/KIA CERATO SX3 1.6ATNB"";2012;""Condutor"";""Ileso"";47;""Masculino"";1;0;0;0;-22",93710123;-44,"01083798;""SR-RJ"";""DEL5/3"";""UOP01/RJ""",
"260978;584379;2020-01-01;""quarta"";""18:00:00"";""RJ"";101;430;""MANGARATIBA"";""Não"";""Ingestão de Álcool"";1;""Colisão traseira"";""Sem Vítimas"";""Pleno dia"";""Decrescente"";""Ignorado"";""Simples"";""Curva"";""Sim"";465598;""Automóvel"";""VW/GOL 1.0"";2010;""Condutor"";""Ileso"";45;""Feminino"";1;0;0;0;-22",93710123;-44,"01083798;""SR-RJ"";""DEL5/3"";""UOP01/RJ""",
"260978;584377;2020-01-01;""quarta"";""18:00:00"";""RJ"";101;430;""MANGARATIBA"";""Não"";""Ingestão de Álcool"";1;""Colisão traseira"";""Sem Vítimas"";""Pleno dia"";""Decrescente"";""Ignorado"";""Simples"";""Curva"";""Sim"";465597;""Automóvel"";""VW/GOL 1.0"";2009;""Condutor"";""Ileso"";58;""Masculino"";1;0;0;0;-22",93710123;-44,"01083798;""SR-RJ"";""DEL5/3"";""UOP01/RJ""",
"260978;584376;2020-01-01;""quarta"";""18:00:00"";""RJ"";101;430;""MANGARATIBA"";""Não"";""Ingestão de Álcool"";1;""Colisão traseira"";""Sem Vítimas"";""Pleno dia"";""Decrescente"";""Ignorado"";""Simples"";""Curva"";""Sim"";465596;""Automóvel"";""I/KIA CERATO SX3 1.6ATNB"";2012;""Condutor"";""Ileso"";47;""Masculino"";1;0;0;0;-22",93710123;-44,"01083798;""SR-RJ"";""DEL5/3"";""UOP01/RJ""",
"260979;580686;2020-01-05;""domingo"";""11:05:00"";""RJ"";116;122","3;""MAGE"";""Sim"";""Avarias e/ou desgaste excessivo no pneu"";3;""Capotamento"";""Com Vítimas Feridas"";""Pleno dia"";""Crescente"";""Nublado"";""Dupla"";""Reta"";""Não"";465608;""Automóvel"";""FIAT/SIENA ESSENCE 1.6"";2013;""Passageiro"";""Lesões Graves"";58;""Feminino"";0;0;1;0;-22",636834;-43,"058048;""SR-RJ"";""DEL5/4"";""UOP02/RJ"""
"260979;580690;2020-01-05;""domingo"";""11:05:00"";""RJ"";116;122","3;""MAGE"";""Sim"";""Avarias e/ou desgaste excessivo no pneu"";3;""Capotamento"";""Com Vítimas Feridas"";""Pleno dia"";""Crescente"";""Nublado"";""Dupla"";""Reta"";""Não"";465608;""Automóvel"";""FIAT/SIENA ESSENCE 1.6"";2013;""Passageiro"";""Lesões Graves"";2;""Masculino"";0;0;1;0;-22",636834;-43,"058048;""SR-RJ"";""DEL5/4"";""UOP02/RJ"""
"260979;580692;2020-01-05;""domingo"";""11:05:00"";""RJ"";116;122","3;""MAGE"";""Sim"";""Avarias e/ou desgaste excessivo no pneu"";3;""Capotamento"";""Com Vítimas Feridas"";""Pleno dia"";""Crescente"";""Nublado"";""Dupla"";""Reta"";""Não"";465608;""Automóvel"";""FIAT/SIENA ESSENCE 1.6"";2013;""Passageiro"";""Ileso"";29;""Feminino"";1;0;0;0;-22",636834;-43,"058048;""SR-RJ"";""DEL5/4"";""UOP02/RJ"""
"260979;580684;2020-01-05;""domingo"";""11:05:00"";""RJ"";116;122","3;""MAGE"";""Sim"";""Avarias e/ou desgaste excessivo no pneu"";3;""Capotamento"";""Com Vítimas Feridas"";""Pleno dia"";""Crescente"";""Nublado"";""Dupla"";""Reta"";""Não"";465608;""Automóvel"";""FIAT/SIENA ESSENCE 1.6"";2013;""Passageiro"";""Ileso"";52;""Masculino"";1;0;0;0;-22",636834;-43,"058048;""SR-RJ"";""DEL5/4"";""UOP02/RJ"""
"260979;580681;2020-01-05;""domingo"";""11:05:00"";""RJ"";116;122","3;""MAGE"";""Sim"";""Avarias e/ou desgaste excessivo no pneu"";3;""Capotamento"";""Com Vítimas Feridas"";""Pleno dia"";""Crescente"";""Nublado"";""Dupla"";""Reta"";""Não"";465608;""Automóvel"";""FIAT/SIENA ESSENCE 1.6"";2013;""Condutor"";""Ileso"";33;""Masculino"";1;0;0;0;-22",636834;-43,"058048;""SR-RJ"";""DEL5/4"";""UOP02/RJ"""
"260979;580686;2020-01-05;""domingo"";""11:05:00"";""RJ"";116;122","3;""MAGE"";""Sim"";""Avarias e/ou desgaste excessivo no pneu"";1;""Saída de leito carroçável"";""Com Vítimas Feridas"";""Pleno dia"";""Crescente"";""Nublado"";""Dupla"";""Reta"";""Não"";465608;""Automóvel"";""FIAT/SIENA ESSENCE 1.6"";2013;""Passageiro"";""Lesões Graves"";58;""Feminino"";0;0;1;0;-22",636834;-43,"058048;""SR-RJ"";""DEL5/4"";""UOP02/RJ"""
"260979;580690;2020-01-05;""domingo"";""11:05:00"";""RJ"";116;122","3;""MAGE"";""Sim"";""Avarias e/ou desgaste excessivo no pneu"";1;""Saída de leito carroçável"";""Com Vítimas Feridas"";""Pleno dia"";""Crescente"";""Nublado"";""Dupla"";""Reta"";""Não"";465608;""Automóvel"";""FIAT/SIENA ESSENCE 1.6"";2013;""Passageiro"";""Lesões Graves"";2;""Masculino"";0;0;1;0;-22",636834;-43,"058048;""SR-RJ"";""DEL5/4"";""UOP02/RJ"""
"260979;580692;2020-01-05;""domingo"";""11:05:00"";""RJ"";116;122","3;""MAGE"";""Sim"";""Avarias e/ou desgaste excessivo no pneu"";1;""Saída de leito carroçável"";""Com Vítimas Feridas"";""Pleno dia"";""Crescente"";""Nublado"";""Dupla"";""Reta"";""Não"";465608;""Automóvel"";""FIAT/SIENA ESSENCE 1.6"";2013;""Passageiro"";""Ileso"";29;""Feminino"";1;0;0;0;-22",636834;-43,"058048;""SR-RJ"";""DEL5/4"";""UOP02/RJ"""
"260979;580684;2020-01-05;""domingo"";""11:05:00"";""RJ"";116;122","3;""MAGE"";""Sim"";""Avarias e/ou desgaste excessivo no pneu"";1;""Saída de leito carroçável"";""Com Vítimas Feridas"";""Pleno dia"";""Crescente"";""Nublado"";""Dupla"";""Reta"";""Não"";465608;""Automóvel"";""FIAT/SIENA ESSENCE 1.6"";2013;""Passageiro"";""Ileso"";52;""Masculino"";1;0;0;0;-22",636834;-43,"058048;""SR-RJ"";""DEL5/4"";""UOP02/RJ"""
"260979;580681;2020-01-05;""domingo"";""11:05:00"";""RJ"";116;122","3;""MAGE"";""Sim"";""Avarias e/ou desgaste excessivo no pneu"";1;""Saída de leito carroçável"";""Com Vítimas Feridas"";""Pleno dia"";""Crescente"";""Nublado"";""Dupla"";""Reta"";""Não"";465608;""Automóvel"";""FIAT/SIENA ESSENCE 1.6"";2013;""Condutor"";""Ileso"";33;""Masculino"";1;0;0;0;-22",636834;-43,"058048;""SR-RJ"";""DEL5/4"";""UOP02/RJ"""
"260979;580686;2020-01-05;""domingo"";""11:05:00"";""RJ"";116;122","3;""MAGE"";""Sim"";""Avarias e/ou desgaste excessivo no pneu"";2;""Colisão com objeto estático"";""Com Vítimas Feridas"";""Pleno dia"";""Crescente"";""Nublado"";""Dupla"";""Reta"";""Não"";465608;""Automóvel"";""FIAT/SIENA ESSENCE 1.6"";2013;""Passageiro"";""Lesões Graves"";58;""Feminino"";0;0;1;0;-22",636834;-43,"058048;""SR-RJ"";""DEL5/4"";""UOP02/RJ"""
"260979;580690;2020-01-05;""domingo"";""11:05:00"";""RJ"";116;122","3;""MAGE"";""Sim"";""Avarias e/ou desgaste excessivo no pneu"";2;""Colisão com objeto estático"";""Com Vítimas Feridas"";""Pleno dia"";""Crescente"";""Nublado"";""Dupla"";""Reta"";""Não"";465608;""Automóvel"";""FIAT/SIENA ESSENCE 1.6"";2013;""Passageiro"";""Lesões Graves"";2;""Masculino"";0;0;1;0;-22",636834;-43,"058048;""SR-RJ"";""DEL5/4"";""UOP02/RJ"""
"260979;580692;2020-01-05;""domingo"";""11:05:00"";""RJ"";116;122","3;""MAGE"";""Sim"";""Avarias e/ou desgaste excessivo no pneu"";2;""Colisão com objeto estático"";""Com Vítimas Feridas"";""Pleno dia"";""Crescente"";""Nublado"";""Dupla"";""Reta"";""Não"";465608;""Automóvel"";""FIAT/SIENA ESSENCE 1.6"";2013;""Passageiro"";""Ileso"";29;""Feminino"";1;0;0;0;-22",636834;-43,"058048;""SR-RJ"";""DEL5/4"";""UOP02/RJ"""
"260979;580684;2020-01-05;""domingo"";""11:05:00"";""RJ"";116;122","3;""MAGE"";""Sim"";""Avarias e/ou desgaste excessivo no pneu"";2;""Colisão com objeto estático"";""Com Vítimas Feridas"";""Pleno dia"";""Crescente"";""Nublado"";""Dupla"";""Reta"";""Não"";465608;""Automóvel"";""FIAT/SIENA ESSENCE 1.6"";2013;""Passageiro"";""Ileso"";52;""Masculino"";1;0;0;0;-22",636834;-43,"058048;""SR-RJ"";""DEL5/4"";""UOP02/RJ"""
"260979;580681;2020-01-05;""domingo"";""11:05:00"";""RJ"";116;122","3;""MAGE"";""Sim"";""Avarias e/ou desgaste excessivo no pneu"";2;""Colisão com objeto estático"";""Com Vítimas Feridas"";""Pleno dia"";""Crescente"";""Nublado"";""Dupla"";""Reta"";""Não"";465608;""Automóvel"";""FIAT/SIENA ESSENCE 1.6"";2013;""Condutor"";""Ileso"";33;""Masculino"";1;0;0;0;-22",636834;-43,"058048;""SR-RJ"";""DEL5/4"";""UOP02/RJ"""
"260980;580926;2020-01-05;""domingo"";""11:00:00"";""TO"";153;791;""TALISMA"";""Sim"";""Defeito na Via"";1;""Colisão frontal"";""Com Vítimas Feridas"";""Pleno dia"";""Crescente"";""Nublado"";""Simples"";""Reta"";""Não"";465767;""Camioneta"";""I/KIA SPORTAGE EX2 OFFG4"";2014;""Passageiro"";""Lesões Graves"";12;""Masculino"";0;0;1;0;-12",73659401;-49,"08071797;""SR-TO"";""UOP01/TO"";""""",
"260980;580923;2020-01-05;""domingo"";""11:00:00"";""TO"";153;791;""TALISMA"";""Sim"";""Defeito na Via"";1;""Colisão frontal"";""Com Vítimas Feridas"";""Pleno dia"";""Crescente"";""Nublado"";""Simples"";""Reta"";""Não"";465767;""Camioneta"";""I/KIA SPORTAGE EX2 OFFG4"";2014;""Passageiro"";""Lesões Graves"";56;""Masculino"";0;0;1;0;-12",73659401;-49,"08071797;""SR-TO"";""UOP01/TO"";""""",
"260980;580921;2020-01-05;""domingo"";""11:00:00"";""TO"";153;791;""TALISMA"";""Sim"";""Defeito na Via"";1;""Colisão frontal"";""Com Vítimas Feridas"";""Pleno dia"";""Crescente"";""Nublado"";""Simples"";""Reta"";""Não"";465767;""Camioneta"";""I/KIA SPORTAGE EX2 OFFG4"";2014;""Passageiro"";""Lesões Graves"";47;""Feminino"";0;0;1;0;-12",73659401;-49,"08071797;""SR-TO"";""UOP01/TO"";""""",
"260980;580918;2020-01-05;""domingo"";""11:00:00"";""TO"";153;791;""TALISMA"";""Sim"";""Defeito na Via"";1;""Colisão frontal"";""Com Vítimas Feridas"";""Pleno dia"";""Crescente"";""Nublado"";""Simples"";""Reta"";""Não"";465767;""Camioneta"";""I/KIA SPORTAGE EX2 OFFG4"";2014;""Passageiro"";""Lesões Graves"";65;""Feminino"";0;0;1;0;-12",73659401;-49,"08071797;""SR-TO"";""UOP01/TO"";""""",
"260980;580915;2020-01-05;""domingo"";""11:00:00"";""TO"";153;791;""TALISMA"";""Sim"";""Defeito na Via"";1;""Colisão frontal"";""Com Vítimas Feridas"";""Pleno dia"";""Crescente"";""Nublado"";""Simples"";""Reta"";""Não"";465767;""Camioneta"";""I/KIA SPORTAGE EX2 OFFG4"";2014;""Condutor"";""Lesões Leves"";59;""Masculino"";0;1;0;0;-12",73659401;-49,"08071797;""SR-TO"";""UOP01/TO"";""""",
"260980;580909;2020-01-05;""domingo"";""11:00:00"";""TO"";153;791;""TALISMA"";""Sim"";""Defeito na Via"";1;""Colisão frontal"";""Com Vítimas Feridas"";""Pleno dia"";""Crescente"";""Nublado"";""Simples"";""Reta"";""Não"";465766;""Automóvel"";""I/FIAT PALIO ATTRACT 1.4"";2014;""Passageiro"";""Lesões Graves"";12;""Feminino"";0;0;1;0;-12",73659401;-49,"08071797;""SR-TO"";""UOP01/TO"";""""",
"260980;580912;2020-01-05;""domingo"";""11:00:00"";""TO"";153;791;""TALISMA"";""Sim"";""Defeito na Via"";1;""Colisão frontal"";""Com Vítimas Feridas"";""Pleno dia"";""Crescente"";""Nublado"";""Simples"";""Reta"";""Não"";465766;""Automóvel"";""I/FIAT PALIO ATTRACT 1.4"";2014;""Passageiro"";""Lesões Graves"";26;""Feminino"";0;0;1;0;-12",73659401;-49,"08071797;""SR-TO"";""UOP01/TO"";""""",
"260980;580908;2020-01-05;""domingo"";""11:00:00"";""TO"";153;791;""TALISMA"";""Sim"";""Defeito na Via"";1;""Colisão frontal"";""Com Vítimas Feridas"";""Pleno dia"";""Crescente"";""Nublado"";""Simples"";""Reta"";""Não"";465766;""Automóvel"";""I/FIAT PALIO ATTRACT 1.4"";2014;""Passageiro"";""Lesões Graves"";15;""Feminino"";0;0;1;0;-12",73659401;-49,"08071797;""SR-TO"";""UOP01/TO"";""""",
"260980;580906;2020-01-05;""domingo"";""11:00:00"";""TO"";153;791;""TALISMA"";""Sim"";""Defeito na Via"";1;""Colisão frontal"";""Com Vítimas Feridas"";""Pleno dia"";""Crescente"";""Nublado"";""Simples"";""Reta"";""Não"";465766;""Automóvel"";""I/FIAT PALIO ATTRACT 1.4"";2014;""Condutor"";""Lesões Graves"";35;""Masculino"";0;0;1;0;-12",73659401;-49,"08071797;""SR-TO"";""UOP01/TO"";""""",
"260982;580718;2020-01-05;""domingo"";""10:10:00"";""MT"";364;242","9;""JUSCIMEIRA"";""Sim"";""Não guardar distância de segurança"";1;""Saída de leito carroçável"";""Com Vítimas Feridas"";""Pleno dia"";""Crescente"";""Céu Claro"";""Dupla"";""Não Informado"";""Sim"";465641;""Caminhonete"";""CHEVROLET/S10 LT DD2A"";2014;""Passageiro"";""Lesões Leves"";47;""Feminino"";0;1;0;0;-16",17075295;-54,"79248393;""SR-MT"";""DEL2/2"";""UOP01/MT"""
"260982;580724;2020-01-05;""domingo"";""10:10:00"";""MT"";364;242","9;""JUSCIMEIRA"";""Sim"";""Não guardar distância de segurança"";1;""Saída de leito carroçável"";""Com Vítimas Feridas"";""Pleno dia"";""Crescente"";""Céu Claro"";""Dupla"";""Não Informado"";""Sim"";465641;""Caminhonete"";""CHEVROLET/S10 LT DD2A"";2014;""Passageiro"";""Lesões Leves"";18;""Feminino"";0;1;0;0;-16",17075295;-54,"79248393;""SR-MT"";""DEL2/2"";""UOP01/MT"""
"260982;580723;2020-01-05;""domingo"";""10:10:00"";""MT"";364;242","9;""JUSCIMEIRA"";""Sim"";""Não guardar distância de segurança"";1;""Saída de leito carroçável"";""Com Vítimas Feridas"";""Pleno dia"";""Crescente"";""Céu Claro"";""Dupla"";""Não Informado"";""Sim"";465641;""Caminhonete"";""CHEVROLET/S10 LT DD2A"";2014;""Passageiro"";""Lesões Graves"";14;""Masculino"";0;0;1;0;-16",17075295;-54,"79248393;""SR-MT"";""DEL2/2"";""UOP01/MT"""
"260982;580716;2020-01-05;""domingo"";""10:10:00"";""MT"";364;242","9;""JUSCIMEIRA"";""Sim"";""Não guardar distância de segurança"";1;""Saída de leito carroçável"";""Com Vítimas Feridas"";""Pleno dia"";""Crescente"";""Céu Claro"";""Dupla"";""Não Informado"";""Sim"";465641;""Caminhonete"";""CHEVROLET/S10 LT DD2A"";2014;""Condutor"";""Lesões Graves"";50;""Masculino"";0;0;1;0;-16",17075295;-54,"79248393;""SR-MT"";""DEL2/2"";""UOP01/MT"""
"260982;580718;2020-01-05;""domingo"";""10:10:00"";""MT"";364;242","9;""JUSCIMEIRA"";""Sim"";""Não guardar distância de segurança"";2;""Capotamento"";""Com Vítimas Feridas"";""Pleno dia"";""Crescente"";""Céu Claro"";""Dupla"";""Não Informado"";""Sim"";465641;""Caminhonete"";""CHEVROLET/S10 LT DD2A"";2014;""Passageiro"";""Lesões Leves"";47;""Feminino"";0;1;0;0;-16",17075295;-54,"79248393;""SR-MT"";""DEL2/2"";""UOP01/MT"""
"260982;580724;2020-01-05;""domingo"";""10:10:00"";""MT"";364;242","9;""JUSCIMEIRA"";""Sim"";""Não guardar distância de segurança"";2;""Capotamento"";""Com Vítimas Feridas"";""Pleno dia"";""Crescente"";""Céu Claro"";""Dupla"";""Não Informado"";""Sim"";465641;""Caminhonete"";""CHEVROLET/S10 LT DD2A"";2014;""Passageiro"";""Lesões Leves"";18;""Feminino"";0;1;0;0;-16",17075295;-54,"79248393;""SR-MT"";""DEL2/2"";""UOP01/MT"""
"260982;580723;2020-01-05;""domingo"";""10:10:00"";""MT"";364;242","9;""JUSCIMEIRA"";""Sim"";""Não guardar distância de segurança"";2;""Capotamento"";""Com Vítimas Feridas"";""Pleno dia"";""Crescente"";""Céu Claro"";""Dupla"";""Não Informado"";""Sim"";465641;""Caminhonete"";""CHEVROLET/S10 LT DD2A"";2014;""Passageiro"";""Lesões Graves"";14;""Masculino"";0;0;1;0;-16",17075295;-54,"79248393;""SR-MT"";""DEL2/2"";""UOP01/MT"""
"260982;580716;2020-01-05;""domingo"";""10:10:00"";""MT"";364;242","9;""JUSCIMEIRA"";""Sim"";""Não guardar distância de segurança"";2;""Capotamento"";""Com Vítimas Feridas"";""Pleno dia"";""Crescente"";""Céu Claro"";""Dupla"";""Não Informado"";""Sim"";465641;""Caminhonete"";""CHEVROLET/S10 LT DD2A"";2014;""Condutor"";""Lesões Graves"";50;""Masculino"";0;0;1;0;-16",17075295;-54,"79248393;""SR-MT"";""DEL2/2"";""UOP01/MT"""
"260983;580870;2020-01-05;""domingo"";""10:00:00"";""PB"";230;107;""INGA"";""Sim"";""Falta de Atenção à Condução"";1;""Saída de leito carroçável"";""Com Vítimas Feridas"";""Pleno dia"";""Decrescente"";""Céu Claro"";""Dupla"";""Reta"";""Não"";465745;""Camioneta"";""FORD/ECOSPORT FSL 1.6"";2013;""Passageiro"";""Lesões Leves"";NA;""Feminino"";0;1;0;0;-7",2039;-35,"5389;""SR-PB"";""DEL14/1"";""UOP02/PB""",
"260983;580874;2020-01-05;""domingo"";""10:00:00"";""PB"";230;107;""INGA"";""Sim"";""Falta de Atenção à Condução"";1;""Saída de leito carroçável"";""Com Vítimas Feridas"";""Pleno dia"";""Decrescente"";""Céu Claro"";""Dupla"";""Reta"";""Não"";465745;""Camioneta"";""FORD/ECOSPORT FSL 1.6"";2013;""Passageiro"";""Ileso"";25;""Masculino"";1;0;0;0;-7",2039;-35,"5389;""SR-PB"";""DEL14/1"";""UOP02/PB""",
"260983;580872;2020-01-05;""domingo"";""10:00:00"";""PB"";230;107;""INGA"";""Sim"";""Falta de Atenção à Condução"";1;""Saída de leito carroçável"";""Com Vítimas Feridas"";""Pleno dia"";""Decrescente"";""Céu Claro"";""Dupla"";""Reta"";""Não"";465745;""Camioneta"";""FORD/ECOSPORT FSL 1.6"";2013;""Passageiro"";""Ileso"";26;""Masculino"";1;0;0;0;-7",2039;-35,"5389;""SR-PB"";""DEL14/1"";""UOP02/PB""",
"260983;580871;2020-01-05;""domingo"";""10:00:00"";""PB"";230;107;""INGA"";""Sim"";""Falta de Atenção à Condução"";1;""Saída de leito carroçável"";""Com Vítimas Feridas"";""Pleno dia"";""Decrescente"";""Céu Claro"";""Dupla"";""Reta"";""Não"";465745;""Camioneta"";""FORD/ECOSPORT FSL 1.6"";2013;""Passageiro"";""Ileso"";24;""Masculino"";1;0;0;0;-7",2039;-35,"5389;""SR-PB"";""DEL14/1"";""UOP02/PB""",
"260983;580867;2020-01-05;""domingo"";""10:00:00"";""PB"";230;107;""INGA"";""Sim"";""Falta de Atenção à Condução"";1;""Saída de leito carroçável"";""Com Vítimas Feridas"";""Pleno dia"";""Decrescente"";""Céu Claro"";""Dupla"";""Reta"";""Não"";465745;""Camioneta"";""FORD/ECOSPORT FSL 1.6"";2013;""Condutor"";""Lesões Leves"";24;""Feminino"";0;1;0;0;-7",2039;-35,"5389;""SR-PB"";""DEL14/1"";""UOP02/PB""",
"260983;580870;2020-01-05;""domingo"";""10:00:00"";""PB"";230;107;""INGA"";""Sim"";""Falta de Atenção à Condução"";2;""Capotamento"";""Com Vítimas Feridas"";""Pleno dia"";""Decrescente"";""Céu Claro"";""Dupla"";""Reta"";""Não"";465745;""Camioneta"";""FORD/ECOSPORT FSL 1.6"";2013;""Passageiro"";""Lesões Leves"";NA;""Feminino"";0;1;0;0;-7",2039;-35,"5389;""SR-PB"";""DEL14/1"";""UOP02/PB""",
"260983;580874;2020-01-05;""domingo"";""10:00:00"";""PB"";230;107;""INGA"";""Sim"";""Falta de Atenção à Condução"";2;""Capotamento"";""Com Vítimas Feridas"";""Pleno dia"";""Decrescente"";""Céu Claro"";""Dupla"";""Reta"";""Não"";465745;""Camioneta"";""FORD/ECOSPORT FSL 1.6"";2013;""Passageiro"";""Ileso"";25;""Masculino"";1;0;0;0;-7",2039;-35,"5389;""SR-PB"";""DEL14/1"";""UOP02/PB""",
"260983;580872;2020-01-05;""domingo"";""10:00:00"";""PB"";230;107;""INGA"";""Sim"";""Falta de Atenção à Condução"";2;""Capotamento"";""Com Vítimas Feridas"";""Pleno dia"";""Decrescente"";""Céu Claro"";""Dupla"";""Reta"";""Não"";465745;""Camioneta"";""FORD/ECOSPORT FSL 1.6"";2013;""Passageiro"";""Ileso"";26;""Masculino"";1;0;0;0;-7",2039;-35,"5389;""SR-PB"";""DEL14/1"";""UOP02/PB""",
"260983;580871;2020-01-05;""domingo"";""10:00:00"";""PB"";230;107;""INGA"";""Sim"";""Falta de Atenção à Condução"";2;""Capotamento"";""Com Vítimas Feridas"";""Pleno dia"";""Decrescente"";""Céu Claro"";""Dupla"";""Reta"";""Não"";465745;""Camioneta"";""FORD/ECOSPORT FSL 1.6"";2013;""Passageiro"";""Ileso"";24;""Masculino"";1;0;0;0;-7",2039;-35,"5389;""SR-PB"";""DEL14/1"";""UOP02/PB""",
"260983;580867;2020-01-05;""domingo"";""10:00:00"";""PB"";230;107;""INGA"";""Sim"";""Falta de Atenção à Condução"";2;""Capotamento"";""Com Vítimas Feridas"";""Pleno dia"";""Decrescente"";""Céu Claro"";""Dupla"";""Reta"";""Não"";465745;""Camioneta"";""FORD/ECOSPORT FSL 1.6"";2013;""Condutor"";""Lesões Leves"";24;""Feminino"";0;1;0;0;-7",2039;-35,"5389;""SR-PB"";""DEL14/1"";""UOP02/PB""",
"260984;580648;2020-01-05;""domingo"";""10:45:00"";""CE"";304;57;""ARACATI"";""Sim"";""Falta de Atenção à Condução"";1;""Colisão transversal"";""Com Vítimas Feridas"";""Pleno dia"";""Crescente"";""Céu Claro"";""Simples"";""Reta"";""Não"";465602;""Outros"";"""";NA;""Condutor"";""Ileso"";NA;""Ignorado"";1;0;0;0;-4",58692261;-37,"70287585;""SR-CE"";""DEL16/3"";""UOP03/CE""",