"id;""pesid"";""data_inversa"";""dia_semana"";""horario"";""uf"";""br"";""km"";""municipio"";""causa_principal"";""causa_acidente"";""ordem_tipo_acidente"";""tipo_acidente"";""classificacao_acidente"";""fase_dia"";""sentido_via"";""condicao_metereologica"";""tipo_pista"";""tracado_via"";""uso_solo"";""id_veiculo"";""tipo_veiculo"";""marca"";""ano_fabricacao_veiculo"";""tipo_envolvido"";""estado_fisico"";""idade"";""sexo"";""ilesos"";""feridos_leves"";""feridos_graves"";""mortos"";""latitude"";""longitude"";""regional"";""delegacia"";""uop""",,,
"260984;580645;2020-01-05;""domingo"";""10:45:00"";""CE"";304;57;""ARACATI"";""Sim"";""Falta de Atenção à Condução"";1;""Colisão transversal"";""Com Vítimas Feridas"";""Pleno dia"";""Crescente"";""Céu Claro"";""Simples"";""Reta"";""Não"";465601;""Bicicleta"";"""";NA;""Condutor"";""Lesões Leves"";62;""Masculino"";0;1;0;0;-4",58692261;-37,"70287585;""SR-CE"";""DEL16/3"";""UOP03/CE""",
"260985;580655;2020-01-05;""domingo"";""11:40:00"";""GO"";50;268","2;""CATALAO"";""Sim"";""Falta de Atenção à Condução"";2;""Colisão com objeto estático"";""Sem Vítimas"";""Pleno dia"";""Decrescente"";""Chuva"";""Dupla"";""Reta"";""Não"";465605;""Automóvel"";""VW/PARATI CL 1.6 MI"";1997;""Condutor"";""Não Informado"";NA;""Não Informado"";0;0;0;0;-18",0944;-47,"8761;""SR-GO"";""DEL1/6"";""UOP01/GO"""
"260985;580655;2020-01-05;""domingo"";""11:40:00"";""GO"";50;268","2;""CATALAO"";""Sim"";""Falta de Atenção à Condução"";1;""Saída de leito carroçável"";""Sem Vítimas"";""Pleno dia"";""Decrescente"";""Chuva"";""Dupla"";""Reta"";""Não"";465605;""Automóvel"";""VW/PARATI CL 1.6 MI"";1997;""Condutor"";""Não Informado"";NA;""Não Informado"";0;0;0;0;-18",0944;-47,"8761;""SR-GO"";""DEL1/6"";""UOP01/GO"""
"260985;580655;2020-01-05;""domingo"";""11:40:00"";""GO"";50;268","2;""CATALAO"";""Não"";""Avarias e/ou desgaste excessivo no pneu"";2;""Colisão com objeto estático"";""Sem Vítimas"";""Pleno dia"";""Decrescente"";""Chuva"";""Dupla"";""Reta"";""Não"";465605;""Automóvel"";""VW/PARATI CL 1.6 MI"";1997;""Condutor"";""Não Informado"";NA;""Não Informado"";0;0;0;0;-18",0944;-47,"8761;""SR-GO"";""DEL1/6"";""UOP01/GO"""
"260985;580655;2020-01-05;""domingo"";""11:40:00"";""GO"";50;268","2;""CATALAO"";""Não"";""Avarias e/ou desgaste excessivo no pneu"";1;""Saída de leito carroçável"";""Sem Vítimas"";""Pleno dia"";""Decrescente"";""Chuva"";""Dupla"";""Reta"";""Não"";465605;""Automóvel"";""VW/PARATI CL 1.6 MI"";1997;""Condutor"";""Não Informado"";NA;""Não Informado"";0;0;0;0;-18",0944;-47,"8761;""SR-GO"";""DEL1/6"";""UOP01/GO"""
"260985;580655;2020-01-05;""domingo"";""11:40:00"";""GO"";50;268","2;""CATALAO"";""Não"";""Velocidade Incompatível"";2;""Colisão com objeto estático"";""Sem Vítimas"";""Pleno dia"";""Decrescente"";""Chuva"";""Dupla"";""Reta"";""Não"";465605;""Automóvel"";""VW/PARATI CL 1.6 MI"";1997;""Condutor"";""Não Informado"";NA;""Não Informado"";0;0;0;0;-18",0944;-47,"8761;""SR-GO"";""DEL1/6"";""UOP01/GO"""
"260985;580655;2020-01-05;""domingo"";""11:40:00"";""GO"";50;268","2;""CATALAO"";""Não"";""Velocidade Incompatível"";1;""Saída de leito carroçável"";""Sem Vítimas"";""Pleno dia"";""Decrescente"";""Chuva"";""Dupla"";""Reta"";""Não"";465605;""Automóvel"";""VW/PARATI CL 1.6 MI"";1997;""Condutor"";""Não Informado"";NA;""Não Informado"";0;0;0;0;-18",0944;-47,"8761;""SR-GO"";""DEL1/6"";""UOP01/GO"""
"260986;584429;2020-01-05;""domingo"";""11:00:00"";""MG"";153;132","8;""PRATA"";""Sim"";""Defeito Mecânico no Veículo"";1;""Queda de ocupante de veículo"";""Com Vítimas Feridas"";""Pleno dia"";""Decrescente"";""Sol"";""Dupla"";""Não Informado"";""Não"";465701;""Motocicleta"";""YAMAHA/LANDER XTZ250"";2007;""Condutor"";""Lesões Leves"";51;""Masculino"";0;1;0;0;-19",49973068;-48,"85139954;""SR-MG"";""DEL4/15"";""UOP03/MG"""
"260986;584434;2020-01-05;""domingo"";""11:00:00"";""MG"";153;132","8;""PRATA"";""Sim"";""Defeito Mecânico no Veículo"";1;""Queda de ocupante de veículo"";""Com Vítimas Feridas"";""Pleno dia"";""Decrescente"";""Sol"";""Dupla"";""Não Informado"";""Não"";465701;""Motocicleta"";""YAMAHA/LANDER XTZ250"";2007;""Passageiro"";""Lesões Leves"";45;""Feminino"";0;1;0;0;-19",49973068;-48,"85139954;""SR-MG"";""DEL4/15"";""UOP03/MG"""
"260988;580979;2020-01-05;""domingo"";""11:20:00"";""RS"";472;595;""URUGUAIANA"";""Sim"";""Defeito Mecânico no Veículo"";1;""Incêndio"";""Sem Vítimas"";""Pleno dia"";""Decrescente"";""Céu Claro"";""Dupla"";""Reta"";""Não"";465776;""Caminhão-trator"";""SCANIA/T113 H 4X2 360"";1995;""Condutor"";""Ileso"";53;""Masculino"";1;0;0;0;-29",85443098;-57,"10946865;""SR-RS"";""DEL9/13"";""UOP01/RS""",
"260988;NA;2020-01-05;""domingo"";""11:20:00"";""RS"";472;595;""URUGUAIANA"";""Sim"";""Defeito Mecânico no Veículo"";1;""Incêndio"";""Sem Vítimas"";""Pleno dia"";""Decrescente"";""Céu Claro"";""Dupla"";""Reta"";""Não"";465808;""Semireboque"";""SR/LIBRELATO SRCS 3E"";2010;""Não Informado"";""Não Informado"";NA;""Não Informado"";0;0;0;0;-29",85443098;-57,"10946865;""SR-RS"";""DEL9/13"";""UOP01/RS""",
"260988;580979;2020-01-05;""domingo"";""11:20:00"";""RS"";472;595;""URUGUAIANA"";""Não"";""Falta de Atenção à Condução"";1;""Incêndio"";""Sem Vítimas"";""Pleno dia"";""Decrescente"";""Céu Claro"";""Dupla"";""Reta"";""Não"";465776;""Caminhão-trator"";""SCANIA/T113 H 4X2 360"";1995;""Condutor"";""Ileso"";53;""Masculino"";1;0;0;0;-29",85443098;-57,"10946865;""SR-RS"";""DEL9/13"";""UOP01/RS""",
"260988;NA;2020-01-05;""domingo"";""11:20:00"";""RS"";472;595;""URUGUAIANA"";""Não"";""Falta de Atenção à Condução"";1;""Incêndio"";""Sem Vítimas"";""Pleno dia"";""Decrescente"";""Céu Claro"";""Dupla"";""Reta"";""Não"";465808;""Semireboque"";""SR/LIBRELATO SRCS 3E"";2010;""Não Informado"";""Não Informado"";NA;""Não Informado"";0;0;0;0;-29",85443098;-57,"10946865;""SR-RS"";""DEL9/13"";""UOP01/RS""",
"260989;580844;2020-01-05;""domingo"";""11:00:00"";""RJ"";116;266","4;""BARRA MANSA"";""Sim"";""Falta de Atenção à Condução"";1;""Colisão traseira"";""Sem Vítimas"";""Pleno dia"";""Decrescente"";""Sol"";""Dupla"";""Reta"";""Não"";465696;""Caminhão-trator"";""SCANIA/P 360 A6X2"";2012;""Condutor"";""Ileso"";55;""Masculino"";1;0;0;0;-22",58856193;-44,"09534501;""SR-RJ"";""DEL5/7"";""UOP02/RJ"""
"260989;NA;2020-01-05;""domingo"";""11:00:00"";""RJ"";116;266","4;""BARRA MANSA"";""Sim"";""Falta de Atenção à Condução"";1;""Colisão traseira"";""Sem Vítimas"";""Pleno dia"";""Decrescente"";""Sol"";""Dupla"";""Reta"";""Não"";465717;""Semireboque"";""SR/FACCHINI SRF PSED"";2012;""Não Informado"";""Não Informado"";NA;""Não Informado"";0;0;0;0;-22",58856193;-44,"09534501;""SR-RJ"";""DEL5/7"";""UOP02/RJ"""
"260989;580840;2020-01-05;""domingo"";""11:00:00"";""RJ"";116;266","4;""BARRA MANSA"";""Sim"";""Falta de Atenção à Condução"";1;""Colisão traseira"";""Sem Vítimas"";""Pleno dia"";""Decrescente"";""Sol"";""Dupla"";""Reta"";""Não"";465695;""Automóvel"";""HONDA/CITY SPORT"";2014;""Condutor"";""Ileso"";54;""Masculino"";1;0;0;0;-22",58856193;-44,"09534501;""SR-RJ"";""DEL5/7"";""UOP02/RJ"""
"260990;580656;2020-01-05;""domingo"";""09:55:00"";""PR"";376;303","1;""MAUA DA SERRA"";""Sim"";""Desobediência às normas de trânsito pelo condutor"";1;""Colisão com objeto estático"";""Com Vítimas Feridas"";""Pleno dia"";""Decrescente"";""Céu Claro"";""Dupla"";""Curva"";""Não"";465610;""Motocicleta"";""KAWASAKI/ER-6N ABS"";2014;""Condutor"";""Lesões Graves"";34;""Masculino"";0;0;1;0;-23",94879783;-51,"11920774;""SR-PR"";""DEL7/7"";""UOP02/PR"""
"260991;580764;2020-01-05;""domingo"";""12:30:00"";""MG"";381;895","5;""CAMBUI"";""Sim"";""Falta de Atenção à Condução"";1;""Colisão traseira"";""Com Vítimas Feridas"";""Pleno dia"";""Crescente"";""Céu Claro"";""Dupla"";""Reta"";""Não"";465657;""Automóvel"";""CHEVROLET/CLASSIC LS"";2010;""Condutor"";""Lesões Leves"";44;""Feminino"";0;1;0;0;-22",62324893;-46,"07503911;""SR-MG"";""DEL09"";""UOP03/MG"""
"260992;580696;2020-01-05;""domingo"";""11:50:00"";""RO"";364;712;""PORTO VELHO"";""Sim"";""Falta de Atenção à Condução"";1;""Colisão lateral"";""Com Vítimas Feridas"";""Pleno dia"";""Decrescente"";""Nublado"";""Dupla"";""Interseção de vias"";""Sim"";465627;""Automóvel"";""RENAULT/SANDERO EXP1016V"";2012;""Condutor"";""Ileso"";42;""Masculino"";1;0;0;0;-8",77271475;-63,"88120651;""SR-RO"";""DEL21/1"";""UOP01/RO""",
"260992;580695;2020-01-05;""domingo"";""11:50:00"";""RO"";364;712;""PORTO VELHO"";""Sim"";""Falta de Atenção à Condução"";1;""Colisão lateral"";""Com Vítimas Feridas"";""Pleno dia"";""Decrescente"";""Nublado"";""Dupla"";""Interseção de vias"";""Sim"";465626;""Automóvel"";""FIAT/PALIO SPORT 1.6 DL"";2012;""Condutor"";""Lesões Leves"";26;""Feminino"";0;1;0;0;-8",77271475;-63,"88120651;""SR-RO"";""DEL21/1"";""UOP01/RO""",
"260993;580699;2020-01-05;""domingo"";""12:35:00"";""MG"";381;697","3;""LAVRAS"";""Sim"";""Velocidade Incompatível"";1;""Saída de leito carroçável"";""Com Vítimas Feridas"";""Pleno dia"";""Crescente"";""Chuva"";""Dupla"";""Curva"";""Não"";465625;""Caminhão-trator"";""SCANIA/S500 A6X2"";2019;""Passageiro"";""Lesões Leves"";46;""Masculino"";0;1;0;0;-21",29043096;-45,"14791909;""SR-MG"";""DEL4/4"";""UOP02/MG"""
"260993;580688;2020-01-05;""domingo"";""12:35:00"";""MG"";381;697","3;""LAVRAS"";""Sim"";""Velocidade Incompatível"";1;""Saída de leito carroçável"";""Com Vítimas Feridas"";""Pleno dia"";""Crescente"";""Chuva"";""Dupla"";""Curva"";""Não"";465625;""Caminhão-trator"";""SCANIA/S500 A6X2"";2019;""Condutor"";""Ileso"";42;""Masculino"";1;0;0;0;-21",29043096;-45,"14791909;""SR-MG"";""DEL4/4"";""UOP02/MG"""
"260993;NA;2020-01-05;""domingo"";""12:35:00"";""MG"";381;697","3;""LAVRAS"";""Sim"";""Velocidade Incompatível"";1;""Saída de leito carroçável"";""Com Vítimas Feridas"";""Pleno dia"";""Crescente"";""Chuva"";""Dupla"";""Curva"";""Não"";465628;""Semireboque"";""SR/LIBRELATO BTLOENCR 3E"";2018;""Não Informado"";""Não Informado"";NA;""Não Informado"";0;0;0;0;-21",29043096;-45,"14791909;""SR-MG"";""DEL4/4"";""UOP02/MG"""
"260994;NA;2020-01-05;""domingo"";""12:20:00"";""RS"";290;176","3;""BUTIA"";""Sim"";""Falta de Atenção à Condução"";1;""Colisão frontal"";""Com Vítimas Feridas"";""Pleno dia"";""Decrescente"";""Sol"";""Simples"";""Reta"";""Não"";465758;""Semireboque"";""SR/GUERRA AG TO"";2013;""Não Informado"";""Não Informado"";NA;""Não Informado"";0;0;0;0;-30",131086;-51,"972031;""SR-RS"";""DEL2"";""UOP02/RS"""
"260994;NA;2020-01-05;""domingo"";""12:20:00"";""RS"";290;176","3;""BUTIA"";""Sim"";""Falta de Atenção à Condução"";1;""Colisão frontal"";""Com Vítimas Feridas"";""Pleno dia"";""Decrescente"";""Sol"";""Simples"";""Reta"";""Não"";465755;""Semireboque"";""SR/GUERRA AG TO"";2013;""Não Informado"";""Não Informado"";NA;""Não Informado"";0;0;0;0;-30",131086;-51,"972031;""SR-RS"";""DEL2"";""UOP02/RS"""
"260994;580892;2020-01-05;""domingo"";""12:20:00"";""RS"";290;176","3;""BUTIA"";""Sim"";""Falta de Atenção à Condução"";1;""Colisão frontal"";""Com Vítimas Feridas"";""Pleno dia"";""Decrescente"";""Sol"";""Simples"";""Reta"";""Não"";465736;""Caminhão-trator"";""SCANIA/G450 A6X4 XT"";2019;""Condutor"";""Ileso"";47;""Masculino"";1;0;0;0;-30",131086;-51,"972031;""SR-RS"";""DEL2"";""UOP02/RS"""
"260994;580886;2020-01-05;""domingo"";""12:20:00"";""RS"";290;176","3;""BUTIA"";""Sim"";""Falta de Atenção à Condução"";1;""Colisão frontal"";""Com Vítimas Feridas"";""Pleno dia"";""Decrescente"";""Sol"";""Simples"";""Reta"";""Não"";465735;""Motocicleta"";""HONDA/CBX 250 TWISTER"";2004;""Condutor"";""Lesões Graves"";36;""Masculino"";0;0;1;0;-30",131086;-51,"972031;""SR-RS"";""DEL2"";""UOP02/RS"""
"260997;582606;2020-01-05;""domingo"";""12:50:00"";""SC"";282;137","1;""BOM RETIRO"";""Sim"";""Ultrapassagem Indevida"";1;""Colisão transversal"";""Com Vítimas Feridas"";""Pleno dia"";""Crescente"";""Céu Claro"";""Simples"";""Reta"";""Não"";465652;""Automóvel"";""I/CHEVROLET CLASSIC LS"";2013;""Condutor"";""Lesões Leves"";25;""Feminino"";0;1;0;0;-27",8218;-49,"567032;""SR-SC"";""DEL8/5"";""UOP01/SC"""
"260997;582605;2020-01-05;""domingo"";""12:50:00"";""SC"";282;137","1;""BOM RETIRO"";""Sim"";""Ultrapassagem Indevida"";1;""Colisão transversal"";""Com Vítimas Feridas"";""Pleno dia"";""Crescente"";""Céu Claro"";""Simples"";""Reta"";""Não"";465651;""Utilitário"";""I/PORSCHE MACAN GTS"";2016;""Condutor"";""Ileso"";23;""Masculino"";1;0;0;0;-27",8218;-49,"567032;""SR-SC"";""DEL8/5"";""UOP01/SC"""
"260998;580677;2020-01-05;""domingo"";""12:45:00"";""SC"";282;523","7;""XAXIM"";""Sim"";""Defeito Mecânico no Veículo"";2;""Tombamento"";""Com Vítimas Feridas"";""Pleno dia"";""Crescente"";""Céu Claro"";""Simples"";""Curva"";""Sim"";465614;""Motocicleta"";""HONDA/CG 150 TITAN KS"";2005;""Condutor"";""Lesões Leves"";21;""Masculino"";0;1;0;0;-26",963129;-52,"548851;""SR-SC"";""DEL7"";""UOP01/SC"""
"260998;580672;2020-01-05;""domingo"";""12:45:00"";""SC"";282;523","7;""XAXIM"";""Sim"";""Defeito Mecânico no Veículo"";2;""Tombamento"";""Com Vítimas Feridas"";""Pleno dia"";""Crescente"";""Céu Claro"";""Simples"";""Curva"";""Sim"";465613;""Automóvel"";""VW/PARATI CL 1.8"";1991;""Condutor"";""Ileso"";23;""Masculino"";1;0;0;0;-26",963129;-52,"548851;""SR-SC"";""DEL7"";""UOP01/SC"""
"260998;580677;2020-01-05;""domingo"";""12:45:00"";""SC"";282;523","7;""XAXIM"";""Sim"";""Defeito Mecânico no Veículo"";3;""Capotamento"";""Com Vítimas Feridas"";""Pleno dia"";""Crescente"";""Céu Claro"";""Simples"";""Curva"";""Sim"";465614;""Motocicleta"";""HONDA/CG 150 TITAN KS"";2005;""Condutor"";""Lesões Leves"";21;""Masculino"";0;1;0;0;-26",963129;-52,"548851;""SR-SC"";""DEL7"";""UOP01/SC"""
"260998;580672;2020-01-05;""domingo"";""12:45:00"";""SC"";282;523","7;""XAXIM"";""Sim"";""Defeito Mecânico no Veículo"";3;""Capotamento"";""Com Vítimas Feridas"";""Pleno dia"";""Crescente"";""Céu Claro"";""Simples"";""Curva"";""Sim"";465613;""Automóvel"";""VW/PARATI CL 1.8"";1991;""Condutor"";""Ileso"";23;""Masculino"";1;0;0;0;-26",963129;-52,"548851;""SR-SC"";""DEL7"";""UOP01/SC"""
"260998;580677;2020-01-05;""domingo"";""12:45:00"";""SC"";282;523","7;""XAXIM"";""Sim"";""Defeito Mecânico no Veículo"";1;""Colisão frontal"";""Com Vítimas Feridas"";""Pleno dia"";""Crescente"";""Céu Claro"";""Simples"";""Curva"";""Sim"";465614;""Motocicleta"";""HONDA/CG 150 TITAN KS"";2005;""Condutor"";""Lesões Leves"";21;""Masculino"";0;1;0;0;-26",963129;-52,"548851;""SR-SC"";""DEL7"";""UOP01/SC"""
"260998;580672;2020-01-05;""domingo"";""12:45:00"";""SC"";282;523","7;""XAXIM"";""Sim"";""Defeito Mecânico no Veículo"";1;""Colisão frontal"";""Com Vítimas Feridas"";""Pleno dia"";""Crescente"";""Céu Claro"";""Simples"";""Curva"";""Sim"";465613;""Automóvel"";""VW/PARATI CL 1.8"";1991;""Condutor"";""Ileso"";23;""Masculino"";1;0;0;0;-26",963129;-52,"548851;""SR-SC"";""DEL7"";""UOP01/SC"""
"260998;580677;2020-01-05;""domingo"";""12:45:00"";""SC"";282;523","7;""XAXIM"";""Não"";""Velocidade Incompatível"";2;""Tombamento"";""Com Vítimas Feridas"";""Pleno dia"";""Crescente"";""Céu Claro"";""Simples"";""Curva"";""Sim"";465614;""Motocicleta"";""HONDA/CG 150 TITAN KS"";2005;""Condutor"";""Lesões Leves"";21;""Masculino"";0;1;0;0;-26",963129;-52,"548851;""SR-SC"";""DEL7"";""UOP01/SC"""
"260998;580672;2020-01-05;""domingo"";""12:45:00"";""SC"";282;523","7;""XAXIM"";""Não"";""Velocidade Incompatível"";2;""Tombamento"";""Com Vítimas Feridas"";""Pleno dia"";""Crescente"";""Céu Claro"";""Simples"";""Curva"";""Sim"";465613;""Automóvel"";""VW/PARATI CL 1.8"";1991;""Condutor"";""Ileso"";23;""Masculino"";1;0;0;0;-26",963129;-52,"548851;""SR-SC"";""DEL7"";""UOP01/SC"""
"260998;580677;2020-01-05;""domingo"";""12:45:00"";""SC"";282;523","7;""XAXIM"";""Não"";""Velocidade Incompatível"";3;""Capotamento"";""Com Vítimas Feridas"";""Pleno dia"";""Crescente"";""Céu Claro"";""Simples"";""Curva"";""Sim"";465614;""Motocicleta"";""HONDA/CG 150 TITAN KS"";2005;""Condutor"";""Lesões Leves"";21;""Masculino"";0;1;0;0;-26",963129;-52,"548851;""SR-SC"";""DEL7"";""UOP01/SC"""
"260998;580672;2020-01-05;""domingo"";""12:45:00"";""SC"";282;523","7;""XAXIM"";""Não"";""Velocidade Incompatível"";3;""Capotamento"";""Com Vítimas Feridas"";""Pleno dia"";""Crescente"";""Céu Claro"";""Simples"";""Curva"";""Sim"";465613;""Automóvel"";""VW/PARATI CL 1.8"";1991;""Condutor"";""Ileso"";23;""Masculino"";1;0;0;0;-26",963129;-52,"548851;""SR-SC"";""DEL7"";""UOP01/SC"""
"260998;580677;2020-01-05;""domingo"";""12:45:00"";""SC"";282;523","7;""XAXIM"";""Não"";""Velocidade Incompatível"";1;""Colisão frontal"";""Com Vítimas Feridas"";""Pleno dia"";""Crescente"";""Céu Claro"";""Simples"";""Curva"";""Sim"";465614;""Motocicleta"";""HONDA/CG 150 TITAN KS"";2005;""Condutor"";""Lesões Leves"";21;""Masculino"";0;1;0;0;-26",963129;-52,"548851;""SR-SC"";""DEL7"";""UOP01/SC"""
"260998;580672;2020-01-05;""domingo"";""12:45:00"";""SC"";282;523","7;""XAXIM"";""Não"";""Velocidade Incompatível"";1;""Colisão frontal"";""Com Vítimas Feridas"";""Pleno dia"";""Crescente"";""Céu Claro"";""Simples"";""Curva"";""Sim"";465613;""Automóvel"";""VW/PARATI CL 1.8"";1991;""Condutor"";""Ileso"";23;""Masculino"";1;0;0;0;-26",963129;-52,"548851;""SR-SC"";""DEL7"";""UOP01/SC"""
"260999;580864;2020-01-05;""domingo"";""10:15:00"";""MG"";381;213","3;""NAQUE"";""Sim"";""Não guardar distância de segurança"";2;""Tombamento"";""Com Vítimas Feridas"";""Pleno dia"";""Crescente"";""Nublado"";""Simples"";""Reta"";""Não"";465616;""Motocicleta"";""HONDA/CG 150 TITAN KS"";2008;""Passageiro"";""Lesões Leves"";50;""Feminino"";0;1;0;0;-19",25509297;-42,"34105207;""SR-MG"";""DEL4/6"";""UOP01/MG"""
"260999;580863;2020-01-05;""domingo"";""10:15:00"";""MG"";381;213","3;""NAQUE"";""Sim"";""Não guardar distância de segurança"";2;""Tombamento"";""Com Vítimas Feridas"";""Pleno dia"";""Crescente"";""Nublado"";""Simples"";""Reta"";""Não"";465616;""Motocicleta"";""HONDA/CG 150 TITAN KS"";2008;""Condutor"";""Lesões Leves"";47;""Masculino"";0;1;0;0;-19",25509297;-42,"34105207;""SR-MG"";""DEL4/6"";""UOP01/MG"""
"260999;580862;2020-01-05;""domingo"";""10:15:00"";""MG"";381;213","3;""NAQUE"";""Sim"";""Não guardar distância de segurança"";2;""Tombamento"";""Com Vítimas Feridas"";""Pleno dia"";""Crescente"";""Nublado"";""Simples"";""Reta"";""Não"";465615;""Automóvel"";""TOYOTA/COROLLA ALTISFLEX"";2017;""Condutor"";""Ileso"";63;""Masculino"";1;0;0;0;-19",25509297;-42,"34105207;""SR-MG"";""DEL4/6"";""UOP01/MG"""
"260999;580864;2020-01-05;""domingo"";""10:15:00"";""MG"";381;213","3;""NAQUE"";""Sim"";""Não guardar distância de segurança"";1;""Colisão traseira"";""Com Vítimas Feridas"";""Pleno dia"";""Crescente"";""Nublado"";""Simples"";""Reta"";""Não"";465616;""Motocicleta"";""HONDA/CG 150 TITAN KS"";2008;""Passageiro"";""Lesões Leves"";50;""Feminino"";0;1;0;0;-19",25509297;-42,"34105207;""SR-MG"";""DEL4/6"";""UOP01/MG"""
"260999;580863;2020-01-05;""domingo"";""10:15:00"";""MG"";381;213","3;""NAQUE"";""Sim"";""Não guardar distância de segurança"";1;""Colisão traseira"";""Com Vítimas Feridas"";""Pleno dia"";""Crescente"";""Nublado"";""Simples"";""Reta"";""Não"";465616;""Motocicleta"";""HONDA/CG 150 TITAN KS"";2008;""Condutor"";""Lesões Leves"";47;""Masculino"";0;1;0;0;-19",25509297;-42,"34105207;""SR-MG"";""DEL4/6"";""UOP01/MG"""
"260999;580862;2020-01-05;""domingo"";""10:15:00"";""MG"";381;213","3;""NAQUE"";""Sim"";""Não guardar distância de segurança"";1;""Colisão traseira"";""Com Vítimas Feridas"";""Pleno dia"";""Crescente"";""Nublado"";""Simples"";""Reta"";""Não"";465615;""Automóvel"";""TOYOTA/COROLLA ALTISFLEX"";2017;""Condutor"";""Ileso"";63;""Masculino"";1;0;0;0;-19",25509297;-42,"34105207;""SR-MG"";""DEL4/6"";""UOP01/MG"""
"261001;580815;2020-01-05;""domingo"";""14:15:00"";""PE"";423;74","4;""JUPI"";""Sim"";""Ultrapassagem Indevida"";1;""Colisão lateral"";""Com Vítimas Feridas"";""Pleno dia"";""Crescente"";""Céu Claro"";""Simples"";""Curva"";""Sim"";465650;""Motoneta"";""HONDA/BIZ 125 ES"";2014;""Condutor"";""Lesões Leves"";54;""Masculino"";0;1;0;0;-8",71781039;-36,"42290446;""SR-PE"";""DEL11/3"";""UOP01/PE"""
"261001;580812;2020-01-05;""domingo"";""14:15:00"";""PE"";423;74","4;""JUPI"";""Sim"";""Ultrapassagem Indevida"";1;""Colisão lateral"";""Com Vítimas Feridas"";""Pleno dia"";""Crescente"";""Céu Claro"";""Simples"";""Curva"";""Sim"";465649;""Automóvel"";""I/VW SPACEFOX TL MBV"";2018;""Condutor"";""Lesões Leves"";29;""Masculino"";0;1;0;0;-8",71781039;-36,"42290446;""SR-PE"";""DEL11/3"";""UOP01/PE"""
"261002;580949;2020-01-05;""domingo"";""14:15:00"";""AL"";101;214;""SAO SEBASTIAO"";""Sim"";""Falta de Atenção à Condução"";1;""Queda de ocupante de veículo"";""Com Vítimas Feridas"";""Pleno dia"";""Crescente"";""Sol"";""Dupla"";""Reta"";""Não"";465646;""Motocicleta"";""HONDA/POP 110I"";2018;""Passageiro"";""Lesões Leves"";48;""Feminino"";0;1;0;0;-10",02978319;-36,"63332084;""SR-AL"";""DEL13/2"";""UOP02/AL""",
"261002;580948;2020-01-05;""domingo"";""14:15:00"";""AL"";101;214;""SAO SEBASTIAO"";""Sim"";""Falta de Atenção à Condução"";1;""Queda de ocupante de veículo"";""Com Vítimas Feridas"";""Pleno dia"";""Crescente"";""Sol"";""Dupla"";""Reta"";""Não"";465646;""Motocicleta"";""HONDA/POP 110I"";2018;""Condutor"";""Lesões Leves"";34;""Masculino"";0;1;0;0;-10",02978319;-36,"63332084;""SR-AL"";""DEL13/2"";""UOP02/AL""",
"261003;580702;2020-01-05;""domingo"";""14:30:00"";""SP"";381;33","9;""ATIBAIA"";""Sim"";""Pista Escorregadia"";1;""Colisão com objeto estático"";""Com Vítimas Feridas"";""Pleno dia"";""Decrescente"";""Chuva"";""Dupla"";""Curva"";""Sim"";465633;""Automóvel"";""PEUGEOT/207PASSION XR S"";2010;""Condutor"";""Lesões Leves"";28;""Masculino"";0;1;0;0;-23",0728028;-46,"56673562;""SR-SP"";""DEL6/3"";""UOP02/SP"""
"261007;NA;2020-01-05;""domingo"";""13:55:00"";""MT"";364;349;""SANTO ANTONIO DO LEVERGER"";""Sim"";""Desobediência às normas de trânsito pelo condutor"";2;""Saída de leito carroçável"";""Com Vítimas Feridas"";""Pleno dia"";""Crescente"";""Sol"";""Dupla"";""Curva"";""Não"";466855;""Semireboque"";""SR/RANDON SR CA"";2002;""Não Informado"";""Não Informado"";NA;""Não Informado"";0;0;0;0;-15",79266419;-55,"58050009;""SR-MT"";""DEL2/1"";""UOP01/MT""",
"261007;NA;2020-01-05;""domingo"";""13:55:00"";""MT"";364;349;""SANTO ANTONIO DO LEVERGER"";""Sim"";""Desobediência às normas de trânsito pelo condutor"";2;""Saída de leito carroçável"";""Com Vítimas Feridas"";""Pleno dia"";""Crescente"";""Sol"";""Dupla"";""Curva"";""Não"";466851;""Semireboque"";""SR/GUERRA AG GR"";2000;""Não Informado"";""Não Informado"";NA;""Não Informado"";0;0;0;0;-15",79266419;-55,"58050009;""SR-MT"";""DEL2/1"";""UOP01/MT""",
"261007;582644;2020-01-05;""domingo"";""13:55:00"";""MT"";364;349;""SANTO ANTONIO DO LEVERGER"";""Sim"";""Desobediência às normas de trânsito pelo condutor"";2;""Saída de leito carroçável"";""Com Vítimas Feridas"";""Pleno dia"";""Crescente"";""Sol"";""Dupla"";""Curva"";""Não"";465743;""Caminhão-trator"";""VOLVO/NL12 360 4X2T EDC"";1998;""Passageiro"";""Ileso"";19;""Feminino"";1;0;0;0;-15",79266419;-55,"58050009;""SR-MT"";""DEL2/1"";""UOP01/MT""",