"id;""pesid"";""data_inversa"";""dia_semana"";""horario"";""uf"";""br"";""km"";""municipio"";""causa_principal"";""causa_acidente"";""ordem_tipo_acidente"";""tipo_acidente"";""classificacao_acidente"";""fase_dia"";""sentido_via"";""condicao_metereologica"";""tipo_pista"";""tracado_via"";""uso_solo"";""id_veiculo"";""tipo_veiculo"";""marca"";""ano_fabricacao_veiculo"";""tipo_envolvido"";""estado_fisico"";""idade"";""sexo"";""ilesos"";""feridos_leves"";""feridos_graves"";""mortos"";""latitude"";""longitude"";""regional"";""delegacia"";""uop""",,,
"261015;580824;2020-01-05;""domingo"";""13:20:00"";""SC"";470;215;""SAO CRISTOVAO DO SUL"";""Não"";""Falta de Atenção à Condução"";1;""Saída de leito carroçável"";""Com Vítimas Feridas"";""Pleno dia"";""Decrescente"";""Sol"";""Simples"";""Não Informado"";""Não"";465694;""Automóvel"";""I/FIAT SIENA EL 1.0 FLEX"";2013;""Passageiro"";""Lesões Leves"";20;""Feminino"";0;1;0;0;-27",303282;-50,"266438;""SR-SC"";""DEL8/5"";""UOP03/SC""",
"261015;580820;2020-01-05;""domingo"";""13:20:00"";""SC"";470;215;""SAO CRISTOVAO DO SUL"";""Não"";""Falta de Atenção à Condução"";1;""Saída de leito carroçável"";""Com Vítimas Feridas"";""Pleno dia"";""Decrescente"";""Sol"";""Simples"";""Não Informado"";""Não"";465694;""Automóvel"";""I/FIAT SIENA EL 1.0 FLEX"";2013;""Passageiro"";""Lesões Leves"";41;""Feminino"";0;1;0;0;-27",303282;-50,"266438;""SR-SC"";""DEL8/5"";""UOP03/SC""",
"261015;580818;2020-01-05;""domingo"";""13:20:00"";""SC"";470;215;""SAO CRISTOVAO DO SUL"";""Não"";""Falta de Atenção à Condução"";1;""Saída de leito carroçável"";""Com Vítimas Feridas"";""Pleno dia"";""Decrescente"";""Sol"";""Simples"";""Não Informado"";""Não"";465694;""Automóvel"";""I/FIAT SIENA EL 1.0 FLEX"";2013;""Condutor"";""Lesões Leves"";38;""Feminino"";0;1;0;0;-27",303282;-50,"266438;""SR-SC"";""DEL8/5"";""UOP03/SC""",
"261015;580830;2020-01-05;""domingo"";""13:20:00"";""SC"";470;215;""SAO CRISTOVAO DO SUL"";""Sim"";""Defeito na Via"";2;""Capotamento"";""Com Vítimas Feridas"";""Pleno dia"";""Decrescente"";""Sol"";""Simples"";""Não Informado"";""Não"";465694;""Automóvel"";""I/FIAT SIENA EL 1.0 FLEX"";2013;""Passageiro"";""Ileso"";7;""Masculino"";1;0;0;0;-27",303282;-50,"266438;""SR-SC"";""DEL8/5"";""UOP03/SC""",
"261015;580827;2020-01-05;""domingo"";""13:20:00"";""SC"";470;215;""SAO CRISTOVAO DO SUL"";""Sim"";""Defeito na Via"";2;""Capotamento"";""Com Vítimas Feridas"";""Pleno dia"";""Decrescente"";""Sol"";""Simples"";""Não Informado"";""Não"";465694;""Automóvel"";""I/FIAT SIENA EL 1.0 FLEX"";2013;""Passageiro"";""Lesões Leves"";9;""Masculino"";0;1;0;0;-27",303282;-50,"266438;""SR-SC"";""DEL8/5"";""UOP03/SC""",
"261015;580824;2020-01-05;""domingo"";""13:20:00"";""SC"";470;215;""SAO CRISTOVAO DO SUL"";""Sim"";""Defeito na Via"";2;""Capotamento"";""Com Vítimas Feridas"";""Pleno dia"";""Decrescente"";""Sol"";""Simples"";""Não Informado"";""Não"";465694;""Automóvel"";""I/FIAT SIENA EL 1.0 FLEX"";2013;""Passageiro"";""Lesões Leves"";20;""Feminino"";0;1;0;0;-27",303282;-50,"266438;""SR-SC"";""DEL8/5"";""UOP03/SC""",
"261015;580820;2020-01-05;""domingo"";""13:20:00"";""SC"";470;215;""SAO CRISTOVAO DO SUL"";""Sim"";""Defeito na Via"";2;""Capotamento"";""Com Vítimas Feridas"";""Pleno dia"";""Decrescente"";""Sol"";""Simples"";""Não Informado"";""Não"";465694;""Automóvel"";""I/FIAT SIENA EL 1.0 FLEX"";2013;""Passageiro"";""Lesões Leves"";41;""Feminino"";0;1;0;0;-27",303282;-50,"266438;""SR-SC"";""DEL8/5"";""UOP03/SC""",
"261015;580818;2020-01-05;""domingo"";""13:20:00"";""SC"";470;215;""SAO CRISTOVAO DO SUL"";""Sim"";""Defeito na Via"";2;""Capotamento"";""Com Vítimas Feridas"";""Pleno dia"";""Decrescente"";""Sol"";""Simples"";""Não Informado"";""Não"";465694;""Automóvel"";""I/FIAT SIENA EL 1.0 FLEX"";2013;""Condutor"";""Lesões Leves"";38;""Feminino"";0;1;0;0;-27",303282;-50,"266438;""SR-SC"";""DEL8/5"";""UOP03/SC""",
"261015;580830;2020-01-05;""domingo"";""13:20:00"";""SC"";470;215;""SAO CRISTOVAO DO SUL"";""Sim"";""Defeito na Via"";1;""Saída de leito carroçável"";""Com Vítimas Feridas"";""Pleno dia"";""Decrescente"";""Sol"";""Simples"";""Não Informado"";""Não"";465694;""Automóvel"";""I/FIAT SIENA EL 1.0 FLEX"";2013;""Passageiro"";""Ileso"";7;""Masculino"";1;0;0;0;-27",303282;-50,"266438;""SR-SC"";""DEL8/5"";""UOP03/SC""",
"261015;580827;2020-01-05;""domingo"";""13:20:00"";""SC"";470;215;""SAO CRISTOVAO DO SUL"";""Sim"";""Defeito na Via"";1;""Saída de leito carroçável"";""Com Vítimas Feridas"";""Pleno dia"";""Decrescente"";""Sol"";""Simples"";""Não Informado"";""Não"";465694;""Automóvel"";""I/FIAT SIENA EL 1.0 FLEX"";2013;""Passageiro"";""Lesões Leves"";9;""Masculino"";0;1;0;0;-27",303282;-50,"266438;""SR-SC"";""DEL8/5"";""UOP03/SC""",
"261015;580824;2020-01-05;""domingo"";""13:20:00"";""SC"";470;215;""SAO CRISTOVAO DO SUL"";""Sim"";""Defeito na Via"";1;""Saída de leito carroçável"";""Com Vítimas Feridas"";""Pleno dia"";""Decrescente"";""Sol"";""Simples"";""Não Informado"";""Não"";465694;""Automóvel"";""I/FIAT SIENA EL 1.0 FLEX"";2013;""Passageiro"";""Lesões Leves"";20;""Feminino"";0;1;0;0;-27",303282;-50,"266438;""SR-SC"";""DEL8/5"";""UOP03/SC""",
"261015;580820;2020-01-05;""domingo"";""13:20:00"";""SC"";470;215;""SAO CRISTOVAO DO SUL"";""Sim"";""Defeito na Via"";1;""Saída de leito carroçável"";""Com Vítimas Feridas"";""Pleno dia"";""Decrescente"";""Sol"";""Simples"";""Não Informado"";""Não"";465694;""Automóvel"";""I/FIAT SIENA EL 1.0 FLEX"";2013;""Passageiro"";""Lesões Leves"";41;""Feminino"";0;1;0;0;-27",303282;-50,"266438;""SR-SC"";""DEL8/5"";""UOP03/SC""",
"261015;580818;2020-01-05;""domingo"";""13:20:00"";""SC"";470;215;""SAO CRISTOVAO DO SUL"";""Sim"";""Defeito na Via"";1;""Saída de leito carroçável"";""Com Vítimas Feridas"";""Pleno dia"";""Decrescente"";""Sol"";""Simples"";""Não Informado"";""Não"";465694;""Automóvel"";""I/FIAT SIENA EL 1.0 FLEX"";2013;""Condutor"";""Lesões Leves"";38;""Feminino"";0;1;0;0;-27",303282;-50,"266438;""SR-SC"";""DEL8/5"";""UOP03/SC""",
"261016;580774;2020-01-05;""domingo"";""16:10:00"";""PR"";376;188","1;""MARIALVA"";""Sim"";""Falta de Atenção à Condução"";1;""Colisão traseira"";""Com Vítimas Feridas"";""Pleno dia"";""Decrescente"";""Nublado"";""Dupla"";""Reta"";""Sim"";465667;""Automóvel"";""CHEVROLET/CRUZE LT NB"";2015;""Passageiro"";""Ileso"";44;""Masculino"";1;0;0;0;-23",46634923;-51,"82808011;""SR-PR"";""DEL7/7"";""UOP04/PR"""
"261016;580770;2020-01-05;""domingo"";""16:10:00"";""PR"";376;188","1;""MARIALVA"";""Sim"";""Falta de Atenção à Condução"";1;""Colisão traseira"";""Com Vítimas Feridas"";""Pleno dia"";""Decrescente"";""Nublado"";""Dupla"";""Reta"";""Sim"";465667;""Automóvel"";""CHEVROLET/CRUZE LT NB"";2015;""Passageiro"";""Ileso"";81;""Feminino"";1;0;0;0;-23",46634923;-51,"82808011;""SR-PR"";""DEL7/7"";""UOP04/PR"""
"261016;580767;2020-01-05;""domingo"";""16:10:00"";""PR"";376;188","1;""MARIALVA"";""Sim"";""Falta de Atenção à Condução"";1;""Colisão traseira"";""Com Vítimas Feridas"";""Pleno dia"";""Decrescente"";""Nublado"";""Dupla"";""Reta"";""Sim"";465667;""Automóvel"";""CHEVROLET/CRUZE LT NB"";2015;""Condutor"";""Ileso"";82;""Masculino"";1;0;0;0;-23",46634923;-51,"82808011;""SR-PR"";""DEL7/7"";""UOP04/PR"""
"261016;580765;2020-01-05;""domingo"";""16:10:00"";""PR"";376;188","1;""MARIALVA"";""Sim"";""Falta de Atenção à Condução"";1;""Colisão traseira"";""Com Vítimas Feridas"";""Pleno dia"";""Decrescente"";""Nublado"";""Dupla"";""Reta"";""Sim"";465666;""Motocicleta"";""YAMAHA/XJ6 N ABS"";2016;""Condutor"";""Lesões Graves"";21;""Masculino"";0;0;1;0;-23",46634923;-51,"82808011;""SR-PR"";""DEL7/7"";""UOP04/PR"""
"261017;580783;2020-01-05;""domingo"";""15:50:00"";""RJ"";101;206;""CASIMIRO DE ABREU"";""Sim"";""Falta de Atenção do Pedestre"";1;""Atropelamento de Pedestre"";""Com Vítimas Feridas"";""Pleno dia"";""Crescente"";""Nublado"";""Simples"";""Reta"";""Sim"";465654;""Automóvel"";""I/NISSAN SENTRA UNIQUE"";2015;""Testemunha"";""Não Informado"";NA;""Não Informado"";0;0;0;0;-22",47673341;-42,"2017251;""SR-RJ"";""DEL5/2"";""UOP03/RJ""",
"261017;580782;2020-01-05;""domingo"";""15:50:00"";""RJ"";101;206;""CASIMIRO DE ABREU"";""Sim"";""Falta de Atenção do Pedestre"";1;""Atropelamento de Pedestre"";""Com Vítimas Feridas"";""Pleno dia"";""Crescente"";""Nublado"";""Simples"";""Reta"";""Sim"";465654;""Automóvel"";""I/NISSAN SENTRA UNIQUE"";2015;""Pedestre"";""Lesões Graves"";53;""Feminino"";0;0;1;0;-22",47673341;-42,"2017251;""SR-RJ"";""DEL5/2"";""UOP03/RJ""",
"261017;580780;2020-01-05;""domingo"";""15:50:00"";""RJ"";101;206;""CASIMIRO DE ABREU"";""Sim"";""Falta de Atenção do Pedestre"";1;""Atropelamento de Pedestre"";""Com Vítimas Feridas"";""Pleno dia"";""Crescente"";""Nublado"";""Simples"";""Reta"";""Sim"";465654;""Automóvel"";""I/NISSAN SENTRA UNIQUE"";2015;""Passageiro"";""Ileso"";32;""Feminino"";1;0;0;0;-22",47673341;-42,"2017251;""SR-RJ"";""DEL5/2"";""UOP03/RJ""",
"261017;580779;2020-01-05;""domingo"";""15:50:00"";""RJ"";101;206;""CASIMIRO DE ABREU"";""Sim"";""Falta de Atenção do Pedestre"";1;""Atropelamento de Pedestre"";""Com Vítimas Feridas"";""Pleno dia"";""Crescente"";""Nublado"";""Simples"";""Reta"";""Sim"";465654;""Automóvel"";""I/NISSAN SENTRA UNIQUE"";2015;""Condutor"";""Ileso"";46;""Masculino"";1;0;0;0;-22",47673341;-42,"2017251;""SR-RJ"";""DEL5/2"";""UOP03/RJ""",
"261019;580768;2020-01-05;""domingo"";""16:00:00"";""MG"";381;900","8;""CAMBUI"";""Sim"";""Defeito Mecânico no Veículo"";1;""Colisão traseira"";""Com Vítimas Feridas"";""Pleno dia"";""Crescente"";""Nublado"";""Dupla"";""Reta"";""Não"";465665;""Caminhonete"";""I/FORD RANGER XLT 13D"";2000;""Passageiro"";""Ileso"";3;""Masculino"";1;0;0;0;-22",66197715;-46,"08921986;""SR-MG"";""DEL09"";""UOP03/MG"""
"261019;580761;2020-01-05;""domingo"";""16:00:00"";""MG"";381;900","8;""CAMBUI"";""Sim"";""Defeito Mecânico no Veículo"";1;""Colisão traseira"";""Com Vítimas Feridas"";""Pleno dia"";""Crescente"";""Nublado"";""Dupla"";""Reta"";""Não"";465665;""Caminhonete"";""I/FORD RANGER XLT 13D"";2000;""Condutor"";""Ileso"";42;""Masculino"";1;0;0;0;-22",66197715;-46,"08921986;""SR-MG"";""DEL09"";""UOP03/MG"""
"261019;580766;2020-01-05;""domingo"";""16:00:00"";""MG"";381;900","8;""CAMBUI"";""Sim"";""Defeito Mecânico no Veículo"";1;""Colisão traseira"";""Com Vítimas Feridas"";""Pleno dia"";""Crescente"";""Nublado"";""Dupla"";""Reta"";""Não"";465665;""Caminhonete"";""I/FORD RANGER XLT 13D"";2000;""Passageiro"";""Ileso"";17;""Masculino"";1;0;0;0;-22",66197715;-46,"08921986;""SR-MG"";""DEL09"";""UOP03/MG"""
"261019;580763;2020-01-05;""domingo"";""16:00:00"";""MG"";381;900","8;""CAMBUI"";""Sim"";""Defeito Mecânico no Veículo"";1;""Colisão traseira"";""Com Vítimas Feridas"";""Pleno dia"";""Crescente"";""Nublado"";""Dupla"";""Reta"";""Não"";465665;""Caminhonete"";""I/FORD RANGER XLT 13D"";2000;""Passageiro"";""Ileso"";21;""Feminino"";1;0;0;0;-22",66197715;-46,"08921986;""SR-MG"";""DEL09"";""UOP03/MG"""
"261019;580762;2020-01-05;""domingo"";""16:00:00"";""MG"";381;900","8;""CAMBUI"";""Sim"";""Defeito Mecânico no Veículo"";1;""Colisão traseira"";""Com Vítimas Feridas"";""Pleno dia"";""Crescente"";""Nublado"";""Dupla"";""Reta"";""Não"";465665;""Caminhonete"";""I/FORD RANGER XLT 13D"";2000;""Passageiro"";""Ileso"";45;""Feminino"";1;0;0;0;-22",66197715;-46,"08921986;""SR-MG"";""DEL09"";""UOP03/MG"""
"261019;580771;2020-01-05;""domingo"";""16:00:00"";""MG"";381;900","8;""CAMBUI"";""Sim"";""Defeito Mecânico no Veículo"";1;""Colisão traseira"";""Com Vítimas Feridas"";""Pleno dia"";""Crescente"";""Nublado"";""Dupla"";""Reta"";""Não"";465664;""Automóvel"";""VW/GOL 16V PLUS"";2001;""Passageiro"";""Lesões Leves"";51;""Feminino"";0;1;0;0;-22",66197715;-46,"08921986;""SR-MG"";""DEL09"";""UOP03/MG"""
"261019;580769;2020-01-05;""domingo"";""16:00:00"";""MG"";381;900","8;""CAMBUI"";""Sim"";""Defeito Mecânico no Veículo"";1;""Colisão traseira"";""Com Vítimas Feridas"";""Pleno dia"";""Crescente"";""Nublado"";""Dupla"";""Reta"";""Não"";465664;""Automóvel"";""VW/GOL 16V PLUS"";2001;""Passageiro"";""Ileso"";14;""Feminino"";1;0;0;0;-22",66197715;-46,"08921986;""SR-MG"";""DEL09"";""UOP03/MG"""
"261019;580760;2020-01-05;""domingo"";""16:00:00"";""MG"";381;900","8;""CAMBUI"";""Sim"";""Defeito Mecânico no Veículo"";1;""Colisão traseira"";""Com Vítimas Feridas"";""Pleno dia"";""Crescente"";""Nublado"";""Dupla"";""Reta"";""Não"";465664;""Automóvel"";""VW/GOL 16V PLUS"";2001;""Condutor"";""Ileso"";55;""Masculino"";1;0;0;0;-22",66197715;-46,"08921986;""SR-MG"";""DEL09"";""UOP03/MG"""
"261020;580777;2020-01-05;""domingo"";""15:50:00"";""MG"";381;723","7;""CARMO DA CACHOEIRA"";""Sim"";""Velocidade Incompatível"";1;""Capotamento"";""Com Vítimas Feridas"";""Pleno dia"";""Crescente"";""Nublado"";""Dupla"";""Curva"";""Não"";465669;""Automóvel"";""VW/GOL SPECIAL"";2002;""Passageiro"";""Lesões Leves"";69;""Feminino"";0;1;0;0;-21",484833;-45,"2055;""SR-MG"";""DEL4/4"";""UOP02/MG"""
"261020;580775;2020-01-05;""domingo"";""15:50:00"";""MG"";381;723","7;""CARMO DA CACHOEIRA"";""Sim"";""Velocidade Incompatível"";1;""Capotamento"";""Com Vítimas Feridas"";""Pleno dia"";""Crescente"";""Nublado"";""Dupla"";""Curva"";""Não"";465669;""Automóvel"";""VW/GOL SPECIAL"";2002;""Condutor"";""Ileso"";44;""Feminino"";1;0;0;0;-21",484833;-45,"2055;""SR-MG"";""DEL4/4"";""UOP02/MG"""
"261021;581067;2020-01-05;""domingo"";""16:30:00"";""PB"";230;9","1;""CABEDELO"";""Sim"";""Falta de Atenção do Pedestre"";1;""Atropelamento de Pedestre"";""Com Vítimas Feridas"";""Pleno dia"";""Crescente"";""Céu Claro"";""Dupla"";""Reta"";""Sim"";465737;""Caminhonete"";""I/TOYOTA HILUX CD4X4 SRV"";2011;""Pedestre"";""Lesões Leves"";24;""Feminino"";0;1;0;0;-7",0433;-34,"8466;""SR-PB"";""DEL14/1"";""UOP01/PB"""
"261021;581066;2020-01-05;""domingo"";""16:30:00"";""PB"";230;9","1;""CABEDELO"";""Sim"";""Falta de Atenção do Pedestre"";1;""Atropelamento de Pedestre"";""Com Vítimas Feridas"";""Pleno dia"";""Crescente"";""Céu Claro"";""Dupla"";""Reta"";""Sim"";465737;""Caminhonete"";""I/TOYOTA HILUX CD4X4 SRV"";2011;""Condutor"";""Ileso"";23;""Masculino"";1;0;0;0;-7",0433;-34,"8466;""SR-PB"";""DEL14/1"";""UOP01/PB"""
"261022;580749;2020-01-05;""domingo"";""16:25:00"";""PE"";101;77","7;""RECIFE"";""Não"";""Desobediência às normas de trânsito pelo condutor"";1;""Colisão lateral"";""Com Vítimas Feridas"";""Pleno dia"";""Decrescente"";""Céu Claro"";""Dupla"";""Reta"";""Sim"";465659;""Motocicleta"";""HONDA/XRE 190"";2018;""Condutor"";""Lesões Leves"";31;""Masculino"";0;1;0;0;-8",126982;-34,"94386;""SR-PE"";""DEL11/1"";""UOP01/PE"""
"261022;580755;2020-01-05;""domingo"";""16:25:00"";""PE"";101;77","7;""RECIFE"";""Não"";""Desobediência às normas de trânsito pelo condutor"";1;""Colisão lateral"";""Com Vítimas Feridas"";""Pleno dia"";""Decrescente"";""Céu Claro"";""Dupla"";""Reta"";""Sim"";465660;""Motocicleta"";""HONDA/XRE 300"";2012;""Passageiro"";""Lesões Leves"";38;""Masculino"";0;1;0;0;-8",126982;-34,"94386;""SR-PE"";""DEL11/1"";""UOP01/PE"""
"261022;580752;2020-01-05;""domingo"";""16:25:00"";""PE"";101;77","7;""RECIFE"";""Não"";""Desobediência às normas de trânsito pelo condutor"";1;""Colisão lateral"";""Com Vítimas Feridas"";""Pleno dia"";""Decrescente"";""Céu Claro"";""Dupla"";""Reta"";""Sim"";465660;""Motocicleta"";""HONDA/XRE 300"";2012;""Condutor"";""Lesões Leves"";31;""Masculino"";0;1;0;0;-8",126982;-34,"94386;""SR-PE"";""DEL11/1"";""UOP01/PE"""
"261022;580749;2020-01-05;""domingo"";""16:25:00"";""PE"";101;77","7;""RECIFE"";""Sim"";""Ingestão de Álcool"";1;""Colisão lateral"";""Com Vítimas Feridas"";""Pleno dia"";""Decrescente"";""Céu Claro"";""Dupla"";""Reta"";""Sim"";465659;""Motocicleta"";""HONDA/XRE 190"";2018;""Condutor"";""Lesões Leves"";31;""Masculino"";0;1;0;0;-8",126982;-34,"94386;""SR-PE"";""DEL11/1"";""UOP01/PE"""
"261022;580755;2020-01-05;""domingo"";""16:25:00"";""PE"";101;77","7;""RECIFE"";""Sim"";""Ingestão de Álcool"";1;""Colisão lateral"";""Com Vítimas Feridas"";""Pleno dia"";""Decrescente"";""Céu Claro"";""Dupla"";""Reta"";""Sim"";465660;""Motocicleta"";""HONDA/XRE 300"";2012;""Passageiro"";""Lesões Leves"";38;""Masculino"";0;1;0;0;-8",126982;-34,"94386;""SR-PE"";""DEL11/1"";""UOP01/PE"""
"261022;580752;2020-01-05;""domingo"";""16:25:00"";""PE"";101;77","7;""RECIFE"";""Sim"";""Ingestão de Álcool"";1;""Colisão lateral"";""Com Vítimas Feridas"";""Pleno dia"";""Decrescente"";""Céu Claro"";""Dupla"";""Reta"";""Sim"";465660;""Motocicleta"";""HONDA/XRE 300"";2012;""Condutor"";""Lesões Leves"";31;""Masculino"";0;1;0;0;-8",126982;-34,"94386;""SR-PE"";""DEL11/1"";""UOP01/PE"""
"261023;580834;2020-01-05;""domingo"";""17:00:00"";""PE"";104;88;""AGRESTINA"";""Sim"";""Falta de Atenção à Condução"";1;""Colisão traseira"";""Sem Vítimas"";""Pleno dia"";""Decrescente"";""Nublado"";""Simples"";""Reta"";""Sim"";465689;""Automóvel"";""CHEV/ONIX JOY"";2019;""Condutor"";""Ileso"";31;""Masculino"";1;0;0;0;-8",461552;-35,"94022;""SR-PE"";""DEL11/2"";""UOP01/PE""",
"261023;580833;2020-01-05;""domingo"";""17:00:00"";""PE"";104;88;""AGRESTINA"";""Sim"";""Falta de Atenção à Condução"";1;""Colisão traseira"";""Sem Vítimas"";""Pleno dia"";""Decrescente"";""Nublado"";""Simples"";""Reta"";""Sim"";465688;""Motocicleta"";""HONDA/POP 110I"";2019;""Condutor"";""Ileso"";24;""Masculino"";1;0;0;0;-8",461552;-35,"94022;""SR-PE"";""DEL11/2"";""UOP01/PE""",
"261024;580805;2020-01-05;""domingo"";""16:15:00"";""SP"";381;7;""VARGEM"";""Sim"";""Pista Escorregadia"";1;""Colisão com objeto estático"";""Com Vítimas Feridas"";""Pleno dia"";""Crescente"";""Chuva"";""Dupla"";""Reta"";""Não"";465685;""Motocicleta"";""YAMAHA/FZ6 FAZER N HG"";2009;""Condutor"";""Lesões Graves"";26;""Masculino"";0;0;1;0;-22",90419903;-46,"37829065;""SR-SP"";""DEL6/3"";""UOP02/SP""",
"261025;580772;2020-01-05;""domingo"";""15:50:00"";""MT"";163;534;""DIAMANTINO"";""Sim"";""Condutor Dormindo"";1;""Saída de leito carroçável"";""Com Vítimas Feridas"";""Pleno dia"";""Crescente"";""Céu Claro"";""Simples"";""Reta"";""Não"";465661;""Caminhonete"";""CHEVROLET/S10 LTZ FD4A"";2017;""Passageiro"";""Ileso"";37;""Masculino"";1;0;0;0;-14",43223601;-56,"11612599;""SR-MT"";""DEL2/4"";""UOP01/MT""",
"261025;580758;2020-01-05;""domingo"";""15:50:00"";""MT"";163;534;""DIAMANTINO"";""Sim"";""Condutor Dormindo"";1;""Saída de leito carroçável"";""Com Vítimas Feridas"";""Pleno dia"";""Crescente"";""Céu Claro"";""Simples"";""Reta"";""Não"";465661;""Caminhonete"";""CHEVROLET/S10 LTZ FD4A"";2017;""Condutor"";""Lesões Leves"";48;""Masculino"";0;1;0;0;-14",43223601;-56,"11612599;""SR-MT"";""DEL2/4"";""UOP01/MT""",
"261027;580738;2020-01-05;""domingo"";""15:30:00"";""RJ"";NA;NA;""RIO DE JANEIRO"";""Sim"";""Velocidade Incompatível"";1;""Colisão com objeto estático"";""Sem Vítimas"";""Pleno dia"";""Não Informado"";""Nublado"";""Simples"";""Reta"";""Sim"";465655;""Caminhonete"";""CHEVROLET/S10 LT DD4"";2013;""Passageiro"";""Ileso"";51;""Masculino"";1;0;0;0;-22",8042662;-43,"3391125;""SR-RJ"";""DEL5/1"";""UOP02/RJ""",
"261027;580737;2020-01-05;""domingo"";""15:30:00"";""RJ"";NA;NA;""RIO DE JANEIRO"";""Sim"";""Velocidade Incompatível"";1;""Colisão com objeto estático"";""Sem Vítimas"";""Pleno dia"";""Não Informado"";""Nublado"";""Simples"";""Reta"";""Sim"";465655;""Caminhonete"";""CHEVROLET/S10 LT DD4"";2013;""Passageiro"";""Ileso"";33;""Masculino"";1;0;0;0;-22",8042662;-43,"3391125;""SR-RJ"";""DEL5/1"";""UOP02/RJ""",
"261027;580736;2020-01-05;""domingo"";""15:30:00"";""RJ"";NA;NA;""RIO DE JANEIRO"";""Sim"";""Velocidade Incompatível"";1;""Colisão com objeto estático"";""Sem Vítimas"";""Pleno dia"";""Não Informado"";""Nublado"";""Simples"";""Reta"";""Sim"";465655;""Caminhonete"";""CHEVROLET/S10 LT DD4"";2013;""Condutor"";""Ileso"";38;""Masculino"";1;0;0;0;-22",8042662;-43,"3391125;""SR-RJ"";""DEL5/1"";""UOP02/RJ""",
"261028;580877;2020-01-05;""domingo"";""15:00:00"";""AM"";174;972;""MANAUS"";""Sim"";""Defeito Mecânico no Veículo"";1;""Saída de leito carroçável"";""Com Vítimas Feridas"";""Pleno dia"";""Decrescente"";""Sol"";""Simples"";""Reta"";""Não"";465718;""Automóvel"";""RENAULT/SANDERO ST16 SCE"";2017;""Passageiro"";""Lesões Leves"";22;""Feminino"";0;1;0;0;-2",20712585;-60,"01829448;""SR-AM"";""UOP02/AM"";""""",
"261028;580876;2020-01-05;""domingo"";""15:00:00"";""AM"";174;972;""MANAUS"";""Sim"";""Defeito Mecânico no Veículo"";1;""Saída de leito carroçável"";""Com Vítimas Feridas"";""Pleno dia"";""Decrescente"";""Sol"";""Simples"";""Reta"";""Não"";465718;""Automóvel"";""RENAULT/SANDERO ST16 SCE"";2017;""Passageiro"";""Lesões Leves"";42;""Feminino"";0;1;0;0;-2",20712585;-60,"01829448;""SR-AM"";""UOP02/AM"";""""",
"261028;580851;2020-01-05;""domingo"";""15:00:00"";""AM"";174;972;""MANAUS"";""Sim"";""Defeito Mecânico no Veículo"";1;""Saída de leito carroçável"";""Com Vítimas Feridas"";""Pleno dia"";""Decrescente"";""Sol"";""Simples"";""Reta"";""Não"";465718;""Automóvel"";""RENAULT/SANDERO ST16 SCE"";2017;""Condutor"";""Lesões Leves"";54;""Masculino"";0;1;0;0;-2",20712585;-60,"01829448;""SR-AM"";""UOP02/AM"";""""",
"261028;580877;2020-01-05;""domingo"";""15:00:00"";""AM"";174;972;""MANAUS"";""Sim"";""Defeito Mecânico no Veículo"";2;""Colisão com objeto estático"";""Com Vítimas Feridas"";""Pleno dia"";""Decrescente"";""Sol"";""Simples"";""Reta"";""Não"";465718;""Automóvel"";""RENAULT/SANDERO ST16 SCE"";2017;""Passageiro"";""Lesões Leves"";22;""Feminino"";0;1;0;0;-2",20712585;-60,"01829448;""SR-AM"";""UOP02/AM"";""""",
"261028;580876;2020-01-05;""domingo"";""15:00:00"";""AM"";174;972;""MANAUS"";""Sim"";""Defeito Mecânico no Veículo"";2;""Colisão com objeto estático"";""Com Vítimas Feridas"";""Pleno dia"";""Decrescente"";""Sol"";""Simples"";""Reta"";""Não"";465718;""Automóvel"";""RENAULT/SANDERO ST16 SCE"";2017;""Passageiro"";""Lesões Leves"";42;""Feminino"";0;1;0;0;-2",20712585;-60,"01829448;""SR-AM"";""UOP02/AM"";""""",
"261028;580851;2020-01-05;""domingo"";""15:00:00"";""AM"";174;972;""MANAUS"";""Sim"";""Defeito Mecânico no Veículo"";2;""Colisão com objeto estático"";""Com Vítimas Feridas"";""Pleno dia"";""Decrescente"";""Sol"";""Simples"";""Reta"";""Não"";465718;""Automóvel"";""RENAULT/SANDERO ST16 SCE"";2017;""Condutor"";""Lesões Leves"";54;""Masculino"";0;1;0;0;-2",20712585;-60,"01829448;""SR-AM"";""UOP02/AM"";""""",
"261028;580877;2020-01-05;""domingo"";""15:00:00"";""AM"";174;972;""MANAUS"";""Sim"";""Defeito Mecânico no Veículo"";3;""Capotamento"";""Com Vítimas Feridas"";""Pleno dia"";""Decrescente"";""Sol"";""Simples"";""Reta"";""Não"";465718;""Automóvel"";""RENAULT/SANDERO ST16 SCE"";2017;""Passageiro"";""Lesões Leves"";22;""Feminino"";0;1;0;0;-2",20712585;-60,"01829448;""SR-AM"";""UOP02/AM"";""""",
"261028;580876;2020-01-05;""domingo"";""15:00:00"";""AM"";174;972;""MANAUS"";""Sim"";""Defeito Mecânico no Veículo"";3;""Capotamento"";""Com Vítimas Feridas"";""Pleno dia"";""Decrescente"";""Sol"";""Simples"";""Reta"";""Não"";465718;""Automóvel"";""RENAULT/SANDERO ST16 SCE"";2017;""Passageiro"";""Lesões Leves"";42;""Feminino"";0;1;0;0;-2",20712585;-60,"01829448;""SR-AM"";""UOP02/AM"";""""",