"id;""pesid"";""data_inversa"";""dia_semana"";""horario"";""uf"";""br"";""km"";""municipio"";""causa_principal"";""causa_acidente"";""ordem_tipo_acidente"";""tipo_acidente"";""classificacao_acidente"";""fase_dia"";""sentido_via"";""condicao_metereologica"";""tipo_pista"";""tracado_via"";""uso_solo"";""id_veiculo"";""tipo_veiculo"";""marca"";""ano_fabricacao_veiculo"";""tipo_envolvido"";""estado_fisico"";""idade"";""sexo"";""ilesos"";""feridos_leves"";""feridos_graves"";""mortos"";""latitude"";""longitude"";""regional"";""delegacia"";""uop""",,,
"261038;580837;2020-01-05;""domingo"";""11:35:00"";""BA"";116;861","6;""VITORIA DA CONQUISTA"";""Sim"";""Condutor Dormindo"";3;""Capotamento"";""Com Vítimas Fatais"";""Pleno dia"";""Decrescente"";""Chuva"";""Simples"";""Reta"";""Não"";465721;""Automóvel"";""GM/CORSA SEDAN PREMIUM"";2010;""Passageiro"";""Óbito"";27;""Masculino"";0;0;0;1;-15",14007;-41,"04459;""SR-BA"";""DEL10/8"";""UOP03/BA"""
"261038;581947;2020-01-05;""domingo"";""11:35:00"";""BA"";116;861","6;""VITORIA DA CONQUISTA"";""Sim"";""Condutor Dormindo"";3;""Capotamento"";""Com Vítimas Fatais"";""Pleno dia"";""Decrescente"";""Chuva"";""Simples"";""Reta"";""Não"";465721;""Automóvel"";""GM/CORSA SEDAN PREMIUM"";2010;""Passageiro"";""Lesões Leves"";27;""Masculino"";0;1;0;0;-15",14007;-41,"04459;""SR-BA"";""DEL10/8"";""UOP03/BA"""
"261038;581970;2020-01-05;""domingo"";""11:35:00"";""BA"";116;861","6;""VITORIA DA CONQUISTA"";""Sim"";""Condutor Dormindo"";1;""Colisão frontal"";""Com Vítimas Fatais"";""Pleno dia"";""Decrescente"";""Chuva"";""Simples"";""Reta"";""Não"";465722;""Caminhão-trator"";""VOLVO/FH 400 6X2T"";2008;""Condutor"";""Ileso"";45;""Masculino"";1;0;0;0;-15",14007;-41,"04459;""SR-BA"";""DEL10/8"";""UOP03/BA"""
"261038;NA;2020-01-05;""domingo"";""11:35:00"";""BA"";116;861","6;""VITORIA DA CONQUISTA"";""Sim"";""Condutor Dormindo"";1;""Colisão frontal"";""Com Vítimas Fatais"";""Pleno dia"";""Decrescente"";""Chuva"";""Simples"";""Reta"";""Não"";465807;""Semireboque"";""SR/GUERRA AG GR"";2007;""Não Informado"";""Não Informado"";NA;""Não Informado"";0;0;0;0;-15",14007;-41,"04459;""SR-BA"";""DEL10/8"";""UOP03/BA"""
"261038;NA;2020-01-05;""domingo"";""11:35:00"";""BA"";116;861","6;""VITORIA DA CONQUISTA"";""Sim"";""Condutor Dormindo"";1;""Colisão frontal"";""Com Vítimas Fatais"";""Pleno dia"";""Decrescente"";""Chuva"";""Simples"";""Reta"";""Não"";466441;""Semireboque"";""SR/RANDON SR FG LO 3E"";2019;""Não Informado"";""Não Informado"";NA;""Não Informado"";0;0;0;0;-15",14007;-41,"04459;""SR-BA"";""DEL10/8"";""UOP03/BA"""
"261038;NA;2020-01-05;""domingo"";""11:35:00"";""BA"";116;861","6;""VITORIA DA CONQUISTA"";""Sim"";""Condutor Dormindo"";1;""Colisão frontal"";""Com Vítimas Fatais"";""Pleno dia"";""Decrescente"";""Chuva"";""Simples"";""Reta"";""Não"";465812;""Semireboque"";""SR/GUERRA AG GR"";2007;""Não Informado"";""Não Informado"";NA;""Não Informado"";0;0;0;0;-15",14007;-41,"04459;""SR-BA"";""DEL10/8"";""UOP03/BA"""
"261038;582135;2020-01-05;""domingo"";""11:35:00"";""BA"";116;861","6;""VITORIA DA CONQUISTA"";""Sim"";""Condutor Dormindo"";1;""Colisão frontal"";""Com Vítimas Fatais"";""Pleno dia"";""Decrescente"";""Chuva"";""Simples"";""Reta"";""Não"";465724;""Caminhão-trator"";""SCANIA/R450 A6X2"";2019;""Condutor"";""Ileso"";50;""Masculino"";1;0;0;0;-15",14007;-41,"04459;""SR-BA"";""DEL10/8"";""UOP03/BA"""
"261038;582130;2020-01-05;""domingo"";""11:35:00"";""BA"";116;861","6;""VITORIA DA CONQUISTA"";""Sim"";""Condutor Dormindo"";1;""Colisão frontal"";""Com Vítimas Fatais"";""Pleno dia"";""Decrescente"";""Chuva"";""Simples"";""Reta"";""Não"";465723;""Automóvel"";""TOYOTA/COROLLA XEI18VVT"";2003;""Condutor"";""Ileso"";46;""Masculino"";1;0;0;0;-15",14007;-41,"04459;""SR-BA"";""DEL10/8"";""UOP03/BA"""
"261038;581944;2020-01-05;""domingo"";""11:35:00"";""BA"";116;861","6;""VITORIA DA CONQUISTA"";""Sim"";""Condutor Dormindo"";1;""Colisão frontal"";""Com Vítimas Fatais"";""Pleno dia"";""Decrescente"";""Chuva"";""Simples"";""Reta"";""Não"";465721;""Automóvel"";""GM/CORSA SEDAN PREMIUM"";2010;""Condutor"";""Lesões Leves"";36;""Masculino"";0;1;0;0;-15",14007;-41,"04459;""SR-BA"";""DEL10/8"";""UOP03/BA"""
"261038;580837;2020-01-05;""domingo"";""11:35:00"";""BA"";116;861","6;""VITORIA DA CONQUISTA"";""Sim"";""Condutor Dormindo"";1;""Colisão frontal"";""Com Vítimas Fatais"";""Pleno dia"";""Decrescente"";""Chuva"";""Simples"";""Reta"";""Não"";465721;""Automóvel"";""GM/CORSA SEDAN PREMIUM"";2010;""Passageiro"";""Óbito"";27;""Masculino"";0;0;0;1;-15",14007;-41,"04459;""SR-BA"";""DEL10/8"";""UOP03/BA"""
"261038;581947;2020-01-05;""domingo"";""11:35:00"";""BA"";116;861","6;""VITORIA DA CONQUISTA"";""Sim"";""Condutor Dormindo"";1;""Colisão frontal"";""Com Vítimas Fatais"";""Pleno dia"";""Decrescente"";""Chuva"";""Simples"";""Reta"";""Não"";465721;""Automóvel"";""GM/CORSA SEDAN PREMIUM"";2010;""Passageiro"";""Lesões Leves"";27;""Masculino"";0;1;0;0;-15",14007;-41,"04459;""SR-BA"";""DEL10/8"";""UOP03/BA"""
"261039;582983;2020-01-05;""domingo"";""15:45:00"";""RS"";116;41","6;""VACARIA"";""Sim"";""Desobediência às normas de trânsito pelo condutor"";2;""Tombamento"";""Com Vítimas Fatais"";""Pleno dia"";""Decrescente"";""Céu Claro"";""Simples"";""Reta"";""Não"";465787;""Caminhonete"";""I/TOYOTA HILUX CD4X4"";2011;""Testemunha"";""Não Informado"";NA;""Não Informado"";0;0;0;0;-28",52480092;-50,"94647307;""SR-RS"";""DEL9/5"";""UOP03/RS"""
"261039;581698;2020-01-05;""domingo"";""15:45:00"";""RS"";116;41","6;""VACARIA"";""Sim"";""Desobediência às normas de trânsito pelo condutor"";2;""Tombamento"";""Com Vítimas Fatais"";""Pleno dia"";""Decrescente"";""Céu Claro"";""Simples"";""Reta"";""Não"";465787;""Caminhonete"";""I/TOYOTA HILUX CD4X4"";2011;""Passageiro"";""Lesões Leves"";24;""Feminino"";0;1;0;0;-28",52480092;-50,"94647307;""SR-RS"";""DEL9/5"";""UOP03/RS"""
"261039;581688;2020-01-05;""domingo"";""15:45:00"";""RS"";116;41","6;""VACARIA"";""Sim"";""Desobediência às normas de trânsito pelo condutor"";2;""Tombamento"";""Com Vítimas Fatais"";""Pleno dia"";""Decrescente"";""Céu Claro"";""Simples"";""Reta"";""Não"";465787;""Caminhonete"";""I/TOYOTA HILUX CD4X4"";2011;""Condutor"";""Ileso"";67;""Masculino"";1;0;0;0;-28",52480092;-50,"94647307;""SR-RS"";""DEL9/5"";""UOP03/RS"""
"261039;582983;2020-01-05;""domingo"";""15:45:00"";""RS"";116;41","6;""VACARIA"";""Sim"";""Desobediência às normas de trânsito pelo condutor"";2;""Tombamento"";""Com Vítimas Fatais"";""Pleno dia"";""Decrescente"";""Céu Claro"";""Simples"";""Reta"";""Não"";465786;""Motocicleta"";""HONDA/XRE 300"";2018;""Testemunha"";""Não Informado"";NA;""Não Informado"";0;0;0;0;-28",52480092;-50,"94647307;""SR-RS"";""DEL9/5"";""UOP03/RS"""
"261039;581697;2020-01-05;""domingo"";""15:45:00"";""RS"";116;41","6;""VACARIA"";""Sim"";""Desobediência às normas de trânsito pelo condutor"";2;""Tombamento"";""Com Vítimas Fatais"";""Pleno dia"";""Decrescente"";""Céu Claro"";""Simples"";""Reta"";""Não"";465786;""Motocicleta"";""HONDA/XRE 300"";2018;""Passageiro"";""Lesões Graves"";23;""Feminino"";0;0;1;0;-28",52480092;-50,"94647307;""SR-RS"";""DEL9/5"";""UOP03/RS"""
"261039;580929;2020-01-05;""domingo"";""15:45:00"";""RS"";116;41","6;""VACARIA"";""Sim"";""Desobediência às normas de trânsito pelo condutor"";2;""Tombamento"";""Com Vítimas Fatais"";""Pleno dia"";""Decrescente"";""Céu Claro"";""Simples"";""Reta"";""Não"";465786;""Motocicleta"";""HONDA/XRE 300"";2018;""Condutor"";""Óbito"";25;""Masculino"";0;0;0;1;-28",52480092;-50,"94647307;""SR-RS"";""DEL9/5"";""UOP03/RS"""
"261039;582983;2020-01-05;""domingo"";""15:45:00"";""RS"";116;41","6;""VACARIA"";""Sim"";""Desobediência às normas de trânsito pelo condutor"";1;""Colisão transversal"";""Com Vítimas Fatais"";""Pleno dia"";""Decrescente"";""Céu Claro"";""Simples"";""Reta"";""Não"";465787;""Caminhonete"";""I/TOYOTA HILUX CD4X4"";2011;""Testemunha"";""Não Informado"";NA;""Não Informado"";0;0;0;0;-28",52480092;-50,"94647307;""SR-RS"";""DEL9/5"";""UOP03/RS"""
"261039;581698;2020-01-05;""domingo"";""15:45:00"";""RS"";116;41","6;""VACARIA"";""Sim"";""Desobediência às normas de trânsito pelo condutor"";1;""Colisão transversal"";""Com Vítimas Fatais"";""Pleno dia"";""Decrescente"";""Céu Claro"";""Simples"";""Reta"";""Não"";465787;""Caminhonete"";""I/TOYOTA HILUX CD4X4"";2011;""Passageiro"";""Lesões Leves"";24;""Feminino"";0;1;0;0;-28",52480092;-50,"94647307;""SR-RS"";""DEL9/5"";""UOP03/RS"""
"261039;581688;2020-01-05;""domingo"";""15:45:00"";""RS"";116;41","6;""VACARIA"";""Sim"";""Desobediência às normas de trânsito pelo condutor"";1;""Colisão transversal"";""Com Vítimas Fatais"";""Pleno dia"";""Decrescente"";""Céu Claro"";""Simples"";""Reta"";""Não"";465787;""Caminhonete"";""I/TOYOTA HILUX CD4X4"";2011;""Condutor"";""Ileso"";67;""Masculino"";1;0;0;0;-28",52480092;-50,"94647307;""SR-RS"";""DEL9/5"";""UOP03/RS"""
"261039;582983;2020-01-05;""domingo"";""15:45:00"";""RS"";116;41","6;""VACARIA"";""Sim"";""Desobediência às normas de trânsito pelo condutor"";1;""Colisão transversal"";""Com Vítimas Fatais"";""Pleno dia"";""Decrescente"";""Céu Claro"";""Simples"";""Reta"";""Não"";465786;""Motocicleta"";""HONDA/XRE 300"";2018;""Testemunha"";""Não Informado"";NA;""Não Informado"";0;0;0;0;-28",52480092;-50,"94647307;""SR-RS"";""DEL9/5"";""UOP03/RS"""
"261039;581697;2020-01-05;""domingo"";""15:45:00"";""RS"";116;41","6;""VACARIA"";""Sim"";""Desobediência às normas de trânsito pelo condutor"";1;""Colisão transversal"";""Com Vítimas Fatais"";""Pleno dia"";""Decrescente"";""Céu Claro"";""Simples"";""Reta"";""Não"";465786;""Motocicleta"";""HONDA/XRE 300"";2018;""Passageiro"";""Lesões Graves"";23;""Feminino"";0;0;1;0;-28",52480092;-50,"94647307;""SR-RS"";""DEL9/5"";""UOP03/RS"""
"261039;580929;2020-01-05;""domingo"";""15:45:00"";""RS"";116;41","6;""VACARIA"";""Sim"";""Desobediência às normas de trânsito pelo condutor"";1;""Colisão transversal"";""Com Vítimas Fatais"";""Pleno dia"";""Decrescente"";""Céu Claro"";""Simples"";""Reta"";""Não"";465786;""Motocicleta"";""HONDA/XRE 300"";2018;""Condutor"";""Óbito"";25;""Masculino"";0;0;0;1;-28",52480092;-50,"94647307;""SR-RS"";""DEL9/5"";""UOP03/RS"""
"261040;580941;2020-01-05;""domingo"";""16:30:00"";""RS"";285;34","3;""SAO JOSE DOS AUSENTES"";""Sim"";""Pista Escorregadia"";2;""Colisão com objeto estático"";""Com Vítimas Feridas"";""Pleno dia"";""Crescente"";""Chuva"";""Simples"";""Reta"";""Não"";465788;""Automóvel"";""VW/CROSSFOX"";2005;""Passageiro"";""Lesões Graves"";80;""Feminino"";0;0;1;0;-28",70557;-50,"207253;""SR-RS"";""DEL9/5"";""UOP03/RS"""
"261040;583294;2020-01-05;""domingo"";""16:30:00"";""RS"";285;34","3;""SAO JOSE DOS AUSENTES"";""Sim"";""Pista Escorregadia"";2;""Colisão com objeto estático"";""Com Vítimas Feridas"";""Pleno dia"";""Crescente"";""Chuva"";""Simples"";""Reta"";""Não"";465788;""Automóvel"";""VW/CROSSFOX"";2005;""Passageiro"";""Lesões Leves"";22;""Masculino"";0;1;0;0;-28",70557;-50,"207253;""SR-RS"";""DEL9/5"";""UOP03/RS"""
"261040;583293;2020-01-05;""domingo"";""16:30:00"";""RS"";285;34","3;""SAO JOSE DOS AUSENTES"";""Sim"";""Pista Escorregadia"";2;""Colisão com objeto estático"";""Com Vítimas Feridas"";""Pleno dia"";""Crescente"";""Chuva"";""Simples"";""Reta"";""Não"";465788;""Automóvel"";""VW/CROSSFOX"";2005;""Passageiro"";""Lesões Leves"";48;""Feminino"";0;1;0;0;-28",70557;-50,"207253;""SR-RS"";""DEL9/5"";""UOP03/RS"""
"261040;583290;2020-01-05;""domingo"";""16:30:00"";""RS"";285;34","3;""SAO JOSE DOS AUSENTES"";""Sim"";""Pista Escorregadia"";2;""Colisão com objeto estático"";""Com Vítimas Feridas"";""Pleno dia"";""Crescente"";""Chuva"";""Simples"";""Reta"";""Não"";465788;""Automóvel"";""VW/CROSSFOX"";2005;""Passageiro"";""Lesões Leves"";18;""Feminino"";0;1;0;0;-28",70557;-50,"207253;""SR-RS"";""DEL9/5"";""UOP03/RS"""
"261040;583283;2020-01-05;""domingo"";""16:30:00"";""RS"";285;34","3;""SAO JOSE DOS AUSENTES"";""Sim"";""Pista Escorregadia"";2;""Colisão com objeto estático"";""Com Vítimas Feridas"";""Pleno dia"";""Crescente"";""Chuva"";""Simples"";""Reta"";""Não"";465788;""Automóvel"";""VW/CROSSFOX"";2005;""Condutor"";""Lesões Leves"";45;""Masculino"";0;1;0;0;-28",70557;-50,"207253;""SR-RS"";""DEL9/5"";""UOP03/RS"""
"261040;NA;2020-01-05;""domingo"";""16:30:00"";""RS"";285;34","3;""SAO JOSE DOS AUSENTES"";""Sim"";""Pista Escorregadia"";2;""Colisão com objeto estático"";""Com Vítimas Feridas"";""Pleno dia"";""Crescente"";""Chuva"";""Simples"";""Reta"";""Não"";467325;""Reboque"";""R/CAB 500 CA"";2019;""Não Informado"";""Não Informado"";NA;""Não Informado"";0;0;0;0;-28",70557;-50,"207253;""SR-RS"";""DEL9/5"";""UOP03/RS"""
"261040;580941;2020-01-05;""domingo"";""16:30:00"";""RS"";285;34","3;""SAO JOSE DOS AUSENTES"";""Sim"";""Pista Escorregadia"";3;""Tombamento"";""Com Vítimas Feridas"";""Pleno dia"";""Crescente"";""Chuva"";""Simples"";""Reta"";""Não"";465788;""Automóvel"";""VW/CROSSFOX"";2005;""Passageiro"";""Lesões Graves"";80;""Feminino"";0;0;1;0;-28",70557;-50,"207253;""SR-RS"";""DEL9/5"";""UOP03/RS"""
"261040;583294;2020-01-05;""domingo"";""16:30:00"";""RS"";285;34","3;""SAO JOSE DOS AUSENTES"";""Sim"";""Pista Escorregadia"";3;""Tombamento"";""Com Vítimas Feridas"";""Pleno dia"";""Crescente"";""Chuva"";""Simples"";""Reta"";""Não"";465788;""Automóvel"";""VW/CROSSFOX"";2005;""Passageiro"";""Lesões Leves"";22;""Masculino"";0;1;0;0;-28",70557;-50,"207253;""SR-RS"";""DEL9/5"";""UOP03/RS"""
"261040;583293;2020-01-05;""domingo"";""16:30:00"";""RS"";285;34","3;""SAO JOSE DOS AUSENTES"";""Sim"";""Pista Escorregadia"";3;""Tombamento"";""Com Vítimas Feridas"";""Pleno dia"";""Crescente"";""Chuva"";""Simples"";""Reta"";""Não"";465788;""Automóvel"";""VW/CROSSFOX"";2005;""Passageiro"";""Lesões Leves"";48;""Feminino"";0;1;0;0;-28",70557;-50,"207253;""SR-RS"";""DEL9/5"";""UOP03/RS"""
"261040;583290;2020-01-05;""domingo"";""16:30:00"";""RS"";285;34","3;""SAO JOSE DOS AUSENTES"";""Sim"";""Pista Escorregadia"";3;""Tombamento"";""Com Vítimas Feridas"";""Pleno dia"";""Crescente"";""Chuva"";""Simples"";""Reta"";""Não"";465788;""Automóvel"";""VW/CROSSFOX"";2005;""Passageiro"";""Lesões Leves"";18;""Feminino"";0;1;0;0;-28",70557;-50,"207253;""SR-RS"";""DEL9/5"";""UOP03/RS"""
"261040;583283;2020-01-05;""domingo"";""16:30:00"";""RS"";285;34","3;""SAO JOSE DOS AUSENTES"";""Sim"";""Pista Escorregadia"";3;""Tombamento"";""Com Vítimas Feridas"";""Pleno dia"";""Crescente"";""Chuva"";""Simples"";""Reta"";""Não"";465788;""Automóvel"";""VW/CROSSFOX"";2005;""Condutor"";""Lesões Leves"";45;""Masculino"";0;1;0;0;-28",70557;-50,"207253;""SR-RS"";""DEL9/5"";""UOP03/RS"""
"261040;NA;2020-01-05;""domingo"";""16:30:00"";""RS"";285;34","3;""SAO JOSE DOS AUSENTES"";""Sim"";""Pista Escorregadia"";3;""Tombamento"";""Com Vítimas Feridas"";""Pleno dia"";""Crescente"";""Chuva"";""Simples"";""Reta"";""Não"";467325;""Reboque"";""R/CAB 500 CA"";2019;""Não Informado"";""Não Informado"";NA;""Não Informado"";0;0;0;0;-28",70557;-50,"207253;""SR-RS"";""DEL9/5"";""UOP03/RS"""
"261040;580941;2020-01-05;""domingo"";""16:30:00"";""RS"";285;34","3;""SAO JOSE DOS AUSENTES"";""Sim"";""Pista Escorregadia"";1;""Saída de leito carroçável"";""Com Vítimas Feridas"";""Pleno dia"";""Crescente"";""Chuva"";""Simples"";""Reta"";""Não"";465788;""Automóvel"";""VW/CROSSFOX"";2005;""Passageiro"";""Lesões Graves"";80;""Feminino"";0;0;1;0;-28",70557;-50,"207253;""SR-RS"";""DEL9/5"";""UOP03/RS"""
"261040;583294;2020-01-05;""domingo"";""16:30:00"";""RS"";285;34","3;""SAO JOSE DOS AUSENTES"";""Sim"";""Pista Escorregadia"";1;""Saída de leito carroçável"";""Com Vítimas Feridas"";""Pleno dia"";""Crescente"";""Chuva"";""Simples"";""Reta"";""Não"";465788;""Automóvel"";""VW/CROSSFOX"";2005;""Passageiro"";""Lesões Leves"";22;""Masculino"";0;1;0;0;-28",70557;-50,"207253;""SR-RS"";""DEL9/5"";""UOP03/RS"""
"261040;583293;2020-01-05;""domingo"";""16:30:00"";""RS"";285;34","3;""SAO JOSE DOS AUSENTES"";""Sim"";""Pista Escorregadia"";1;""Saída de leito carroçável"";""Com Vítimas Feridas"";""Pleno dia"";""Crescente"";""Chuva"";""Simples"";""Reta"";""Não"";465788;""Automóvel"";""VW/CROSSFOX"";2005;""Passageiro"";""Lesões Leves"";48;""Feminino"";0;1;0;0;-28",70557;-50,"207253;""SR-RS"";""DEL9/5"";""UOP03/RS"""
"261040;583290;2020-01-05;""domingo"";""16:30:00"";""RS"";285;34","3;""SAO JOSE DOS AUSENTES"";""Sim"";""Pista Escorregadia"";1;""Saída de leito carroçável"";""Com Vítimas Feridas"";""Pleno dia"";""Crescente"";""Chuva"";""Simples"";""Reta"";""Não"";465788;""Automóvel"";""VW/CROSSFOX"";2005;""Passageiro"";""Lesões Leves"";18;""Feminino"";0;1;0;0;-28",70557;-50,"207253;""SR-RS"";""DEL9/5"";""UOP03/RS"""
"261040;583283;2020-01-05;""domingo"";""16:30:00"";""RS"";285;34","3;""SAO JOSE DOS AUSENTES"";""Sim"";""Pista Escorregadia"";1;""Saída de leito carroçável"";""Com Vítimas Feridas"";""Pleno dia"";""Crescente"";""Chuva"";""Simples"";""Reta"";""Não"";465788;""Automóvel"";""VW/CROSSFOX"";2005;""Condutor"";""Lesões Leves"";45;""Masculino"";0;1;0;0;-28",70557;-50,"207253;""SR-RS"";""DEL9/5"";""UOP03/RS"""
"261040;NA;2020-01-05;""domingo"";""16:30:00"";""RS"";285;34","3;""SAO JOSE DOS AUSENTES"";""Sim"";""Pista Escorregadia"";1;""Saída de leito carroçável"";""Com Vítimas Feridas"";""Pleno dia"";""Crescente"";""Chuva"";""Simples"";""Reta"";""Não"";467325;""Reboque"";""R/CAB 500 CA"";2019;""Não Informado"";""Não Informado"";NA;""Não Informado"";0;0;0;0;-28",70557;-50,"207253;""SR-RS"";""DEL9/5"";""UOP03/RS"""
"261042;580911;2020-01-05;""domingo"";""16:55:00"";""RJ"";40;38;""AREAL"";""Sim"";""Pista Escorregadia"";1;""Colisão com objeto estático"";""Com Vítimas Feridas"";""Pleno dia"";""Decrescente"";""Chuva"";""Dupla"";""Curva"";""Não"";465733;""Automóvel"";""RENAULT/SANDERO EXP 16HP"";2013;""Passageiro"";""Lesões Leves"";65;""Feminino"";0;1;0;0;-22",22751025;-43,"11963242;""SR-RJ"";""DEL5/6"";""UOP01/RJ""",
"261042;580907;2020-01-05;""domingo"";""16:55:00"";""RJ"";40;38;""AREAL"";""Sim"";""Pista Escorregadia"";1;""Colisão com objeto estático"";""Com Vítimas Feridas"";""Pleno dia"";""Decrescente"";""Chuva"";""Dupla"";""Curva"";""Não"";465733;""Automóvel"";""RENAULT/SANDERO EXP 16HP"";2013;""Condutor"";""Lesões Leves"";62;""Feminino"";0;1;0;0;-22",22751025;-43,"11963242;""SR-RJ"";""DEL5/6"";""UOP01/RJ""",
"261043;580950;2020-01-05;""domingo"";""17:40:00"";""PE"";424;18","7;""PEDRA"";""Sim"";""Ultrapassagem Indevida"";1;""Tombamento"";""Com Vítimas Feridas"";""Anoitecer"";""Decrescente"";""Céu Claro"";""Simples"";""Reta"";""Não"";465710;""Caminhão"";""VW/24.250 CLC 6X2"";2009;""Condutor"";""Lesões Leves"";28;""Masculino"";0;1;0;0;-8",49676628;-36,"93934222;""SR-PE"";""DEL11/3"";""UOP02/PE"""
"261044;582838;2020-01-05;""domingo"";""18:10:00"";""SC"";282;16;""PALHOCA"";""Sim"";""Falta de Atenção à Condução"";1;""Colisão traseira"";""Com Vítimas Feridas"";""Pleno dia"";""Decrescente"";""Céu Claro"";""Simples"";""Reta"";""Sim"";465824;""Motocicleta"";""HONDA/CB 300R"";2009;""Condutor"";""Lesões Leves"";25;""Masculino"";0;1;0;0;-27",658611;-48,"681847;""SR-SC"";""DEL8/1"";""UOP02/SC""",
"261044;582839;2020-01-05;""domingo"";""18:10:00"";""SC"";282;16;""PALHOCA"";""Sim"";""Falta de Atenção à Condução"";1;""Colisão traseira"";""Com Vítimas Feridas"";""Pleno dia"";""Decrescente"";""Céu Claro"";""Simples"";""Reta"";""Sim"";466994;""Automóvel"";""TOYOTA/COROLLA GLI18 CVT"";2017;""Condutor"";""Ileso"";38;""Masculino"";1;0;0;0;-27",658611;-48,"681847;""SR-SC"";""DEL8/1"";""UOP02/SC""",
"261045;580873;2020-01-05;""domingo"";""17:52:00"";""PR"";277;650","6;""MATELANDIA"";""Sim"";""Desobediência às normas de trânsito pelo condutor"";1;""Colisão transversal"";""Com Vítimas Feridas"";""Pleno dia"";""Crescente"";""Sol"";""Simples"";""Interseção de vias"";""Sim"";465741;""Automóvel"";""FORD/FIESTA"";1998;""Passageiro"";""Ileso"";50;""Feminino"";1;0;0;0;-25",19035881;-53,"93738222;""SR-PR"";""DEL7/5"";""UOP02/PR"""
"261045;580866;2020-01-05;""domingo"";""17:52:00"";""PR"";277;650","6;""MATELANDIA"";""Sim"";""Desobediência às normas de trânsito pelo condutor"";1;""Colisão transversal"";""Com Vítimas Feridas"";""Pleno dia"";""Crescente"";""Sol"";""Simples"";""Interseção de vias"";""Sim"";465741;""Automóvel"";""FORD/FIESTA"";1998;""Condutor"";""Lesões Graves"";54;""Masculino"";0;0;1;0;-25",19035881;-53,"93738222;""SR-PR"";""DEL7/5"";""UOP02/PR"""
"261045;580868;2020-01-05;""domingo"";""17:52:00"";""PR"";277;650","6;""MATELANDIA"";""Sim"";""Desobediência às normas de trânsito pelo condutor"";1;""Colisão transversal"";""Com Vítimas Feridas"";""Pleno dia"";""Crescente"";""Sol"";""Simples"";""Interseção de vias"";""Sim"";465744;""Caminhão-trator"";""VOLVO/FH 440 6X2T"";2011;""Condutor"";""Ileso"";45;""Masculino"";1;0;0;0;-25",19035881;-53,"93738222;""SR-PR"";""DEL7/5"";""UOP02/PR"""
"261045;NA;2020-01-05;""domingo"";""17:52:00"";""PR"";277;650","6;""MATELANDIA"";""Sim"";""Desobediência às normas de trânsito pelo condutor"";1;""Colisão transversal"";""Com Vítimas Feridas"";""Pleno dia"";""Crescente"";""Sol"";""Simples"";""Interseção de vias"";""Sim"";465746;""Semireboque"";""SR/RANDON SR CA"";2010;""Não Informado"";""Não Informado"";NA;""Não Informado"";0;0;0;0;-25",19035881;-53,"93738222;""SR-PR"";""DEL7/5"";""UOP02/PR"""
"261045;580873;2020-01-05;""domingo"";""17:52:00"";""PR"";277;650","6;""MATELANDIA"";""Sim"";""Desobediência às normas de trânsito pelo condutor"";2;""Colisão com objeto estático"";""Com Vítimas Feridas"";""Pleno dia"";""Crescente"";""Sol"";""Simples"";""Interseção de vias"";""Sim"";465741;""Automóvel"";""FORD/FIESTA"";1998;""Passageiro"";""Ileso"";50;""Feminino"";1;0;0;0;-25",19035881;-53,"93738222;""SR-PR"";""DEL7/5"";""UOP02/PR"""
"261045;580866;2020-01-05;""domingo"";""17:52:00"";""PR"";277;650","6;""MATELANDIA"";""Sim"";""Desobediência às normas de trânsito pelo condutor"";2;""Colisão com objeto estático"";""Com Vítimas Feridas"";""Pleno dia"";""Crescente"";""Sol"";""Simples"";""Interseção de vias"";""Sim"";465741;""Automóvel"";""FORD/FIESTA"";1998;""Condutor"";""Lesões Graves"";54;""Masculino"";0;0;1;0;-25",19035881;-53,"93738222;""SR-PR"";""DEL7/5"";""UOP02/PR"""
"261045;580868;2020-01-05;""domingo"";""17:52:00"";""PR"";277;650","6;""MATELANDIA"";""Sim"";""Desobediência às normas de trânsito pelo condutor"";2;""Colisão com objeto estático"";""Com Vítimas Feridas"";""Pleno dia"";""Crescente"";""Sol"";""Simples"";""Interseção de vias"";""Sim"";465744;""Caminhão-trator"";""VOLVO/FH 440 6X2T"";2011;""Condutor"";""Ileso"";45;""Masculino"";1;0;0;0;-25",19035881;-53,"93738222;""SR-PR"";""DEL7/5"";""UOP02/PR"""
"261045;NA;2020-01-05;""domingo"";""17:52:00"";""PR"";277;650","6;""MATELANDIA"";""Sim"";""Desobediência às normas de trânsito pelo condutor"";2;""Colisão com objeto estático"";""Com Vítimas Feridas"";""Pleno dia"";""Crescente"";""Sol"";""Simples"";""Interseção de vias"";""Sim"";465746;""Semireboque"";""SR/RANDON SR CA"";2010;""Não Informado"";""Não Informado"";NA;""Não Informado"";0;0;0;0;-25",19035881;-53,"93738222;""SR-PR"";""DEL7/5"";""UOP02/PR"""