"id;""pesid"";""data_inversa"";""dia_semana"";""horario"";""uf"";""br"";""km"";""municipio"";""causa_principal"";""causa_acidente"";""ordem_tipo_acidente"";""tipo_acidente"";""classificacao_acidente"";""fase_dia"";""sentido_via"";""condicao_metereologica"";""tipo_pista"";""tracado_via"";""uso_solo"";""id_veiculo"";""tipo_veiculo"";""marca"";""ano_fabricacao_veiculo"";""tipo_envolvido"";""estado_fisico"";""idade"";""sexo"";""ilesos"";""feridos_leves"";""feridos_graves"";""mortos"";""latitude"";""longitude"";""regional"";""delegacia"";""uop""",,,
"261046;584504;2020-01-05;""domingo"";""17:00:00"";""PB"";361;5;""PATOS"";""Não"";""Desobediência às normas de trânsito pelo condutor"";1;""Colisão transversal"";""Com Vítimas Feridas"";""Anoitecer"";""Decrescente"";""Céu Claro"";""Simples"";""Reta"";""Sim"";465730;""Ciclomotor"";""I/BASHAN JONNY HYPE 50"";NA;""Condutor"";""Lesões Leves"";NA;""Feminino"";0;1;0;0;-7",0342983;-37,"30232718;""SR-PB"";""DEL14/3"";""UOP01/PB""",
"261046;584500;2020-01-05;""domingo"";""17:00:00"";""PB"";361;5;""PATOS"";""Não"";""Desobediência às normas de trânsito pelo condutor"";1;""Colisão transversal"";""Com Vítimas Feridas"";""Anoitecer"";""Decrescente"";""Céu Claro"";""Simples"";""Reta"";""Sim"";465729;""Motocicleta"";""HONDA/CG 125 FAN"";2008;""Condutor"";""Lesões Leves"";54;""Masculino"";0;1;0;0;-7",0342983;-37,"30232718;""SR-PB"";""DEL14/3"";""UOP01/PB""",
"261046;584504;2020-01-05;""domingo"";""17:00:00"";""PB"";361;5;""PATOS"";""Sim"";""Falta de Atenção à Condução"";1;""Colisão transversal"";""Com Vítimas Feridas"";""Anoitecer"";""Decrescente"";""Céu Claro"";""Simples"";""Reta"";""Sim"";465730;""Ciclomotor"";""I/BASHAN JONNY HYPE 50"";NA;""Condutor"";""Lesões Leves"";NA;""Feminino"";0;1;0;0;-7",0342983;-37,"30232718;""SR-PB"";""DEL14/3"";""UOP01/PB""",
"261046;584500;2020-01-05;""domingo"";""17:00:00"";""PB"";361;5;""PATOS"";""Sim"";""Falta de Atenção à Condução"";1;""Colisão transversal"";""Com Vítimas Feridas"";""Anoitecer"";""Decrescente"";""Céu Claro"";""Simples"";""Reta"";""Sim"";465729;""Motocicleta"";""HONDA/CG 125 FAN"";2008;""Condutor"";""Lesões Leves"";54;""Masculino"";0;1;0;0;-7",0342983;-37,"30232718;""SR-PB"";""DEL14/3"";""UOP01/PB""",
"261047;580859;2020-01-05;""domingo"";""14:25:00"";""RS"";386;404;""TRIUNFO"";""Sim"";""Avarias e/ou desgaste excessivo no pneu"";1;""Tombamento"";""Com Vítimas Feridas"";""Pleno dia"";""Decrescente"";""Sol"";""Simples"";""Reta"";""Não"";465668;""Motocicleta"";""HONDA/CG 125 FAN KS"";2014;""Passageiro"";""Lesões Leves"";36;""Feminino"";0;1;0;0;-29",773928;-51,"570385;""SR-RS"";""DEL9/4"";""UOP02/RS""",
"261047;580858;2020-01-05;""domingo"";""14:25:00"";""RS"";386;404;""TRIUNFO"";""Sim"";""Avarias e/ou desgaste excessivo no pneu"";1;""Tombamento"";""Com Vítimas Feridas"";""Pleno dia"";""Decrescente"";""Sol"";""Simples"";""Reta"";""Não"";465668;""Motocicleta"";""HONDA/CG 125 FAN KS"";2014;""Condutor"";""Lesões Leves"";31;""Masculino"";0;1;0;0;-29",773928;-51,"570385;""SR-RS"";""DEL9/4"";""UOP02/RS""",
"261049;580804;2020-01-05;""domingo"";""17:50:00"";""PR"";376;541","4;""PALMEIRA"";""Sim"";""Falta de Atenção à Condução"";1;""Colisão traseira"";""Com Vítimas Feridas"";""Pleno dia"";""Decrescente"";""Céu Claro"";""Dupla"";""Não Informado"";""Não"";465691;""Automóvel"";""FORD/DEL REY BELINA L"";1988;""Passageiro"";""Lesões Leves"";19;""Feminino"";0;1;0;0;-25",41972138;-49,"7685113;""SR-PR"";""DEL7/1"";""UOP05/PR"""
"261049;580802;2020-01-05;""domingo"";""17:50:00"";""PR"";376;541","4;""PALMEIRA"";""Sim"";""Falta de Atenção à Condução"";1;""Colisão traseira"";""Com Vítimas Feridas"";""Pleno dia"";""Decrescente"";""Céu Claro"";""Dupla"";""Não Informado"";""Não"";465691;""Automóvel"";""FORD/DEL REY BELINA L"";1988;""Condutor"";""Ileso"";41;""Masculino"";1;0;0;0;-25",41972138;-49,"7685113;""SR-PR"";""DEL7/1"";""UOP05/PR"""
"261049;580800;2020-01-05;""domingo"";""17:50:00"";""PR"";376;541","4;""PALMEIRA"";""Sim"";""Falta de Atenção à Condução"";1;""Colisão traseira"";""Com Vítimas Feridas"";""Pleno dia"";""Decrescente"";""Céu Claro"";""Dupla"";""Não Informado"";""Não"";465690;""Automóvel"";""VW/GOL 1.0"";2007;""Condutor"";""Ileso"";60;""Masculino"";1;0;0;0;-25",41972138;-49,"7685113;""SR-PR"";""DEL7/1"";""UOP05/PR"""
"261050;584825;2020-01-05;""domingo"";""17:20:00"";""CE"";20;393","1;""CAUCAIA"";""Sim"";""Defeito Mecânico no Veículo"";1;""Tombamento"";""Com Vítimas Feridas"";""Pleno dia"";""Decrescente"";""Céu Claro"";""Simples"";""Reta"";""Não"";465673;""Motocicleta"";""HONDA/CG 150 FAN ESI"";2012;""Passageiro"";""Lesões Leves"";942;""Feminino"";0;1;0;0;-3",83775146;-38,"76518844;""SR-CE"";""DEL16/1"";""UOP01/CE"""
"261050;584823;2020-01-05;""domingo"";""17:20:00"";""CE"";20;393","1;""CAUCAIA"";""Sim"";""Defeito Mecânico no Veículo"";1;""Tombamento"";""Com Vítimas Feridas"";""Pleno dia"";""Decrescente"";""Céu Claro"";""Simples"";""Reta"";""Não"";465673;""Motocicleta"";""HONDA/CG 150 FAN ESI"";2012;""Condutor"";""Lesões Leves"";41;""Masculino"";0;1;0;0;-3",83775146;-38,"76518844;""SR-CE"";""DEL16/1"";""UOP01/CE"""
"261050;584825;2020-01-05;""domingo"";""17:20:00"";""CE"";20;393","1;""CAUCAIA"";""Sim"";""Defeito Mecânico no Veículo"";2;""Queda de ocupante de veículo"";""Com Vítimas Feridas"";""Pleno dia"";""Decrescente"";""Céu Claro"";""Simples"";""Reta"";""Não"";465673;""Motocicleta"";""HONDA/CG 150 FAN ESI"";2012;""Passageiro"";""Lesões Leves"";942;""Feminino"";0;1;0;0;-3",83775146;-38,"76518844;""SR-CE"";""DEL16/1"";""UOP01/CE"""
"261050;584823;2020-01-05;""domingo"";""17:20:00"";""CE"";20;393","1;""CAUCAIA"";""Sim"";""Defeito Mecânico no Veículo"";2;""Queda de ocupante de veículo"";""Com Vítimas Feridas"";""Pleno dia"";""Decrescente"";""Céu Claro"";""Simples"";""Reta"";""Não"";465673;""Motocicleta"";""HONDA/CG 150 FAN ESI"";2012;""Condutor"";""Lesões Leves"";41;""Masculino"";0;1;0;0;-3",83775146;-38,"76518844;""SR-CE"";""DEL16/1"";""UOP01/CE"""
"261051;581719;2020-01-05;""domingo"";""15:20:00"";""BA"";135;180;""BARREIRAS"";""Sim"";""Falta de Atenção à Condução"";1;""Colisão lateral"";""Com Vítimas Feridas"";""Pleno dia"";""Decrescente"";""Céu Claro"";""Simples"";""Curva"";""Sim"";465675;""Motocicleta"";""HONDA/CG 125 TITAN KSE"";2003;""Condutor"";""Lesões Leves"";38;""Masculino"";0;1;0;0;-12",14963594;-45,"00200897;""SR-BA"";""DEL10/10"";""UOP01/BA""",
"261051;581718;2020-01-05;""domingo"";""15:20:00"";""BA"";135;180;""BARREIRAS"";""Sim"";""Falta de Atenção à Condução"";1;""Colisão lateral"";""Com Vítimas Feridas"";""Pleno dia"";""Decrescente"";""Céu Claro"";""Simples"";""Curva"";""Sim"";465674;""Caminhão"";""M.BENZ/L 1113"";1986;""Condutor"";""Ileso"";46;""Masculino"";1;0;0;0;-12",14963594;-45,"00200897;""SR-BA"";""DEL10/10"";""UOP01/BA""",
"261052;580875;2020-01-05;""domingo"";""18:20:00"";""SP"";116;216;""GUARULHOS"";""Sim"";""Ingestão de Álcool"";1;""Colisão traseira"";""Sem Vítimas"";""Anoitecer"";""Crescente"";""Nublado"";""Múltipla"";""Reta"";""Sim"";465738;""Automóvel"";""GM/CORSA WIND"";2000;""Condutor"";""Não Informado"";NA;""Não Informado"";0;0;0;0;-23",45056589;-46,"46258105;""SR-SP"";""DEL6/1"";""UOP01/SP""",
"261052;580860;2020-01-05;""domingo"";""18:20:00"";""SP"";116;216;""GUARULHOS"";""Sim"";""Ingestão de Álcool"";1;""Colisão traseira"";""Sem Vítimas"";""Anoitecer"";""Crescente"";""Nublado"";""Múltipla"";""Reta"";""Sim"";465740;""Automóvel"";""GM/MERIVA"";NA;""Condutor"";""Não Informado"";NA;""Não Informado"";0;0;0;0;-23",45056589;-46,"46258105;""SR-SP"";""DEL6/1"";""UOP01/SP""",
"261052;580857;2020-01-05;""domingo"";""18:20:00"";""SP"";116;216;""GUARULHOS"";""Sim"";""Ingestão de Álcool"";1;""Colisão traseira"";""Sem Vítimas"";""Anoitecer"";""Crescente"";""Nublado"";""Múltipla"";""Reta"";""Sim"";465739;""Automóvel"";""CHEV/SPIN 1.8L MT LT"";2018;""Condutor"";""Ileso"";37;""Masculino"";1;0;0;0;-23",45056589;-46,"46258105;""SR-SP"";""DEL6/1"";""UOP01/SP""",
"261052;580875;2020-01-05;""domingo"";""18:20:00"";""SP"";116;216;""GUARULHOS"";""Sim"";""Ingestão de Álcool"";2;""Colisão com objeto estático"";""Sem Vítimas"";""Anoitecer"";""Crescente"";""Nublado"";""Múltipla"";""Reta"";""Sim"";465738;""Automóvel"";""GM/CORSA WIND"";2000;""Condutor"";""Não Informado"";NA;""Não Informado"";0;0;0;0;-23",45056589;-46,"46258105;""SR-SP"";""DEL6/1"";""UOP01/SP""",
"261052;580860;2020-01-05;""domingo"";""18:20:00"";""SP"";116;216;""GUARULHOS"";""Sim"";""Ingestão de Álcool"";2;""Colisão com objeto estático"";""Sem Vítimas"";""Anoitecer"";""Crescente"";""Nublado"";""Múltipla"";""Reta"";""Sim"";465740;""Automóvel"";""GM/MERIVA"";NA;""Condutor"";""Não Informado"";NA;""Não Informado"";0;0;0;0;-23",45056589;-46,"46258105;""SR-SP"";""DEL6/1"";""UOP01/SP""",
"261052;580857;2020-01-05;""domingo"";""18:20:00"";""SP"";116;216;""GUARULHOS"";""Sim"";""Ingestão de Álcool"";2;""Colisão com objeto estático"";""Sem Vítimas"";""Anoitecer"";""Crescente"";""Nublado"";""Múltipla"";""Reta"";""Sim"";465739;""Automóvel"";""CHEV/SPIN 1.8L MT LT"";2018;""Condutor"";""Ileso"";37;""Masculino"";1;0;0;0;-23",45056589;-46,"46258105;""SR-SP"";""DEL6/1"";""UOP01/SP""",
"261052;580875;2020-01-05;""domingo"";""18:20:00"";""SP"";116;216;""GUARULHOS"";""Não"";""Avarias e/ou desgaste excessivo no pneu"";1;""Colisão traseira"";""Sem Vítimas"";""Anoitecer"";""Crescente"";""Nublado"";""Múltipla"";""Reta"";""Sim"";465738;""Automóvel"";""GM/CORSA WIND"";2000;""Condutor"";""Não Informado"";NA;""Não Informado"";0;0;0;0;-23",45056589;-46,"46258105;""SR-SP"";""DEL6/1"";""UOP01/SP""",
"261052;580860;2020-01-05;""domingo"";""18:20:00"";""SP"";116;216;""GUARULHOS"";""Não"";""Avarias e/ou desgaste excessivo no pneu"";1;""Colisão traseira"";""Sem Vítimas"";""Anoitecer"";""Crescente"";""Nublado"";""Múltipla"";""Reta"";""Sim"";465740;""Automóvel"";""GM/MERIVA"";NA;""Condutor"";""Não Informado"";NA;""Não Informado"";0;0;0;0;-23",45056589;-46,"46258105;""SR-SP"";""DEL6/1"";""UOP01/SP""",
"261052;580857;2020-01-05;""domingo"";""18:20:00"";""SP"";116;216;""GUARULHOS"";""Não"";""Avarias e/ou desgaste excessivo no pneu"";1;""Colisão traseira"";""Sem Vítimas"";""Anoitecer"";""Crescente"";""Nublado"";""Múltipla"";""Reta"";""Sim"";465739;""Automóvel"";""CHEV/SPIN 1.8L MT LT"";2018;""Condutor"";""Ileso"";37;""Masculino"";1;0;0;0;-23",45056589;-46,"46258105;""SR-SP"";""DEL6/1"";""UOP01/SP""",
"261052;580875;2020-01-05;""domingo"";""18:20:00"";""SP"";116;216;""GUARULHOS"";""Não"";""Avarias e/ou desgaste excessivo no pneu"";2;""Colisão com objeto estático"";""Sem Vítimas"";""Anoitecer"";""Crescente"";""Nublado"";""Múltipla"";""Reta"";""Sim"";465738;""Automóvel"";""GM/CORSA WIND"";2000;""Condutor"";""Não Informado"";NA;""Não Informado"";0;0;0;0;-23",45056589;-46,"46258105;""SR-SP"";""DEL6/1"";""UOP01/SP""",
"261052;580860;2020-01-05;""domingo"";""18:20:00"";""SP"";116;216;""GUARULHOS"";""Não"";""Avarias e/ou desgaste excessivo no pneu"";2;""Colisão com objeto estático"";""Sem Vítimas"";""Anoitecer"";""Crescente"";""Nublado"";""Múltipla"";""Reta"";""Sim"";465740;""Automóvel"";""GM/MERIVA"";NA;""Condutor"";""Não Informado"";NA;""Não Informado"";0;0;0;0;-23",45056589;-46,"46258105;""SR-SP"";""DEL6/1"";""UOP01/SP""",
"261052;580857;2020-01-05;""domingo"";""18:20:00"";""SP"";116;216;""GUARULHOS"";""Não"";""Avarias e/ou desgaste excessivo no pneu"";2;""Colisão com objeto estático"";""Sem Vítimas"";""Anoitecer"";""Crescente"";""Nublado"";""Múltipla"";""Reta"";""Sim"";465739;""Automóvel"";""CHEV/SPIN 1.8L MT LT"";2018;""Condutor"";""Ileso"";37;""Masculino"";1;0;0;0;-23",45056589;-46,"46258105;""SR-SP"";""DEL6/1"";""UOP01/SP""",
"261052;580875;2020-01-05;""domingo"";""18:20:00"";""SP"";116;216;""GUARULHOS"";""Não"";""Desobediência às normas de trânsito pelo condutor"";1;""Colisão traseira"";""Sem Vítimas"";""Anoitecer"";""Crescente"";""Nublado"";""Múltipla"";""Reta"";""Sim"";465738;""Automóvel"";""GM/CORSA WIND"";2000;""Condutor"";""Não Informado"";NA;""Não Informado"";0;0;0;0;-23",45056589;-46,"46258105;""SR-SP"";""DEL6/1"";""UOP01/SP""",
"261052;580860;2020-01-05;""domingo"";""18:20:00"";""SP"";116;216;""GUARULHOS"";""Não"";""Desobediência às normas de trânsito pelo condutor"";1;""Colisão traseira"";""Sem Vítimas"";""Anoitecer"";""Crescente"";""Nublado"";""Múltipla"";""Reta"";""Sim"";465740;""Automóvel"";""GM/MERIVA"";NA;""Condutor"";""Não Informado"";NA;""Não Informado"";0;0;0;0;-23",45056589;-46,"46258105;""SR-SP"";""DEL6/1"";""UOP01/SP""",
"261052;580857;2020-01-05;""domingo"";""18:20:00"";""SP"";116;216;""GUARULHOS"";""Não"";""Desobediência às normas de trânsito pelo condutor"";1;""Colisão traseira"";""Sem Vítimas"";""Anoitecer"";""Crescente"";""Nublado"";""Múltipla"";""Reta"";""Sim"";465739;""Automóvel"";""CHEV/SPIN 1.8L MT LT"";2018;""Condutor"";""Ileso"";37;""Masculino"";1;0;0;0;-23",45056589;-46,"46258105;""SR-SP"";""DEL6/1"";""UOP01/SP""",
"261052;580875;2020-01-05;""domingo"";""18:20:00"";""SP"";116;216;""GUARULHOS"";""Não"";""Desobediência às normas de trânsito pelo condutor"";2;""Colisão com objeto estático"";""Sem Vítimas"";""Anoitecer"";""Crescente"";""Nublado"";""Múltipla"";""Reta"";""Sim"";465738;""Automóvel"";""GM/CORSA WIND"";2000;""Condutor"";""Não Informado"";NA;""Não Informado"";0;0;0;0;-23",45056589;-46,"46258105;""SR-SP"";""DEL6/1"";""UOP01/SP""",
"261052;580860;2020-01-05;""domingo"";""18:20:00"";""SP"";116;216;""GUARULHOS"";""Não"";""Desobediência às normas de trânsito pelo condutor"";2;""Colisão com objeto estático"";""Sem Vítimas"";""Anoitecer"";""Crescente"";""Nublado"";""Múltipla"";""Reta"";""Sim"";465740;""Automóvel"";""GM/MERIVA"";NA;""Condutor"";""Não Informado"";NA;""Não Informado"";0;0;0;0;-23",45056589;-46,"46258105;""SR-SP"";""DEL6/1"";""UOP01/SP""",
"261052;580857;2020-01-05;""domingo"";""18:20:00"";""SP"";116;216;""GUARULHOS"";""Não"";""Desobediência às normas de trânsito pelo condutor"";2;""Colisão com objeto estático"";""Sem Vítimas"";""Anoitecer"";""Crescente"";""Nublado"";""Múltipla"";""Reta"";""Sim"";465739;""Automóvel"";""CHEV/SPIN 1.8L MT LT"";2018;""Condutor"";""Ileso"";37;""Masculino"";1;0;0;0;-23",45056589;-46,"46258105;""SR-SP"";""DEL6/1"";""UOP01/SP""",
"261052;580875;2020-01-05;""domingo"";""18:20:00"";""SP"";116;216;""GUARULHOS"";""Não"";""Ultrapassagem Indevida"";1;""Colisão traseira"";""Sem Vítimas"";""Anoitecer"";""Crescente"";""Nublado"";""Múltipla"";""Reta"";""Sim"";465738;""Automóvel"";""GM/CORSA WIND"";2000;""Condutor"";""Não Informado"";NA;""Não Informado"";0;0;0;0;-23",45056589;-46,"46258105;""SR-SP"";""DEL6/1"";""UOP01/SP""",
"261052;580860;2020-01-05;""domingo"";""18:20:00"";""SP"";116;216;""GUARULHOS"";""Não"";""Ultrapassagem Indevida"";1;""Colisão traseira"";""Sem Vítimas"";""Anoitecer"";""Crescente"";""Nublado"";""Múltipla"";""Reta"";""Sim"";465740;""Automóvel"";""GM/MERIVA"";NA;""Condutor"";""Não Informado"";NA;""Não Informado"";0;0;0;0;-23",45056589;-46,"46258105;""SR-SP"";""DEL6/1"";""UOP01/SP""",
"261052;580857;2020-01-05;""domingo"";""18:20:00"";""SP"";116;216;""GUARULHOS"";""Não"";""Ultrapassagem Indevida"";1;""Colisão traseira"";""Sem Vítimas"";""Anoitecer"";""Crescente"";""Nublado"";""Múltipla"";""Reta"";""Sim"";465739;""Automóvel"";""CHEV/SPIN 1.8L MT LT"";2018;""Condutor"";""Ileso"";37;""Masculino"";1;0;0;0;-23",45056589;-46,"46258105;""SR-SP"";""DEL6/1"";""UOP01/SP""",
"261052;580875;2020-01-05;""domingo"";""18:20:00"";""SP"";116;216;""GUARULHOS"";""Não"";""Ultrapassagem Indevida"";2;""Colisão com objeto estático"";""Sem Vítimas"";""Anoitecer"";""Crescente"";""Nublado"";""Múltipla"";""Reta"";""Sim"";465738;""Automóvel"";""GM/CORSA WIND"";2000;""Condutor"";""Não Informado"";NA;""Não Informado"";0;0;0;0;-23",45056589;-46,"46258105;""SR-SP"";""DEL6/1"";""UOP01/SP""",
"261052;580860;2020-01-05;""domingo"";""18:20:00"";""SP"";116;216;""GUARULHOS"";""Não"";""Ultrapassagem Indevida"";2;""Colisão com objeto estático"";""Sem Vítimas"";""Anoitecer"";""Crescente"";""Nublado"";""Múltipla"";""Reta"";""Sim"";465740;""Automóvel"";""GM/MERIVA"";NA;""Condutor"";""Não Informado"";NA;""Não Informado"";0;0;0;0;-23",45056589;-46,"46258105;""SR-SP"";""DEL6/1"";""UOP01/SP""",
"261052;580857;2020-01-05;""domingo"";""18:20:00"";""SP"";116;216;""GUARULHOS"";""Não"";""Ultrapassagem Indevida"";2;""Colisão com objeto estático"";""Sem Vítimas"";""Anoitecer"";""Crescente"";""Nublado"";""Múltipla"";""Reta"";""Sim"";465739;""Automóvel"";""CHEV/SPIN 1.8L MT LT"";2018;""Condutor"";""Ileso"";37;""Masculino"";1;0;0;0;-23",45056589;-46,"46258105;""SR-SP"";""DEL6/1"";""UOP01/SP""",
"261053;580856;2020-01-05;""domingo"";""12:00:00"";""MG"";365;247;""BURITIZEIRO"";""Sim"";""Avarias e/ou desgaste excessivo no pneu"";1;""Capotamento"";""Com Vítimas Feridas"";""Pleno dia"";""Crescente"";""Ignorado"";""Simples"";""Reta"";""Não"";465672;""Automóvel"";""GM/CORSA SEDAN PREMIUM"";2008;""Passageiro"";""Lesões Leves"";18;""Masculino"";0;1;0;0;-17",80407689;-45,"44319917;""SR-MG"";""DEL4/14"";""UOP02/MG""",
"261053;580807;2020-01-05;""domingo"";""12:00:00"";""MG"";365;247;""BURITIZEIRO"";""Sim"";""Avarias e/ou desgaste excessivo no pneu"";1;""Capotamento"";""Com Vítimas Feridas"";""Pleno dia"";""Crescente"";""Ignorado"";""Simples"";""Reta"";""Não"";465672;""Automóvel"";""GM/CORSA SEDAN PREMIUM"";2008;""Passageiro"";""Lesões Leves"";15;""Masculino"";0;1;0;0;-17",80407689;-45,"44319917;""SR-MG"";""DEL4/14"";""UOP02/MG""",
"261053;580806;2020-01-05;""domingo"";""12:00:00"";""MG"";365;247;""BURITIZEIRO"";""Sim"";""Avarias e/ou desgaste excessivo no pneu"";1;""Capotamento"";""Com Vítimas Feridas"";""Pleno dia"";""Crescente"";""Ignorado"";""Simples"";""Reta"";""Não"";465672;""Automóvel"";""GM/CORSA SEDAN PREMIUM"";2008;""Passageiro"";""Lesões Leves"";20;""Masculino"";0;1;0;0;-17",80407689;-45,"44319917;""SR-MG"";""DEL4/14"";""UOP02/MG""",
"261053;580803;2020-01-05;""domingo"";""12:00:00"";""MG"";365;247;""BURITIZEIRO"";""Sim"";""Avarias e/ou desgaste excessivo no pneu"";1;""Capotamento"";""Com Vítimas Feridas"";""Pleno dia"";""Crescente"";""Ignorado"";""Simples"";""Reta"";""Não"";465672;""Automóvel"";""GM/CORSA SEDAN PREMIUM"";2008;""Passageiro"";""Lesões Leves"";39;""Feminino"";0;1;0;0;-17",80407689;-45,"44319917;""SR-MG"";""DEL4/14"";""UOP02/MG""",
"261053;580801;2020-01-05;""domingo"";""12:00:00"";""MG"";365;247;""BURITIZEIRO"";""Sim"";""Avarias e/ou desgaste excessivo no pneu"";1;""Capotamento"";""Com Vítimas Feridas"";""Pleno dia"";""Crescente"";""Ignorado"";""Simples"";""Reta"";""Não"";465672;""Automóvel"";""GM/CORSA SEDAN PREMIUM"";2008;""Condutor"";""Lesões Leves"";44;""Masculino"";0;1;0;0;-17",80407689;-45,"44319917;""SR-MG"";""DEL4/14"";""UOP02/MG""",
"261054;580854;2020-01-05;""domingo"";""16:30:00"";""RJ"";40;4;""COMENDADOR LEVY GASPARIAN"";""Sim"";""Pista Escorregadia"";1;""Saída de leito carroçável"";""Com Vítimas Feridas"";""Anoitecer"";""Decrescente"";""Chuva"";""Dupla"";""Curva"";""Não"";465725;""Automóvel"";""HYUNDAI/HB20 1.6M COMF"";2015;""Passageiro"";""Lesões Leves"";33;""Masculino"";0;1;0;0;-22",01337537;-43,"23594846;""SR-RJ"";""DEL5/6"";""UOP01/RJ""",
"261054;580850;2020-01-05;""domingo"";""16:30:00"";""RJ"";40;4;""COMENDADOR LEVY GASPARIAN"";""Sim"";""Pista Escorregadia"";1;""Saída de leito carroçável"";""Com Vítimas Feridas"";""Anoitecer"";""Decrescente"";""Chuva"";""Dupla"";""Curva"";""Não"";465725;""Automóvel"";""HYUNDAI/HB20 1.6M COMF"";2015;""Passageiro"";""Lesões Leves"";36;""Feminino"";0;1;0;0;-22",01337537;-43,"23594846;""SR-RJ"";""DEL5/6"";""UOP01/RJ""",
"261054;580846;2020-01-05;""domingo"";""16:30:00"";""RJ"";40;4;""COMENDADOR LEVY GASPARIAN"";""Sim"";""Pista Escorregadia"";1;""Saída de leito carroçável"";""Com Vítimas Feridas"";""Anoitecer"";""Decrescente"";""Chuva"";""Dupla"";""Curva"";""Não"";465725;""Automóvel"";""HYUNDAI/HB20 1.6M COMF"";2015;""Passageiro"";""Ileso"";39;""Masculino"";1;0;0;0;-22",01337537;-43,"23594846;""SR-RJ"";""DEL5/6"";""UOP01/RJ""",
"261054;580845;2020-01-05;""domingo"";""16:30:00"";""RJ"";40;4;""COMENDADOR LEVY GASPARIAN"";""Sim"";""Pista Escorregadia"";1;""Saída de leito carroçável"";""Com Vítimas Feridas"";""Anoitecer"";""Decrescente"";""Chuva"";""Dupla"";""Curva"";""Não"";465725;""Automóvel"";""HYUNDAI/HB20 1.6M COMF"";2015;""Condutor"";""Ileso"";29;""Feminino"";1;0;0;0;-22",01337537;-43,"23594846;""SR-RJ"";""DEL5/6"";""UOP01/RJ""",
"261056;580792;2020-01-05;""domingo"";""17:00:00"";""RS"";290;38;""SANTO ANTONIO DA PATRULHA"";""Sim"";""Defeito Mecânico no Veículo"";1;""Tombamento"";""Com Vítimas Feridas"";""Pleno dia"";""Crescente"";""Céu Claro"";""Dupla"";""Reta"";""Não"";465680;""Motocicleta"";""HONDA/CG 160 TITAN EX"";2016;""Passageiro"";""Lesões Leves"";23;""Feminino"";0;1;0;0;-29",886322;-50,"637886;""SR-RS"";""DEL9/3"";""UOP01/RS""",
"261056;580791;2020-01-05;""domingo"";""17:00:00"";""RS"";290;38;""SANTO ANTONIO DA PATRULHA"";""Sim"";""Defeito Mecânico no Veículo"";1;""Tombamento"";""Com Vítimas Feridas"";""Pleno dia"";""Crescente"";""Céu Claro"";""Dupla"";""Reta"";""Não"";465680;""Motocicleta"";""HONDA/CG 160 TITAN EX"";2016;""Condutor"";""Lesões Leves"";26;""Masculino"";0;1;0;0;-29",886322;-50,"637886;""SR-RS"";""DEL9/3"";""UOP01/RS""",
"261057;582750;2020-01-05;""domingo"";""09:20:00"";""PR"";376;450","1;""TIBAGI"";""Sim"";""Velocidade Incompatível"";2;""Colisão com objeto estático"";""Sem Vítimas"";""Pleno dia"";""Crescente"";""Céu Claro"";""Dupla"";""Reta"";""Não"";465684;""Automóvel"";""GM/CORSA SEDAN PREMIUM"";2008;""Condutor"";""Ileso"";48;""Masculino"";1;0;0;0;-24",934557;-50,"40438302;""SR-PR"";""DEL7/3"";""UOP05/PR"""
"261057;582750;2020-01-05;""domingo"";""09:20:00"";""PR"";376;450","1;""TIBAGI"";""Sim"";""Velocidade Incompatível"";1;""Saída de leito carroçável"";""Sem Vítimas"";""Pleno dia"";""Crescente"";""Céu Claro"";""Dupla"";""Reta"";""Não"";465684;""Automóvel"";""GM/CORSA SEDAN PREMIUM"";2008;""Condutor"";""Ileso"";48;""Masculino"";1;0;0;0;-24",934557;-50,"40438302;""SR-PR"";""DEL7/3"";""UOP05/PR"""
"261058;580835;2020-01-05;""domingo"";""08:00:00"";""MG"";365;247;""BURITIZEIRO"";""Sim"";""Velocidade Incompatível"";1;""Saída de leito carroçável"";""Com Vítimas Feridas"";""Pleno dia"";""Crescente"";""Chuva"";""Simples"";""Desvio Temporário"";""Não"";465714;""Automóvel"";""CHEVROLET/ONIX 1.4AT LTZ"";2019;""Condutor"";""Lesões Leves"";28;""Masculino"";0;1;0;0;-17",80407689;-45,"44319917;""SR-MG"";""DEL4/14"";""UOP02/MG""",
"261059;580973;2020-01-05;""domingo"";""20:00:00"";""PR"";376;651","3;""TIJUCAS DO SUL"";""Sim"";""Falta de Atenção do Pedestre"";1;""Atropelamento de Pedestre"";""Com Vítimas Fatais"";""Plena Noite"";""Crescente"";""Nublado"";""Dupla"";""Curva"";""Não"";465785;""Automóvel"";""FIAT/IDEA ATTRACTIVE 1.4"";2012;""Condutor"";""Ileso"";45;""Masculino"";1;0;0;0;-25",845243;-49,"078578;""SR-PR"";""DEL7/1"";""UOP08/PR"""
"261059;580928;2020-01-05;""domingo"";""20:00:00"";""PR"";376;651","3;""TIJUCAS DO SUL"";""Sim"";""Falta de Atenção do Pedestre"";1;""Atropelamento de Pedestre"";""Com Vítimas Fatais"";""Plena Noite"";""Crescente"";""Nublado"";""Dupla"";""Curva"";""Não"";465785;""Automóvel"";""FIAT/IDEA ATTRACTIVE 1.4"";2012;""Pedestre"";""Óbito"";38;""Masculino"";0;0;0;1;-25",845243;-49,"078578;""SR-PR"";""DEL7/1"";""UOP08/PR"""