"id;""pesid"";""data_inversa"";""dia_semana"";""horario"";""uf"";""br"";""km"";""municipio"";""causa_principal"";""causa_acidente"";""ordem_tipo_acidente"";""tipo_acidente"";""classificacao_acidente"";""fase_dia"";""sentido_via"";""condicao_metereologica"";""tipo_pista"";""tracado_via"";""uso_solo"";""id_veiculo"";""tipo_veiculo"";""marca"";""ano_fabricacao_veiculo"";""tipo_envolvido"";""estado_fisico"";""idade"";""sexo"";""ilesos"";""feridos_leves"";""feridos_graves"";""mortos"";""latitude"";""longitude"";""regional"";""delegacia"";""uop""",,,
"261059;580975;2020-01-05;""domingo"";""20:00:00"";""PR"";376;651","3;""TIJUCAS DO SUL"";""Sim"";""Falta de Atenção do Pedestre"";1;""Atropelamento de Pedestre"";""Com Vítimas Fatais"";""Plena Noite"";""Crescente"";""Nublado"";""Dupla"";""Curva"";""Não"";465785;""Automóvel"";""FIAT/IDEA ATTRACTIVE 1.4"";2012;""Passageiro"";""Ileso"";41;""Feminino"";1;0;0;0;-25",845243;-49,"078578;""SR-PR"";""DEL7/1"";""UOP08/PR"""
"261059;580974;2020-01-05;""domingo"";""20:00:00"";""PR"";376;651","3;""TIJUCAS DO SUL"";""Sim"";""Falta de Atenção do Pedestre"";1;""Atropelamento de Pedestre"";""Com Vítimas Fatais"";""Plena Noite"";""Crescente"";""Nublado"";""Dupla"";""Curva"";""Não"";465785;""Automóvel"";""FIAT/IDEA ATTRACTIVE 1.4"";2012;""Passageiro"";""Ileso"";19;""Masculino"";1;0;0;0;-25",845243;-49,"078578;""SR-PR"";""DEL7/1"";""UOP08/PR"""
"261060;581103;2020-01-05;""domingo"";""18:00:00"";""MT"";364;386;""SANTO ANTONIO DO LEVERGER"";""Sim"";""Ingestão de Álcool"";1;""Colisão traseira"";""Sem Vítimas"";""Anoitecer"";""Crescente"";""Nublado"";""Dupla"";""Reta"";""Não"";465857;""Caminhonete"";""FIAT/STRADA HD WK CC E"";2017;""Condutor"";""Ileso"";47;""Masculino"";1;0;0;0;-15",70220342;-55,"81848;""SR-MT"";""DEL2/1"";""UOP01/MT""",
"261060;581810;2020-01-05;""domingo"";""18:00:00"";""MT"";364;386;""SANTO ANTONIO DO LEVERGER"";""Sim"";""Ingestão de Álcool"";1;""Colisão traseira"";""Sem Vítimas"";""Anoitecer"";""Crescente"";""Nublado"";""Dupla"";""Reta"";""Não"";465858;""Automóvel"";""RENAULT/CAPTUR LIFE 16 A"";2018;""Passageiro"";""Ileso"";60;""Feminino"";1;0;0;0;-15",70220342;-55,"81848;""SR-MT"";""DEL2/1"";""UOP01/MT""",
"261060;581809;2020-01-05;""domingo"";""18:00:00"";""MT"";364;386;""SANTO ANTONIO DO LEVERGER"";""Sim"";""Ingestão de Álcool"";1;""Colisão traseira"";""Sem Vítimas"";""Anoitecer"";""Crescente"";""Nublado"";""Dupla"";""Reta"";""Não"";465858;""Automóvel"";""RENAULT/CAPTUR LIFE 16 A"";2018;""Condutor"";""Ileso"";54;""Masculino"";1;0;0;0;-15",70220342;-55,"81848;""SR-MT"";""DEL2/1"";""UOP01/MT""",
"261061;580914;2020-01-05;""domingo"";""19:30:00"";""SE"";235;60","9;""ITABAIANA"";""Sim"";""Desobediência às normas de trânsito pelo condutor"";1;""Colisão frontal"";""Com Vítimas Feridas"";""Plena Noite"";""Crescente"";""Céu Claro"";""Simples"";""Curva"";""Não"";465769;""Motocicleta"";""HONDA/CB 300R"";2011;""Condutor"";""Lesões Graves"";46;""Masculino"";0;0;1;0;-10",626542;-37,"463253;""SR-SE"";""DEL20/1"";""UOP02/SE"""
"261061;580905;2020-01-05;""domingo"";""19:30:00"";""SE"";235;60","9;""ITABAIANA"";""Sim"";""Desobediência às normas de trânsito pelo condutor"";1;""Colisão frontal"";""Com Vítimas Feridas"";""Plena Noite"";""Crescente"";""Céu Claro"";""Simples"";""Curva"";""Não"";465768;""Automóvel"";""GM/CELTA 2P LIFE"";2005;""Passageiro"";""Ileso"";NA;""Feminino"";1;0;0;0;-10",626542;-37,"463253;""SR-SE"";""DEL20/1"";""UOP02/SE"""
"261061;580904;2020-01-05;""domingo"";""19:30:00"";""SE"";235;60","9;""ITABAIANA"";""Sim"";""Desobediência às normas de trânsito pelo condutor"";1;""Colisão frontal"";""Com Vítimas Feridas"";""Plena Noite"";""Crescente"";""Céu Claro"";""Simples"";""Curva"";""Não"";465768;""Automóvel"";""GM/CELTA 2P LIFE"";2005;""Condutor"";""Não Informado"";NA;""Não Informado"";0;0;0;0;-10",626542;-37,"463253;""SR-SE"";""DEL20/1"";""UOP02/SE"""
"261062;580797;2020-01-05;""domingo"";""18:35:00"";""PR"";476;253","1;""ANTONIO OLINTO"";""Não"";""Velocidade Incompatível"";2;""Tombamento"";""Com Vítimas Feridas"";""Anoitecer"";""Crescente"";""Chuva"";""Simples"";""Curva"";""Não"";465687;""Automóvel"";""FIAT/PALIO FIRE FLEX"";2008;""Passageiro"";""Lesões Leves"";20;""Feminino"";0;1;0;0;-25",885603;-50,"182251;""SR-PR"";""DEL7/2"";""UOP03/PR"""
"261062;580795;2020-01-05;""domingo"";""18:35:00"";""PR"";476;253","1;""ANTONIO OLINTO"";""Não"";""Velocidade Incompatível"";2;""Tombamento"";""Com Vítimas Feridas"";""Anoitecer"";""Crescente"";""Chuva"";""Simples"";""Curva"";""Não"";465687;""Automóvel"";""FIAT/PALIO FIRE FLEX"";2008;""Condutor"";""Lesões Leves"";25;""Masculino"";0;1;0;0;-25",885603;-50,"182251;""SR-PR"";""DEL7/2"";""UOP03/PR"""
"261062;580797;2020-01-05;""domingo"";""18:35:00"";""PR"";476;253","1;""ANTONIO OLINTO"";""Não"";""Velocidade Incompatível"";1;""Saída de leito carroçável"";""Com Vítimas Feridas"";""Anoitecer"";""Crescente"";""Chuva"";""Simples"";""Curva"";""Não"";465687;""Automóvel"";""FIAT/PALIO FIRE FLEX"";2008;""Passageiro"";""Lesões Leves"";20;""Feminino"";0;1;0;0;-25",885603;-50,"182251;""SR-PR"";""DEL7/2"";""UOP03/PR"""
"261062;580795;2020-01-05;""domingo"";""18:35:00"";""PR"";476;253","1;""ANTONIO OLINTO"";""Não"";""Velocidade Incompatível"";1;""Saída de leito carroçável"";""Com Vítimas Feridas"";""Anoitecer"";""Crescente"";""Chuva"";""Simples"";""Curva"";""Não"";465687;""Automóvel"";""FIAT/PALIO FIRE FLEX"";2008;""Condutor"";""Lesões Leves"";25;""Masculino"";0;1;0;0;-25",885603;-50,"182251;""SR-PR"";""DEL7/2"";""UOP03/PR"""
"261062;580797;2020-01-05;""domingo"";""18:35:00"";""PR"";476;253","1;""ANTONIO OLINTO"";""Sim"";""Pista Escorregadia"";2;""Tombamento"";""Com Vítimas Feridas"";""Anoitecer"";""Crescente"";""Chuva"";""Simples"";""Curva"";""Não"";465687;""Automóvel"";""FIAT/PALIO FIRE FLEX"";2008;""Passageiro"";""Lesões Leves"";20;""Feminino"";0;1;0;0;-25",885603;-50,"182251;""SR-PR"";""DEL7/2"";""UOP03/PR"""
"261062;580795;2020-01-05;""domingo"";""18:35:00"";""PR"";476;253","1;""ANTONIO OLINTO"";""Sim"";""Pista Escorregadia"";2;""Tombamento"";""Com Vítimas Feridas"";""Anoitecer"";""Crescente"";""Chuva"";""Simples"";""Curva"";""Não"";465687;""Automóvel"";""FIAT/PALIO FIRE FLEX"";2008;""Condutor"";""Lesões Leves"";25;""Masculino"";0;1;0;0;-25",885603;-50,"182251;""SR-PR"";""DEL7/2"";""UOP03/PR"""
"261062;580797;2020-01-05;""domingo"";""18:35:00"";""PR"";476;253","1;""ANTONIO OLINTO"";""Sim"";""Pista Escorregadia"";1;""Saída de leito carroçável"";""Com Vítimas Feridas"";""Anoitecer"";""Crescente"";""Chuva"";""Simples"";""Curva"";""Não"";465687;""Automóvel"";""FIAT/PALIO FIRE FLEX"";2008;""Passageiro"";""Lesões Leves"";20;""Feminino"";0;1;0;0;-25",885603;-50,"182251;""SR-PR"";""DEL7/2"";""UOP03/PR"""
"261062;580795;2020-01-05;""domingo"";""18:35:00"";""PR"";476;253","1;""ANTONIO OLINTO"";""Sim"";""Pista Escorregadia"";1;""Saída de leito carroçável"";""Com Vítimas Feridas"";""Anoitecer"";""Crescente"";""Chuva"";""Simples"";""Curva"";""Não"";465687;""Automóvel"";""FIAT/PALIO FIRE FLEX"";2008;""Condutor"";""Lesões Leves"";25;""Masculino"";0;1;0;0;-25",885603;-50,"182251;""SR-PR"";""DEL7/2"";""UOP03/PR"""
"261063;580966;2020-01-05;""domingo"";""19:35:00"";""SP"";153;86","9;""MIRASSOL"";""Sim"";""Animais na Pista"";1;""Atropelamento de Animal"";""Com Vítimas Feridas"";""Plena Noite"";""Crescente"";""Nublado"";""Simples"";""Desvio Temporário"";""Não"";465801;""Automóvel"";""FORD/KA SE 1.5 SD C"";2019;""Condutor"";""Lesões Leves"";43;""Masculino"";0;1;0;0;-20",94035079;-49,"52635316;""SR-SP"";""DEL6/9"";""UOP01/SP"""
"261063;580968;2020-01-05;""domingo"";""19:35:00"";""SP"";153;86","9;""MIRASSOL"";""Sim"";""Animais na Pista"";1;""Atropelamento de Animal"";""Com Vítimas Feridas"";""Plena Noite"";""Crescente"";""Nublado"";""Simples"";""Desvio Temporário"";""Não"";465801;""Automóvel"";""FORD/KA SE 1.5 SD C"";2019;""Passageiro"";""Lesões Leves"";53;""Masculino"";0;1;0;0;-20",94035079;-49,"52635316;""SR-SP"";""DEL6/9"";""UOP01/SP"""
"261064;580828;2020-01-05;""domingo"";""16:05:00"";""SC"";116;168","1;""PONTE ALTA DO NORTE"";""Sim"";""Defeito Mecânico no Veículo"";1;""Capotamento"";""Com Vítimas Feridas"";""Pleno dia"";""Decrescente"";""Chuva"";""Simples"";""Não Informado"";""Sim"";465686;""Automóvel"";""VW/GOL 1.0"";2012;""Passageiro"";""Lesões Leves"";15;""Feminino"";0;1;0;0;-27",17571035;-50,"4626298;""SR-SC"";""DEL8/5"";""UOP03/SC"""
"261064;580825;2020-01-05;""domingo"";""16:05:00"";""SC"";116;168","1;""PONTE ALTA DO NORTE"";""Sim"";""Defeito Mecânico no Veículo"";1;""Capotamento"";""Com Vítimas Feridas"";""Pleno dia"";""Decrescente"";""Chuva"";""Simples"";""Não Informado"";""Sim"";465686;""Automóvel"";""VW/GOL 1.0"";2012;""Passageiro"";""Lesões Leves"";23;""Masculino"";0;1;0;0;-27",17571035;-50,"4626298;""SR-SC"";""DEL8/5"";""UOP03/SC"""
"261064;580821;2020-01-05;""domingo"";""16:05:00"";""SC"";116;168","1;""PONTE ALTA DO NORTE"";""Sim"";""Defeito Mecânico no Veículo"";1;""Capotamento"";""Com Vítimas Feridas"";""Pleno dia"";""Decrescente"";""Chuva"";""Simples"";""Não Informado"";""Sim"";465686;""Automóvel"";""VW/GOL 1.0"";2012;""Passageiro"";""Lesões Leves"";40;""Feminino"";0;1;0;0;-27",17571035;-50,"4626298;""SR-SC"";""DEL8/5"";""UOP03/SC"""
"261064;580814;2020-01-05;""domingo"";""16:05:00"";""SC"";116;168","1;""PONTE ALTA DO NORTE"";""Sim"";""Defeito Mecânico no Veículo"";1;""Capotamento"";""Com Vítimas Feridas"";""Pleno dia"";""Decrescente"";""Chuva"";""Simples"";""Não Informado"";""Sim"";465686;""Automóvel"";""VW/GOL 1.0"";2012;""Condutor"";""Ileso"";46;""Masculino"";1;0;0;0;-27",17571035;-50,"4626298;""SR-SC"";""DEL8/5"";""UOP03/SC"""
"261065;NA;2020-01-05;""domingo"";""17:50:00"";""MG"";381;546","4;""RIO MANSO"";""Sim"";""Condutor Dormindo"";1;""Tombamento"";""Com Vítimas Feridas"";""Pleno dia"";""Decrescente"";""Nublado"";""Dupla"";""Não Informado"";""Não"";465759;""Semireboque"";""SR/FACCHINI SRF LOED"";2017;""Não Informado"";""Não Informado"";NA;""Não Informado"";0;0;0;0;-20",29622787;-44,"43842914;""SR-MG"";""DEL4/4"";""UOP03/MG"""
"261065;580882;2020-01-05;""domingo"";""17:50:00"";""MG"";381;546","4;""RIO MANSO"";""Sim"";""Condutor Dormindo"";1;""Tombamento"";""Com Vítimas Feridas"";""Pleno dia"";""Decrescente"";""Nublado"";""Dupla"";""Não Informado"";""Não"";465757;""Caminhão-trator"";""M.BENZ/ACTROS 2546LS"";2018;""Condutor"";""Lesões Leves"";47;""Masculino"";0;1;0;0;-20",29622787;-44,"43842914;""SR-MG"";""DEL4/4"";""UOP03/MG"""
"261066;580897;2020-01-05;""domingo"";""20:00:00"";""PR"";376;162;""MARINGA"";""Sim"";""Não guardar distância de segurança"";1;""Colisão lateral"";""Com Vítimas Feridas"";""Plena Noite"";""Decrescente"";""Céu Claro"";""Dupla"";""Reta"";""Sim"";465752;""Motocicleta"";""HONDA/CG 150 TITAN KS"";2006;""Condutor"";""Lesões Leves"";36;""Masculino"";0;1;0;0;-23",37710685;-52,"04510993;""SR-PR"";""DEL7/7"";""UOP04/PR""",
"261066;580878;2020-01-05;""domingo"";""20:00:00"";""PR"";376;162;""MARINGA"";""Sim"";""Não guardar distância de segurança"";1;""Colisão lateral"";""Com Vítimas Feridas"";""Plena Noite"";""Decrescente"";""Céu Claro"";""Dupla"";""Reta"";""Sim"";465751;""Caminhonete"";""MMC/L200 OUTDOOR"";2011;""Condutor"";""Ileso"";63;""Masculino"";1;0;0;0;-23",37710685;-52,"04510993;""SR-PR"";""DEL7/7"";""UOP04/PR""",
"261067;580902;2020-01-05;""domingo"";""19:00:00"";""MT"";163;785","9;""VERA"";""Não"";""Desobediência às normas de trânsito pelo condutor"";1;""Colisão traseira"";""Com Vítimas Feridas"";""Plena Noite"";""Decrescente"";""Céu Claro"";""Simples"";""Ponte"";""Não"";465750;""Motocicleta"";""HONDA/XR 250 TORNADO"";NA;""Passageiro"";""Lesões Leves"";21;""Masculino"";0;1;0;0;-12",29215285;-55,"5660833;""SR-MT"";""DEL2/6"";""UOP01/MT"""
"261067;580900;2020-01-05;""domingo"";""19:00:00"";""MT"";163;785","9;""VERA"";""Não"";""Desobediência às normas de trânsito pelo condutor"";1;""Colisão traseira"";""Com Vítimas Feridas"";""Plena Noite"";""Decrescente"";""Céu Claro"";""Simples"";""Ponte"";""Não"";465750;""Motocicleta"";""HONDA/XR 250 TORNADO"";NA;""Condutor"";""Lesões Leves"";21;""Masculino"";0;1;0;0;-12",29215285;-55,"5660833;""SR-MT"";""DEL2/6"";""UOP01/MT"""
"261067;580888;2020-01-05;""domingo"";""19:00:00"";""MT"";163;785","9;""VERA"";""Não"";""Desobediência às normas de trânsito pelo condutor"";1;""Colisão traseira"";""Com Vítimas Feridas"";""Plena Noite"";""Decrescente"";""Céu Claro"";""Simples"";""Ponte"";""Não"";465749;""Motoneta"";""HONDA/C100 BIZ"";2005;""Condutor"";""Não Informado"";NA;""Não Informado"";0;0;0;0;-12",29215285;-55,"5660833;""SR-MT"";""DEL2/6"";""UOP01/MT"""
"261067;580902;2020-01-05;""domingo"";""19:00:00"";""MT"";163;785","9;""VERA"";""Não"";""Desobediência às normas de trânsito pelo condutor"";2;""Queda de ocupante de veículo"";""Com Vítimas Feridas"";""Plena Noite"";""Decrescente"";""Céu Claro"";""Simples"";""Ponte"";""Não"";465750;""Motocicleta"";""HONDA/XR 250 TORNADO"";NA;""Passageiro"";""Lesões Leves"";21;""Masculino"";0;1;0;0;-12",29215285;-55,"5660833;""SR-MT"";""DEL2/6"";""UOP01/MT"""
"261067;580900;2020-01-05;""domingo"";""19:00:00"";""MT"";163;785","9;""VERA"";""Não"";""Desobediência às normas de trânsito pelo condutor"";2;""Queda de ocupante de veículo"";""Com Vítimas Feridas"";""Plena Noite"";""Decrescente"";""Céu Claro"";""Simples"";""Ponte"";""Não"";465750;""Motocicleta"";""HONDA/XR 250 TORNADO"";NA;""Condutor"";""Lesões Leves"";21;""Masculino"";0;1;0;0;-12",29215285;-55,"5660833;""SR-MT"";""DEL2/6"";""UOP01/MT"""
"261067;580888;2020-01-05;""domingo"";""19:00:00"";""MT"";163;785","9;""VERA"";""Não"";""Desobediência às normas de trânsito pelo condutor"";2;""Queda de ocupante de veículo"";""Com Vítimas Feridas"";""Plena Noite"";""Decrescente"";""Céu Claro"";""Simples"";""Ponte"";""Não"";465749;""Motoneta"";""HONDA/C100 BIZ"";2005;""Condutor"";""Não Informado"";NA;""Não Informado"";0;0;0;0;-12",29215285;-55,"5660833;""SR-MT"";""DEL2/6"";""UOP01/MT"""
"261067;580902;2020-01-05;""domingo"";""19:00:00"";""MT"";163;785","9;""VERA"";""Não"";""Deficiência ou não Acionamento do Sistema de Iluminação/Sinalização do Veículo"";1;""Colisão traseira"";""Com Vítimas Feridas"";""Plena Noite"";""Decrescente"";""Céu Claro"";""Simples"";""Ponte"";""Não"";465750;""Motocicleta"";""HONDA/XR 250 TORNADO"";NA;""Passageiro"";""Lesões Leves"";21;""Masculino"";0;1;0;0;-12",29215285;-55,"5660833;""SR-MT"";""DEL2/6"";""UOP01/MT"""
"261067;580900;2020-01-05;""domingo"";""19:00:00"";""MT"";163;785","9;""VERA"";""Não"";""Deficiência ou não Acionamento do Sistema de Iluminação/Sinalização do Veículo"";1;""Colisão traseira"";""Com Vítimas Feridas"";""Plena Noite"";""Decrescente"";""Céu Claro"";""Simples"";""Ponte"";""Não"";465750;""Motocicleta"";""HONDA/XR 250 TORNADO"";NA;""Condutor"";""Lesões Leves"";21;""Masculino"";0;1;0;0;-12",29215285;-55,"5660833;""SR-MT"";""DEL2/6"";""UOP01/MT"""
"261067;580888;2020-01-05;""domingo"";""19:00:00"";""MT"";163;785","9;""VERA"";""Não"";""Deficiência ou não Acionamento do Sistema de Iluminação/Sinalização do Veículo"";1;""Colisão traseira"";""Com Vítimas Feridas"";""Plena Noite"";""Decrescente"";""Céu Claro"";""Simples"";""Ponte"";""Não"";465749;""Motoneta"";""HONDA/C100 BIZ"";2005;""Condutor"";""Não Informado"";NA;""Não Informado"";0;0;0;0;-12",29215285;-55,"5660833;""SR-MT"";""DEL2/6"";""UOP01/MT"""
"261067;580902;2020-01-05;""domingo"";""19:00:00"";""MT"";163;785","9;""VERA"";""Não"";""Deficiência ou não Acionamento do Sistema de Iluminação/Sinalização do Veículo"";2;""Queda de ocupante de veículo"";""Com Vítimas Feridas"";""Plena Noite"";""Decrescente"";""Céu Claro"";""Simples"";""Ponte"";""Não"";465750;""Motocicleta"";""HONDA/XR 250 TORNADO"";NA;""Passageiro"";""Lesões Leves"";21;""Masculino"";0;1;0;0;-12",29215285;-55,"5660833;""SR-MT"";""DEL2/6"";""UOP01/MT"""
"261067;580900;2020-01-05;""domingo"";""19:00:00"";""MT"";163;785","9;""VERA"";""Não"";""Deficiência ou não Acionamento do Sistema de Iluminação/Sinalização do Veículo"";2;""Queda de ocupante de veículo"";""Com Vítimas Feridas"";""Plena Noite"";""Decrescente"";""Céu Claro"";""Simples"";""Ponte"";""Não"";465750;""Motocicleta"";""HONDA/XR 250 TORNADO"";NA;""Condutor"";""Lesões Leves"";21;""Masculino"";0;1;0;0;-12",29215285;-55,"5660833;""SR-MT"";""DEL2/6"";""UOP01/MT"""
"261067;580888;2020-01-05;""domingo"";""19:00:00"";""MT"";163;785","9;""VERA"";""Não"";""Deficiência ou não Acionamento do Sistema de Iluminação/Sinalização do Veículo"";2;""Queda de ocupante de veículo"";""Com Vítimas Feridas"";""Plena Noite"";""Decrescente"";""Céu Claro"";""Simples"";""Ponte"";""Não"";465749;""Motoneta"";""HONDA/C100 BIZ"";2005;""Condutor"";""Não Informado"";NA;""Não Informado"";0;0;0;0;-12",29215285;-55,"5660833;""SR-MT"";""DEL2/6"";""UOP01/MT"""
"261067;580902;2020-01-05;""domingo"";""19:00:00"";""MT"";163;785","9;""VERA"";""Não"";""Velocidade Incompatível"";1;""Colisão traseira"";""Com Vítimas Feridas"";""Plena Noite"";""Decrescente"";""Céu Claro"";""Simples"";""Ponte"";""Não"";465750;""Motocicleta"";""HONDA/XR 250 TORNADO"";NA;""Passageiro"";""Lesões Leves"";21;""Masculino"";0;1;0;0;-12",29215285;-55,"5660833;""SR-MT"";""DEL2/6"";""UOP01/MT"""
"261067;580900;2020-01-05;""domingo"";""19:00:00"";""MT"";163;785","9;""VERA"";""Não"";""Velocidade Incompatível"";1;""Colisão traseira"";""Com Vítimas Feridas"";""Plena Noite"";""Decrescente"";""Céu Claro"";""Simples"";""Ponte"";""Não"";465750;""Motocicleta"";""HONDA/XR 250 TORNADO"";NA;""Condutor"";""Lesões Leves"";21;""Masculino"";0;1;0;0;-12",29215285;-55,"5660833;""SR-MT"";""DEL2/6"";""UOP01/MT"""
"261067;580888;2020-01-05;""domingo"";""19:00:00"";""MT"";163;785","9;""VERA"";""Não"";""Velocidade Incompatível"";1;""Colisão traseira"";""Com Vítimas Feridas"";""Plena Noite"";""Decrescente"";""Céu Claro"";""Simples"";""Ponte"";""Não"";465749;""Motoneta"";""HONDA/C100 BIZ"";2005;""Condutor"";""Não Informado"";NA;""Não Informado"";0;0;0;0;-12",29215285;-55,"5660833;""SR-MT"";""DEL2/6"";""UOP01/MT"""
"261067;580902;2020-01-05;""domingo"";""19:00:00"";""MT"";163;785","9;""VERA"";""Não"";""Velocidade Incompatível"";2;""Queda de ocupante de veículo"";""Com Vítimas Feridas"";""Plena Noite"";""Decrescente"";""Céu Claro"";""Simples"";""Ponte"";""Não"";465750;""Motocicleta"";""HONDA/XR 250 TORNADO"";NA;""Passageiro"";""Lesões Leves"";21;""Masculino"";0;1;0;0;-12",29215285;-55,"5660833;""SR-MT"";""DEL2/6"";""UOP01/MT"""
"261067;580900;2020-01-05;""domingo"";""19:00:00"";""MT"";163;785","9;""VERA"";""Não"";""Velocidade Incompatível"";2;""Queda de ocupante de veículo"";""Com Vítimas Feridas"";""Plena Noite"";""Decrescente"";""Céu Claro"";""Simples"";""Ponte"";""Não"";465750;""Motocicleta"";""HONDA/XR 250 TORNADO"";NA;""Condutor"";""Lesões Leves"";21;""Masculino"";0;1;0;0;-12",29215285;-55,"5660833;""SR-MT"";""DEL2/6"";""UOP01/MT"""
"261067;580888;2020-01-05;""domingo"";""19:00:00"";""MT"";163;785","9;""VERA"";""Não"";""Velocidade Incompatível"";2;""Queda de ocupante de veículo"";""Com Vítimas Feridas"";""Plena Noite"";""Decrescente"";""Céu Claro"";""Simples"";""Ponte"";""Não"";465749;""Motoneta"";""HONDA/C100 BIZ"";2005;""Condutor"";""Não Informado"";NA;""Não Informado"";0;0;0;0;-12",29215285;-55,"5660833;""SR-MT"";""DEL2/6"";""UOP01/MT"""
"261067;580902;2020-01-05;""domingo"";""19:00:00"";""MT"";163;785","9;""VERA"";""Sim"";""Não guardar distância de segurança"";1;""Colisão traseira"";""Com Vítimas Feridas"";""Plena Noite"";""Decrescente"";""Céu Claro"";""Simples"";""Ponte"";""Não"";465750;""Motocicleta"";""HONDA/XR 250 TORNADO"";NA;""Passageiro"";""Lesões Leves"";21;""Masculino"";0;1;0;0;-12",29215285;-55,"5660833;""SR-MT"";""DEL2/6"";""UOP01/MT"""
"261067;580900;2020-01-05;""domingo"";""19:00:00"";""MT"";163;785","9;""VERA"";""Sim"";""Não guardar distância de segurança"";1;""Colisão traseira"";""Com Vítimas Feridas"";""Plena Noite"";""Decrescente"";""Céu Claro"";""Simples"";""Ponte"";""Não"";465750;""Motocicleta"";""HONDA/XR 250 TORNADO"";NA;""Condutor"";""Lesões Leves"";21;""Masculino"";0;1;0;0;-12",29215285;-55,"5660833;""SR-MT"";""DEL2/6"";""UOP01/MT"""
"261067;580888;2020-01-05;""domingo"";""19:00:00"";""MT"";163;785","9;""VERA"";""Sim"";""Não guardar distância de segurança"";1;""Colisão traseira"";""Com Vítimas Feridas"";""Plena Noite"";""Decrescente"";""Céu Claro"";""Simples"";""Ponte"";""Não"";465749;""Motoneta"";""HONDA/C100 BIZ"";2005;""Condutor"";""Não Informado"";NA;""Não Informado"";0;0;0;0;-12",29215285;-55,"5660833;""SR-MT"";""DEL2/6"";""UOP01/MT"""
"261067;580902;2020-01-05;""domingo"";""19:00:00"";""MT"";163;785","9;""VERA"";""Sim"";""Não guardar distância de segurança"";2;""Queda de ocupante de veículo"";""Com Vítimas Feridas"";""Plena Noite"";""Decrescente"";""Céu Claro"";""Simples"";""Ponte"";""Não"";465750;""Motocicleta"";""HONDA/XR 250 TORNADO"";NA;""Passageiro"";""Lesões Leves"";21;""Masculino"";0;1;0;0;-12",29215285;-55,"5660833;""SR-MT"";""DEL2/6"";""UOP01/MT"""
"261067;580900;2020-01-05;""domingo"";""19:00:00"";""MT"";163;785","9;""VERA"";""Sim"";""Não guardar distância de segurança"";2;""Queda de ocupante de veículo"";""Com Vítimas Feridas"";""Plena Noite"";""Decrescente"";""Céu Claro"";""Simples"";""Ponte"";""Não"";465750;""Motocicleta"";""HONDA/XR 250 TORNADO"";NA;""Condutor"";""Lesões Leves"";21;""Masculino"";0;1;0;0;-12",29215285;-55,"5660833;""SR-MT"";""DEL2/6"";""UOP01/MT"""
"261067;580888;2020-01-05;""domingo"";""19:00:00"";""MT"";163;785","9;""VERA"";""Sim"";""Não guardar distância de segurança"";2;""Queda de ocupante de veículo"";""Com Vítimas Feridas"";""Plena Noite"";""Decrescente"";""Céu Claro"";""Simples"";""Ponte"";""Não"";465749;""Motoneta"";""HONDA/C100 BIZ"";2005;""Condutor"";""Não Informado"";NA;""Não Informado"";0;0;0;0;-12",29215285;-55,"5660833;""SR-MT"";""DEL2/6"";""UOP01/MT"""
"261068;582013;2020-01-05;""domingo"";""19:12:00"";""PR"";277;713","6;""SANTA TEREZINHA DE ITAIPU"";""Sim"";""Falta de Atenção à Condução"";1;""Colisão traseira"";""Com Vítimas Feridas"";""Anoitecer"";""Crescente"";""Céu Claro"";""Dupla"";""Não Informado"";""Não"";466209;""Automóvel"";""GM/CELTA 2P LIFE"";2007;""Passageiro"";""Lesões Leves"";21;""Feminino"";0;1;0;0;-25",46144154;-54,"44010119;""SR-PR"";""DEL7/5"";""UOP01/PR"""
"261068;582010;2020-01-05;""domingo"";""19:12:00"";""PR"";277;713","6;""SANTA TEREZINHA DE ITAIPU"";""Sim"";""Falta de Atenção à Condução"";1;""Colisão traseira"";""Com Vítimas Feridas"";""Anoitecer"";""Crescente"";""Céu Claro"";""Dupla"";""Não Informado"";""Não"";466209;""Automóvel"";""GM/CELTA 2P LIFE"";2007;""Condutor"";""Ileso"";22;""Masculino"";1;0;0;0;-25",46144154;-54,"44010119;""SR-PR"";""DEL7/5"";""UOP01/PR"""
"261068;582008;2020-01-05;""domingo"";""19:12:00"";""PR"";277;713","6;""SANTA TEREZINHA DE ITAIPU"";""Sim"";""Falta de Atenção à Condução"";1;""Colisão traseira"";""Com Vítimas Feridas"";""Anoitecer"";""Crescente"";""Céu Claro"";""Dupla"";""Não Informado"";""Não"";466208;""Caminhonete"";""I/FORD RANGER XLTCD4A32C"";2017;""Condutor"";""Ileso"";65;""Masculino"";1;0;0;0;-25",46144154;-54,"44010119;""SR-PR"";""DEL7/5"";""UOP01/PR"""