"id;""pesid"";""data_inversa"";""dia_semana"";""horario"";""uf"";""br"";""km"";""municipio"";""causa_principal"";""causa_acidente"";""ordem_tipo_acidente"";""tipo_acidente"";""classificacao_acidente"";""fase_dia"";""sentido_via"";""condicao_metereologica"";""tipo_pista"";""tracado_via"";""uso_solo"";""id_veiculo"";""tipo_veiculo"";""marca"";""ano_fabricacao_veiculo"";""tipo_envolvido"";""estado_fisico"";""idade"";""sexo"";""ilesos"";""feridos_leves"";""feridos_graves"";""mortos"";""latitude"";""longitude"";""regional"";""delegacia"";""uop""",,,
"261100;580954;2020-01-05;""domingo"";""20:10:00"";""RS"";158;149","8;""PANAMBI"";""Sim"";""Velocidade Incompatível"";1;""Colisão com objeto estático"";""Sem Vítimas"";""Plena Noite"";""Crescente"";""Céu Claro"";""Simples"";""Rotatória"";""Não"";465778;""Automóvel"";""FORD/KA GL"";1999;""Condutor"";""Não Informado"";NA;""Não Informado"";0;0;0;0;-28",27204195;-53,"48398008;""SR-RS"";""DEL9/10"";""UOP02/RS"""
"261101;583541;2020-01-05;""domingo"";""20:45:00"";""MT"";70;501;""CUIABA"";""Sim"";""Ingestão de Álcool"";2;""Saída de leito carroçável"";""Sem Vítimas"";""Plena Noite"";""Decrescente"";""Céu Claro"";""Simples"";""Reta"";""Não"";465780;""Automóvel"";""GM/VECTRA GLS"";1999;""Condutor"";""Ileso"";36;""Masculino"";1;0;0;0;-15",70018891;-56,"03878543;""SR-MT"";""DEL2/1"";""UOP01/MT""",
"261101;583534;2020-01-05;""domingo"";""20:45:00"";""MT"";70;501;""CUIABA"";""Sim"";""Ingestão de Álcool"";2;""Saída de leito carroçável"";""Sem Vítimas"";""Plena Noite"";""Decrescente"";""Céu Claro"";""Simples"";""Reta"";""Não"";465779;""Automóvel"";""RENAULT/LOGAN AUTH 10"";2019;""Passageiro"";""Ileso"";4;""Masculino"";1;0;0;0;-15",70018891;-56,"03878543;""SR-MT"";""DEL2/1"";""UOP01/MT""",
"261101;583531;2020-01-05;""domingo"";""20:45:00"";""MT"";70;501;""CUIABA"";""Sim"";""Ingestão de Álcool"";2;""Saída de leito carroçável"";""Sem Vítimas"";""Plena Noite"";""Decrescente"";""Céu Claro"";""Simples"";""Reta"";""Não"";465779;""Automóvel"";""RENAULT/LOGAN AUTH 10"";2019;""Passageiro"";""Ileso"";30;""Feminino"";1;0;0;0;-15",70018891;-56,"03878543;""SR-MT"";""DEL2/1"";""UOP01/MT""",
"261101;583529;2020-01-05;""domingo"";""20:45:00"";""MT"";70;501;""CUIABA"";""Sim"";""Ingestão de Álcool"";2;""Saída de leito carroçável"";""Sem Vítimas"";""Plena Noite"";""Decrescente"";""Céu Claro"";""Simples"";""Reta"";""Não"";465779;""Automóvel"";""RENAULT/LOGAN AUTH 10"";2019;""Condutor"";""Ileso"";42;""Masculino"";1;0;0;0;-15",70018891;-56,"03878543;""SR-MT"";""DEL2/1"";""UOP01/MT""",
"261101;583541;2020-01-05;""domingo"";""20:45:00"";""MT"";70;501;""CUIABA"";""Sim"";""Ingestão de Álcool"";1;""Colisão traseira"";""Sem Vítimas"";""Plena Noite"";""Decrescente"";""Céu Claro"";""Simples"";""Reta"";""Não"";465780;""Automóvel"";""GM/VECTRA GLS"";1999;""Condutor"";""Ileso"";36;""Masculino"";1;0;0;0;-15",70018891;-56,"03878543;""SR-MT"";""DEL2/1"";""UOP01/MT""",
"261101;583534;2020-01-05;""domingo"";""20:45:00"";""MT"";70;501;""CUIABA"";""Sim"";""Ingestão de Álcool"";1;""Colisão traseira"";""Sem Vítimas"";""Plena Noite"";""Decrescente"";""Céu Claro"";""Simples"";""Reta"";""Não"";465779;""Automóvel"";""RENAULT/LOGAN AUTH 10"";2019;""Passageiro"";""Ileso"";4;""Masculino"";1;0;0;0;-15",70018891;-56,"03878543;""SR-MT"";""DEL2/1"";""UOP01/MT""",
"261101;583531;2020-01-05;""domingo"";""20:45:00"";""MT"";70;501;""CUIABA"";""Sim"";""Ingestão de Álcool"";1;""Colisão traseira"";""Sem Vítimas"";""Plena Noite"";""Decrescente"";""Céu Claro"";""Simples"";""Reta"";""Não"";465779;""Automóvel"";""RENAULT/LOGAN AUTH 10"";2019;""Passageiro"";""Ileso"";30;""Feminino"";1;0;0;0;-15",70018891;-56,"03878543;""SR-MT"";""DEL2/1"";""UOP01/MT""",
"261101;583529;2020-01-05;""domingo"";""20:45:00"";""MT"";70;501;""CUIABA"";""Sim"";""Ingestão de Álcool"";1;""Colisão traseira"";""Sem Vítimas"";""Plena Noite"";""Decrescente"";""Céu Claro"";""Simples"";""Reta"";""Não"";465779;""Automóvel"";""RENAULT/LOGAN AUTH 10"";2019;""Condutor"";""Ileso"";42;""Masculino"";1;0;0;0;-15",70018891;-56,"03878543;""SR-MT"";""DEL2/1"";""UOP01/MT""",
"261102;581660;2020-01-05;""domingo"";""21:55:00"";""SC"";282;593","3;""SAUDADES"";""Sim"";""Falta de Atenção à Condução"";1;""Capotamento"";""Com Vítimas Feridas"";""Plena Noite"";""Decrescente"";""Nublado"";""Simples"";""Curva"";""Não"";465782;""Automóvel"";""RENAULT/CLIO RT 1.0 16V"";2001;""Passageiro"";""Ileso"";1;""Feminino"";1;0;0;0;-26",826199;-53,"10162;""SR-SC"";""DEL7"";""UOP02/SC"""
"261102;581657;2020-01-05;""domingo"";""21:55:00"";""SC"";282;593","3;""SAUDADES"";""Sim"";""Falta de Atenção à Condução"";1;""Capotamento"";""Com Vítimas Feridas"";""Plena Noite"";""Decrescente"";""Nublado"";""Simples"";""Curva"";""Não"";465782;""Automóvel"";""RENAULT/CLIO RT 1.0 16V"";2001;""Passageiro"";""Lesões Leves"";20;""Feminino"";0;1;0;0;-26",826199;-53,"10162;""SR-SC"";""DEL7"";""UOP02/SC"""
"261102;581653;2020-01-05;""domingo"";""21:55:00"";""SC"";282;593","3;""SAUDADES"";""Sim"";""Falta de Atenção à Condução"";1;""Capotamento"";""Com Vítimas Feridas"";""Plena Noite"";""Decrescente"";""Nublado"";""Simples"";""Curva"";""Não"";465782;""Automóvel"";""RENAULT/CLIO RT 1.0 16V"";2001;""Passageiro"";""Ileso"";28;""Masculino"";1;0;0;0;-26",826199;-53,"10162;""SR-SC"";""DEL7"";""UOP02/SC"""
"261102;581651;2020-01-05;""domingo"";""21:55:00"";""SC"";282;593","3;""SAUDADES"";""Sim"";""Falta de Atenção à Condução"";1;""Capotamento"";""Com Vítimas Feridas"";""Plena Noite"";""Decrescente"";""Nublado"";""Simples"";""Curva"";""Não"";465782;""Automóvel"";""RENAULT/CLIO RT 1.0 16V"";2001;""Passageiro"";""Ileso"";19;""Feminino"";1;0;0;0;-26",826199;-53,"10162;""SR-SC"";""DEL7"";""UOP02/SC"""
"261102;581649;2020-01-05;""domingo"";""21:55:00"";""SC"";282;593","3;""SAUDADES"";""Sim"";""Falta de Atenção à Condução"";1;""Capotamento"";""Com Vítimas Feridas"";""Plena Noite"";""Decrescente"";""Nublado"";""Simples"";""Curva"";""Não"";465782;""Automóvel"";""RENAULT/CLIO RT 1.0 16V"";2001;""Condutor"";""Ileso"";21;""Masculino"";1;0;0;0;-26",826199;-53,"10162;""SR-SC"";""DEL7"";""UOP02/SC"""
"261103;582788;2020-01-05;""domingo"";""20:30:00"";""RJ"";393;281;""VOLTA REDONDA"";""Sim"";""Falta de Atenção à Condução"";1;""Atropelamento de Pedestre"";""Com Vítimas Feridas"";""Plena Noite"";""Crescente"";""Nublado"";""Simples"";""Reta"";""Não"";465792;""Ônibus"";"""";NA;""Pedestre"";""Lesões Graves"";39;""Feminino"";0;0;1;0;-22",48025569;-44,"02974901;""SR-RJ"";""DEL5/5"";""UOP02/RJ""",
"261103;582760;2020-01-05;""domingo"";""20:30:00"";""RJ"";393;281;""VOLTA REDONDA"";""Sim"";""Falta de Atenção à Condução"";1;""Atropelamento de Pedestre"";""Com Vítimas Feridas"";""Plena Noite"";""Crescente"";""Nublado"";""Simples"";""Reta"";""Não"";465792;""Ônibus"";"""";NA;""Condutor"";""Não Informado"";NA;""Não Informado"";0;0;0;0;-22",48025569;-44,"02974901;""SR-RJ"";""DEL5/5"";""UOP02/RJ""",
"261103;582765;2020-01-05;""domingo"";""20:30:00"";""RJ"";393;281;""VOLTA REDONDA"";""Sim"";""Falta de Atenção à Condução"";1;""Atropelamento de Pedestre"";""Com Vítimas Feridas"";""Plena Noite"";""Crescente"";""Nublado"";""Simples"";""Reta"";""Não"";465792;""Ônibus"";"""";NA;""Pedestre"";""Lesões Leves"";39;""Masculino"";0;1;0;0;-22",48025569;-44,"02974901;""SR-RJ"";""DEL5/5"";""UOP02/RJ""",
"261104;581692;2020-01-05;""domingo"";""19:50:00"";""BA"";116;340;""TEOFILANDIA"";""Sim"";""Animais na Pista"";3;""Queda de ocupante de veículo"";""Com Vítimas Feridas"";""Plena Noite"";""Crescente"";""Céu Claro"";""Simples"";""Reta"";""Não"";466197;""Motocicleta"";""YAMAHA/YBR 125ED"";2004;""Passageiro"";""Lesões Graves"";37;""Feminino"";0;0;1;0;-11",50226304;-38,"99596429;""SR-BA"";""DEL10/2"";""UOP01/BA""",
"261104;581691;2020-01-05;""domingo"";""19:50:00"";""BA"";116;340;""TEOFILANDIA"";""Sim"";""Animais na Pista"";3;""Queda de ocupante de veículo"";""Com Vítimas Feridas"";""Plena Noite"";""Crescente"";""Céu Claro"";""Simples"";""Reta"";""Não"";466197;""Motocicleta"";""YAMAHA/YBR 125ED"";2004;""Condutor"";""Lesões Graves"";25;""Masculino"";0;0;1;0;-11",50226304;-38,"99596429;""SR-BA"";""DEL10/2"";""UOP01/BA""",
"261104;581692;2020-01-05;""domingo"";""19:50:00"";""BA"";116;340;""TEOFILANDIA"";""Sim"";""Animais na Pista"";2;""Tombamento"";""Com Vítimas Feridas"";""Plena Noite"";""Crescente"";""Céu Claro"";""Simples"";""Reta"";""Não"";466197;""Motocicleta"";""YAMAHA/YBR 125ED"";2004;""Passageiro"";""Lesões Graves"";37;""Feminino"";0;0;1;0;-11",50226304;-38,"99596429;""SR-BA"";""DEL10/2"";""UOP01/BA""",
"261104;581691;2020-01-05;""domingo"";""19:50:00"";""BA"";116;340;""TEOFILANDIA"";""Sim"";""Animais na Pista"";2;""Tombamento"";""Com Vítimas Feridas"";""Plena Noite"";""Crescente"";""Céu Claro"";""Simples"";""Reta"";""Não"";466197;""Motocicleta"";""YAMAHA/YBR 125ED"";2004;""Condutor"";""Lesões Graves"";25;""Masculino"";0;0;1;0;-11",50226304;-38,"99596429;""SR-BA"";""DEL10/2"";""UOP01/BA""",
"261104;581692;2020-01-05;""domingo"";""19:50:00"";""BA"";116;340;""TEOFILANDIA"";""Sim"";""Animais na Pista"";1;""Atropelamento de Animal"";""Com Vítimas Feridas"";""Plena Noite"";""Crescente"";""Céu Claro"";""Simples"";""Reta"";""Não"";466197;""Motocicleta"";""YAMAHA/YBR 125ED"";2004;""Passageiro"";""Lesões Graves"";37;""Feminino"";0;0;1;0;-11",50226304;-38,"99596429;""SR-BA"";""DEL10/2"";""UOP01/BA""",
"261104;581691;2020-01-05;""domingo"";""19:50:00"";""BA"";116;340;""TEOFILANDIA"";""Sim"";""Animais na Pista"";1;""Atropelamento de Animal"";""Com Vítimas Feridas"";""Plena Noite"";""Crescente"";""Céu Claro"";""Simples"";""Reta"";""Não"";466197;""Motocicleta"";""YAMAHA/YBR 125ED"";2004;""Condutor"";""Lesões Graves"";25;""Masculino"";0;0;1;0;-11",50226304;-38,"99596429;""SR-BA"";""DEL10/2"";""UOP01/BA""",
"261105;580985;2020-01-05;""domingo"";""23:15:00"";""MG"";381;442;""SABARA"";""Sim"";""Falta de Atenção à Condução"";1;""Colisão transversal"";""Com Vítimas Feridas"";""Plena Noite"";""Decrescente"";""Chuva"";""Simples"";""Reta"";""Sim"";465822;""Caminhão"";""M.BENZ/ATEGO 2425"";2011;""Condutor"";""Ileso"";57;""Masculino"";1;0;0;0;-19",80956823;-43,"77297521;""SR-MG"";""DEL4/1"";""UOP01/MG""",
"261105;580994;2020-01-05;""domingo"";""23:15:00"";""MG"";381;442;""SABARA"";""Sim"";""Falta de Atenção à Condução"";1;""Colisão transversal"";""Com Vítimas Feridas"";""Plena Noite"";""Decrescente"";""Chuva"";""Simples"";""Reta"";""Sim"";465816;""Automóvel"";""VW/GOL 1.6 POWER"";2009;""Passageiro"";""Lesões Graves"";20;""Feminino"";0;0;1;0;-19",80956823;-43,"77297521;""SR-MG"";""DEL4/1"";""UOP01/MG""",
"261105;580992;2020-01-05;""domingo"";""23:15:00"";""MG"";381;442;""SABARA"";""Sim"";""Falta de Atenção à Condução"";1;""Colisão transversal"";""Com Vítimas Feridas"";""Plena Noite"";""Decrescente"";""Chuva"";""Simples"";""Reta"";""Sim"";465816;""Automóvel"";""VW/GOL 1.6 POWER"";2009;""Passageiro"";""Lesões Graves"";19;""Masculino"";0;0;1;0;-19",80956823;-43,"77297521;""SR-MG"";""DEL4/1"";""UOP01/MG""",
"261105;580990;2020-01-05;""domingo"";""23:15:00"";""MG"";381;442;""SABARA"";""Sim"";""Falta de Atenção à Condução"";1;""Colisão transversal"";""Com Vítimas Feridas"";""Plena Noite"";""Decrescente"";""Chuva"";""Simples"";""Reta"";""Sim"";465816;""Automóvel"";""VW/GOL 1.6 POWER"";2009;""Passageiro"";""Lesões Graves"";22;""Feminino"";0;0;1;0;-19",80956823;-43,"77297521;""SR-MG"";""DEL4/1"";""UOP01/MG""",
"261105;580989;2020-01-05;""domingo"";""23:15:00"";""MG"";381;442;""SABARA"";""Sim"";""Falta de Atenção à Condução"";1;""Colisão transversal"";""Com Vítimas Feridas"";""Plena Noite"";""Decrescente"";""Chuva"";""Simples"";""Reta"";""Sim"";465816;""Automóvel"";""VW/GOL 1.6 POWER"";2009;""Passageiro"";""Lesões Graves"";22;""Masculino"";0;0;1;0;-19",80956823;-43,"77297521;""SR-MG"";""DEL4/1"";""UOP01/MG""",
"261105;580983;2020-01-05;""domingo"";""23:15:00"";""MG"";381;442;""SABARA"";""Sim"";""Falta de Atenção à Condução"";1;""Colisão transversal"";""Com Vítimas Feridas"";""Plena Noite"";""Decrescente"";""Chuva"";""Simples"";""Reta"";""Sim"";465816;""Automóvel"";""VW/GOL 1.6 POWER"";2009;""Condutor"";""Lesões Graves"";20;""Masculino"";0;0;1;0;-19",80956823;-43,"77297521;""SR-MG"";""DEL4/1"";""UOP01/MG""",
"261106;582880;2020-01-05;""domingo"";""16:10:00"";""AC"";364;271","4;""SENA MADUREIRA"";""Sim"";""Falta de Atenção à Condução"";1;""Colisão lateral"";""Com Vítimas Feridas"";""Pleno dia"";""Decrescente"";""Céu Claro"";""Simples"";""Reta"";""Não"";465860;""Motocicleta"";""HONDA/NXR 160 BROS"";2016;""Passageiro"";""Lesões Graves"";26;""Feminino"";0;0;1;0;-9",08315803;-68,"65043101;""SR-AC"";""UOP01/AC"";"""""
"261106;582879;2020-01-05;""domingo"";""16:10:00"";""AC"";364;271","4;""SENA MADUREIRA"";""Sim"";""Falta de Atenção à Condução"";1;""Colisão lateral"";""Com Vítimas Feridas"";""Pleno dia"";""Decrescente"";""Céu Claro"";""Simples"";""Reta"";""Não"";465860;""Motocicleta"";""HONDA/NXR 160 BROS"";2016;""Condutor"";""Lesões Graves"";33;""Masculino"";0;0;1;0;-9",08315803;-68,"65043101;""SR-AC"";""UOP01/AC"";"""""
"261106;582875;2020-01-05;""domingo"";""16:10:00"";""AC"";364;271","4;""SENA MADUREIRA"";""Sim"";""Falta de Atenção à Condução"";1;""Colisão lateral"";""Com Vítimas Feridas"";""Pleno dia"";""Decrescente"";""Céu Claro"";""Simples"";""Reta"";""Não"";465859;""Caminhonete"";""I/TOYOTA HILUX CS4X4"";2005;""Condutor"";""Não Informado"";NA;""Não Informado"";0;0;0;0;-9",08315803;-68,"65043101;""SR-AC"";""UOP01/AC"";"""""
"261107;581477;2020-01-05;""domingo"";""22:15:00"";""RR"";174;369;""CARACARAI"";""Sim"";""Falta de Atenção à Condução"";1;""Colisão transversal"";""Com Vítimas Fatais"";""Plena Noite"";""Decrescente"";""Céu Claro"";""Simples"";""Curva"";""Sim"";466095;""Motocicleta"";""HONDA/CG 150 FAN ESI"";2010;""Condutor"";""Óbito"";28;""Masculino"";0;0;0;1;1",832381;-61,"125172;""SR-RR"";""UOP01/RR"";""""",
"261107;NA;2020-01-05;""domingo"";""22:15:00"";""RR"";174;369;""CARACARAI"";""Sim"";""Falta de Atenção à Condução"";1;""Colisão transversal"";""Com Vítimas Fatais"";""Plena Noite"";""Decrescente"";""Céu Claro"";""Simples"";""Curva"";""Sim"";466098;""Semireboque"";""SR/GUERRA AG FG"";2012;""Não Informado"";""Não Informado"";NA;""Não Informado"";0;0;0;0;1",832381;-61,"125172;""SR-RR"";""UOP01/RR"";""""",
"261107;581483;2020-01-05;""domingo"";""22:15:00"";""RR"";174;369;""CARACARAI"";""Sim"";""Falta de Atenção à Condução"";1;""Colisão transversal"";""Com Vítimas Fatais"";""Plena Noite"";""Decrescente"";""Céu Claro"";""Simples"";""Curva"";""Sim"";466096;""Caminhão-trator"";""M.BENZ/AXOR 2536 S"";2018;""Condutor"";""Ileso"";59;""Masculino"";1;0;0;0;1",832381;-61,"125172;""SR-RR"";""UOP01/RR"";""""",
"261108;580953;2020-01-06;""segunda"";""00:10:00"";""MT"";163;826;""SINOP"";""Sim"";""Velocidade Incompatível"";1;""Colisão com objeto estático"";""Com Vítimas Fatais"";""Plena Noite"";""Decrescente"";""Céu Claro"";""Dupla"";""Curva"";""Sim"";465800;""Motocicleta"";""YAMAHA/YBR150 FACTOR ED"";2018;""Condutor"";""Óbito"";57;""Masculino"";0;0;0;1;-11",939435;-55,"515679;""SR-MT"";""DEL2/6"";""UOP01/MT""",
"261108;580953;2020-01-06;""segunda"";""00:10:00"";""MT"";163;826;""SINOP"";""Sim"";""Velocidade Incompatível"";2;""Queda de ocupante de veículo"";""Com Vítimas Fatais"";""Plena Noite"";""Decrescente"";""Céu Claro"";""Dupla"";""Curva"";""Sim"";465800;""Motocicleta"";""YAMAHA/YBR150 FACTOR ED"";2018;""Condutor"";""Óbito"";57;""Masculino"";0;0;0;1;-11",939435;-55,"515679;""SR-MT"";""DEL2/6"";""UOP01/MT""",
"261108;580953;2020-01-06;""segunda"";""00:10:00"";""MT"";163;826;""SINOP"";""Sim"";""Velocidade Incompatível"";3;""Tombamento"";""Com Vítimas Fatais"";""Plena Noite"";""Decrescente"";""Céu Claro"";""Dupla"";""Curva"";""Sim"";465800;""Motocicleta"";""YAMAHA/YBR150 FACTOR ED"";2018;""Condutor"";""Óbito"";57;""Masculino"";0;0;0;1;-11",939435;-55,"515679;""SR-MT"";""DEL2/6"";""UOP01/MT""",
"261108;580953;2020-01-06;""segunda"";""00:10:00"";""MT"";163;826;""SINOP"";""Não"";""Falta de Atenção à Condução"";1;""Colisão com objeto estático"";""Com Vítimas Fatais"";""Plena Noite"";""Decrescente"";""Céu Claro"";""Dupla"";""Curva"";""Sim"";465800;""Motocicleta"";""YAMAHA/YBR150 FACTOR ED"";2018;""Condutor"";""Óbito"";57;""Masculino"";0;0;0;1;-11",939435;-55,"515679;""SR-MT"";""DEL2/6"";""UOP01/MT""",
"261108;580953;2020-01-06;""segunda"";""00:10:00"";""MT"";163;826;""SINOP"";""Não"";""Falta de Atenção à Condução"";2;""Queda de ocupante de veículo"";""Com Vítimas Fatais"";""Plena Noite"";""Decrescente"";""Céu Claro"";""Dupla"";""Curva"";""Sim"";465800;""Motocicleta"";""YAMAHA/YBR150 FACTOR ED"";2018;""Condutor"";""Óbito"";57;""Masculino"";0;0;0;1;-11",939435;-55,"515679;""SR-MT"";""DEL2/6"";""UOP01/MT""",
"261108;580953;2020-01-06;""segunda"";""00:10:00"";""MT"";163;826;""SINOP"";""Não"";""Falta de Atenção à Condução"";3;""Tombamento"";""Com Vítimas Fatais"";""Plena Noite"";""Decrescente"";""Céu Claro"";""Dupla"";""Curva"";""Sim"";465800;""Motocicleta"";""YAMAHA/YBR150 FACTOR ED"";2018;""Condutor"";""Óbito"";57;""Masculino"";0;0;0;1;-11",939435;-55,"515679;""SR-MT"";""DEL2/6"";""UOP01/MT""",
"261109;583257;2020-01-05;""domingo"";""22:15:00"";""CE"";222;311;""TIANGUA"";""Sim"";""Ingestão de Álcool"";1;""Colisão traseira"";""Com Vítimas Feridas"";""Plena Noite"";""Decrescente"";""Garoa/Chuvisco"";""Simples"";""Reta"";""Sim"";465985;""Motocicleta"";""HONDA/CG 125 FAN ES"";2012;""Passageiro"";""Lesões Leves"";5;""Masculino"";0;1;0;0;-3",711973;-40,"984356;""SR-CE"";""DEL16/4"";""UOP02/CE""",
"261109;583254;2020-01-05;""domingo"";""22:15:00"";""CE"";222;311;""TIANGUA"";""Sim"";""Ingestão de Álcool"";1;""Colisão traseira"";""Com Vítimas Feridas"";""Plena Noite"";""Decrescente"";""Garoa/Chuvisco"";""Simples"";""Reta"";""Sim"";465985;""Motocicleta"";""HONDA/CG 125 FAN ES"";2012;""Passageiro"";""Lesões Graves"";35;""Feminino"";0;0;1;0;-3",711973;-40,"984356;""SR-CE"";""DEL16/4"";""UOP02/CE""",
"261109;583252;2020-01-05;""domingo"";""22:15:00"";""CE"";222;311;""TIANGUA"";""Sim"";""Ingestão de Álcool"";1;""Colisão traseira"";""Com Vítimas Feridas"";""Plena Noite"";""Decrescente"";""Garoa/Chuvisco"";""Simples"";""Reta"";""Sim"";465985;""Motocicleta"";""HONDA/CG 125 FAN ES"";2012;""Condutor"";""Lesões Graves"";33;""Masculino"";0;0;1;0;-3",711973;-40,"984356;""SR-CE"";""DEL16/4"";""UOP02/CE""",
"261109;583250;2020-01-05;""domingo"";""22:15:00"";""CE"";222;311;""TIANGUA"";""Sim"";""Ingestão de Álcool"";1;""Colisão traseira"";""Com Vítimas Feridas"";""Plena Noite"";""Decrescente"";""Garoa/Chuvisco"";""Simples"";""Reta"";""Sim"";465984;""Automóvel"";""FORD/FIESTA GL"";2000;""Condutor"";""Não Informado"";NA;""Não Informado"";0;0;0;0;-3",711973;-40,"984356;""SR-CE"";""DEL16/4"";""UOP02/CE""",
"261110;580947;2020-01-06;""segunda"";""01:05:00"";""RJ"";101;322;""NITEROI"";""Sim"";""Falta de Atenção à Condução"";1;""Colisão com objeto estático"";""Sem Vítimas"";""Plena Noite"";""Decrescente"";""Garoa/Chuvisco"";""Simples"";""Viaduto"";""Sim"";465793;""Caminhão-trator"";""M.BENZ/AXOR 2544 S"";2014;""Condutor"";""Ileso"";37;""Masculino"";1;0;0;0;-22",878923;-43,"110676;""SR-RJ"";""UOP01"";""DEL02""",
"261111;581009;2020-01-06;""segunda"";""03:10:00"";""MS"";158;281;""TRES LAGOAS"";""Sim"";""Animais na Pista"";1;""Atropelamento de Animal"";""Sem Vítimas"";""Plena Noite"";""Decrescente"";""Céu Claro"";""Simples"";""Reta"";""Não"";465820;""Caminhão-trator"";""M.BENZ/AXOR 2544 S"";2012;""Condutor"";""Ileso"";38;""Masculino"";1;0;0;0;-20",83608098;-51,"73294105;""SR-MS"";""DEL3/7"";""UOP01/MS""",
"261111;NA;2020-01-06;""segunda"";""03:10:00"";""MS"";158;281;""TRES LAGOAS"";""Sim"";""Animais na Pista"";1;""Atropelamento de Animal"";""Sem Vítimas"";""Plena Noite"";""Decrescente"";""Céu Claro"";""Simples"";""Reta"";""Não"";465832;""Semireboque"";""SR/GUERRA AG SI"";2010;""Não Informado"";""Não Informado"";NA;""Não Informado"";0;0;0;0;-20",83608098;-51,"73294105;""SR-MS"";""DEL3/7"";""UOP01/MS""",
"261112;NA;2020-01-05;""domingo"";""05:00:00"";""BA"";110;66","3;""JEREMOABO"";""Sim"";""Velocidade Incompatível"";1;""Tombamento"";""Com Vítimas Feridas"";""Pleno dia"";""Decrescente"";""Céu Claro"";""Simples"";""Curva"";""Não"";466388;""Semireboque"";""SR/RODOLINEAPR SRCA 3E"";2015;""Não Informado"";""Não Informado"";NA;""Não Informado"";0;0;0;0;-10",02015426;-38,"32185556;""SR-BA"";""DEL10/7"";""UOP01/BA"""
"261112;581913;2020-01-05;""domingo"";""05:00:00"";""BA"";110;66","3;""JEREMOABO"";""Sim"";""Velocidade Incompatível"";1;""Tombamento"";""Com Vítimas Feridas"";""Pleno dia"";""Decrescente"";""Céu Claro"";""Simples"";""Curva"";""Não"";465806;""Caminhão-trator"";""VOLVO/FH 480 6X2T"";2010;""Condutor"";""Lesões Graves"";34;""Masculino"";0;0;1;0;-10",02015426;-38,"32185556;""SR-BA"";""DEL10/7"";""UOP01/BA"""
"261112;NA;2020-01-05;""domingo"";""05:00:00"";""BA"";110;66","3;""JEREMOABO"";""Não"";""Falta de Atenção à Condução"";1;""Tombamento"";""Com Vítimas Feridas"";""Pleno dia"";""Decrescente"";""Céu Claro"";""Simples"";""Curva"";""Não"";466388;""Semireboque"";""SR/RODOLINEAPR SRCA 3E"";2015;""Não Informado"";""Não Informado"";NA;""Não Informado"";0;0;0;0;-10",02015426;-38,"32185556;""SR-BA"";""DEL10/7"";""UOP01/BA"""
"261112;581913;2020-01-05;""domingo"";""05:00:00"";""BA"";110;66","3;""JEREMOABO"";""Não"";""Falta de Atenção à Condução"";1;""Tombamento"";""Com Vítimas Feridas"";""Pleno dia"";""Decrescente"";""Céu Claro"";""Simples"";""Curva"";""Não"";465806;""Caminhão-trator"";""VOLVO/FH 480 6X2T"";2010;""Condutor"";""Lesões Graves"";34;""Masculino"";0;0;1;0;-10",02015426;-38,"32185556;""SR-BA"";""DEL10/7"";""UOP01/BA"""
"261113;581008;2020-01-06;""segunda"";""05:25:00"";""MG"";381;689","3;""LAVRAS"";""Sim"";""Condutor Dormindo"";1;""Saída de leito carroçável"";""Com Vítimas Feridas"";""Amanhecer"";""Crescente"";""Céu Claro"";""Dupla"";""Curva"";""Não"";465827;""Caminhão"";""M.BENZ/L 1218"";1991;""Passageiro"";""Lesões Leves"";32;""Masculino"";0;1;0;0;-21",225698;-45,"130486;""SR-MG"";""DEL4/4"";""UOP02/MG"""
"261113;581001;2020-01-06;""segunda"";""05:25:00"";""MG"";381;689","3;""LAVRAS"";""Sim"";""Condutor Dormindo"";1;""Saída de leito carroçável"";""Com Vítimas Feridas"";""Amanhecer"";""Crescente"";""Céu Claro"";""Dupla"";""Curva"";""Não"";465827;""Caminhão"";""M.BENZ/L 1218"";1991;""Condutor"";""Ileso"";28;""Masculino"";1;0;0;0;-21",225698;-45,"130486;""SR-MG"";""DEL4/4"";""UOP02/MG"""
"261114;582646;2020-01-06;""segunda"";""05:00:00"";""CE"";116;10","5;""FORTALEZA"";""Sim"";""Condutor Dormindo"";3;""Queda de ocupante de veículo"";""Com Vítimas Feridas"";""Amanhecer"";""Crescente"";""Nublado"";""Dupla"";""Reta"";""Sim"";465817;""Motocicleta"";""HONDA/CG150 TITAN MIX KS"";2009;""Testemunha"";""Não Informado"";NA;""Não Informado"";0;0;0;0;-3",8399205;-38,"50077305;""SR-CE"";""DEL16/1"";""UOP02/CE"""
"261114;582645;2020-01-06;""segunda"";""05:00:00"";""CE"";116;10","5;""FORTALEZA"";""Sim"";""Condutor Dormindo"";3;""Queda de ocupante de veículo"";""Com Vítimas Feridas"";""Amanhecer"";""Crescente"";""Nublado"";""Dupla"";""Reta"";""Sim"";465817;""Motocicleta"";""HONDA/CG150 TITAN MIX KS"";2009;""Condutor"";""Lesões Leves"";45;""Masculino"";0;1;0;0;-3",8399205;-38,"50077305;""SR-CE"";""DEL16/1"";""UOP02/CE"""