"id;""pesid"";""data_inversa"";""dia_semana"";""horario"";""uf"";""br"";""km"";""municipio"";""causa_principal"";""causa_acidente"";""ordem_tipo_acidente"";""tipo_acidente"";""classificacao_acidente"";""fase_dia"";""sentido_via"";""condicao_metereologica"";""tipo_pista"";""tracado_via"";""uso_solo"";""id_veiculo"";""tipo_veiculo"";""marca"";""ano_fabricacao_veiculo"";""tipo_envolvido"";""estado_fisico"";""idade"";""sexo"";""ilesos"";""feridos_leves"";""feridos_graves"";""mortos"";""latitude"";""longitude"";""regional"";""delegacia"";""uop""",,,
"261114;582646;2020-01-06;""segunda"";""05:00:00"";""CE"";116;10","5;""FORTALEZA"";""Sim"";""Condutor Dormindo"";1;""Colisão com objeto estático"";""Com Vítimas Feridas"";""Amanhecer"";""Crescente"";""Nublado"";""Dupla"";""Reta"";""Sim"";465817;""Motocicleta"";""HONDA/CG150 TITAN MIX KS"";2009;""Testemunha"";""Não Informado"";NA;""Não Informado"";0;0;0;0;-3",8399205;-38,"50077305;""SR-CE"";""DEL16/1"";""UOP02/CE"""
"261114;582645;2020-01-06;""segunda"";""05:00:00"";""CE"";116;10","5;""FORTALEZA"";""Sim"";""Condutor Dormindo"";1;""Colisão com objeto estático"";""Com Vítimas Feridas"";""Amanhecer"";""Crescente"";""Nublado"";""Dupla"";""Reta"";""Sim"";465817;""Motocicleta"";""HONDA/CG150 TITAN MIX KS"";2009;""Condutor"";""Lesões Leves"";45;""Masculino"";0;1;0;0;-3",8399205;-38,"50077305;""SR-CE"";""DEL16/1"";""UOP02/CE"""
"261114;582646;2020-01-06;""segunda"";""05:00:00"";""CE"";116;10","5;""FORTALEZA"";""Sim"";""Condutor Dormindo"";2;""Tombamento"";""Com Vítimas Feridas"";""Amanhecer"";""Crescente"";""Nublado"";""Dupla"";""Reta"";""Sim"";465817;""Motocicleta"";""HONDA/CG150 TITAN MIX KS"";2009;""Testemunha"";""Não Informado"";NA;""Não Informado"";0;0;0;0;-3",8399205;-38,"50077305;""SR-CE"";""DEL16/1"";""UOP02/CE"""
"261114;582645;2020-01-06;""segunda"";""05:00:00"";""CE"";116;10","5;""FORTALEZA"";""Sim"";""Condutor Dormindo"";2;""Tombamento"";""Com Vítimas Feridas"";""Amanhecer"";""Crescente"";""Nublado"";""Dupla"";""Reta"";""Sim"";465817;""Motocicleta"";""HONDA/CG150 TITAN MIX KS"";2009;""Condutor"";""Lesões Leves"";45;""Masculino"";0;1;0;0;-3",8399205;-38,"50077305;""SR-CE"";""DEL16/1"";""UOP02/CE"""
"261114;582646;2020-01-06;""segunda"";""05:00:00"";""CE"";116;10","5;""FORTALEZA"";""Não"";""Não guardar distância de segurança"";3;""Queda de ocupante de veículo"";""Com Vítimas Feridas"";""Amanhecer"";""Crescente"";""Nublado"";""Dupla"";""Reta"";""Sim"";465817;""Motocicleta"";""HONDA/CG150 TITAN MIX KS"";2009;""Testemunha"";""Não Informado"";NA;""Não Informado"";0;0;0;0;-3",8399205;-38,"50077305;""SR-CE"";""DEL16/1"";""UOP02/CE"""
"261114;582645;2020-01-06;""segunda"";""05:00:00"";""CE"";116;10","5;""FORTALEZA"";""Não"";""Não guardar distância de segurança"";3;""Queda de ocupante de veículo"";""Com Vítimas Feridas"";""Amanhecer"";""Crescente"";""Nublado"";""Dupla"";""Reta"";""Sim"";465817;""Motocicleta"";""HONDA/CG150 TITAN MIX KS"";2009;""Condutor"";""Lesões Leves"";45;""Masculino"";0;1;0;0;-3",8399205;-38,"50077305;""SR-CE"";""DEL16/1"";""UOP02/CE"""
"261114;582646;2020-01-06;""segunda"";""05:00:00"";""CE"";116;10","5;""FORTALEZA"";""Não"";""Não guardar distância de segurança"";1;""Colisão com objeto estático"";""Com Vítimas Feridas"";""Amanhecer"";""Crescente"";""Nublado"";""Dupla"";""Reta"";""Sim"";465817;""Motocicleta"";""HONDA/CG150 TITAN MIX KS"";2009;""Testemunha"";""Não Informado"";NA;""Não Informado"";0;0;0;0;-3",8399205;-38,"50077305;""SR-CE"";""DEL16/1"";""UOP02/CE"""
"261114;582645;2020-01-06;""segunda"";""05:00:00"";""CE"";116;10","5;""FORTALEZA"";""Não"";""Não guardar distância de segurança"";1;""Colisão com objeto estático"";""Com Vítimas Feridas"";""Amanhecer"";""Crescente"";""Nublado"";""Dupla"";""Reta"";""Sim"";465817;""Motocicleta"";""HONDA/CG150 TITAN MIX KS"";2009;""Condutor"";""Lesões Leves"";45;""Masculino"";0;1;0;0;-3",8399205;-38,"50077305;""SR-CE"";""DEL16/1"";""UOP02/CE"""
"261114;582646;2020-01-06;""segunda"";""05:00:00"";""CE"";116;10","5;""FORTALEZA"";""Não"";""Não guardar distância de segurança"";2;""Tombamento"";""Com Vítimas Feridas"";""Amanhecer"";""Crescente"";""Nublado"";""Dupla"";""Reta"";""Sim"";465817;""Motocicleta"";""HONDA/CG150 TITAN MIX KS"";2009;""Testemunha"";""Não Informado"";NA;""Não Informado"";0;0;0;0;-3",8399205;-38,"50077305;""SR-CE"";""DEL16/1"";""UOP02/CE"""
"261114;582645;2020-01-06;""segunda"";""05:00:00"";""CE"";116;10","5;""FORTALEZA"";""Não"";""Não guardar distância de segurança"";2;""Tombamento"";""Com Vítimas Feridas"";""Amanhecer"";""Crescente"";""Nublado"";""Dupla"";""Reta"";""Sim"";465817;""Motocicleta"";""HONDA/CG150 TITAN MIX KS"";2009;""Condutor"";""Lesões Leves"";45;""Masculino"";0;1;0;0;-3",8399205;-38,"50077305;""SR-CE"";""DEL16/1"";""UOP02/CE"""
"261114;582646;2020-01-06;""segunda"";""05:00:00"";""CE"";116;10","5;""FORTALEZA"";""Não"";""Pista Escorregadia"";3;""Queda de ocupante de veículo"";""Com Vítimas Feridas"";""Amanhecer"";""Crescente"";""Nublado"";""Dupla"";""Reta"";""Sim"";465817;""Motocicleta"";""HONDA/CG150 TITAN MIX KS"";2009;""Testemunha"";""Não Informado"";NA;""Não Informado"";0;0;0;0;-3",8399205;-38,"50077305;""SR-CE"";""DEL16/1"";""UOP02/CE"""
"261114;582645;2020-01-06;""segunda"";""05:00:00"";""CE"";116;10","5;""FORTALEZA"";""Não"";""Pista Escorregadia"";3;""Queda de ocupante de veículo"";""Com Vítimas Feridas"";""Amanhecer"";""Crescente"";""Nublado"";""Dupla"";""Reta"";""Sim"";465817;""Motocicleta"";""HONDA/CG150 TITAN MIX KS"";2009;""Condutor"";""Lesões Leves"";45;""Masculino"";0;1;0;0;-3",8399205;-38,"50077305;""SR-CE"";""DEL16/1"";""UOP02/CE"""
"261114;582646;2020-01-06;""segunda"";""05:00:00"";""CE"";116;10","5;""FORTALEZA"";""Não"";""Pista Escorregadia"";1;""Colisão com objeto estático"";""Com Vítimas Feridas"";""Amanhecer"";""Crescente"";""Nublado"";""Dupla"";""Reta"";""Sim"";465817;""Motocicleta"";""HONDA/CG150 TITAN MIX KS"";2009;""Testemunha"";""Não Informado"";NA;""Não Informado"";0;0;0;0;-3",8399205;-38,"50077305;""SR-CE"";""DEL16/1"";""UOP02/CE"""
"261114;582645;2020-01-06;""segunda"";""05:00:00"";""CE"";116;10","5;""FORTALEZA"";""Não"";""Pista Escorregadia"";1;""Colisão com objeto estático"";""Com Vítimas Feridas"";""Amanhecer"";""Crescente"";""Nublado"";""Dupla"";""Reta"";""Sim"";465817;""Motocicleta"";""HONDA/CG150 TITAN MIX KS"";2009;""Condutor"";""Lesões Leves"";45;""Masculino"";0;1;0;0;-3",8399205;-38,"50077305;""SR-CE"";""DEL16/1"";""UOP02/CE"""
"261114;582646;2020-01-06;""segunda"";""05:00:00"";""CE"";116;10","5;""FORTALEZA"";""Não"";""Pista Escorregadia"";2;""Tombamento"";""Com Vítimas Feridas"";""Amanhecer"";""Crescente"";""Nublado"";""Dupla"";""Reta"";""Sim"";465817;""Motocicleta"";""HONDA/CG150 TITAN MIX KS"";2009;""Testemunha"";""Não Informado"";NA;""Não Informado"";0;0;0;0;-3",8399205;-38,"50077305;""SR-CE"";""DEL16/1"";""UOP02/CE"""
"261114;582645;2020-01-06;""segunda"";""05:00:00"";""CE"";116;10","5;""FORTALEZA"";""Não"";""Pista Escorregadia"";2;""Tombamento"";""Com Vítimas Feridas"";""Amanhecer"";""Crescente"";""Nublado"";""Dupla"";""Reta"";""Sim"";465817;""Motocicleta"";""HONDA/CG150 TITAN MIX KS"";2009;""Condutor"";""Lesões Leves"";45;""Masculino"";0;1;0;0;-3",8399205;-38,"50077305;""SR-CE"";""DEL16/1"";""UOP02/CE"""
"261117;581011;2020-01-06;""segunda"";""06:00:00"";""PR"";277;4","5;""PARANAGUA"";""Sim"";""Agressão Externa"";1;""Queda de ocupante de veículo"";""Com Vítimas Feridas"";""Pleno dia"";""Decrescente"";""Céu Claro"";""Simples"";""Não Informado"";""Sim"";465825;""Motocicleta"";""HONDA/CBX 250 TWISTER"";2007;""Testemunha"";""Não Informado"";NA;""Não Informado"";0;0;0;0;-25",55352456;-48,"56225286;""SR-PR"";""DEL7/1"";""UOP07/PR"""
"261117;581010;2020-01-06;""segunda"";""06:00:00"";""PR"";277;4","5;""PARANAGUA"";""Sim"";""Agressão Externa"";1;""Queda de ocupante de veículo"";""Com Vítimas Feridas"";""Pleno dia"";""Decrescente"";""Céu Claro"";""Simples"";""Não Informado"";""Sim"";465825;""Motocicleta"";""HONDA/CBX 250 TWISTER"";2007;""Condutor"";""Lesões Leves"";52;""Masculino"";0;1;0;0;-25",55352456;-48,"56225286;""SR-PR"";""DEL7/1"";""UOP07/PR"""
"261118;580982;2020-01-05;""domingo"";""22:00:00"";""MT"";364;400;""CUIABA"";""Sim"";""Defeito na Via"";1;""Queda de ocupante de veículo"";""Com Vítimas Feridas"";""Plena Noite"";""Crescente"";""Céu Claro"";""Dupla"";""Reta"";""Sim"";465815;""Motocicleta"";""HONDA/CG 160 FAN ESDI"";2016;""Condutor"";""Lesões Leves"";22;""Masculino"";0;1;0;0;-15",655378;-55,"986489;""SR-MT"";""DEL2/1"";""UOP01/MT""",
"261119;582854;2020-01-06;""segunda"";""05:35:00"";""SP"";116;182;""GUARAREMA"";""Sim"";""Condutor Dormindo"";1;""Engavetamento"";""Com Vítimas Feridas"";""Amanhecer"";""Decrescente"";""Céu Claro"";""Múltipla"";""Reta"";""Não"";465840;""Caminhão"";""M.BENZ/L 1313"";1975;""Condutor"";""Lesões Leves"";42;""Masculino"";0;1;0;0;-23",34641462;-46,"16500139;""SR-SP"";""DEL6/2"";""UOP01/SP""",
"261119;582858;2020-01-06;""segunda"";""05:35:00"";""SP"";116;182;""GUARAREMA"";""Sim"";""Condutor Dormindo"";1;""Engavetamento"";""Com Vítimas Feridas"";""Amanhecer"";""Decrescente"";""Céu Claro"";""Múltipla"";""Reta"";""Não"";466995;""Caminhão"";""M.BENZ/L 1113"";1986;""Condutor"";""Ileso"";29;""Masculino"";1;0;0;0;-23",34641462;-46,"16500139;""SR-SP"";""DEL6/2"";""UOP01/SP""",
"261119;582857;2020-01-06;""segunda"";""05:35:00"";""SP"";116;182;""GUARAREMA"";""Sim"";""Condutor Dormindo"";1;""Engavetamento"";""Com Vítimas Feridas"";""Amanhecer"";""Decrescente"";""Céu Claro"";""Múltipla"";""Reta"";""Não"";466990;""Automóvel"";""CITROEN/C3 GLX 14 FLEX"";2010;""Condutor"";""Ileso"";33;""Masculino"";1;0;0;0;-23",34641462;-46,"16500139;""SR-SP"";""DEL6/2"";""UOP01/SP""",
"261119;582856;2020-01-06;""segunda"";""05:35:00"";""SP"";116;182;""GUARAREMA"";""Sim"";""Condutor Dormindo"";1;""Engavetamento"";""Com Vítimas Feridas"";""Amanhecer"";""Decrescente"";""Céu Claro"";""Múltipla"";""Reta"";""Não"";466977;""Caminhão"";""VOLVO/VM 330 8X2R"";2015;""Condutor"";""Ileso"";51;""Masculino"";1;0;0;0;-23",34641462;-46,"16500139;""SR-SP"";""DEL6/2"";""UOP01/SP""",
"261120;583225;2020-01-05;""domingo"";""20:00:00"";""MG"";381;159","8;""GOVERNADOR VALADARES"";""Sim"";""Velocidade Incompatível"";2;""Saída de leito carroçável"";""Sem Vítimas"";""Plena Noite"";""Decrescente"";""Céu Claro"";""Simples"";""Interseção de vias"";""Sim"";465819;""Motocicleta"";""HONDA/CBX 250 TWISTER"";2003;""Condutor"";""Não Informado"";NA;""Não Informado"";0;0;0;0;-18",92455594;-42,"01932801;""SR-MG"";""DEL4/6"";""UOP01/MG"""
"261120;583225;2020-01-05;""domingo"";""20:00:00"";""MG"";381;159","8;""GOVERNADOR VALADARES"";""Sim"";""Velocidade Incompatível"";1;""Colisão com objeto estático"";""Sem Vítimas"";""Plena Noite"";""Decrescente"";""Céu Claro"";""Simples"";""Interseção de vias"";""Sim"";465819;""Motocicleta"";""HONDA/CBX 250 TWISTER"";2003;""Condutor"";""Não Informado"";NA;""Não Informado"";0;0;0;0;-18",92455594;-42,"01932801;""SR-MG"";""DEL4/6"";""UOP01/MG"""
"261120;583225;2020-01-05;""domingo"";""20:00:00"";""MG"";381;159","8;""GOVERNADOR VALADARES"";""Sim"";""Velocidade Incompatível"";4;""Tombamento"";""Sem Vítimas"";""Plena Noite"";""Decrescente"";""Céu Claro"";""Simples"";""Interseção de vias"";""Sim"";465819;""Motocicleta"";""HONDA/CBX 250 TWISTER"";2003;""Condutor"";""Não Informado"";NA;""Não Informado"";0;0;0;0;-18",92455594;-42,"01932801;""SR-MG"";""DEL4/6"";""UOP01/MG"""
"261120;583225;2020-01-05;""domingo"";""20:00:00"";""MG"";381;159","8;""GOVERNADOR VALADARES"";""Sim"";""Velocidade Incompatível"";3;""Colisão com objeto estático"";""Sem Vítimas"";""Plena Noite"";""Decrescente"";""Céu Claro"";""Simples"";""Interseção de vias"";""Sim"";465819;""Motocicleta"";""HONDA/CBX 250 TWISTER"";2003;""Condutor"";""Não Informado"";NA;""Não Informado"";0;0;0;0;-18",92455594;-42,"01932801;""SR-MG"";""DEL4/6"";""UOP01/MG"""
"261121;581028;2020-01-06;""segunda"";""04:40:00"";""PB"";230;465","6;""SOUSA"";""Sim"";""Não guardar distância de segurança"";3;""Saída de leito carroçável"";""Com Vítimas Feridas"";""Amanhecer"";""Crescente"";""Chuva"";""Simples"";""Reta"";""Sim"";465830;""Caminhonete"";""I/FORD RANGER LTD 13P"";2010;""Condutor"";""Ileso"";55;""Masculino"";1;0;0;0;-6",7791;-38,"2438;""SR-PB"";""DEL14/3"";""UOP03/PB"""
"261121;581023;2020-01-06;""segunda"";""04:40:00"";""PB"";230;465","6;""SOUSA"";""Sim"";""Não guardar distância de segurança"";3;""Saída de leito carroçável"";""Com Vítimas Feridas"";""Amanhecer"";""Crescente"";""Chuva"";""Simples"";""Reta"";""Sim"";465829;""Motocicleta"";""HONDA/CG 125 FAN KS"";2011;""Passageiro"";""Lesões Graves"";42;""Feminino"";0;0;1;0;-6",7791;-38,"2438;""SR-PB"";""DEL14/3"";""UOP03/PB"""
"261121;581021;2020-01-06;""segunda"";""04:40:00"";""PB"";230;465","6;""SOUSA"";""Sim"";""Não guardar distância de segurança"";3;""Saída de leito carroçável"";""Com Vítimas Feridas"";""Amanhecer"";""Crescente"";""Chuva"";""Simples"";""Reta"";""Sim"";465829;""Motocicleta"";""HONDA/CG 125 FAN KS"";2011;""Condutor"";""Lesões Graves"";35;""Feminino"";0;0;1;0;-6",7791;-38,"2438;""SR-PB"";""DEL14/3"";""UOP03/PB"""
"261121;581028;2020-01-06;""segunda"";""04:40:00"";""PB"";230;465","6;""SOUSA"";""Sim"";""Não guardar distância de segurança"";2;""Tombamento"";""Com Vítimas Feridas"";""Amanhecer"";""Crescente"";""Chuva"";""Simples"";""Reta"";""Sim"";465830;""Caminhonete"";""I/FORD RANGER LTD 13P"";2010;""Condutor"";""Ileso"";55;""Masculino"";1;0;0;0;-6",7791;-38,"2438;""SR-PB"";""DEL14/3"";""UOP03/PB"""
"261121;581023;2020-01-06;""segunda"";""04:40:00"";""PB"";230;465","6;""SOUSA"";""Sim"";""Não guardar distância de segurança"";2;""Tombamento"";""Com Vítimas Feridas"";""Amanhecer"";""Crescente"";""Chuva"";""Simples"";""Reta"";""Sim"";465829;""Motocicleta"";""HONDA/CG 125 FAN KS"";2011;""Passageiro"";""Lesões Graves"";42;""Feminino"";0;0;1;0;-6",7791;-38,"2438;""SR-PB"";""DEL14/3"";""UOP03/PB"""
"261121;581021;2020-01-06;""segunda"";""04:40:00"";""PB"";230;465","6;""SOUSA"";""Sim"";""Não guardar distância de segurança"";2;""Tombamento"";""Com Vítimas Feridas"";""Amanhecer"";""Crescente"";""Chuva"";""Simples"";""Reta"";""Sim"";465829;""Motocicleta"";""HONDA/CG 125 FAN KS"";2011;""Condutor"";""Lesões Graves"";35;""Feminino"";0;0;1;0;-6",7791;-38,"2438;""SR-PB"";""DEL14/3"";""UOP03/PB"""
"261121;581028;2020-01-06;""segunda"";""04:40:00"";""PB"";230;465","6;""SOUSA"";""Sim"";""Não guardar distância de segurança"";1;""Colisão traseira"";""Com Vítimas Feridas"";""Amanhecer"";""Crescente"";""Chuva"";""Simples"";""Reta"";""Sim"";465830;""Caminhonete"";""I/FORD RANGER LTD 13P"";2010;""Condutor"";""Ileso"";55;""Masculino"";1;0;0;0;-6",7791;-38,"2438;""SR-PB"";""DEL14/3"";""UOP03/PB"""
"261121;581023;2020-01-06;""segunda"";""04:40:00"";""PB"";230;465","6;""SOUSA"";""Sim"";""Não guardar distância de segurança"";1;""Colisão traseira"";""Com Vítimas Feridas"";""Amanhecer"";""Crescente"";""Chuva"";""Simples"";""Reta"";""Sim"";465829;""Motocicleta"";""HONDA/CG 125 FAN KS"";2011;""Passageiro"";""Lesões Graves"";42;""Feminino"";0;0;1;0;-6",7791;-38,"2438;""SR-PB"";""DEL14/3"";""UOP03/PB"""
"261121;581021;2020-01-06;""segunda"";""04:40:00"";""PB"";230;465","6;""SOUSA"";""Sim"";""Não guardar distância de segurança"";1;""Colisão traseira"";""Com Vítimas Feridas"";""Amanhecer"";""Crescente"";""Chuva"";""Simples"";""Reta"";""Sim"";465829;""Motocicleta"";""HONDA/CG 125 FAN KS"";2011;""Condutor"";""Lesões Graves"";35;""Feminino"";0;0;1;0;-6",7791;-38,"2438;""SR-PB"";""DEL14/3"";""UOP03/PB"""
"261122;581172;2020-01-06;""segunda"";""06:20:00"";""PE"";408;94","4;""SAO LOURENCO DA MATA"";""Sim"";""Velocidade Incompatível"";1;""Colisão traseira"";""Com Vítimas Feridas"";""Pleno dia"";""Crescente"";""Céu Claro"";""Dupla"";""Curva"";""Sim"";465850;""Ônibus"";""M.BENZ/INDUSCAR APACHE U"";2018;""Condutor"";""Ileso"";40;""Masculino"";1;0;0;0;-8",009474;-35,"04284;""SR-PE"";""DEL11/1"";""UOP01/PE"""
"261122;581170;2020-01-06;""segunda"";""06:20:00"";""PE"";408;94","4;""SAO LOURENCO DA MATA"";""Sim"";""Velocidade Incompatível"";1;""Colisão traseira"";""Com Vítimas Feridas"";""Pleno dia"";""Crescente"";""Céu Claro"";""Dupla"";""Curva"";""Sim"";465849;""Motocicleta"";""HONDA/CBR 600F"";2012;""Condutor"";""Lesões Leves"";25;""Masculino"";0;1;0;0;-8",009474;-35,"04284;""SR-PE"";""DEL11/1"";""UOP01/PE"""
"261122;581172;2020-01-06;""segunda"";""06:20:00"";""PE"";408;94","4;""SAO LOURENCO DA MATA"";""Sim"";""Velocidade Incompatível"";2;""Tombamento"";""Com Vítimas Feridas"";""Pleno dia"";""Crescente"";""Céu Claro"";""Dupla"";""Curva"";""Sim"";465850;""Ônibus"";""M.BENZ/INDUSCAR APACHE U"";2018;""Condutor"";""Ileso"";40;""Masculino"";1;0;0;0;-8",009474;-35,"04284;""SR-PE"";""DEL11/1"";""UOP01/PE"""
"261122;581170;2020-01-06;""segunda"";""06:20:00"";""PE"";408;94","4;""SAO LOURENCO DA MATA"";""Sim"";""Velocidade Incompatível"";2;""Tombamento"";""Com Vítimas Feridas"";""Pleno dia"";""Crescente"";""Céu Claro"";""Dupla"";""Curva"";""Sim"";465849;""Motocicleta"";""HONDA/CBR 600F"";2012;""Condutor"";""Lesões Leves"";25;""Masculino"";0;1;0;0;-8",009474;-35,"04284;""SR-PE"";""DEL11/1"";""UOP01/PE"""
"261123;582617;2020-01-06;""segunda"";""06:10:00"";""SC"";280;274;""IRINEOPOLIS"";""Sim"";""Condutor Dormindo"";1;""Capotamento"";""Com Vítimas Feridas"";""Amanhecer"";""Crescente"";""Céu Claro"";""Simples"";""Reta"";""Não"";465870;""Automóvel"";""I/CHERY QQ3 1.1"";2011;""Passageiro"";""Ileso"";1;""Masculino"";1;0;0;0;-26",28304211;-50,"77276796;""SR-SC"";""DEL8/6"";""UOP04/SC""",
"261123;582616;2020-01-06;""segunda"";""06:10:00"";""SC"";280;274;""IRINEOPOLIS"";""Sim"";""Condutor Dormindo"";1;""Capotamento"";""Com Vítimas Feridas"";""Amanhecer"";""Crescente"";""Céu Claro"";""Simples"";""Reta"";""Não"";465870;""Automóvel"";""I/CHERY QQ3 1.1"";2011;""Passageiro"";""Lesões Leves"";25;""Masculino"";0;1;0;0;-26",28304211;-50,"77276796;""SR-SC"";""DEL8/6"";""UOP04/SC""",
"261123;582597;2020-01-06;""segunda"";""06:10:00"";""SC"";280;274;""IRINEOPOLIS"";""Sim"";""Condutor Dormindo"";1;""Capotamento"";""Com Vítimas Feridas"";""Amanhecer"";""Crescente"";""Céu Claro"";""Simples"";""Reta"";""Não"";465870;""Automóvel"";""I/CHERY QQ3 1.1"";2011;""Condutor"";""Lesões Leves"";40;""Feminino"";0;1;0;0;-26",28304211;-50,"77276796;""SR-SC"";""DEL8/6"";""UOP04/SC""",
"261124;580997;2020-01-05;""domingo"";""22:00:00"";""MG"";381;908","3;""CAMBUI"";""Sim"";""Velocidade Incompatível"";2;""Colisão lateral"";""Com Vítimas Feridas"";""Plena Noite"";""Crescente"";""Chuva"";""Dupla"";""Não Informado"";""Não"";465828;""Ônibus"";"""";NA;""Condutor"";""Não Informado"";NA;""Não Informado"";0;0;0;0;-22",71744092;-46,"12652111;""SR-MG"";""DEL09"";""UOP03/MG"""
"261124;580993;2020-01-05;""domingo"";""22:00:00"";""MG"";381;908","3;""CAMBUI"";""Sim"";""Velocidade Incompatível"";2;""Colisão lateral"";""Com Vítimas Feridas"";""Plena Noite"";""Crescente"";""Chuva"";""Dupla"";""Não Informado"";""Não"";465826;""Caminhonete"";""I/TOYOTA HILUX CDSRXA4FD"";2016;""Condutor"";""Lesões Leves"";36;""Masculino"";0;1;0;0;-22",71744092;-46,"12652111;""SR-MG"";""DEL09"";""UOP03/MG"""
"261124;580997;2020-01-05;""domingo"";""22:00:00"";""MG"";381;908","3;""CAMBUI"";""Sim"";""Velocidade Incompatível"";1;""Colisão com objeto estático"";""Com Vítimas Feridas"";""Plena Noite"";""Crescente"";""Chuva"";""Dupla"";""Não Informado"";""Não"";465828;""Ônibus"";"""";NA;""Condutor"";""Não Informado"";NA;""Não Informado"";0;0;0;0;-22",71744092;-46,"12652111;""SR-MG"";""DEL09"";""UOP03/MG"""
"261124;580993;2020-01-05;""domingo"";""22:00:00"";""MG"";381;908","3;""CAMBUI"";""Sim"";""Velocidade Incompatível"";1;""Colisão com objeto estático"";""Com Vítimas Feridas"";""Plena Noite"";""Crescente"";""Chuva"";""Dupla"";""Não Informado"";""Não"";465826;""Caminhonete"";""I/TOYOTA HILUX CDSRXA4FD"";2016;""Condutor"";""Lesões Leves"";36;""Masculino"";0;1;0;0;-22",71744092;-46,"12652111;""SR-MG"";""DEL09"";""UOP03/MG"""
"261125;583630;2020-01-06;""segunda"";""05:20:00"";""BA"";116;861;""VITORIA DA CONQUISTA"";""Sim"";""Falta de Atenção à Condução"";1;""Colisão frontal"";""Com Vítimas Feridas"";""Pleno dia"";""Crescente"";""Nublado"";""Simples"";""Reta"";""Não"";466302;""Automóvel"";""I/VW SPACEFOX SPORTLINE"";2008;""Passageiro"";""Lesões Leves"";15;""Masculino"";0;1;0;0;-15",13632;-41,"0423;""SR-BA"";""DEL10/8"";""UOP03/BA""",
"261125;583628;2020-01-06;""segunda"";""05:20:00"";""BA"";116;861;""VITORIA DA CONQUISTA"";""Sim"";""Falta de Atenção à Condução"";1;""Colisão frontal"";""Com Vítimas Feridas"";""Pleno dia"";""Crescente"";""Nublado"";""Simples"";""Reta"";""Não"";466302;""Automóvel"";""I/VW SPACEFOX SPORTLINE"";2008;""Passageiro"";""Lesões Leves"";50;""Feminino"";0;1;0;0;-15",13632;-41,"0423;""SR-BA"";""DEL10/8"";""UOP03/BA""",
"261125;583624;2020-01-06;""segunda"";""05:20:00"";""BA"";116;861;""VITORIA DA CONQUISTA"";""Sim"";""Falta de Atenção à Condução"";1;""Colisão frontal"";""Com Vítimas Feridas"";""Pleno dia"";""Crescente"";""Nublado"";""Simples"";""Reta"";""Não"";466302;""Automóvel"";""I/VW SPACEFOX SPORTLINE"";2008;""Condutor"";""Lesões Leves"";39;""Masculino"";0;1;0;0;-15",13632;-41,"0423;""SR-BA"";""DEL10/8"";""UOP03/BA""",
"261125;583621;2020-01-06;""segunda"";""05:20:00"";""BA"";116;861;""VITORIA DA CONQUISTA"";""Sim"";""Falta de Atenção à Condução"";1;""Colisão frontal"";""Com Vítimas Feridas"";""Pleno dia"";""Crescente"";""Nublado"";""Simples"";""Reta"";""Não"";465837;""Automóvel"";""CHEV/PRISMA 1.4MT LT"";2017;""Condutor"";""Ileso"";52;""Masculino"";1;0;0;0;-15",13632;-41,"0423;""SR-BA"";""DEL10/8"";""UOP03/BA""",
"261126;582973;2020-01-06;""segunda"";""07:00:00"";""MG"";153;116;""PRATA"";""Sim"";""Velocidade Incompatível"";1;""Saída de leito carroçável"";""Com Vítimas Feridas"";""Pleno dia"";""Crescente"";""Chuva"";""Simples"";""Reta"";""Não"";467097;""Micro-ônibus"";""I/M.BENZ GUERRA MIC 20"";2014;""Condutor"";""Não Informado"";NA;""Não Informado"";0;0;0;0;-19",36692295;-48,"89960054;""SR-MG"";""DEL4/15"";""UOP03/MG""",
"261126;582485;2020-01-06;""segunda"";""07:00:00"";""MG"";153;116;""PRATA"";""Sim"";""Velocidade Incompatível"";1;""Saída de leito carroçável"";""Com Vítimas Feridas"";""Pleno dia"";""Crescente"";""Chuva"";""Simples"";""Reta"";""Não"";465848;""Automóvel"";""TOYOTA/COROLLA XEI20FLEX"";2015;""Condutor"";""Lesões Leves"";42;""Masculino"";0;1;0;0;-19",36692295;-48,"89960054;""SR-MG"";""DEL4/15"";""UOP03/MG""",
"261126;582973;2020-01-06;""segunda"";""07:00:00"";""MG"";153;116;""PRATA"";""Sim"";""Velocidade Incompatível"";3;""Capotamento"";""Com Vítimas Feridas"";""Pleno dia"";""Crescente"";""Chuva"";""Simples"";""Reta"";""Não"";467097;""Micro-ônibus"";""I/M.BENZ GUERRA MIC 20"";2014;""Condutor"";""Não Informado"";NA;""Não Informado"";0;0;0;0;-19",36692295;-48,"89960054;""SR-MG"";""DEL4/15"";""UOP03/MG""",
"261126;582485;2020-01-06;""segunda"";""07:00:00"";""MG"";153;116;""PRATA"";""Sim"";""Velocidade Incompatível"";3;""Capotamento"";""Com Vítimas Feridas"";""Pleno dia"";""Crescente"";""Chuva"";""Simples"";""Reta"";""Não"";465848;""Automóvel"";""TOYOTA/COROLLA XEI20FLEX"";2015;""Condutor"";""Lesões Leves"";42;""Masculino"";0;1;0;0;-19",36692295;-48,"89960054;""SR-MG"";""DEL4/15"";""UOP03/MG""",