"id;""pesid"";""data_inversa"";""dia_semana"";""horario"";""uf"";""br"";""km"";""municipio"";""causa_principal"";""causa_acidente"";""ordem_tipo_acidente"";""tipo_acidente"";""classificacao_acidente"";""fase_dia"";""sentido_via"";""condicao_metereologica"";""tipo_pista"";""tracado_via"";""uso_solo"";""id_veiculo"";""tipo_veiculo"";""marca"";""ano_fabricacao_veiculo"";""tipo_envolvido"";""estado_fisico"";""idade"";""sexo"";""ilesos"";""feridos_leves"";""feridos_graves"";""mortos"";""latitude"";""longitude"";""regional"";""delegacia"";""uop""",,,
"261134;583706;2020-01-06;""segunda"";""07:25:00"";""RS"";470;219","9;""BENTO GONCALVES"";""Sim"";""Desobediência às normas de trânsito pelo condutor"";3;""Queda de ocupante de veículo"";""Com Vítimas Feridas"";""Pleno dia"";""Crescente"";""Céu Claro"";""Simples"";""Interseção de vias"";""Não"";465838;""Automóvel"";""GM/CORSA GL"";1996;""Condutor"";""Lesões Leves"";23;""Masculino"";0;1;0;0;-29",17909489;-51,"51855675;""SR-RS"";""DEL9/6"";""UOP01/RS"""
"261134;583711;2020-01-06;""segunda"";""07:25:00"";""RS"";470;219","9;""BENTO GONCALVES"";""Sim"";""Desobediência às normas de trânsito pelo condutor"";1;""Colisão transversal"";""Com Vítimas Feridas"";""Pleno dia"";""Crescente"";""Céu Claro"";""Simples"";""Interseção de vias"";""Não"";465839;""Motocicleta"";""HONDA/CG 125 FAN KS"";2010;""Condutor"";""Lesões Graves"";23;""Masculino"";0;0;1;0;-29",17909489;-51,"51855675;""SR-RS"";""DEL9/6"";""UOP01/RS"""
"261134;583706;2020-01-06;""segunda"";""07:25:00"";""RS"";470;219","9;""BENTO GONCALVES"";""Sim"";""Desobediência às normas de trânsito pelo condutor"";1;""Colisão transversal"";""Com Vítimas Feridas"";""Pleno dia"";""Crescente"";""Céu Claro"";""Simples"";""Interseção de vias"";""Não"";465838;""Automóvel"";""GM/CORSA GL"";1996;""Condutor"";""Lesões Leves"";23;""Masculino"";0;1;0;0;-29",17909489;-51,"51855675;""SR-RS"";""DEL9/6"";""UOP01/RS"""
"261134;583711;2020-01-06;""segunda"";""07:25:00"";""RS"";470;219","9;""BENTO GONCALVES"";""Não"";""Falta de Atenção à Condução"";2;""Tombamento"";""Com Vítimas Feridas"";""Pleno dia"";""Crescente"";""Céu Claro"";""Simples"";""Interseção de vias"";""Não"";465839;""Motocicleta"";""HONDA/CG 125 FAN KS"";2010;""Condutor"";""Lesões Graves"";23;""Masculino"";0;0;1;0;-29",17909489;-51,"51855675;""SR-RS"";""DEL9/6"";""UOP01/RS"""
"261134;583706;2020-01-06;""segunda"";""07:25:00"";""RS"";470;219","9;""BENTO GONCALVES"";""Não"";""Falta de Atenção à Condução"";2;""Tombamento"";""Com Vítimas Feridas"";""Pleno dia"";""Crescente"";""Céu Claro"";""Simples"";""Interseção de vias"";""Não"";465838;""Automóvel"";""GM/CORSA GL"";1996;""Condutor"";""Lesões Leves"";23;""Masculino"";0;1;0;0;-29",17909489;-51,"51855675;""SR-RS"";""DEL9/6"";""UOP01/RS"""
"261134;583711;2020-01-06;""segunda"";""07:25:00"";""RS"";470;219","9;""BENTO GONCALVES"";""Não"";""Falta de Atenção à Condução"";3;""Queda de ocupante de veículo"";""Com Vítimas Feridas"";""Pleno dia"";""Crescente"";""Céu Claro"";""Simples"";""Interseção de vias"";""Não"";465839;""Motocicleta"";""HONDA/CG 125 FAN KS"";2010;""Condutor"";""Lesões Graves"";23;""Masculino"";0;0;1;0;-29",17909489;-51,"51855675;""SR-RS"";""DEL9/6"";""UOP01/RS"""
"261134;583706;2020-01-06;""segunda"";""07:25:00"";""RS"";470;219","9;""BENTO GONCALVES"";""Não"";""Falta de Atenção à Condução"";3;""Queda de ocupante de veículo"";""Com Vítimas Feridas"";""Pleno dia"";""Crescente"";""Céu Claro"";""Simples"";""Interseção de vias"";""Não"";465838;""Automóvel"";""GM/CORSA GL"";1996;""Condutor"";""Lesões Leves"";23;""Masculino"";0;1;0;0;-29",17909489;-51,"51855675;""SR-RS"";""DEL9/6"";""UOP01/RS"""
"261134;583711;2020-01-06;""segunda"";""07:25:00"";""RS"";470;219","9;""BENTO GONCALVES"";""Não"";""Falta de Atenção à Condução"";1;""Colisão transversal"";""Com Vítimas Feridas"";""Pleno dia"";""Crescente"";""Céu Claro"";""Simples"";""Interseção de vias"";""Não"";465839;""Motocicleta"";""HONDA/CG 125 FAN KS"";2010;""Condutor"";""Lesões Graves"";23;""Masculino"";0;0;1;0;-29",17909489;-51,"51855675;""SR-RS"";""DEL9/6"";""UOP01/RS"""
"261134;583706;2020-01-06;""segunda"";""07:25:00"";""RS"";470;219","9;""BENTO GONCALVES"";""Não"";""Falta de Atenção à Condução"";1;""Colisão transversal"";""Com Vítimas Feridas"";""Pleno dia"";""Crescente"";""Céu Claro"";""Simples"";""Interseção de vias"";""Não"";465838;""Automóvel"";""GM/CORSA GL"";1996;""Condutor"";""Lesões Leves"";23;""Masculino"";0;1;0;0;-29",17909489;-51,"51855675;""SR-RS"";""DEL9/6"";""UOP01/RS"""
"261135;581242;2020-01-06;""segunda"";""07:30:00"";""BA"";116;416;""FEIRA DE SANTANA"";""Sim"";""Falta de Atenção à Condução"";1;""Colisão frontal"";""Com Vítimas Feridas"";""Pleno dia"";""Decrescente"";""Céu Claro"";""Simples"";""Reta"";""Não"";465949;""Motocicleta"";""HONDA/CG 150 TITAN EX"";2015;""Condutor"";""Lesões Leves"";26;""Masculino"";0;1;0;0;-12",168362;-38,"964993;""SR-BA"";""DEL10/2"";""UOP01/BA""",
"261135;581231;2020-01-06;""segunda"";""07:30:00"";""BA"";116;416;""FEIRA DE SANTANA"";""Sim"";""Falta de Atenção à Condução"";1;""Colisão frontal"";""Com Vítimas Feridas"";""Pleno dia"";""Decrescente"";""Céu Claro"";""Simples"";""Reta"";""Não"";465929;""Automóvel"";""FIAT/ARGO DRIVE 1.3 GSR"";2017;""Condutor"";""Ileso"";54;""Masculino"";1;0;0;0;-12",168362;-38,"964993;""SR-BA"";""DEL10/2"";""UOP01/BA""",
"261136;584549;2020-01-06;""segunda"";""07:45:00"";""RJ"";40;118","8;""DUQUE DE CAXIAS"";""Sim"";""Defeito Mecânico no Veículo"";1;""Tombamento"";""Com Vítimas Feridas"";""Pleno dia"";""Crescente"";""Céu Claro"";""Múltipla"";""Reta"";""Sim"";465862;""Motocicleta"";""HONDA/CG 125 CARGO KS"";2013;""Condutor"";""Lesões Leves"";38;""Masculino"";0;1;0;0;-22",75470802;-43,"28737838;""SR-RJ"";""DEL5/1"";""UOP01/RJ"""
"261136;584549;2020-01-06;""segunda"";""07:45:00"";""RJ"";40;118","8;""DUQUE DE CAXIAS"";""Sim"";""Defeito Mecânico no Veículo"";2;""Queda de ocupante de veículo"";""Com Vítimas Feridas"";""Pleno dia"";""Crescente"";""Céu Claro"";""Múltipla"";""Reta"";""Sim"";465862;""Motocicleta"";""HONDA/CG 125 CARGO KS"";2013;""Condutor"";""Lesões Leves"";38;""Masculino"";0;1;0;0;-22",75470802;-43,"28737838;""SR-RJ"";""DEL5/1"";""UOP01/RJ"""
"261137;581497;2020-01-06;""segunda"";""08:10:00"";""GO"";153;501","8;""GOIANIA"";""Sim"";""Falta de Atenção à Condução"";1;""Colisão traseira"";""Com Vítimas Feridas"";""Pleno dia"";""Crescente"";""Chuva"";""Dupla"";""Reta"";""Sim"";465884;""Automóvel"";""FORD/KA SE 1.5 SD B"";2017;""Condutor"";""Ileso"";44;""Masculino"";1;0;0;0;-16",7189;-49,"2382;""SR-GO"";""DEL1/1"";""UOP01/GO"""
"261137;581496;2020-01-06;""segunda"";""08:10:00"";""GO"";153;501","8;""GOIANIA"";""Sim"";""Falta de Atenção à Condução"";1;""Colisão traseira"";""Com Vítimas Feridas"";""Pleno dia"";""Crescente"";""Chuva"";""Dupla"";""Reta"";""Sim"";465883;""Motocicleta"";""HONDA/CG 160 TITAN"";2019;""Condutor"";""Lesões Leves"";23;""Masculino"";0;1;0;0;-16",7189;-49,"2382;""SR-GO"";""DEL1/1"";""UOP01/GO"""
"261138;581361;2020-01-06;""segunda"";""07:30:00"";""SC"";101;439;""SOMBRIO"";""Sim"";""Falta de Atenção à Condução"";1;""Colisão lateral"";""Com Vítimas Feridas"";""Pleno dia"";""Decrescente"";""Céu Claro"";""Dupla"";""Curva"";""Não"";465852;""Caminhonete"";""VW/NOVA SAVEIRO RB MBVS"";2019;""Condutor"";""Ileso"";49;""Masculino"";1;0;0;0;-29",12381624;-49,"65693799;""SR-SC"";""DEL8/2"";""UOP02/SC""",
"261138;581356;2020-01-06;""segunda"";""07:30:00"";""SC"";101;439;""SOMBRIO"";""Sim"";""Falta de Atenção à Condução"";1;""Colisão lateral"";""Com Vítimas Feridas"";""Pleno dia"";""Decrescente"";""Céu Claro"";""Dupla"";""Curva"";""Não"";465851;""Motocicleta"";""HONDA/CB 300R"";2009;""Condutor"";""Lesões Graves"";55;""Masculino"";0;0;1;0;-29",12381624;-49,"65693799;""SR-SC"";""DEL8/2"";""UOP02/SC""",
"261138;581361;2020-01-06;""segunda"";""07:30:00"";""SC"";101;439;""SOMBRIO"";""Sim"";""Falta de Atenção à Condução"";2;""Tombamento"";""Com Vítimas Feridas"";""Pleno dia"";""Decrescente"";""Céu Claro"";""Dupla"";""Curva"";""Não"";465852;""Caminhonete"";""VW/NOVA SAVEIRO RB MBVS"";2019;""Condutor"";""Ileso"";49;""Masculino"";1;0;0;0;-29",12381624;-49,"65693799;""SR-SC"";""DEL8/2"";""UOP02/SC""",
"261138;581356;2020-01-06;""segunda"";""07:30:00"";""SC"";101;439;""SOMBRIO"";""Sim"";""Falta de Atenção à Condução"";2;""Tombamento"";""Com Vítimas Feridas"";""Pleno dia"";""Decrescente"";""Céu Claro"";""Dupla"";""Curva"";""Não"";465851;""Motocicleta"";""HONDA/CB 300R"";2009;""Condutor"";""Lesões Graves"";55;""Masculino"";0;0;1;0;-29",12381624;-49,"65693799;""SR-SC"";""DEL8/2"";""UOP02/SC""",
"261138;581361;2020-01-06;""segunda"";""07:30:00"";""SC"";101;439;""SOMBRIO"";""Não"";""Desobediência às normas de trânsito pelo condutor"";1;""Colisão lateral"";""Com Vítimas Feridas"";""Pleno dia"";""Decrescente"";""Céu Claro"";""Dupla"";""Curva"";""Não"";465852;""Caminhonete"";""VW/NOVA SAVEIRO RB MBVS"";2019;""Condutor"";""Ileso"";49;""Masculino"";1;0;0;0;-29",12381624;-49,"65693799;""SR-SC"";""DEL8/2"";""UOP02/SC""",
"261138;581356;2020-01-06;""segunda"";""07:30:00"";""SC"";101;439;""SOMBRIO"";""Não"";""Desobediência às normas de trânsito pelo condutor"";1;""Colisão lateral"";""Com Vítimas Feridas"";""Pleno dia"";""Decrescente"";""Céu Claro"";""Dupla"";""Curva"";""Não"";465851;""Motocicleta"";""HONDA/CB 300R"";2009;""Condutor"";""Lesões Graves"";55;""Masculino"";0;0;1;0;-29",12381624;-49,"65693799;""SR-SC"";""DEL8/2"";""UOP02/SC""",
"261138;581361;2020-01-06;""segunda"";""07:30:00"";""SC"";101;439;""SOMBRIO"";""Não"";""Desobediência às normas de trânsito pelo condutor"";2;""Tombamento"";""Com Vítimas Feridas"";""Pleno dia"";""Decrescente"";""Céu Claro"";""Dupla"";""Curva"";""Não"";465852;""Caminhonete"";""VW/NOVA SAVEIRO RB MBVS"";2019;""Condutor"";""Ileso"";49;""Masculino"";1;0;0;0;-29",12381624;-49,"65693799;""SR-SC"";""DEL8/2"";""UOP02/SC""",
"261138;581356;2020-01-06;""segunda"";""07:30:00"";""SC"";101;439;""SOMBRIO"";""Não"";""Desobediência às normas de trânsito pelo condutor"";2;""Tombamento"";""Com Vítimas Feridas"";""Pleno dia"";""Decrescente"";""Céu Claro"";""Dupla"";""Curva"";""Não"";465851;""Motocicleta"";""HONDA/CB 300R"";2009;""Condutor"";""Lesões Graves"";55;""Masculino"";0;0;1;0;-29",12381624;-49,"65693799;""SR-SC"";""DEL8/2"";""UOP02/SC""",
"261139;581155;2020-01-06;""segunda"";""07:53:00"";""PR"";369;190","6;""ARAPONGAS"";""Sim"";""Animais na Pista"";1;""Atropelamento de Animal"";""Com Vítimas Feridas"";""Pleno dia"";""Crescente"";""Céu Claro"";""Dupla"";""Reta"";""Sim"";465891;""Motocicleta"";""HONDA/CG 125 TODAY"";1991;""Condutor"";""Lesões Leves"";44;""Masculino"";0;1;0;0;-23",45136437;-51,"42331123;""SR-PR"";""DEL7/7"";""UOP03/PR"""
"261139;581155;2020-01-06;""segunda"";""07:53:00"";""PR"";369;190","6;""ARAPONGAS"";""Sim"";""Animais na Pista"";2;""Queda de ocupante de veículo"";""Com Vítimas Feridas"";""Pleno dia"";""Crescente"";""Céu Claro"";""Dupla"";""Reta"";""Sim"";465891;""Motocicleta"";""HONDA/CG 125 TODAY"";1991;""Condutor"";""Lesões Leves"";44;""Masculino"";0;1;0;0;-23",45136437;-51,"42331123;""SR-PR"";""DEL7/7"";""UOP03/PR"""
"261140;581373;2020-01-06;""segunda"";""08:05:00"";""MG"";381;840;""SAO SEBASTIAO DA BELA VISTA"";""Sim"";""Condutor Dormindo"";2;""Capotamento"";""Com Vítimas Feridas"";""Pleno dia"";""Crescente"";""Nublado"";""Dupla"";""Reta"";""Não"";465919;""Automóvel"";""FIAT/UNO SPORTING 1.4"";2011;""Passageiro"";""Lesões Graves"";27;""Feminino"";0;0;1;0;-22",20222397;-45,"86078203;""SR-MG"";""DEL09"";""UOP01/MG""",
"261140;581367;2020-01-06;""segunda"";""08:05:00"";""MG"";381;840;""SAO SEBASTIAO DA BELA VISTA"";""Sim"";""Condutor Dormindo"";2;""Capotamento"";""Com Vítimas Feridas"";""Pleno dia"";""Crescente"";""Nublado"";""Dupla"";""Reta"";""Não"";465919;""Automóvel"";""FIAT/UNO SPORTING 1.4"";2011;""Condutor"";""Lesões Graves"";27;""Masculino"";0;0;1;0;-22",20222397;-45,"86078203;""SR-MG"";""DEL09"";""UOP01/MG""",
"261140;581373;2020-01-06;""segunda"";""08:05:00"";""MG"";381;840;""SAO SEBASTIAO DA BELA VISTA"";""Sim"";""Condutor Dormindo"";1;""Colisão com objeto estático"";""Com Vítimas Feridas"";""Pleno dia"";""Crescente"";""Nublado"";""Dupla"";""Reta"";""Não"";465919;""Automóvel"";""FIAT/UNO SPORTING 1.4"";2011;""Passageiro"";""Lesões Graves"";27;""Feminino"";0;0;1;0;-22",20222397;-45,"86078203;""SR-MG"";""DEL09"";""UOP01/MG""",
"261140;581367;2020-01-06;""segunda"";""08:05:00"";""MG"";381;840;""SAO SEBASTIAO DA BELA VISTA"";""Sim"";""Condutor Dormindo"";1;""Colisão com objeto estático"";""Com Vítimas Feridas"";""Pleno dia"";""Crescente"";""Nublado"";""Dupla"";""Reta"";""Não"";465919;""Automóvel"";""FIAT/UNO SPORTING 1.4"";2011;""Condutor"";""Lesões Graves"";27;""Masculino"";0;0;1;0;-22",20222397;-45,"86078203;""SR-MG"";""DEL09"";""UOP01/MG""",
"261141;581161;2020-01-06;""segunda"";""07:20:00"";""PR"";476;123;""CURITIBA"";""Sim"";""Falta de Atenção do Pedestre"";1;""Atropelamento de Pedestre"";""Com Vítimas Feridas"";""Pleno dia"";""Crescente"";""Nublado"";""Dupla"";""Reta"";""Sim"";465865;""Motocicleta"";""YAMAHA/FAZER250 BLUEFLEX"";2012;""Pedestre"";""Lesões Leves"";909;""Feminino"";0;1;0;0;-25",392904;-49,"209557;""SR-PR"";""DEL7/1"";""UOP06/PR""",
"261141;581162;2020-01-06;""segunda"";""07:20:00"";""PR"";476;123;""CURITIBA"";""Sim"";""Falta de Atenção do Pedestre"";1;""Atropelamento de Pedestre"";""Com Vítimas Feridas"";""Pleno dia"";""Crescente"";""Nublado"";""Dupla"";""Reta"";""Sim"";465865;""Motocicleta"";""YAMAHA/FAZER250 BLUEFLEX"";2012;""Testemunha"";""Não Informado"";NA;""Não Informado"";0;0;0;0;-25",392904;-49,"209557;""SR-PR"";""DEL7/1"";""UOP06/PR""",
"261141;581123;2020-01-06;""segunda"";""07:20:00"";""PR"";476;123;""CURITIBA"";""Sim"";""Falta de Atenção do Pedestre"";1;""Atropelamento de Pedestre"";""Com Vítimas Feridas"";""Pleno dia"";""Crescente"";""Nublado"";""Dupla"";""Reta"";""Sim"";465865;""Motocicleta"";""YAMAHA/FAZER250 BLUEFLEX"";2012;""Condutor"";""Ileso"";55;""Masculino"";1;0;0;0;-25",392904;-49,"209557;""SR-PR"";""DEL7/1"";""UOP06/PR""",
"261142;581304;2020-01-06;""segunda"";""08:45:00"";""PE"";101;15","2;""GOIANA"";""Sim"";""Condutor Dormindo"";1;""Saída de leito carroçável"";""Com Vítimas Feridas"";""Pleno dia"";""Decrescente"";""Céu Claro"";""Múltipla"";""Reta"";""Não"";465907;""Automóvel"";""CHEVROLET/ONIX 1.0MT LT"";2019;""Passageiro"";""Lesões Leves"";24;""Feminino"";0;1;0;0;-7",62621106;-34,"96669711;""SR-PE"";""DEL11/1"";""UOP02/PE"""
"261142;581302;2020-01-06;""segunda"";""08:45:00"";""PE"";101;15","2;""GOIANA"";""Sim"";""Condutor Dormindo"";1;""Saída de leito carroçável"";""Com Vítimas Feridas"";""Pleno dia"";""Decrescente"";""Céu Claro"";""Múltipla"";""Reta"";""Não"";465907;""Automóvel"";""CHEVROLET/ONIX 1.0MT LT"";2019;""Condutor"";""Lesões Leves"";43;""Feminino"";0;1;0;0;-7",62621106;-34,"96669711;""SR-PE"";""DEL11/1"";""UOP02/PE"""
"261142;581304;2020-01-06;""segunda"";""08:45:00"";""PE"";101;15","2;""GOIANA"";""Não"";""Falta de Atenção à Condução"";1;""Saída de leito carroçável"";""Com Vítimas Feridas"";""Pleno dia"";""Decrescente"";""Céu Claro"";""Múltipla"";""Reta"";""Não"";465907;""Automóvel"";""CHEVROLET/ONIX 1.0MT LT"";2019;""Passageiro"";""Lesões Leves"";24;""Feminino"";0;1;0;0;-7",62621106;-34,"96669711;""SR-PE"";""DEL11/1"";""UOP02/PE"""
"261142;581302;2020-01-06;""segunda"";""08:45:00"";""PE"";101;15","2;""GOIANA"";""Não"";""Falta de Atenção à Condução"";1;""Saída de leito carroçável"";""Com Vítimas Feridas"";""Pleno dia"";""Decrescente"";""Céu Claro"";""Múltipla"";""Reta"";""Não"";465907;""Automóvel"";""CHEVROLET/ONIX 1.0MT LT"";2019;""Condutor"";""Lesões Leves"";43;""Feminino"";0;1;0;0;-7",62621106;-34,"96669711;""SR-PE"";""DEL11/1"";""UOP02/PE"""
"261143;586169;2020-01-06;""segunda"";""07:00:00"";""BA"";116;707","1;""MANOEL VITORINO"";""Sim"";""Defeito Mecânico no Veículo"";1;""Tombamento"";""Com Vítimas Feridas"";""Pleno dia"";""Crescente"";""Céu Claro"";""Simples"";""Reta"";""Não"";466169;""Motocicleta"";""YAMAHA/XTZ250 TENERE"";2011;""Passageiro"";""Lesões Leves"";26;""Feminino"";0;1;0;0;-14",08962796;-40,"21614409;""SR-BA"";""DEL10/3"";""UOP01/BA"""
"261143;586168;2020-01-06;""segunda"";""07:00:00"";""BA"";116;707","1;""MANOEL VITORINO"";""Sim"";""Defeito Mecânico no Veículo"";1;""Tombamento"";""Com Vítimas Feridas"";""Pleno dia"";""Crescente"";""Céu Claro"";""Simples"";""Reta"";""Não"";466169;""Motocicleta"";""YAMAHA/XTZ250 TENERE"";2011;""Testemunha"";""Não Informado"";NA;""Não Informado"";0;0;0;0;-14",08962796;-40,"21614409;""SR-BA"";""DEL10/3"";""UOP01/BA"""
"261143;582573;2020-01-06;""segunda"";""07:00:00"";""BA"";116;707","1;""MANOEL VITORINO"";""Sim"";""Defeito Mecânico no Veículo"";1;""Tombamento"";""Com Vítimas Feridas"";""Pleno dia"";""Crescente"";""Céu Claro"";""Simples"";""Reta"";""Não"";466169;""Motocicleta"";""YAMAHA/XTZ250 TENERE"";2011;""Condutor"";""Lesões Leves"";27;""Masculino"";0;1;0;0;-14",08962796;-40,"21614409;""SR-BA"";""DEL10/3"";""UOP01/BA"""
"261144;584455;2020-01-06;""segunda"";""07:40:00"";""RJ"";116;164;""RIO DE JANEIRO"";""Sim"";""Falta de Atenção à Condução"";1;""Derramamento de carga"";""Sem Vítimas"";""Pleno dia"";""Decrescente"";""Céu Claro"";""Múltipla"";""Reta"";""Sim"";468261;""Motocicleta"";""HONDA/CG 160 TITAN"";2018;""Condutor"";""Ileso"";23;""Masculino"";1;0;0;0;-22",81074068;-43,"28844363;""SR-RJ"";""DEL5/1"";""UOP01/RJ""",
"261144;584453;2020-01-06;""segunda"";""07:40:00"";""RJ"";116;164;""RIO DE JANEIRO"";""Sim"";""Falta de Atenção à Condução"";1;""Derramamento de carga"";""Sem Vítimas"";""Pleno dia"";""Decrescente"";""Céu Claro"";""Múltipla"";""Reta"";""Sim"";465847;""Caminhão-trator"";""SCANIA/P 360 A6X2"";2018;""Condutor"";""Ileso"";58;""Masculino"";1;0;0;0;-22",81074068;-43,"28844363;""SR-RJ"";""DEL5/1"";""UOP01/RJ""",
"261145;581508;2020-01-06;""segunda"";""08:00:00"";""SE"";101;55;""JAPARATUBA"";""Sim"";""Falta de Atenção à Condução"";1;""Colisão transversal"";""Com Vítimas Feridas"";""Pleno dia"";""Crescente"";""Céu Claro"";""Simples"";""Não Informado"";""Sim"";466111;""Automóvel"";""CHEV/SPIN 1.8L MT LTZ"";2018;""Passageiro"";""Lesões Leves"";48;""Feminino"";0;1;0;0;-10",633431;-37,"003742;""SR-SE"";""DEL20/2"";""UOP02/SE""",
"261145;581507;2020-01-06;""segunda"";""08:00:00"";""SE"";101;55;""JAPARATUBA"";""Sim"";""Falta de Atenção à Condução"";1;""Colisão transversal"";""Com Vítimas Feridas"";""Pleno dia"";""Crescente"";""Céu Claro"";""Simples"";""Não Informado"";""Sim"";466111;""Automóvel"";""CHEV/SPIN 1.8L MT LTZ"";2018;""Condutor"";""Lesões Leves"";42;""Masculino"";0;1;0;0;-10",633431;-37,"003742;""SR-SE"";""DEL20/2"";""UOP02/SE""",
"261145;581505;2020-01-06;""segunda"";""08:00:00"";""SE"";101;55;""JAPARATUBA"";""Sim"";""Falta de Atenção à Condução"";1;""Colisão transversal"";""Com Vítimas Feridas"";""Pleno dia"";""Crescente"";""Céu Claro"";""Simples"";""Não Informado"";""Sim"";466110;""Caminhonete"";""FIAT/STRADA WORKING CD"";2014;""Passageiro"";""Lesões Leves"";44;""Masculino"";0;1;0;0;-10",633431;-37,"003742;""SR-SE"";""DEL20/2"";""UOP02/SE""",
"261145;581504;2020-01-06;""segunda"";""08:00:00"";""SE"";101;55;""JAPARATUBA"";""Sim"";""Falta de Atenção à Condução"";1;""Colisão transversal"";""Com Vítimas Feridas"";""Pleno dia"";""Crescente"";""Céu Claro"";""Simples"";""Não Informado"";""Sim"";466110;""Caminhonete"";""FIAT/STRADA WORKING CD"";2014;""Condutor"";""Lesões Leves"";34;""Masculino"";0;1;0;0;-10",633431;-37,"003742;""SR-SE"";""DEL20/2"";""UOP02/SE""",
"261146;581293;2020-01-06;""segunda"";""08:50:00"";""SP"";116;101;""PINDAMONHANGABA"";""Sim"";""Defeito Mecânico no Veículo"";2;""Queda de ocupante de veículo"";""Com Vítimas Feridas"";""Pleno dia"";""Crescente"";""Céu Claro"";""Dupla"";""Desvio Temporário"";""Não"";465924;""Motocicleta"";""HONDA/CG150 TITAN MIX EX"";2010;""Condutor"";""Lesões Leves"";43;""Masculino"";0;1;0;0;-22",99074204;-45,"48115098;""SR-SP"";""DEL6"";""UOP01/SP""",
"261146;581293;2020-01-06;""segunda"";""08:50:00"";""SP"";116;101;""PINDAMONHANGABA"";""Sim"";""Defeito Mecânico no Veículo"";1;""Tombamento"";""Com Vítimas Feridas"";""Pleno dia"";""Crescente"";""Céu Claro"";""Dupla"";""Desvio Temporário"";""Não"";465924;""Motocicleta"";""HONDA/CG150 TITAN MIX EX"";2010;""Condutor"";""Lesões Leves"";43;""Masculino"";0;1;0;0;-22",99074204;-45,"48115098;""SR-SP"";""DEL6"";""UOP01/SP""",
"261147;582797;2020-01-06;""segunda"";""06:50:00"";""MT"";163;832;""SINOP"";""Sim"";""Falta de Atenção à Condução"";2;""Queda de ocupante de veículo"";""Com Vítimas Feridas"";""Amanhecer"";""Crescente"";""Nublado"";""Dupla"";""Retorno Regulamentado"";""Sim"";465903;""Motoneta"";""YAMAHA/T115 CRYPTON ED"";2013;""Condutor"";""Lesões Graves"";20;""Masculino"";0;0;1;0;-11",88288976;-55,"50082684;""SR-MT"";""DEL2/6"";""UOP01/MT""",
"261147;582796;2020-01-06;""segunda"";""06:50:00"";""MT"";163;832;""SINOP"";""Sim"";""Falta de Atenção à Condução"";2;""Queda de ocupante de veículo"";""Com Vítimas Feridas"";""Amanhecer"";""Crescente"";""Nublado"";""Dupla"";""Retorno Regulamentado"";""Sim"";465902;""Automóvel"";""FIAT/PALIO WK ADVEN FLEX"";2013;""Condutor"";""Ileso"";37;""Masculino"";1;0;0;0;-11",88288976;-55,"50082684;""SR-MT"";""DEL2/6"";""UOP01/MT""",
"261147;582797;2020-01-06;""segunda"";""06:50:00"";""MT"";163;832;""SINOP"";""Sim"";""Falta de Atenção à Condução"";1;""Colisão transversal"";""Com Vítimas Feridas"";""Amanhecer"";""Crescente"";""Nublado"";""Dupla"";""Retorno Regulamentado"";""Sim"";465903;""Motoneta"";""YAMAHA/T115 CRYPTON ED"";2013;""Condutor"";""Lesões Graves"";20;""Masculino"";0;0;1;0;-11",88288976;-55,"50082684;""SR-MT"";""DEL2/6"";""UOP01/MT""",
"261147;582796;2020-01-06;""segunda"";""06:50:00"";""MT"";163;832;""SINOP"";""Sim"";""Falta de Atenção à Condução"";1;""Colisão transversal"";""Com Vítimas Feridas"";""Amanhecer"";""Crescente"";""Nublado"";""Dupla"";""Retorno Regulamentado"";""Sim"";465902;""Automóvel"";""FIAT/PALIO WK ADVEN FLEX"";2013;""Condutor"";""Ileso"";37;""Masculino"";1;0;0;0;-11",88288976;-55,"50082684;""SR-MT"";""DEL2/6"";""UOP01/MT""",
"261148;582195;2020-01-06;""segunda"";""07:00:00"";""MG"";381;549","6;""ITATIAIUCU"";""Sim"";""Pista Escorregadia"";2;""Capotamento"";""Sem Vítimas"";""Pleno dia"";""Decrescente"";""Chuva"";""Dupla"";""Curva"";""Não"";465856;""Automóvel"";""VW/VOYAGE CL MB"";2015;""Passageiro"";""Ileso"";NA;""Feminino"";1;0;0;0;-20",31815092;-44,"45448614;""SR-MG"";""DEL4/4"";""UOP03/MG"""
"261148;582190;2020-01-06;""segunda"";""07:00:00"";""MG"";381;549","6;""ITATIAIUCU"";""Sim"";""Pista Escorregadia"";2;""Capotamento"";""Sem Vítimas"";""Pleno dia"";""Decrescente"";""Chuva"";""Dupla"";""Curva"";""Não"";465856;""Automóvel"";""VW/VOYAGE CL MB"";2015;""Condutor"";""Ileso"";46;""Masculino"";1;0;0;0;-20",31815092;-44,"45448614;""SR-MG"";""DEL4/4"";""UOP03/MG"""
"261148;582195;2020-01-06;""segunda"";""07:00:00"";""MG"";381;549","6;""ITATIAIUCU"";""Sim"";""Pista Escorregadia"";1;""Saída de leito carroçável"";""Sem Vítimas"";""Pleno dia"";""Decrescente"";""Chuva"";""Dupla"";""Curva"";""Não"";465856;""Automóvel"";""VW/VOYAGE CL MB"";2015;""Passageiro"";""Ileso"";NA;""Feminino"";1;0;0;0;-20",31815092;-44,"45448614;""SR-MG"";""DEL4/4"";""UOP03/MG"""