"id;""pesid"";""data_inversa"";""dia_semana"";""horario"";""uf"";""br"";""km"";""municipio"";""causa_principal"";""causa_acidente"";""ordem_tipo_acidente"";""tipo_acidente"";""classificacao_acidente"";""fase_dia"";""sentido_via"";""condicao_metereologica"";""tipo_pista"";""tracado_via"";""uso_solo"";""id_veiculo"";""tipo_veiculo"";""marca"";""ano_fabricacao_veiculo"";""tipo_envolvido"";""estado_fisico"";""idade"";""sexo"";""ilesos"";""feridos_leves"";""feridos_graves"";""mortos"";""latitude"";""longitude"";""regional"";""delegacia"";""uop""",,,
"261148;582190;2020-01-06;""segunda"";""07:00:00"";""MG"";381;549","6;""ITATIAIUCU"";""Sim"";""Pista Escorregadia"";1;""Saída de leito carroçável"";""Sem Vítimas"";""Pleno dia"";""Decrescente"";""Chuva"";""Dupla"";""Curva"";""Não"";465856;""Automóvel"";""VW/VOYAGE CL MB"";2015;""Condutor"";""Ileso"";46;""Masculino"";1;0;0;0;-20",31815092;-44,"45448614;""SR-MG"";""DEL4/4"";""UOP03/MG"""
"261149;581596;2020-01-06;""segunda"";""09:20:00"";""RN"";226;340;""PATU"";""Sim"";""Falta de Atenção à Condução"";1;""Colisão lateral"";""Com Vítimas Feridas"";""Pleno dia"";""Decrescente"";""Céu Claro"";""Simples"";""Reta"";""Sim"";465977;""Automóvel"";""FORD/CORCEL GL"";1985;""Condutor"";""Lesões Leves"";83;""Masculino"";0;1;0;0;-6",10713607;-37,"6480048;""SR-RN"";""DEL15/4"";""UOP01/RN""",
"261149;581594;2020-01-06;""segunda"";""09:20:00"";""RN"";226;340;""PATU"";""Sim"";""Falta de Atenção à Condução"";1;""Colisão lateral"";""Com Vítimas Feridas"";""Pleno dia"";""Decrescente"";""Céu Claro"";""Simples"";""Reta"";""Sim"";465976;""Automóvel"";""CHEV/PRISMA 1.0MT LT"";2016;""Condutor"";""Ileso"";64;""Masculino"";1;0;0;0;-6",10713607;-37,"6480048;""SR-RN"";""DEL15/4"";""UOP01/RN""",
"261150;581178;2020-01-06;""segunda"";""09:05:00"";""SC"";101;115","9;""ITAJAI"";""Sim"";""Avarias e/ou desgaste excessivo no pneu"";2;""Queda de ocupante de veículo"";""Com Vítimas Feridas"";""Pleno dia"";""Crescente"";""Sol"";""Dupla"";""Reta"";""Sim"";465871;""Motoneta"";""HONDA/PCX 150"";2014;""Passageiro"";""Lesões Graves"";22;""Masculino"";0;0;1;0;-26",87064015;-48,"72954134;""SR-SC"";""DEL8/4"";""UOP04/SC"""
"261150;581177;2020-01-06;""segunda"";""09:05:00"";""SC"";101;115","9;""ITAJAI"";""Sim"";""Avarias e/ou desgaste excessivo no pneu"";2;""Queda de ocupante de veículo"";""Com Vítimas Feridas"";""Pleno dia"";""Crescente"";""Sol"";""Dupla"";""Reta"";""Sim"";465871;""Motoneta"";""HONDA/PCX 150"";2014;""Condutor"";""Lesões Leves"";41;""Masculino"";0;1;0;0;-26",87064015;-48,"72954134;""SR-SC"";""DEL8/4"";""UOP04/SC"""
"261150;581178;2020-01-06;""segunda"";""09:05:00"";""SC"";101;115","9;""ITAJAI"";""Sim"";""Avarias e/ou desgaste excessivo no pneu"";1;""Tombamento"";""Com Vítimas Feridas"";""Pleno dia"";""Crescente"";""Sol"";""Dupla"";""Reta"";""Sim"";465871;""Motoneta"";""HONDA/PCX 150"";2014;""Passageiro"";""Lesões Graves"";22;""Masculino"";0;0;1;0;-26",87064015;-48,"72954134;""SR-SC"";""DEL8/4"";""UOP04/SC"""
"261150;581177;2020-01-06;""segunda"";""09:05:00"";""SC"";101;115","9;""ITAJAI"";""Sim"";""Avarias e/ou desgaste excessivo no pneu"";1;""Tombamento"";""Com Vítimas Feridas"";""Pleno dia"";""Crescente"";""Sol"";""Dupla"";""Reta"";""Sim"";465871;""Motoneta"";""HONDA/PCX 150"";2014;""Condutor"";""Lesões Leves"";41;""Masculino"";0;1;0;0;-26",87064015;-48,"72954134;""SR-SC"";""DEL8/4"";""UOP04/SC"""
"261154;NA;2020-01-06;""segunda"";""10:10:00"";""RS"";386;245","3;""SOLEDADE"";""Sim"";""Falta de Atenção à Condução"";2;""Colisão com objeto estático"";""Com Vítimas Feridas"";""Pleno dia"";""Crescente"";""Sol"";""Simples"";""Interseção de vias"";""Sim"";465925;""Semireboque"";""R/RANDON SR BA"";2019;""Não Informado"";""Não Informado"";NA;""Não Informado"";0;0;0;0;-28",8034826;-52,"50798139;""SR-RS"";""DEL9/4"";""UOP03/RS"""
"261154;NA;2020-01-06;""segunda"";""10:10:00"";""RS"";386;245","3;""SOLEDADE"";""Sim"";""Falta de Atenção à Condução"";2;""Colisão com objeto estático"";""Com Vítimas Feridas"";""Pleno dia"";""Crescente"";""Sol"";""Simples"";""Interseção de vias"";""Sim"";465923;""Reboque"";""R/RANDON RE DL"";2019;""Não Informado"";""Não Informado"";NA;""Não Informado"";0;0;0;0;-28",8034826;-52,"50798139;""SR-RS"";""DEL9/4"";""UOP03/RS"""
"261154;NA;2020-01-06;""segunda"";""10:10:00"";""RS"";386;245","3;""SOLEDADE"";""Sim"";""Falta de Atenção à Condução"";2;""Colisão com objeto estático"";""Com Vítimas Feridas"";""Pleno dia"";""Crescente"";""Sol"";""Simples"";""Interseção de vias"";""Sim"";465920;""Semireboque"";""R/RANDON SR BA"";2019;""Não Informado"";""Não Informado"";NA;""Não Informado"";0;0;0;0;-28",8034826;-52,"50798139;""SR-RS"";""DEL9/4"";""UOP03/RS"""
"261154;581158;2020-01-06;""segunda"";""10:10:00"";""RS"";386;245","3;""SOLEDADE"";""Sim"";""Falta de Atenção à Condução"";2;""Colisão com objeto estático"";""Com Vítimas Feridas"";""Pleno dia"";""Crescente"";""Sol"";""Simples"";""Interseção de vias"";""Sim"";465899;""Caminhão-trator"";""VOLVO/FH 540 6X4T"";2019;""Condutor"";""Ileso"";28;""Masculino"";1;0;0;0;-28",8034826;-52,"50798139;""SR-RS"";""DEL9/4"";""UOP03/RS"""
"261154;581212;2020-01-06;""segunda"";""10:10:00"";""RS"";386;245","3;""SOLEDADE"";""Sim"";""Falta de Atenção à Condução"";2;""Colisão com objeto estático"";""Com Vítimas Feridas"";""Pleno dia"";""Crescente"";""Sol"";""Simples"";""Interseção de vias"";""Sim"";465898;""Caminhonete"";""GM/S10 DLX 2.8 D"";2004;""Passageiro"";""Ileso"";35;""Masculino"";1;0;0;0;-28",8034826;-52,"50798139;""SR-RS"";""DEL9/4"";""UOP03/RS"""
"261154;581211;2020-01-06;""segunda"";""10:10:00"";""RS"";386;245","3;""SOLEDADE"";""Sim"";""Falta de Atenção à Condução"";2;""Colisão com objeto estático"";""Com Vítimas Feridas"";""Pleno dia"";""Crescente"";""Sol"";""Simples"";""Interseção de vias"";""Sim"";465898;""Caminhonete"";""GM/S10 DLX 2.8 D"";2004;""Passageiro"";""Ileso"";42;""Masculino"";1;0;0;0;-28",8034826;-52,"50798139;""SR-RS"";""DEL9/4"";""UOP03/RS"""
"261154;581208;2020-01-06;""segunda"";""10:10:00"";""RS"";386;245","3;""SOLEDADE"";""Sim"";""Falta de Atenção à Condução"";2;""Colisão com objeto estático"";""Com Vítimas Feridas"";""Pleno dia"";""Crescente"";""Sol"";""Simples"";""Interseção de vias"";""Sim"";465898;""Caminhonete"";""GM/S10 DLX 2.8 D"";2004;""Passageiro"";""Ileso"";28;""Masculino"";1;0;0;0;-28",8034826;-52,"50798139;""SR-RS"";""DEL9/4"";""UOP03/RS"""
"261154;581199;2020-01-06;""segunda"";""10:10:00"";""RS"";386;245","3;""SOLEDADE"";""Sim"";""Falta de Atenção à Condução"";2;""Colisão com objeto estático"";""Com Vítimas Feridas"";""Pleno dia"";""Crescente"";""Sol"";""Simples"";""Interseção de vias"";""Sim"";465898;""Caminhonete"";""GM/S10 DLX 2.8 D"";2004;""Passageiro"";""Ileso"";27;""Masculino"";1;0;0;0;-28",8034826;-52,"50798139;""SR-RS"";""DEL9/4"";""UOP03/RS"""
"261154;581157;2020-01-06;""segunda"";""10:10:00"";""RS"";386;245","3;""SOLEDADE"";""Sim"";""Falta de Atenção à Condução"";2;""Colisão com objeto estático"";""Com Vítimas Feridas"";""Pleno dia"";""Crescente"";""Sol"";""Simples"";""Interseção de vias"";""Sim"";465898;""Caminhonete"";""GM/S10 DLX 2.8 D"";2004;""Condutor"";""Lesões Leves"";60;""Masculino"";0;1;0;0;-28",8034826;-52,"50798139;""SR-RS"";""DEL9/4"";""UOP03/RS"""
"261154;581156;2020-01-06;""segunda"";""10:10:00"";""RS"";386;245","3;""SOLEDADE"";""Sim"";""Falta de Atenção à Condução"";2;""Colisão com objeto estático"";""Com Vítimas Feridas"";""Pleno dia"";""Crescente"";""Sol"";""Simples"";""Interseção de vias"";""Sim"";465897;""Motocicleta"";""YAMAHA/FZ25 FAZER"";2019;""Condutor"";""Lesões Graves"";38;""Masculino"";0;0;1;0;-28",8034826;-52,"50798139;""SR-RS"";""DEL9/4"";""UOP03/RS"""
"261154;NA;2020-01-06;""segunda"";""10:10:00"";""RS"";386;245","3;""SOLEDADE"";""Sim"";""Falta de Atenção à Condução"";1;""Colisão transversal"";""Com Vítimas Feridas"";""Pleno dia"";""Crescente"";""Sol"";""Simples"";""Interseção de vias"";""Sim"";465925;""Semireboque"";""R/RANDON SR BA"";2019;""Não Informado"";""Não Informado"";NA;""Não Informado"";0;0;0;0;-28",8034826;-52,"50798139;""SR-RS"";""DEL9/4"";""UOP03/RS"""
"261154;NA;2020-01-06;""segunda"";""10:10:00"";""RS"";386;245","3;""SOLEDADE"";""Sim"";""Falta de Atenção à Condução"";1;""Colisão transversal"";""Com Vítimas Feridas"";""Pleno dia"";""Crescente"";""Sol"";""Simples"";""Interseção de vias"";""Sim"";465923;""Reboque"";""R/RANDON RE DL"";2019;""Não Informado"";""Não Informado"";NA;""Não Informado"";0;0;0;0;-28",8034826;-52,"50798139;""SR-RS"";""DEL9/4"";""UOP03/RS"""
"261154;NA;2020-01-06;""segunda"";""10:10:00"";""RS"";386;245","3;""SOLEDADE"";""Sim"";""Falta de Atenção à Condução"";1;""Colisão transversal"";""Com Vítimas Feridas"";""Pleno dia"";""Crescente"";""Sol"";""Simples"";""Interseção de vias"";""Sim"";465920;""Semireboque"";""R/RANDON SR BA"";2019;""Não Informado"";""Não Informado"";NA;""Não Informado"";0;0;0;0;-28",8034826;-52,"50798139;""SR-RS"";""DEL9/4"";""UOP03/RS"""
"261154;581158;2020-01-06;""segunda"";""10:10:00"";""RS"";386;245","3;""SOLEDADE"";""Sim"";""Falta de Atenção à Condução"";1;""Colisão transversal"";""Com Vítimas Feridas"";""Pleno dia"";""Crescente"";""Sol"";""Simples"";""Interseção de vias"";""Sim"";465899;""Caminhão-trator"";""VOLVO/FH 540 6X4T"";2019;""Condutor"";""Ileso"";28;""Masculino"";1;0;0;0;-28",8034826;-52,"50798139;""SR-RS"";""DEL9/4"";""UOP03/RS"""
"261154;581212;2020-01-06;""segunda"";""10:10:00"";""RS"";386;245","3;""SOLEDADE"";""Sim"";""Falta de Atenção à Condução"";1;""Colisão transversal"";""Com Vítimas Feridas"";""Pleno dia"";""Crescente"";""Sol"";""Simples"";""Interseção de vias"";""Sim"";465898;""Caminhonete"";""GM/S10 DLX 2.8 D"";2004;""Passageiro"";""Ileso"";35;""Masculino"";1;0;0;0;-28",8034826;-52,"50798139;""SR-RS"";""DEL9/4"";""UOP03/RS"""
"261154;581211;2020-01-06;""segunda"";""10:10:00"";""RS"";386;245","3;""SOLEDADE"";""Sim"";""Falta de Atenção à Condução"";1;""Colisão transversal"";""Com Vítimas Feridas"";""Pleno dia"";""Crescente"";""Sol"";""Simples"";""Interseção de vias"";""Sim"";465898;""Caminhonete"";""GM/S10 DLX 2.8 D"";2004;""Passageiro"";""Ileso"";42;""Masculino"";1;0;0;0;-28",8034826;-52,"50798139;""SR-RS"";""DEL9/4"";""UOP03/RS"""
"261154;581208;2020-01-06;""segunda"";""10:10:00"";""RS"";386;245","3;""SOLEDADE"";""Sim"";""Falta de Atenção à Condução"";1;""Colisão transversal"";""Com Vítimas Feridas"";""Pleno dia"";""Crescente"";""Sol"";""Simples"";""Interseção de vias"";""Sim"";465898;""Caminhonete"";""GM/S10 DLX 2.8 D"";2004;""Passageiro"";""Ileso"";28;""Masculino"";1;0;0;0;-28",8034826;-52,"50798139;""SR-RS"";""DEL9/4"";""UOP03/RS"""
"261154;581199;2020-01-06;""segunda"";""10:10:00"";""RS"";386;245","3;""SOLEDADE"";""Sim"";""Falta de Atenção à Condução"";1;""Colisão transversal"";""Com Vítimas Feridas"";""Pleno dia"";""Crescente"";""Sol"";""Simples"";""Interseção de vias"";""Sim"";465898;""Caminhonete"";""GM/S10 DLX 2.8 D"";2004;""Passageiro"";""Ileso"";27;""Masculino"";1;0;0;0;-28",8034826;-52,"50798139;""SR-RS"";""DEL9/4"";""UOP03/RS"""
"261154;581157;2020-01-06;""segunda"";""10:10:00"";""RS"";386;245","3;""SOLEDADE"";""Sim"";""Falta de Atenção à Condução"";1;""Colisão transversal"";""Com Vítimas Feridas"";""Pleno dia"";""Crescente"";""Sol"";""Simples"";""Interseção de vias"";""Sim"";465898;""Caminhonete"";""GM/S10 DLX 2.8 D"";2004;""Condutor"";""Lesões Leves"";60;""Masculino"";0;1;0;0;-28",8034826;-52,"50798139;""SR-RS"";""DEL9/4"";""UOP03/RS"""
"261154;581156;2020-01-06;""segunda"";""10:10:00"";""RS"";386;245","3;""SOLEDADE"";""Sim"";""Falta de Atenção à Condução"";1;""Colisão transversal"";""Com Vítimas Feridas"";""Pleno dia"";""Crescente"";""Sol"";""Simples"";""Interseção de vias"";""Sim"";465897;""Motocicleta"";""YAMAHA/FZ25 FAZER"";2019;""Condutor"";""Lesões Graves"";38;""Masculino"";0;0;1;0;-28",8034826;-52,"50798139;""SR-RS"";""DEL9/4"";""UOP03/RS"""
"261154;NA;2020-01-06;""segunda"";""10:10:00"";""RS"";386;245","3;""SOLEDADE"";""Não"";""Desobediência às normas de trânsito pelo condutor"";2;""Colisão com objeto estático"";""Com Vítimas Feridas"";""Pleno dia"";""Crescente"";""Sol"";""Simples"";""Interseção de vias"";""Sim"";465925;""Semireboque"";""R/RANDON SR BA"";2019;""Não Informado"";""Não Informado"";NA;""Não Informado"";0;0;0;0;-28",8034826;-52,"50798139;""SR-RS"";""DEL9/4"";""UOP03/RS"""
"261154;NA;2020-01-06;""segunda"";""10:10:00"";""RS"";386;245","3;""SOLEDADE"";""Não"";""Desobediência às normas de trânsito pelo condutor"";2;""Colisão com objeto estático"";""Com Vítimas Feridas"";""Pleno dia"";""Crescente"";""Sol"";""Simples"";""Interseção de vias"";""Sim"";465923;""Reboque"";""R/RANDON RE DL"";2019;""Não Informado"";""Não Informado"";NA;""Não Informado"";0;0;0;0;-28",8034826;-52,"50798139;""SR-RS"";""DEL9/4"";""UOP03/RS"""
"261154;NA;2020-01-06;""segunda"";""10:10:00"";""RS"";386;245","3;""SOLEDADE"";""Não"";""Desobediência às normas de trânsito pelo condutor"";2;""Colisão com objeto estático"";""Com Vítimas Feridas"";""Pleno dia"";""Crescente"";""Sol"";""Simples"";""Interseção de vias"";""Sim"";465920;""Semireboque"";""R/RANDON SR BA"";2019;""Não Informado"";""Não Informado"";NA;""Não Informado"";0;0;0;0;-28",8034826;-52,"50798139;""SR-RS"";""DEL9/4"";""UOP03/RS"""
"261154;581158;2020-01-06;""segunda"";""10:10:00"";""RS"";386;245","3;""SOLEDADE"";""Não"";""Desobediência às normas de trânsito pelo condutor"";2;""Colisão com objeto estático"";""Com Vítimas Feridas"";""Pleno dia"";""Crescente"";""Sol"";""Simples"";""Interseção de vias"";""Sim"";465899;""Caminhão-trator"";""VOLVO/FH 540 6X4T"";2019;""Condutor"";""Ileso"";28;""Masculino"";1;0;0;0;-28",8034826;-52,"50798139;""SR-RS"";""DEL9/4"";""UOP03/RS"""
"261154;581212;2020-01-06;""segunda"";""10:10:00"";""RS"";386;245","3;""SOLEDADE"";""Não"";""Desobediência às normas de trânsito pelo condutor"";2;""Colisão com objeto estático"";""Com Vítimas Feridas"";""Pleno dia"";""Crescente"";""Sol"";""Simples"";""Interseção de vias"";""Sim"";465898;""Caminhonete"";""GM/S10 DLX 2.8 D"";2004;""Passageiro"";""Ileso"";35;""Masculino"";1;0;0;0;-28",8034826;-52,"50798139;""SR-RS"";""DEL9/4"";""UOP03/RS"""
"261154;581211;2020-01-06;""segunda"";""10:10:00"";""RS"";386;245","3;""SOLEDADE"";""Não"";""Desobediência às normas de trânsito pelo condutor"";2;""Colisão com objeto estático"";""Com Vítimas Feridas"";""Pleno dia"";""Crescente"";""Sol"";""Simples"";""Interseção de vias"";""Sim"";465898;""Caminhonete"";""GM/S10 DLX 2.8 D"";2004;""Passageiro"";""Ileso"";42;""Masculino"";1;0;0;0;-28",8034826;-52,"50798139;""SR-RS"";""DEL9/4"";""UOP03/RS"""
"261154;581208;2020-01-06;""segunda"";""10:10:00"";""RS"";386;245","3;""SOLEDADE"";""Não"";""Desobediência às normas de trânsito pelo condutor"";2;""Colisão com objeto estático"";""Com Vítimas Feridas"";""Pleno dia"";""Crescente"";""Sol"";""Simples"";""Interseção de vias"";""Sim"";465898;""Caminhonete"";""GM/S10 DLX 2.8 D"";2004;""Passageiro"";""Ileso"";28;""Masculino"";1;0;0;0;-28",8034826;-52,"50798139;""SR-RS"";""DEL9/4"";""UOP03/RS"""
"261154;581199;2020-01-06;""segunda"";""10:10:00"";""RS"";386;245","3;""SOLEDADE"";""Não"";""Desobediência às normas de trânsito pelo condutor"";2;""Colisão com objeto estático"";""Com Vítimas Feridas"";""Pleno dia"";""Crescente"";""Sol"";""Simples"";""Interseção de vias"";""Sim"";465898;""Caminhonete"";""GM/S10 DLX 2.8 D"";2004;""Passageiro"";""Ileso"";27;""Masculino"";1;0;0;0;-28",8034826;-52,"50798139;""SR-RS"";""DEL9/4"";""UOP03/RS"""
"261154;581157;2020-01-06;""segunda"";""10:10:00"";""RS"";386;245","3;""SOLEDADE"";""Não"";""Desobediência às normas de trânsito pelo condutor"";2;""Colisão com objeto estático"";""Com Vítimas Feridas"";""Pleno dia"";""Crescente"";""Sol"";""Simples"";""Interseção de vias"";""Sim"";465898;""Caminhonete"";""GM/S10 DLX 2.8 D"";2004;""Condutor"";""Lesões Leves"";60;""Masculino"";0;1;0;0;-28",8034826;-52,"50798139;""SR-RS"";""DEL9/4"";""UOP03/RS"""
"261154;581156;2020-01-06;""segunda"";""10:10:00"";""RS"";386;245","3;""SOLEDADE"";""Não"";""Desobediência às normas de trânsito pelo condutor"";2;""Colisão com objeto estático"";""Com Vítimas Feridas"";""Pleno dia"";""Crescente"";""Sol"";""Simples"";""Interseção de vias"";""Sim"";465897;""Motocicleta"";""YAMAHA/FZ25 FAZER"";2019;""Condutor"";""Lesões Graves"";38;""Masculino"";0;0;1;0;-28",8034826;-52,"50798139;""SR-RS"";""DEL9/4"";""UOP03/RS"""
"261154;NA;2020-01-06;""segunda"";""10:10:00"";""RS"";386;245","3;""SOLEDADE"";""Não"";""Desobediência às normas de trânsito pelo condutor"";1;""Colisão transversal"";""Com Vítimas Feridas"";""Pleno dia"";""Crescente"";""Sol"";""Simples"";""Interseção de vias"";""Sim"";465925;""Semireboque"";""R/RANDON SR BA"";2019;""Não Informado"";""Não Informado"";NA;""Não Informado"";0;0;0;0;-28",8034826;-52,"50798139;""SR-RS"";""DEL9/4"";""UOP03/RS"""
"261154;NA;2020-01-06;""segunda"";""10:10:00"";""RS"";386;245","3;""SOLEDADE"";""Não"";""Desobediência às normas de trânsito pelo condutor"";1;""Colisão transversal"";""Com Vítimas Feridas"";""Pleno dia"";""Crescente"";""Sol"";""Simples"";""Interseção de vias"";""Sim"";465923;""Reboque"";""R/RANDON RE DL"";2019;""Não Informado"";""Não Informado"";NA;""Não Informado"";0;0;0;0;-28",8034826;-52,"50798139;""SR-RS"";""DEL9/4"";""UOP03/RS"""
"261154;NA;2020-01-06;""segunda"";""10:10:00"";""RS"";386;245","3;""SOLEDADE"";""Não"";""Desobediência às normas de trânsito pelo condutor"";1;""Colisão transversal"";""Com Vítimas Feridas"";""Pleno dia"";""Crescente"";""Sol"";""Simples"";""Interseção de vias"";""Sim"";465920;""Semireboque"";""R/RANDON SR BA"";2019;""Não Informado"";""Não Informado"";NA;""Não Informado"";0;0;0;0;-28",8034826;-52,"50798139;""SR-RS"";""DEL9/4"";""UOP03/RS"""
"261154;581158;2020-01-06;""segunda"";""10:10:00"";""RS"";386;245","3;""SOLEDADE"";""Não"";""Desobediência às normas de trânsito pelo condutor"";1;""Colisão transversal"";""Com Vítimas Feridas"";""Pleno dia"";""Crescente"";""Sol"";""Simples"";""Interseção de vias"";""Sim"";465899;""Caminhão-trator"";""VOLVO/FH 540 6X4T"";2019;""Condutor"";""Ileso"";28;""Masculino"";1;0;0;0;-28",8034826;-52,"50798139;""SR-RS"";""DEL9/4"";""UOP03/RS"""
"261154;581212;2020-01-06;""segunda"";""10:10:00"";""RS"";386;245","3;""SOLEDADE"";""Não"";""Desobediência às normas de trânsito pelo condutor"";1;""Colisão transversal"";""Com Vítimas Feridas"";""Pleno dia"";""Crescente"";""Sol"";""Simples"";""Interseção de vias"";""Sim"";465898;""Caminhonete"";""GM/S10 DLX 2.8 D"";2004;""Passageiro"";""Ileso"";35;""Masculino"";1;0;0;0;-28",8034826;-52,"50798139;""SR-RS"";""DEL9/4"";""UOP03/RS"""
"261154;581211;2020-01-06;""segunda"";""10:10:00"";""RS"";386;245","3;""SOLEDADE"";""Não"";""Desobediência às normas de trânsito pelo condutor"";1;""Colisão transversal"";""Com Vítimas Feridas"";""Pleno dia"";""Crescente"";""Sol"";""Simples"";""Interseção de vias"";""Sim"";465898;""Caminhonete"";""GM/S10 DLX 2.8 D"";2004;""Passageiro"";""Ileso"";42;""Masculino"";1;0;0;0;-28",8034826;-52,"50798139;""SR-RS"";""DEL9/4"";""UOP03/RS"""
"261154;581208;2020-01-06;""segunda"";""10:10:00"";""RS"";386;245","3;""SOLEDADE"";""Não"";""Desobediência às normas de trânsito pelo condutor"";1;""Colisão transversal"";""Com Vítimas Feridas"";""Pleno dia"";""Crescente"";""Sol"";""Simples"";""Interseção de vias"";""Sim"";465898;""Caminhonete"";""GM/S10 DLX 2.8 D"";2004;""Passageiro"";""Ileso"";28;""Masculino"";1;0;0;0;-28",8034826;-52,"50798139;""SR-RS"";""DEL9/4"";""UOP03/RS"""
"261154;581199;2020-01-06;""segunda"";""10:10:00"";""RS"";386;245","3;""SOLEDADE"";""Não"";""Desobediência às normas de trânsito pelo condutor"";1;""Colisão transversal"";""Com Vítimas Feridas"";""Pleno dia"";""Crescente"";""Sol"";""Simples"";""Interseção de vias"";""Sim"";465898;""Caminhonete"";""GM/S10 DLX 2.8 D"";2004;""Passageiro"";""Ileso"";27;""Masculino"";1;0;0;0;-28",8034826;-52,"50798139;""SR-RS"";""DEL9/4"";""UOP03/RS"""
"261154;581157;2020-01-06;""segunda"";""10:10:00"";""RS"";386;245","3;""SOLEDADE"";""Não"";""Desobediência às normas de trânsito pelo condutor"";1;""Colisão transversal"";""Com Vítimas Feridas"";""Pleno dia"";""Crescente"";""Sol"";""Simples"";""Interseção de vias"";""Sim"";465898;""Caminhonete"";""GM/S10 DLX 2.8 D"";2004;""Condutor"";""Lesões Leves"";60;""Masculino"";0;1;0;0;-28",8034826;-52,"50798139;""SR-RS"";""DEL9/4"";""UOP03/RS"""
"261154;581156;2020-01-06;""segunda"";""10:10:00"";""RS"";386;245","3;""SOLEDADE"";""Não"";""Desobediência às normas de trânsito pelo condutor"";1;""Colisão transversal"";""Com Vítimas Feridas"";""Pleno dia"";""Crescente"";""Sol"";""Simples"";""Interseção de vias"";""Sim"";465897;""Motocicleta"";""YAMAHA/FZ25 FAZER"";2019;""Condutor"";""Lesões Graves"";38;""Masculino"";0;0;1;0;-28",8034826;-52,"50798139;""SR-RS"";""DEL9/4"";""UOP03/RS"""
"261155;581169;2020-01-06;""segunda"";""09:20:00"";""MS"";163;42;""ELDORADO"";""Sim"";""Falta de Atenção à Condução"";1;""Colisão transversal"";""Com Vítimas Feridas"";""Pleno dia"";""Crescente"";""Céu Claro"";""Simples"";""Não Informado"";""Não"";465890;""Caminhão"";""FORD/F4000"";1977;""Passageiro"";""Ileso"";49;""Masculino"";1;0;0;0;-23",77140302;-54,"27611382;""SR-MS"";""DEL3/09"";""UOP02/MS""",
"261155;581168;2020-01-06;""segunda"";""09:20:00"";""MS"";163;42;""ELDORADO"";""Sim"";""Falta de Atenção à Condução"";1;""Colisão transversal"";""Com Vítimas Feridas"";""Pleno dia"";""Crescente"";""Céu Claro"";""Simples"";""Não Informado"";""Não"";465890;""Caminhão"";""FORD/F4000"";1977;""Passageiro"";""Ileso"";23;""Masculino"";1;0;0;0;-23",77140302;-54,"27611382;""SR-MS"";""DEL3/09"";""UOP02/MS""",
"261155;581167;2020-01-06;""segunda"";""09:20:00"";""MS"";163;42;""ELDORADO"";""Sim"";""Falta de Atenção à Condução"";1;""Colisão transversal"";""Com Vítimas Feridas"";""Pleno dia"";""Crescente"";""Céu Claro"";""Simples"";""Não Informado"";""Não"";465890;""Caminhão"";""FORD/F4000"";1977;""Condutor"";""Ileso"";70;""Masculino"";1;0;0;0;-23",77140302;-54,"27611382;""SR-MS"";""DEL3/09"";""UOP02/MS""",
"261155;NA;2020-01-06;""segunda"";""09:20:00"";""MS"";163;42;""ELDORADO"";""Sim"";""Falta de Atenção à Condução"";1;""Colisão transversal"";""Com Vítimas Feridas"";""Pleno dia"";""Crescente"";""Céu Claro"";""Simples"";""Não Informado"";""Não"";465901;""Semireboque"";""SR/LIBRELATO SRCS 3E"";2013;""Não Informado"";""Não Informado"";NA;""Não Informado"";0;0;0;0;-23",77140302;-54,"27611382;""SR-MS"";""DEL3/09"";""UOP02/MS""",
"261155;581165;2020-01-06;""segunda"";""09:20:00"";""MS"";163;42;""ELDORADO"";""Sim"";""Falta de Atenção à Condução"";1;""Colisão transversal"";""Com Vítimas Feridas"";""Pleno dia"";""Crescente"";""Céu Claro"";""Simples"";""Não Informado"";""Não"";465889;""Caminhão-trator"";""IVECO/STRALIS 600S44T"";2013;""Condutor"";""Lesões Leves"";38;""Masculino"";0;1;0;0;-23",77140302;-54,"27611382;""SR-MS"";""DEL3/09"";""UOP02/MS""",