"id;""pesid"";""data_inversa"";""dia_semana"";""horario"";""uf"";""br"";""km"";""municipio"";""causa_principal"";""causa_acidente"";""ordem_tipo_acidente"";""tipo_acidente"";""classificacao_acidente"";""fase_dia"";""sentido_via"";""condicao_metereologica"";""tipo_pista"";""tracado_via"";""uso_solo"";""id_veiculo"";""tipo_veiculo"";""marca"";""ano_fabricacao_veiculo"";""tipo_envolvido"";""estado_fisico"";""idade"";""sexo"";""ilesos"";""feridos_leves"";""feridos_graves"";""mortos"";""latitude"";""longitude"";""regional"";""delegacia"";""uop""",,,
"261156;583014;2020-01-06;""segunda"";""10:50:00"";""SC"";101;417","8;""ARARANGUA"";""Sim"";""Desobediência às normas de trânsito pelo condutor"";1;""Colisão frontal"";""Com Vítimas Feridas"";""Pleno dia"";""Crescente"";""Sol"";""Simples"";""Interseção de vias"";""Sim"";465928;""Automóvel"";""FIAT/PALIO FIRE FLEX"";2008;""Condutor"";""Lesões Graves"";29;""Masculino"";0;0;1;0;-28",97376391;-49,"53023409;""SR-SC"";""DEL8/2"";""UOP02/SC"""
"261156;583011;2020-01-06;""segunda"";""10:50:00"";""SC"";101;417","8;""ARARANGUA"";""Sim"";""Desobediência às normas de trânsito pelo condutor"";1;""Colisão frontal"";""Com Vítimas Feridas"";""Pleno dia"";""Crescente"";""Sol"";""Simples"";""Interseção de vias"";""Sim"";465927;""Caminhão"";""VW/26.280 CRM 6X4"";2019;""Condutor"";""Ileso"";30;""Masculino"";1;0;0;0;-28",97376391;-49,"53023409;""SR-SC"";""DEL8/2"";""UOP02/SC"""
"261157;581513;2020-01-06;""segunda"";""10:30:00"";""SC"";101;207;""SAO JOSE"";""Sim"";""Falta de Atenção à Condução"";1;""Colisão lateral"";""Com Vítimas Feridas"";""Pleno dia"";""Decrescente"";""Céu Claro"";""Múltipla"";""Reta"";""Sim"";465950;""Automóvel"";""RENAULT/SCENIC PRI 2016V"";2003;""Condutor"";""Ileso"";37;""Masculino"";1;0;0;0;-27",60001226;-48,"6226467;""SR-SC"";""DEL8/1"";""UOP01/SC""",
"261157;581514;2020-01-06;""segunda"";""10:30:00"";""SC"";101;207;""SAO JOSE"";""Sim"";""Falta de Atenção à Condução"";1;""Colisão lateral"";""Com Vítimas Feridas"";""Pleno dia"";""Decrescente"";""Céu Claro"";""Múltipla"";""Reta"";""Sim"";465951;""Motocicleta"";""YAMAHA/FAZER YS250"";2005;""Condutor"";""Lesões Leves"";49;""Masculino"";0;1;0;0;-27",60001226;-48,"6226467;""SR-SC"";""DEL8/1"";""UOP01/SC""",
"261158;581191;2020-01-06;""segunda"";""10:30:00"";""SC"";101;213;""PALHOCA"";""Sim"";""Falta de Atenção à Condução"";2;""Tombamento"";""Com Vítimas Feridas"";""Pleno dia"";""Decrescente"";""Sol"";""Dupla"";""Reta"";""Sim"";465912;""Motocicleta"";""HONDA/CG 160 FAN"";2019;""Condutor"";""Lesões Leves"";39;""Masculino"";0;1;0;0;-27",63697369;-48,"66514142;""SR-SC"";""DEL8/1"";""UOP02/SC""",
"261158;581189;2020-01-06;""segunda"";""10:30:00"";""SC"";101;213;""PALHOCA"";""Sim"";""Falta de Atenção à Condução"";2;""Tombamento"";""Com Vítimas Feridas"";""Pleno dia"";""Decrescente"";""Sol"";""Dupla"";""Reta"";""Sim"";465911;""Motocicleta"";""HONDA/CG 160 START"";2019;""Condutor"";""Lesões Leves"";22;""Masculino"";0;1;0;0;-27",63697369;-48,"66514142;""SR-SC"";""DEL8/1"";""UOP02/SC""",
"261158;581188;2020-01-06;""segunda"";""10:30:00"";""SC"";101;213;""PALHOCA"";""Sim"";""Falta de Atenção à Condução"";2;""Tombamento"";""Com Vítimas Feridas"";""Pleno dia"";""Decrescente"";""Sol"";""Dupla"";""Reta"";""Sim"";465910;""Motocicleta"";""HONDA/CG 125 FAN KS"";2012;""Condutor"";""Lesões Leves"";34;""Masculino"";0;1;0;0;-27",63697369;-48,"66514142;""SR-SC"";""DEL8/1"";""UOP02/SC""",
"261158;581191;2020-01-06;""segunda"";""10:30:00"";""SC"";101;213;""PALHOCA"";""Sim"";""Falta de Atenção à Condução"";1;""Colisão traseira"";""Com Vítimas Feridas"";""Pleno dia"";""Decrescente"";""Sol"";""Dupla"";""Reta"";""Sim"";465912;""Motocicleta"";""HONDA/CG 160 FAN"";2019;""Condutor"";""Lesões Leves"";39;""Masculino"";0;1;0;0;-27",63697369;-48,"66514142;""SR-SC"";""DEL8/1"";""UOP02/SC""",
"261158;581189;2020-01-06;""segunda"";""10:30:00"";""SC"";101;213;""PALHOCA"";""Sim"";""Falta de Atenção à Condução"";1;""Colisão traseira"";""Com Vítimas Feridas"";""Pleno dia"";""Decrescente"";""Sol"";""Dupla"";""Reta"";""Sim"";465911;""Motocicleta"";""HONDA/CG 160 START"";2019;""Condutor"";""Lesões Leves"";22;""Masculino"";0;1;0;0;-27",63697369;-48,"66514142;""SR-SC"";""DEL8/1"";""UOP02/SC""",
"261158;581188;2020-01-06;""segunda"";""10:30:00"";""SC"";101;213;""PALHOCA"";""Sim"";""Falta de Atenção à Condução"";1;""Colisão traseira"";""Com Vítimas Feridas"";""Pleno dia"";""Decrescente"";""Sol"";""Dupla"";""Reta"";""Sim"";465910;""Motocicleta"";""HONDA/CG 125 FAN KS"";2012;""Condutor"";""Lesões Leves"";34;""Masculino"";0;1;0;0;-27",63697369;-48,"66514142;""SR-SC"";""DEL8/1"";""UOP02/SC""",
"261158;581191;2020-01-06;""segunda"";""10:30:00"";""SC"";101;213;""PALHOCA"";""Sim"";""Falta de Atenção à Condução"";3;""Colisão lateral"";""Com Vítimas Feridas"";""Pleno dia"";""Decrescente"";""Sol"";""Dupla"";""Reta"";""Sim"";465912;""Motocicleta"";""HONDA/CG 160 FAN"";2019;""Condutor"";""Lesões Leves"";39;""Masculino"";0;1;0;0;-27",63697369;-48,"66514142;""SR-SC"";""DEL8/1"";""UOP02/SC""",
"261158;581189;2020-01-06;""segunda"";""10:30:00"";""SC"";101;213;""PALHOCA"";""Sim"";""Falta de Atenção à Condução"";3;""Colisão lateral"";""Com Vítimas Feridas"";""Pleno dia"";""Decrescente"";""Sol"";""Dupla"";""Reta"";""Sim"";465911;""Motocicleta"";""HONDA/CG 160 START"";2019;""Condutor"";""Lesões Leves"";22;""Masculino"";0;1;0;0;-27",63697369;-48,"66514142;""SR-SC"";""DEL8/1"";""UOP02/SC""",
"261158;581188;2020-01-06;""segunda"";""10:30:00"";""SC"";101;213;""PALHOCA"";""Sim"";""Falta de Atenção à Condução"";3;""Colisão lateral"";""Com Vítimas Feridas"";""Pleno dia"";""Decrescente"";""Sol"";""Dupla"";""Reta"";""Sim"";465910;""Motocicleta"";""HONDA/CG 125 FAN KS"";2012;""Condutor"";""Lesões Leves"";34;""Masculino"";0;1;0;0;-27",63697369;-48,"66514142;""SR-SC"";""DEL8/1"";""UOP02/SC""",
"261160;581179;2020-01-06;""segunda"";""11:15:00"";""PE"";101;47","5;""IGARASSU"";""Sim"";""Não guardar distância de segurança"";1;""Colisão traseira"";""Sem Vítimas"";""Pleno dia"";""Crescente"";""Sol"";""Múltipla"";""Reta"";""Sim"";465906;""Automóvel"";""CHEVROLET/CELTA 1.0L LS"";2012;""Condutor"";""Ileso"";39;""Masculino"";1;0;0;0;-7",88290701;-34,"90461208;""SR-PE"";""DEL11/1"";""UOP02/PE"""
"261160;581176;2020-01-06;""segunda"";""11:15:00"";""PE"";101;47","5;""IGARASSU"";""Sim"";""Não guardar distância de segurança"";1;""Colisão traseira"";""Sem Vítimas"";""Pleno dia"";""Crescente"";""Sol"";""Múltipla"";""Reta"";""Sim"";465905;""Caminhonete"";""FIAT/TORO FREEDOM AT"";2016;""Condutor"";""Ileso"";45;""Masculino"";1;0;0;0;-7",88290701;-34,"90461208;""SR-PE"";""DEL11/1"";""UOP02/PE"""
"261160;581181;2020-01-06;""segunda"";""11:15:00"";""PE"";101;47","5;""IGARASSU"";""Sim"";""Não guardar distância de segurança"";1;""Colisão traseira"";""Sem Vítimas"";""Pleno dia"";""Crescente"";""Sol"";""Múltipla"";""Reta"";""Sim"";465904;""Automóvel"";"""";NA;""Condutor"";""Não Informado"";NA;""Não Informado"";0;0;0;0;-7",88290701;-34,"90461208;""SR-PE"";""DEL11/1"";""UOP02/PE"""
"261161;581499;2020-01-06;""segunda"";""11:20:00"";""SC"";101;203;""SAO JOSE"";""Sim"";""Desobediência às normas de trânsito pelo condutor"";2;""Queda de ocupante de veículo"";""Com Vítimas Feridas"";""Pleno dia"";""Decrescente"";""Céu Claro"";""Dupla"";""Reta"";""Não"";465894;""Motoneta"";""HONDA/BIZ 125 EX"";2011;""Condutor"";""Lesões Graves"";37;""Masculino"";0;0;1;0;-27",5650044;-48,"61460082;""SR-SC"";""DEL8/1"";""UOP01/SC""",
"261161;581499;2020-01-06;""segunda"";""11:20:00"";""SC"";101;203;""SAO JOSE"";""Sim"";""Desobediência às normas de trânsito pelo condutor"";1;""Colisão lateral"";""Com Vítimas Feridas"";""Pleno dia"";""Decrescente"";""Céu Claro"";""Dupla"";""Reta"";""Não"";465894;""Motoneta"";""HONDA/BIZ 125 EX"";2011;""Condutor"";""Lesões Graves"";37;""Masculino"";0;0;1;0;-27",5650044;-48,"61460082;""SR-SC"";""DEL8/1"";""UOP01/SC""",
"261165;583040;2020-01-06;""segunda"";""10:30:00"";""MS"";60;14","2;""CHAPADAO DO SUL"";""Sim"";""Condutor Dormindo"";1;""Saída de leito carroçável"";""Com Vítimas Feridas"";""Pleno dia"";""Decrescente"";""Nublado"";""Simples"";""Reta"";""Não"";466099;""Caminhão"";""GM/CHEVROLET D40 CUSTOM"";1992;""Passageiro"";""Lesões Graves"";32;""Masculino"";0;0;1;0;-18",80639188;-52,"66006516;""SR-MS"";""DEL3/8"";""UOP01/MS"""
"261165;583039;2020-01-06;""segunda"";""10:30:00"";""MS"";60;14","2;""CHAPADAO DO SUL"";""Sim"";""Condutor Dormindo"";1;""Saída de leito carroçável"";""Com Vítimas Feridas"";""Pleno dia"";""Decrescente"";""Nublado"";""Simples"";""Reta"";""Não"";466099;""Caminhão"";""GM/CHEVROLET D40 CUSTOM"";1992;""Passageiro"";""Lesões Graves"";67;""Masculino"";0;0;1;0;-18",80639188;-52,"66006516;""SR-MS"";""DEL3/8"";""UOP01/MS"""
"261165;583038;2020-01-06;""segunda"";""10:30:00"";""MS"";60;14","2;""CHAPADAO DO SUL"";""Sim"";""Condutor Dormindo"";1;""Saída de leito carroçável"";""Com Vítimas Feridas"";""Pleno dia"";""Decrescente"";""Nublado"";""Simples"";""Reta"";""Não"";466099;""Caminhão"";""GM/CHEVROLET D40 CUSTOM"";1992;""Passageiro"";""Lesões Leves"";51;""Masculino"";0;1;0;0;-18",80639188;-52,"66006516;""SR-MS"";""DEL3/8"";""UOP01/MS"""
"261165;583035;2020-01-06;""segunda"";""10:30:00"";""MS"";60;14","2;""CHAPADAO DO SUL"";""Sim"";""Condutor Dormindo"";1;""Saída de leito carroçável"";""Com Vítimas Feridas"";""Pleno dia"";""Decrescente"";""Nublado"";""Simples"";""Reta"";""Não"";466099;""Caminhão"";""GM/CHEVROLET D40 CUSTOM"";1992;""Passageiro"";""Lesões Leves"";55;""Masculino"";0;1;0;0;-18",80639188;-52,"66006516;""SR-MS"";""DEL3/8"";""UOP01/MS"""
"261165;583034;2020-01-06;""segunda"";""10:30:00"";""MS"";60;14","2;""CHAPADAO DO SUL"";""Sim"";""Condutor Dormindo"";1;""Saída de leito carroçável"";""Com Vítimas Feridas"";""Pleno dia"";""Decrescente"";""Nublado"";""Simples"";""Reta"";""Não"";466099;""Caminhão"";""GM/CHEVROLET D40 CUSTOM"";1992;""Passageiro"";""Ileso"";24;""Masculino"";1;0;0;0;-18",80639188;-52,"66006516;""SR-MS"";""DEL3/8"";""UOP01/MS"""
"261165;583033;2020-01-06;""segunda"";""10:30:00"";""MS"";60;14","2;""CHAPADAO DO SUL"";""Sim"";""Condutor Dormindo"";1;""Saída de leito carroçável"";""Com Vítimas Feridas"";""Pleno dia"";""Decrescente"";""Nublado"";""Simples"";""Reta"";""Não"";466099;""Caminhão"";""GM/CHEVROLET D40 CUSTOM"";1992;""Condutor"";""Lesões Leves"";68;""Masculino"";0;1;0;0;-18",80639188;-52,"66006516;""SR-MS"";""DEL3/8"";""UOP01/MS"""
"261165;583040;2020-01-06;""segunda"";""10:30:00"";""MS"";60;14","2;""CHAPADAO DO SUL"";""Sim"";""Condutor Dormindo"";2;""Tombamento"";""Com Vítimas Feridas"";""Pleno dia"";""Decrescente"";""Nublado"";""Simples"";""Reta"";""Não"";466099;""Caminhão"";""GM/CHEVROLET D40 CUSTOM"";1992;""Passageiro"";""Lesões Graves"";32;""Masculino"";0;0;1;0;-18",80639188;-52,"66006516;""SR-MS"";""DEL3/8"";""UOP01/MS"""
"261165;583039;2020-01-06;""segunda"";""10:30:00"";""MS"";60;14","2;""CHAPADAO DO SUL"";""Sim"";""Condutor Dormindo"";2;""Tombamento"";""Com Vítimas Feridas"";""Pleno dia"";""Decrescente"";""Nublado"";""Simples"";""Reta"";""Não"";466099;""Caminhão"";""GM/CHEVROLET D40 CUSTOM"";1992;""Passageiro"";""Lesões Graves"";67;""Masculino"";0;0;1;0;-18",80639188;-52,"66006516;""SR-MS"";""DEL3/8"";""UOP01/MS"""
"261165;583038;2020-01-06;""segunda"";""10:30:00"";""MS"";60;14","2;""CHAPADAO DO SUL"";""Sim"";""Condutor Dormindo"";2;""Tombamento"";""Com Vítimas Feridas"";""Pleno dia"";""Decrescente"";""Nublado"";""Simples"";""Reta"";""Não"";466099;""Caminhão"";""GM/CHEVROLET D40 CUSTOM"";1992;""Passageiro"";""Lesões Leves"";51;""Masculino"";0;1;0;0;-18",80639188;-52,"66006516;""SR-MS"";""DEL3/8"";""UOP01/MS"""
"261165;583035;2020-01-06;""segunda"";""10:30:00"";""MS"";60;14","2;""CHAPADAO DO SUL"";""Sim"";""Condutor Dormindo"";2;""Tombamento"";""Com Vítimas Feridas"";""Pleno dia"";""Decrescente"";""Nublado"";""Simples"";""Reta"";""Não"";466099;""Caminhão"";""GM/CHEVROLET D40 CUSTOM"";1992;""Passageiro"";""Lesões Leves"";55;""Masculino"";0;1;0;0;-18",80639188;-52,"66006516;""SR-MS"";""DEL3/8"";""UOP01/MS"""
"261165;583034;2020-01-06;""segunda"";""10:30:00"";""MS"";60;14","2;""CHAPADAO DO SUL"";""Sim"";""Condutor Dormindo"";2;""Tombamento"";""Com Vítimas Feridas"";""Pleno dia"";""Decrescente"";""Nublado"";""Simples"";""Reta"";""Não"";466099;""Caminhão"";""GM/CHEVROLET D40 CUSTOM"";1992;""Passageiro"";""Ileso"";24;""Masculino"";1;0;0;0;-18",80639188;-52,"66006516;""SR-MS"";""DEL3/8"";""UOP01/MS"""
"261165;583033;2020-01-06;""segunda"";""10:30:00"";""MS"";60;14","2;""CHAPADAO DO SUL"";""Sim"";""Condutor Dormindo"";2;""Tombamento"";""Com Vítimas Feridas"";""Pleno dia"";""Decrescente"";""Nublado"";""Simples"";""Reta"";""Não"";466099;""Caminhão"";""GM/CHEVROLET D40 CUSTOM"";1992;""Condutor"";""Lesões Leves"";68;""Masculino"";0;1;0;0;-18",80639188;-52,"66006516;""SR-MS"";""DEL3/8"";""UOP01/MS"""
"261167;581384;2020-01-06;""segunda"";""09:20:00"";""RR"";174;531;""BOA VISTA"";""Sim"";""Falta de Atenção à Condução"";1;""Colisão transversal"";""Com Vítimas Fatais"";""Pleno dia"";""Crescente"";""Céu Claro"";""Simples"";""Reta"";""Não"";466024;""Caminhonete"";""CHEVROLET/S10 LTZ DD4A"";2016;""Condutor"";""Ileso"";41;""Masculino"";1;0;0;0;3",01829;-60,"773609;""SR-RR"";""UOP01/RR"";""""",
"261167;581383;2020-01-06;""segunda"";""09:20:00"";""RR"";174;531;""BOA VISTA"";""Sim"";""Falta de Atenção à Condução"";1;""Colisão transversal"";""Com Vítimas Fatais"";""Pleno dia"";""Crescente"";""Céu Claro"";""Simples"";""Reta"";""Não"";466023;""Motocicleta"";""HONDA/CG 125 TITAN KSE"";2002;""Condutor"";""Óbito"";23;""Masculino"";0;0;0;1;3",01829;-60,"773609;""SR-RR"";""UOP01/RR"";""""",
"261167;581382;2020-01-06;""segunda"";""09:20:00"";""RR"";174;531;""BOA VISTA"";""Sim"";""Falta de Atenção à Condução"";1;""Colisão transversal"";""Com Vítimas Fatais"";""Pleno dia"";""Crescente"";""Céu Claro"";""Simples"";""Reta"";""Não"";466022;""Caminhonete"";""CHEVROLET/MONTANA LS"";2013;""Condutor"";""Ileso"";70;""Masculino"";1;0;0;0;3",01829;-60,"773609;""SR-RR"";""UOP01/RR"";""""",
"261168;582338;2020-01-06;""segunda"";""10:30:00"";""PA"";316;45;""SANTA IZABEL DO PARA"";""Sim"";""Avarias e/ou desgaste excessivo no pneu"";2;""Capotamento"";""Com Vítimas Feridas"";""Pleno dia"";""Crescente"";""Chuva"";""Dupla"";""Curva"";""Não"";466113;""Automóvel"";""VW/GOL 1.0"";2009;""Condutor"";""Lesões Leves"";NA;""Feminino"";0;1;0;0;-1",277567;-48,"078326;""SR-PA"";""DEL19/1"";""UOP01/PA""",
"261168;582338;2020-01-06;""segunda"";""10:30:00"";""PA"";316;45;""SANTA IZABEL DO PARA"";""Sim"";""Avarias e/ou desgaste excessivo no pneu"";1;""Saída de leito carroçável"";""Com Vítimas Feridas"";""Pleno dia"";""Crescente"";""Chuva"";""Dupla"";""Curva"";""Não"";466113;""Automóvel"";""VW/GOL 1.0"";2009;""Condutor"";""Lesões Leves"";NA;""Feminino"";0;1;0;0;-1",277567;-48,"078326;""SR-PA"";""DEL19/1"";""UOP01/PA""",
"261169;583482;2020-01-06;""segunda"";""12:08:00"";""RJ"";116;198;""QUEIMADOS"";""Sim"";""Defeito Mecânico no Veículo"";1;""Capotamento"";""Com Vítimas Feridas"";""Pleno dia"";""Decrescente"";""Céu Claro"";""Dupla"";""Reta"";""Não"";465892;""Caminhonete"";""RENAULT/MSTR MARIMAR AMB"";2012;""Passageiro"";""Lesões Leves"";36;""Masculino"";0;1;0;0;-22",72952183;-43,"57481597;""SR-RJ"";""DEL5/1"";""UOP02/RJ""",
"261169;583483;2020-01-06;""segunda"";""12:08:00"";""RJ"";116;198;""QUEIMADOS"";""Sim"";""Defeito Mecânico no Veículo"";1;""Capotamento"";""Com Vítimas Feridas"";""Pleno dia"";""Decrescente"";""Céu Claro"";""Dupla"";""Reta"";""Não"";465892;""Caminhonete"";""RENAULT/MSTR MARIMAR AMB"";2012;""Passageiro"";""Lesões Leves"";40;""Feminino"";0;1;0;0;-22",72952183;-43,"57481597;""SR-RJ"";""DEL5/1"";""UOP02/RJ""",
"261169;583480;2020-01-06;""segunda"";""12:08:00"";""RJ"";116;198;""QUEIMADOS"";""Sim"";""Defeito Mecânico no Veículo"";1;""Capotamento"";""Com Vítimas Feridas"";""Pleno dia"";""Decrescente"";""Céu Claro"";""Dupla"";""Reta"";""Não"";465892;""Caminhonete"";""RENAULT/MSTR MARIMAR AMB"";2012;""Passageiro"";""Lesões Leves"";39;""Feminino"";0;1;0;0;-22",72952183;-43,"57481597;""SR-RJ"";""DEL5/1"";""UOP02/RJ""",
"261169;583479;2020-01-06;""segunda"";""12:08:00"";""RJ"";116;198;""QUEIMADOS"";""Sim"";""Defeito Mecânico no Veículo"";1;""Capotamento"";""Com Vítimas Feridas"";""Pleno dia"";""Decrescente"";""Céu Claro"";""Dupla"";""Reta"";""Não"";465892;""Caminhonete"";""RENAULT/MSTR MARIMAR AMB"";2012;""Condutor"";""Lesões Leves"";48;""Masculino"";0;1;0;0;-22",72952183;-43,"57481597;""SR-RJ"";""DEL5/1"";""UOP02/RJ""",
"261170;581252;2020-01-06;""segunda"";""11:45:00"";""MG"";251;522","4;""MONTES CLAROS"";""Não"";""Pista Escorregadia"";1;""Engavetamento"";""Com Vítimas Feridas"";""Pleno dia"";""Crescente"";""Céu Claro"";""Simples"";""Não Informado"";""Não"";465959;""Automóvel"";"""";NA;""Condutor"";""Ileso"";NA;""Ignorado"";1;0;0;0;-16",67231151;-43,"79507124;""SR-MG"";""DEL4/12"";""UOP01/MG"""
"261170;581190;2020-01-06;""segunda"";""11:45:00"";""MG"";251;522","4;""MONTES CLAROS"";""Não"";""Pista Escorregadia"";1;""Engavetamento"";""Com Vítimas Feridas"";""Pleno dia"";""Crescente"";""Céu Claro"";""Simples"";""Não Informado"";""Não"";465914;""Automóvel"";""VW/NOVO GOL 1.0 CITY"";2013;""Condutor"";""Ileso"";45;""Masculino"";1;0;0;0;-16",67231151;-43,"79507124;""SR-MG"";""DEL4/12"";""UOP01/MG"""
"261170;581193;2020-01-06;""segunda"";""11:45:00"";""MG"";251;522","4;""MONTES CLAROS"";""Não"";""Pista Escorregadia"";1;""Engavetamento"";""Com Vítimas Feridas"";""Pleno dia"";""Crescente"";""Céu Claro"";""Simples"";""Não Informado"";""Não"";465915;""Caminhonete"";""MMC/L200 TRITON FLEX"";2014;""Condutor"";""Ileso"";41;""Masculino"";1;0;0;0;-16",67231151;-43,"79507124;""SR-MG"";""DEL4/12"";""UOP01/MG"""
"261170;581198;2020-01-06;""segunda"";""11:45:00"";""MG"";251;522","4;""MONTES CLAROS"";""Não"";""Pista Escorregadia"";1;""Engavetamento"";""Com Vítimas Feridas"";""Pleno dia"";""Crescente"";""Céu Claro"";""Simples"";""Não Informado"";""Não"";465916;""Automóvel"";""HYUNDAI/HB20 1.6M 1.6M"";2013;""Passageiro"";""Lesões Leves"";7;""Feminino"";0;1;0;0;-16",67231151;-43,"79507124;""SR-MG"";""DEL4/12"";""UOP01/MG"""
"261170;581200;2020-01-06;""segunda"";""11:45:00"";""MG"";251;522","4;""MONTES CLAROS"";""Não"";""Pista Escorregadia"";1;""Engavetamento"";""Com Vítimas Feridas"";""Pleno dia"";""Crescente"";""Céu Claro"";""Simples"";""Não Informado"";""Não"";465916;""Automóvel"";""HYUNDAI/HB20 1.6M 1.6M"";2013;""Passageiro"";""Ileso"";31;""Feminino"";1;0;0;0;-16",67231151;-43,"79507124;""SR-MG"";""DEL4/12"";""UOP01/MG"""
"261170;581195;2020-01-06;""segunda"";""11:45:00"";""MG"";251;522","4;""MONTES CLAROS"";""Não"";""Pista Escorregadia"";1;""Engavetamento"";""Com Vítimas Feridas"";""Pleno dia"";""Crescente"";""Céu Claro"";""Simples"";""Não Informado"";""Não"";465916;""Automóvel"";""HYUNDAI/HB20 1.6M 1.6M"";2013;""Condutor"";""Ileso"";39;""Masculino"";1;0;0;0;-16",67231151;-43,"79507124;""SR-MG"";""DEL4/12"";""UOP01/MG"""
"261170;581216;2020-01-06;""segunda"";""11:45:00"";""MG"";251;522","4;""MONTES CLAROS"";""Não"";""Pista Escorregadia"";1;""Engavetamento"";""Com Vítimas Feridas"";""Pleno dia"";""Crescente"";""Céu Claro"";""Simples"";""Não Informado"";""Não"";465917;""Automóvel"";""GM/CELTA 4P LIFE"";2009;""Passageiro"";""Lesões Leves"";8;""Masculino"";0;1;0;0;-16",67231151;-43,"79507124;""SR-MG"";""DEL4/12"";""UOP01/MG"""
"261170;581207;2020-01-06;""segunda"";""11:45:00"";""MG"";251;522","4;""MONTES CLAROS"";""Não"";""Pista Escorregadia"";1;""Engavetamento"";""Com Vítimas Feridas"";""Pleno dia"";""Crescente"";""Céu Claro"";""Simples"";""Não Informado"";""Não"";465917;""Automóvel"";""GM/CELTA 4P LIFE"";2009;""Passageiro"";""Lesões Leves"";35;""Feminino"";0;1;0;0;-16",67231151;-43,"79507124;""SR-MG"";""DEL4/12"";""UOP01/MG"""
"261170;581202;2020-01-06;""segunda"";""11:45:00"";""MG"";251;522","4;""MONTES CLAROS"";""Não"";""Pista Escorregadia"";1;""Engavetamento"";""Com Vítimas Feridas"";""Pleno dia"";""Crescente"";""Céu Claro"";""Simples"";""Não Informado"";""Não"";465917;""Automóvel"";""GM/CELTA 4P LIFE"";2009;""Condutor"";""Ileso"";36;""Masculino"";1;0;0;0;-16",67231151;-43,"79507124;""SR-MG"";""DEL4/12"";""UOP01/MG"""
"261170;581252;2020-01-06;""segunda"";""11:45:00"";""MG"";251;522","4;""MONTES CLAROS"";""Sim"";""Não guardar distância de segurança"";1;""Engavetamento"";""Com Vítimas Feridas"";""Pleno dia"";""Crescente"";""Céu Claro"";""Simples"";""Não Informado"";""Não"";465959;""Automóvel"";"""";NA;""Condutor"";""Ileso"";NA;""Ignorado"";1;0;0;0;-16",67231151;-43,"79507124;""SR-MG"";""DEL4/12"";""UOP01/MG"""
"261170;581190;2020-01-06;""segunda"";""11:45:00"";""MG"";251;522","4;""MONTES CLAROS"";""Sim"";""Não guardar distância de segurança"";1;""Engavetamento"";""Com Vítimas Feridas"";""Pleno dia"";""Crescente"";""Céu Claro"";""Simples"";""Não Informado"";""Não"";465914;""Automóvel"";""VW/NOVO GOL 1.0 CITY"";2013;""Condutor"";""Ileso"";45;""Masculino"";1;0;0;0;-16",67231151;-43,"79507124;""SR-MG"";""DEL4/12"";""UOP01/MG"""
"261170;581193;2020-01-06;""segunda"";""11:45:00"";""MG"";251;522","4;""MONTES CLAROS"";""Sim"";""Não guardar distância de segurança"";1;""Engavetamento"";""Com Vítimas Feridas"";""Pleno dia"";""Crescente"";""Céu Claro"";""Simples"";""Não Informado"";""Não"";465915;""Caminhonete"";""MMC/L200 TRITON FLEX"";2014;""Condutor"";""Ileso"";41;""Masculino"";1;0;0;0;-16",67231151;-43,"79507124;""SR-MG"";""DEL4/12"";""UOP01/MG"""
"261170;581198;2020-01-06;""segunda"";""11:45:00"";""MG"";251;522","4;""MONTES CLAROS"";""Sim"";""Não guardar distância de segurança"";1;""Engavetamento"";""Com Vítimas Feridas"";""Pleno dia"";""Crescente"";""Céu Claro"";""Simples"";""Não Informado"";""Não"";465916;""Automóvel"";""HYUNDAI/HB20 1.6M 1.6M"";2013;""Passageiro"";""Lesões Leves"";7;""Feminino"";0;1;0;0;-16",67231151;-43,"79507124;""SR-MG"";""DEL4/12"";""UOP01/MG"""
"261170;581200;2020-01-06;""segunda"";""11:45:00"";""MG"";251;522","4;""MONTES CLAROS"";""Sim"";""Não guardar distância de segurança"";1;""Engavetamento"";""Com Vítimas Feridas"";""Pleno dia"";""Crescente"";""Céu Claro"";""Simples"";""Não Informado"";""Não"";465916;""Automóvel"";""HYUNDAI/HB20 1.6M 1.6M"";2013;""Passageiro"";""Ileso"";31;""Feminino"";1;0;0;0;-16",67231151;-43,"79507124;""SR-MG"";""DEL4/12"";""UOP01/MG"""
"261170;581195;2020-01-06;""segunda"";""11:45:00"";""MG"";251;522","4;""MONTES CLAROS"";""Sim"";""Não guardar distância de segurança"";1;""Engavetamento"";""Com Vítimas Feridas"";""Pleno dia"";""Crescente"";""Céu Claro"";""Simples"";""Não Informado"";""Não"";465916;""Automóvel"";""HYUNDAI/HB20 1.6M 1.6M"";2013;""Condutor"";""Ileso"";39;""Masculino"";1;0;0;0;-16",67231151;-43,"79507124;""SR-MG"";""DEL4/12"";""UOP01/MG"""
"261170;581216;2020-01-06;""segunda"";""11:45:00"";""MG"";251;522","4;""MONTES CLAROS"";""Sim"";""Não guardar distância de segurança"";1;""Engavetamento"";""Com Vítimas Feridas"";""Pleno dia"";""Crescente"";""Céu Claro"";""Simples"";""Não Informado"";""Não"";465917;""Automóvel"";""GM/CELTA 4P LIFE"";2009;""Passageiro"";""Lesões Leves"";8;""Masculino"";0;1;0;0;-16",67231151;-43,"79507124;""SR-MG"";""DEL4/12"";""UOP01/MG"""