"id;""pesid"";""data_inversa"";""dia_semana"";""horario"";""uf"";""br"";""km"";""municipio"";""causa_principal"";""causa_acidente"";""ordem_tipo_acidente"";""tipo_acidente"";""classificacao_acidente"";""fase_dia"";""sentido_via"";""condicao_metereologica"";""tipo_pista"";""tracado_via"";""uso_solo"";""id_veiculo"";""tipo_veiculo"";""marca"";""ano_fabricacao_veiculo"";""tipo_envolvido"";""estado_fisico"";""idade"";""sexo"";""ilesos"";""feridos_leves"";""feridos_graves"";""mortos"";""latitude"";""longitude"";""regional"";""delegacia"";""uop""",,,
"261170;581207;2020-01-06;""segunda"";""11:45:00"";""MG"";251;522","4;""MONTES CLAROS"";""Sim"";""Não guardar distância de segurança"";1;""Engavetamento"";""Com Vítimas Feridas"";""Pleno dia"";""Crescente"";""Céu Claro"";""Simples"";""Não Informado"";""Não"";465917;""Automóvel"";""GM/CELTA 4P LIFE"";2009;""Passageiro"";""Lesões Leves"";35;""Feminino"";0;1;0;0;-16",67231151;-43,"79507124;""SR-MG"";""DEL4/12"";""UOP01/MG"""
"261170;581202;2020-01-06;""segunda"";""11:45:00"";""MG"";251;522","4;""MONTES CLAROS"";""Sim"";""Não guardar distância de segurança"";1;""Engavetamento"";""Com Vítimas Feridas"";""Pleno dia"";""Crescente"";""Céu Claro"";""Simples"";""Não Informado"";""Não"";465917;""Automóvel"";""GM/CELTA 4P LIFE"";2009;""Condutor"";""Ileso"";36;""Masculino"";1;0;0;0;-16",67231151;-43,"79507124;""SR-MG"";""DEL4/12"";""UOP01/MG"""
"261171;581164;2020-01-06;""segunda"";""11:20:00"";""MG"";381;336;""NOVA ERA"";""Sim"";""Velocidade Incompatível"";2;""Capotamento"";""Com Vítimas Feridas"";""Pleno dia"";""Decrescente"";""Céu Claro"";""Simples"";""Não Informado"";""Não"";465900;""Caminhonete"";""FIAT/STRADA ADVENT FLEX"";2016;""Passageiro"";""Ileso"";27;""Feminino"";1;0;0;0;-19",82119502;-43,"07407899;""SR-MG"";""DEL4/3"";""UOP01/MG""",
"261171;581163;2020-01-06;""segunda"";""11:20:00"";""MG"";381;336;""NOVA ERA"";""Sim"";""Velocidade Incompatível"";2;""Capotamento"";""Com Vítimas Feridas"";""Pleno dia"";""Decrescente"";""Céu Claro"";""Simples"";""Não Informado"";""Não"";465900;""Caminhonete"";""FIAT/STRADA ADVENT FLEX"";2016;""Condutor"";""Lesões Leves"";26;""Masculino"";0;1;0;0;-19",82119502;-43,"07407899;""SR-MG"";""DEL4/3"";""UOP01/MG""",
"261171;581164;2020-01-06;""segunda"";""11:20:00"";""MG"";381;336;""NOVA ERA"";""Sim"";""Velocidade Incompatível"";1;""Saída de leito carroçável"";""Com Vítimas Feridas"";""Pleno dia"";""Decrescente"";""Céu Claro"";""Simples"";""Não Informado"";""Não"";465900;""Caminhonete"";""FIAT/STRADA ADVENT FLEX"";2016;""Passageiro"";""Ileso"";27;""Feminino"";1;0;0;0;-19",82119502;-43,"07407899;""SR-MG"";""DEL4/3"";""UOP01/MG""",
"261171;581163;2020-01-06;""segunda"";""11:20:00"";""MG"";381;336;""NOVA ERA"";""Sim"";""Velocidade Incompatível"";1;""Saída de leito carroçável"";""Com Vítimas Feridas"";""Pleno dia"";""Decrescente"";""Céu Claro"";""Simples"";""Não Informado"";""Não"";465900;""Caminhonete"";""FIAT/STRADA ADVENT FLEX"";2016;""Condutor"";""Lesões Leves"";26;""Masculino"";0;1;0;0;-19",82119502;-43,"07407899;""SR-MG"";""DEL4/3"";""UOP01/MG""",
"261172;581520;2020-01-06;""segunda"";""12:20:00"";""TO"";153;414","7;""MIRANORTE"";""Sim"";""Desobediência às normas de trânsito pelo condutor"";1;""Queda de ocupante de veículo"";""Com Vítimas Feridas"";""Pleno dia"";""Decrescente"";""Nublado"";""Dupla"";""Retorno Regulamentado"";""Sim"";465966;""Automóvel"";""VW/GOL SPECIAL"";2000;""Condutor"";""Não Informado"";NA;""Não Informado"";0;0;0;0;-9",532369;-48,"593407;""SR-TO"";""UOP02/TO"";"""""
"261172;581403;2020-01-06;""segunda"";""12:20:00"";""TO"";153;414","7;""MIRANORTE"";""Sim"";""Desobediência às normas de trânsito pelo condutor"";1;""Queda de ocupante de veículo"";""Com Vítimas Feridas"";""Pleno dia"";""Decrescente"";""Nublado"";""Dupla"";""Retorno Regulamentado"";""Sim"";465965;""Motoneta"";""HONDA/BIZ 125"";2019;""Condutor"";""Lesões Leves"";20;""Feminino"";0;1;0;0;-9",532369;-48,"593407;""SR-TO"";""UOP02/TO"";"""""
"261173;581186;2020-01-06;""segunda"";""12:15:00"";""RS"";153;48","9;""ERECHIM"";""Não"";""Velocidade Incompatível"";2;""Tombamento"";""Com Vítimas Feridas"";""Pleno dia"";""Decrescente"";""Céu Claro"";""Simples"";""Interseção de vias"";""Sim"";465909;""Automóvel"";""VW/FOX 1.6"";2005;""Passageiro"";""Ileso"";NA;""Feminino"";1;0;0;0;-27",65118001;-52,"257248;""SR-RS"";""DEL08"";""UOP04/RS"""
"261173;581185;2020-01-06;""segunda"";""12:15:00"";""RS"";153;48","9;""ERECHIM"";""Não"";""Velocidade Incompatível"";2;""Tombamento"";""Com Vítimas Feridas"";""Pleno dia"";""Decrescente"";""Céu Claro"";""Simples"";""Interseção de vias"";""Sim"";465909;""Automóvel"";""VW/FOX 1.6"";2005;""Condutor"";""Ileso"";23;""Masculino"";1;0;0;0;-27",65118001;-52,"257248;""SR-RS"";""DEL08"";""UOP04/RS"""
"261173;581183;2020-01-06;""segunda"";""12:15:00"";""RS"";153;48","9;""ERECHIM"";""Não"";""Velocidade Incompatível"";2;""Tombamento"";""Com Vítimas Feridas"";""Pleno dia"";""Decrescente"";""Céu Claro"";""Simples"";""Interseção de vias"";""Sim"";465908;""Motocicleta"";""HONDA/CG 125 FAN"";2008;""Condutor"";""Lesões Leves"";28;""Masculino"";0;1;0;0;-27",65118001;-52,"257248;""SR-RS"";""DEL08"";""UOP04/RS"""
"261173;581186;2020-01-06;""segunda"";""12:15:00"";""RS"";153;48","9;""ERECHIM"";""Não"";""Velocidade Incompatível"";1;""Colisão traseira"";""Com Vítimas Feridas"";""Pleno dia"";""Decrescente"";""Céu Claro"";""Simples"";""Interseção de vias"";""Sim"";465909;""Automóvel"";""VW/FOX 1.6"";2005;""Passageiro"";""Ileso"";NA;""Feminino"";1;0;0;0;-27",65118001;-52,"257248;""SR-RS"";""DEL08"";""UOP04/RS"""
"261173;581185;2020-01-06;""segunda"";""12:15:00"";""RS"";153;48","9;""ERECHIM"";""Não"";""Velocidade Incompatível"";1;""Colisão traseira"";""Com Vítimas Feridas"";""Pleno dia"";""Decrescente"";""Céu Claro"";""Simples"";""Interseção de vias"";""Sim"";465909;""Automóvel"";""VW/FOX 1.6"";2005;""Condutor"";""Ileso"";23;""Masculino"";1;0;0;0;-27",65118001;-52,"257248;""SR-RS"";""DEL08"";""UOP04/RS"""
"261173;581183;2020-01-06;""segunda"";""12:15:00"";""RS"";153;48","9;""ERECHIM"";""Não"";""Velocidade Incompatível"";1;""Colisão traseira"";""Com Vítimas Feridas"";""Pleno dia"";""Decrescente"";""Céu Claro"";""Simples"";""Interseção de vias"";""Sim"";465908;""Motocicleta"";""HONDA/CG 125 FAN"";2008;""Condutor"";""Lesões Leves"";28;""Masculino"";0;1;0;0;-27",65118001;-52,"257248;""SR-RS"";""DEL08"";""UOP04/RS"""
"261173;581186;2020-01-06;""segunda"";""12:15:00"";""RS"";153;48","9;""ERECHIM"";""Sim"";""Desobediência às normas de trânsito pelo condutor"";2;""Tombamento"";""Com Vítimas Feridas"";""Pleno dia"";""Decrescente"";""Céu Claro"";""Simples"";""Interseção de vias"";""Sim"";465909;""Automóvel"";""VW/FOX 1.6"";2005;""Passageiro"";""Ileso"";NA;""Feminino"";1;0;0;0;-27",65118001;-52,"257248;""SR-RS"";""DEL08"";""UOP04/RS"""
"261173;581185;2020-01-06;""segunda"";""12:15:00"";""RS"";153;48","9;""ERECHIM"";""Sim"";""Desobediência às normas de trânsito pelo condutor"";2;""Tombamento"";""Com Vítimas Feridas"";""Pleno dia"";""Decrescente"";""Céu Claro"";""Simples"";""Interseção de vias"";""Sim"";465909;""Automóvel"";""VW/FOX 1.6"";2005;""Condutor"";""Ileso"";23;""Masculino"";1;0;0;0;-27",65118001;-52,"257248;""SR-RS"";""DEL08"";""UOP04/RS"""
"261173;581183;2020-01-06;""segunda"";""12:15:00"";""RS"";153;48","9;""ERECHIM"";""Sim"";""Desobediência às normas de trânsito pelo condutor"";2;""Tombamento"";""Com Vítimas Feridas"";""Pleno dia"";""Decrescente"";""Céu Claro"";""Simples"";""Interseção de vias"";""Sim"";465908;""Motocicleta"";""HONDA/CG 125 FAN"";2008;""Condutor"";""Lesões Leves"";28;""Masculino"";0;1;0;0;-27",65118001;-52,"257248;""SR-RS"";""DEL08"";""UOP04/RS"""
"261173;581186;2020-01-06;""segunda"";""12:15:00"";""RS"";153;48","9;""ERECHIM"";""Sim"";""Desobediência às normas de trânsito pelo condutor"";1;""Colisão traseira"";""Com Vítimas Feridas"";""Pleno dia"";""Decrescente"";""Céu Claro"";""Simples"";""Interseção de vias"";""Sim"";465909;""Automóvel"";""VW/FOX 1.6"";2005;""Passageiro"";""Ileso"";NA;""Feminino"";1;0;0;0;-27",65118001;-52,"257248;""SR-RS"";""DEL08"";""UOP04/RS"""
"261173;581185;2020-01-06;""segunda"";""12:15:00"";""RS"";153;48","9;""ERECHIM"";""Sim"";""Desobediência às normas de trânsito pelo condutor"";1;""Colisão traseira"";""Com Vítimas Feridas"";""Pleno dia"";""Decrescente"";""Céu Claro"";""Simples"";""Interseção de vias"";""Sim"";465909;""Automóvel"";""VW/FOX 1.6"";2005;""Condutor"";""Ileso"";23;""Masculino"";1;0;0;0;-27",65118001;-52,"257248;""SR-RS"";""DEL08"";""UOP04/RS"""
"261173;581183;2020-01-06;""segunda"";""12:15:00"";""RS"";153;48","9;""ERECHIM"";""Sim"";""Desobediência às normas de trânsito pelo condutor"";1;""Colisão traseira"";""Com Vítimas Feridas"";""Pleno dia"";""Decrescente"";""Céu Claro"";""Simples"";""Interseção de vias"";""Sim"";465908;""Motocicleta"";""HONDA/CG 125 FAN"";2008;""Condutor"";""Lesões Leves"";28;""Masculino"";0;1;0;0;-27",65118001;-52,"257248;""SR-RS"";""DEL08"";""UOP04/RS"""
"261174;581380;2020-01-06;""segunda"";""12:35:00"";""MG"";262;148;""SAO DOMINGOS DO PRATA"";""Sim"";""Falta de Atenção à Condução"";1;""Colisão transversal"";""Com Vítimas Feridas"";""Pleno dia"";""Crescente"";""Céu Claro"";""Simples"";""Reta"";""Não"";465921;""Automóvel"";""FIAT/UNO MILLE FIRE FLEX"";2007;""Condutor"";""Ileso"";56;""Feminino"";1;0;0;0;-20",0130291;-42,"74983565;""SR-MG"";""DEL4/3"";""UOP03/MG""",
"261174;581372;2020-01-06;""segunda"";""12:35:00"";""MG"";262;148;""SAO DOMINGOS DO PRATA"";""Sim"";""Falta de Atenção à Condução"";1;""Colisão transversal"";""Com Vítimas Feridas"";""Pleno dia"";""Crescente"";""Céu Claro"";""Simples"";""Reta"";""Não"";465922;""Motocicleta"";""HONDA/XRE 300 ABS"";2019;""Condutor"";""Lesões Graves"";27;""Masculino"";0;0;1;0;-20",0130291;-42,"74983565;""SR-MG"";""DEL4/3"";""UOP03/MG""",
"261174;581377;2020-01-06;""segunda"";""12:35:00"";""MG"";262;148;""SAO DOMINGOS DO PRATA"";""Sim"";""Falta de Atenção à Condução"";1;""Colisão transversal"";""Com Vítimas Feridas"";""Pleno dia"";""Crescente"";""Céu Claro"";""Simples"";""Reta"";""Não"";465922;""Motocicleta"";""HONDA/XRE 300 ABS"";2019;""Passageiro"";""Lesões Leves"";31;""Feminino"";0;1;0;0;-20",0130291;-42,"74983565;""SR-MG"";""DEL4/3"";""UOP03/MG""",
"261175;581217;2020-01-06;""segunda"";""12:40:00"";""MG"";381;630","8;""OLIVEIRA"";""Sim"";""Velocidade Incompatível"";2;""Capotamento"";""Com Vítimas Feridas"";""Pleno dia"";""Crescente"";""Garoa/Chuvisco"";""Dupla"";""Não Informado"";""Não"";465930;""Automóvel"";""HONDA/FIT LX FLEX"";2008;""Passageiro"";""Lesões Graves"";3;""Feminino"";0;0;1;0;-20",84702065;-44,"83281432;""SR-MG"";""DEL4/4"";""UOP01/MG"""
"261175;581214;2020-01-06;""segunda"";""12:40:00"";""MG"";381;630","8;""OLIVEIRA"";""Sim"";""Velocidade Incompatível"";2;""Capotamento"";""Com Vítimas Feridas"";""Pleno dia"";""Crescente"";""Garoa/Chuvisco"";""Dupla"";""Não Informado"";""Não"";465930;""Automóvel"";""HONDA/FIT LX FLEX"";2008;""Passageiro"";""Lesões Leves"";29;""Feminino"";0;1;0;0;-20",84702065;-44,"83281432;""SR-MG"";""DEL4/4"";""UOP01/MG"""
"261175;581203;2020-01-06;""segunda"";""12:40:00"";""MG"";381;630","8;""OLIVEIRA"";""Sim"";""Velocidade Incompatível"";2;""Capotamento"";""Com Vítimas Feridas"";""Pleno dia"";""Crescente"";""Garoa/Chuvisco"";""Dupla"";""Não Informado"";""Não"";465930;""Automóvel"";""HONDA/FIT LX FLEX"";2008;""Condutor"";""Lesões Leves"";31;""Masculino"";0;1;0;0;-20",84702065;-44,"83281432;""SR-MG"";""DEL4/4"";""UOP01/MG"""
"261175;581217;2020-01-06;""segunda"";""12:40:00"";""MG"";381;630","8;""OLIVEIRA"";""Sim"";""Velocidade Incompatível"";1;""Saída de leito carroçável"";""Com Vítimas Feridas"";""Pleno dia"";""Crescente"";""Garoa/Chuvisco"";""Dupla"";""Não Informado"";""Não"";465930;""Automóvel"";""HONDA/FIT LX FLEX"";2008;""Passageiro"";""Lesões Graves"";3;""Feminino"";0;0;1;0;-20",84702065;-44,"83281432;""SR-MG"";""DEL4/4"";""UOP01/MG"""
"261175;581214;2020-01-06;""segunda"";""12:40:00"";""MG"";381;630","8;""OLIVEIRA"";""Sim"";""Velocidade Incompatível"";1;""Saída de leito carroçável"";""Com Vítimas Feridas"";""Pleno dia"";""Crescente"";""Garoa/Chuvisco"";""Dupla"";""Não Informado"";""Não"";465930;""Automóvel"";""HONDA/FIT LX FLEX"";2008;""Passageiro"";""Lesões Leves"";29;""Feminino"";0;1;0;0;-20",84702065;-44,"83281432;""SR-MG"";""DEL4/4"";""UOP01/MG"""
"261175;581203;2020-01-06;""segunda"";""12:40:00"";""MG"";381;630","8;""OLIVEIRA"";""Sim"";""Velocidade Incompatível"";1;""Saída de leito carroçável"";""Com Vítimas Feridas"";""Pleno dia"";""Crescente"";""Garoa/Chuvisco"";""Dupla"";""Não Informado"";""Não"";465930;""Automóvel"";""HONDA/FIT LX FLEX"";2008;""Condutor"";""Lesões Leves"";31;""Masculino"";0;1;0;0;-20",84702065;-44,"83281432;""SR-MG"";""DEL4/4"";""UOP01/MG"""
"261176;581292;2020-01-06;""segunda"";""11:30:00"";""RS"";470;159;""NOVA PRATA"";""Não"";""Falta de Atenção à Condução"";1;""Colisão transversal"";""Com Vítimas Feridas"";""Pleno dia"";""Decrescente"";""Céu Claro"";""Simples"";""Não Informado"";""Sim"";465936;""Caminhonete"";""GM/CHEVROLET D20 CUSTOM S"";1991;""Passageiro"";""Ileso"";18;""Masculino"";1;0;0;0;-28",80493769;-51,"60799926;""SR-RS"";""DEL9/6"";""UOP02/RS""",
"261176;581289;2020-01-06;""segunda"";""11:30:00"";""RS"";470;159;""NOVA PRATA"";""Não"";""Falta de Atenção à Condução"";1;""Colisão transversal"";""Com Vítimas Feridas"";""Pleno dia"";""Decrescente"";""Céu Claro"";""Simples"";""Não Informado"";""Sim"";465936;""Caminhonete"";""GM/CHEVROLET D20 CUSTOM S"";1991;""Condutor"";""Lesões Leves"";61;""Masculino"";0;1;0;0;-28",80493769;-51,"60799926;""SR-RS"";""DEL9/6"";""UOP02/RS""",
"261176;581287;2020-01-06;""segunda"";""11:30:00"";""RS"";470;159;""NOVA PRATA"";""Não"";""Falta de Atenção à Condução"";1;""Colisão transversal"";""Com Vítimas Feridas"";""Pleno dia"";""Decrescente"";""Céu Claro"";""Simples"";""Não Informado"";""Sim"";465935;""Caminhonete"";""VW/SAVEIRO 1.6 CS"";2012;""Condutor"";""Ileso"";42;""Masculino"";1;0;0;0;-28",80493769;-51,"60799926;""SR-RS"";""DEL9/6"";""UOP02/RS""",
"261176;581292;2020-01-06;""segunda"";""11:30:00"";""RS"";470;159;""NOVA PRATA"";""Sim"";""Desobediência às normas de trânsito pelo condutor"";1;""Colisão transversal"";""Com Vítimas Feridas"";""Pleno dia"";""Decrescente"";""Céu Claro"";""Simples"";""Não Informado"";""Sim"";465936;""Caminhonete"";""GM/CHEVROLET D20 CUSTOM S"";1991;""Passageiro"";""Ileso"";18;""Masculino"";1;0;0;0;-28",80493769;-51,"60799926;""SR-RS"";""DEL9/6"";""UOP02/RS""",
"261176;581289;2020-01-06;""segunda"";""11:30:00"";""RS"";470;159;""NOVA PRATA"";""Sim"";""Desobediência às normas de trânsito pelo condutor"";1;""Colisão transversal"";""Com Vítimas Feridas"";""Pleno dia"";""Decrescente"";""Céu Claro"";""Simples"";""Não Informado"";""Sim"";465936;""Caminhonete"";""GM/CHEVROLET D20 CUSTOM S"";1991;""Condutor"";""Lesões Leves"";61;""Masculino"";0;1;0;0;-28",80493769;-51,"60799926;""SR-RS"";""DEL9/6"";""UOP02/RS""",
"261176;581287;2020-01-06;""segunda"";""11:30:00"";""RS"";470;159;""NOVA PRATA"";""Sim"";""Desobediência às normas de trânsito pelo condutor"";1;""Colisão transversal"";""Com Vítimas Feridas"";""Pleno dia"";""Decrescente"";""Céu Claro"";""Simples"";""Não Informado"";""Sim"";465935;""Caminhonete"";""VW/SAVEIRO 1.6 CS"";2012;""Condutor"";""Ileso"";42;""Masculino"";1;0;0;0;-28",80493769;-51,"60799926;""SR-RS"";""DEL9/6"";""UOP02/RS""",
"261177;581427;2020-01-06;""segunda"";""08:20:00"";""GO"";153;369","1;""JARAGUA"";""Sim"";""Defeito na Via"";1;""Colisão frontal"";""Com Vítimas Feridas"";""Pleno dia"";""Decrescente"";""Nublado"";""Simples"";""Desvio Temporário"";""Não"";466021;""Caminhonete"";""I/TOYOTA HILUX CD4X4 SR"";2013;""Condutor"";""Ileso"";32;""Masculino"";1;0;0;0;-15",83090246;-49,"2791748;""SR-GO"";""DEL1/2"";""UOP02/GO"""
"261177;581424;2020-01-06;""segunda"";""08:20:00"";""GO"";153;369","1;""JARAGUA"";""Sim"";""Defeito na Via"";1;""Colisão frontal"";""Com Vítimas Feridas"";""Pleno dia"";""Decrescente"";""Nublado"";""Simples"";""Desvio Temporário"";""Não"";466020;""Automóvel"";""FIAT/UNO MILLE EP"";1995;""Passageiro"";""Lesões Leves"";9;""Masculino"";0;1;0;0;-15",83090246;-49,"2791748;""SR-GO"";""DEL1/2"";""UOP02/GO"""
"261177;581421;2020-01-06;""segunda"";""08:20:00"";""GO"";153;369","1;""JARAGUA"";""Sim"";""Defeito na Via"";1;""Colisão frontal"";""Com Vítimas Feridas"";""Pleno dia"";""Decrescente"";""Nublado"";""Simples"";""Desvio Temporário"";""Não"";466020;""Automóvel"";""FIAT/UNO MILLE EP"";1995;""Passageiro"";""Lesões Leves"";28;""Feminino"";0;1;0;0;-15",83090246;-49,"2791748;""SR-GO"";""DEL1/2"";""UOP02/GO"""
"261177;581419;2020-01-06;""segunda"";""08:20:00"";""GO"";153;369","1;""JARAGUA"";""Sim"";""Defeito na Via"";1;""Colisão frontal"";""Com Vítimas Feridas"";""Pleno dia"";""Decrescente"";""Nublado"";""Simples"";""Desvio Temporário"";""Não"";466020;""Automóvel"";""FIAT/UNO MILLE EP"";1995;""Condutor"";""Ileso"";44;""Masculino"";1;0;0;0;-15",83090246;-49,"2791748;""SR-GO"";""DEL1/2"";""UOP02/GO"""
"261177;581414;2020-01-06;""segunda"";""08:20:00"";""GO"";153;369","1;""JARAGUA"";""Sim"";""Defeito na Via"";1;""Colisão frontal"";""Com Vítimas Feridas"";""Pleno dia"";""Decrescente"";""Nublado"";""Simples"";""Desvio Temporário"";""Não"";466019;""Caminhão"";""VW/8.160 DRC 4X2"";2012;""Condutor"";""Ileso"";41;""Masculino"";1;0;0;0;-15",83090246;-49,"2791748;""SR-GO"";""DEL1/2"";""UOP02/GO"""
"261177;581410;2020-01-06;""segunda"";""08:20:00"";""GO"";153;369","1;""JARAGUA"";""Sim"";""Defeito na Via"";1;""Colisão frontal"";""Com Vítimas Feridas"";""Pleno dia"";""Decrescente"";""Nublado"";""Simples"";""Desvio Temporário"";""Não"";466018;""Caminhonete"";""VW/SAVEIRO 1.6"";2008;""Condutor"";""Lesões Leves"";30;""Masculino"";0;1;0;0;-15",83090246;-49,"2791748;""SR-GO"";""DEL1/2"";""UOP02/GO"""
"261177;581409;2020-01-06;""segunda"";""08:20:00"";""GO"";153;369","1;""JARAGUA"";""Sim"";""Defeito na Via"";1;""Colisão frontal"";""Com Vítimas Feridas"";""Pleno dia"";""Decrescente"";""Nublado"";""Simples"";""Desvio Temporário"";""Não"";466017;""Caminhão"";""M.BENZ/AXOR 2533"";2010;""Condutor"";""Lesões Leves"";68;""Masculino"";0;1;0;0;-15",83090246;-49,"2791748;""SR-GO"";""DEL1/2"";""UOP02/GO"""
"261177;NA;2020-01-06;""segunda"";""08:20:00"";""GO"";153;369","1;""JARAGUA"";""Sim"";""Defeito na Via"";1;""Colisão frontal"";""Com Vítimas Feridas"";""Pleno dia"";""Decrescente"";""Nublado"";""Simples"";""Desvio Temporário"";""Não"";466037;""Reboque"";""R/GRIMALDI 2E"";2004;""Não Informado"";""Não Informado"";NA;""Não Informado"";0;0;0;0;-15",83090246;-49,"2791748;""SR-GO"";""DEL1/2"";""UOP02/GO"""
"261177;581427;2020-01-06;""segunda"";""08:20:00"";""GO"";153;369","1;""JARAGUA"";""Sim"";""Defeito na Via"";2;""Colisão frontal"";""Com Vítimas Feridas"";""Pleno dia"";""Decrescente"";""Nublado"";""Simples"";""Desvio Temporário"";""Não"";466021;""Caminhonete"";""I/TOYOTA HILUX CD4X4 SR"";2013;""Condutor"";""Ileso"";32;""Masculino"";1;0;0;0;-15",83090246;-49,"2791748;""SR-GO"";""DEL1/2"";""UOP02/GO"""
"261177;581424;2020-01-06;""segunda"";""08:20:00"";""GO"";153;369","1;""JARAGUA"";""Sim"";""Defeito na Via"";2;""Colisão frontal"";""Com Vítimas Feridas"";""Pleno dia"";""Decrescente"";""Nublado"";""Simples"";""Desvio Temporário"";""Não"";466020;""Automóvel"";""FIAT/UNO MILLE EP"";1995;""Passageiro"";""Lesões Leves"";9;""Masculino"";0;1;0;0;-15",83090246;-49,"2791748;""SR-GO"";""DEL1/2"";""UOP02/GO"""
"261177;581421;2020-01-06;""segunda"";""08:20:00"";""GO"";153;369","1;""JARAGUA"";""Sim"";""Defeito na Via"";2;""Colisão frontal"";""Com Vítimas Feridas"";""Pleno dia"";""Decrescente"";""Nublado"";""Simples"";""Desvio Temporário"";""Não"";466020;""Automóvel"";""FIAT/UNO MILLE EP"";1995;""Passageiro"";""Lesões Leves"";28;""Feminino"";0;1;0;0;-15",83090246;-49,"2791748;""SR-GO"";""DEL1/2"";""UOP02/GO"""
"261177;581419;2020-01-06;""segunda"";""08:20:00"";""GO"";153;369","1;""JARAGUA"";""Sim"";""Defeito na Via"";2;""Colisão frontal"";""Com Vítimas Feridas"";""Pleno dia"";""Decrescente"";""Nublado"";""Simples"";""Desvio Temporário"";""Não"";466020;""Automóvel"";""FIAT/UNO MILLE EP"";1995;""Condutor"";""Ileso"";44;""Masculino"";1;0;0;0;-15",83090246;-49,"2791748;""SR-GO"";""DEL1/2"";""UOP02/GO"""
"261177;581414;2020-01-06;""segunda"";""08:20:00"";""GO"";153;369","1;""JARAGUA"";""Sim"";""Defeito na Via"";2;""Colisão frontal"";""Com Vítimas Feridas"";""Pleno dia"";""Decrescente"";""Nublado"";""Simples"";""Desvio Temporário"";""Não"";466019;""Caminhão"";""VW/8.160 DRC 4X2"";2012;""Condutor"";""Ileso"";41;""Masculino"";1;0;0;0;-15",83090246;-49,"2791748;""SR-GO"";""DEL1/2"";""UOP02/GO"""
"261177;581410;2020-01-06;""segunda"";""08:20:00"";""GO"";153;369","1;""JARAGUA"";""Sim"";""Defeito na Via"";2;""Colisão frontal"";""Com Vítimas Feridas"";""Pleno dia"";""Decrescente"";""Nublado"";""Simples"";""Desvio Temporário"";""Não"";466018;""Caminhonete"";""VW/SAVEIRO 1.6"";2008;""Condutor"";""Lesões Leves"";30;""Masculino"";0;1;0;0;-15",83090246;-49,"2791748;""SR-GO"";""DEL1/2"";""UOP02/GO"""
"261177;581409;2020-01-06;""segunda"";""08:20:00"";""GO"";153;369","1;""JARAGUA"";""Sim"";""Defeito na Via"";2;""Colisão frontal"";""Com Vítimas Feridas"";""Pleno dia"";""Decrescente"";""Nublado"";""Simples"";""Desvio Temporário"";""Não"";466017;""Caminhão"";""M.BENZ/AXOR 2533"";2010;""Condutor"";""Lesões Leves"";68;""Masculino"";0;1;0;0;-15",83090246;-49,"2791748;""SR-GO"";""DEL1/2"";""UOP02/GO"""
"261177;NA;2020-01-06;""segunda"";""08:20:00"";""GO"";153;369","1;""JARAGUA"";""Sim"";""Defeito na Via"";2;""Colisão frontal"";""Com Vítimas Feridas"";""Pleno dia"";""Decrescente"";""Nublado"";""Simples"";""Desvio Temporário"";""Não"";466037;""Reboque"";""R/GRIMALDI 2E"";2004;""Não Informado"";""Não Informado"";NA;""Não Informado"";0;0;0;0;-15",83090246;-49,"2791748;""SR-GO"";""DEL1/2"";""UOP02/GO"""
"261177;581427;2020-01-06;""segunda"";""08:20:00"";""GO"";153;369","1;""JARAGUA"";""Não"";""Falta de Atenção à Condução"";1;""Colisão frontal"";""Com Vítimas Feridas"";""Pleno dia"";""Decrescente"";""Nublado"";""Simples"";""Desvio Temporário"";""Não"";466021;""Caminhonete"";""I/TOYOTA HILUX CD4X4 SR"";2013;""Condutor"";""Ileso"";32;""Masculino"";1;0;0;0;-15",83090246;-49,"2791748;""SR-GO"";""DEL1/2"";""UOP02/GO"""
"261177;581424;2020-01-06;""segunda"";""08:20:00"";""GO"";153;369","1;""JARAGUA"";""Não"";""Falta de Atenção à Condução"";1;""Colisão frontal"";""Com Vítimas Feridas"";""Pleno dia"";""Decrescente"";""Nublado"";""Simples"";""Desvio Temporário"";""Não"";466020;""Automóvel"";""FIAT/UNO MILLE EP"";1995;""Passageiro"";""Lesões Leves"";9;""Masculino"";0;1;0;0;-15",83090246;-49,"2791748;""SR-GO"";""DEL1/2"";""UOP02/GO"""
"261177;581421;2020-01-06;""segunda"";""08:20:00"";""GO"";153;369","1;""JARAGUA"";""Não"";""Falta de Atenção à Condução"";1;""Colisão frontal"";""Com Vítimas Feridas"";""Pleno dia"";""Decrescente"";""Nublado"";""Simples"";""Desvio Temporário"";""Não"";466020;""Automóvel"";""FIAT/UNO MILLE EP"";1995;""Passageiro"";""Lesões Leves"";28;""Feminino"";0;1;0;0;-15",83090246;-49,"2791748;""SR-GO"";""DEL1/2"";""UOP02/GO"""
"261177;581419;2020-01-06;""segunda"";""08:20:00"";""GO"";153;369","1;""JARAGUA"";""Não"";""Falta de Atenção à Condução"";1;""Colisão frontal"";""Com Vítimas Feridas"";""Pleno dia"";""Decrescente"";""Nublado"";""Simples"";""Desvio Temporário"";""Não"";466020;""Automóvel"";""FIAT/UNO MILLE EP"";1995;""Condutor"";""Ileso"";44;""Masculino"";1;0;0;0;-15",83090246;-49,"2791748;""SR-GO"";""DEL1/2"";""UOP02/GO"""