"id;""pesid"";""data_inversa"";""dia_semana"";""horario"";""uf"";""br"";""km"";""municipio"";""causa_principal"";""causa_acidente"";""ordem_tipo_acidente"";""tipo_acidente"";""classificacao_acidente"";""fase_dia"";""sentido_via"";""condicao_metereologica"";""tipo_pista"";""tracado_via"";""uso_solo"";""id_veiculo"";""tipo_veiculo"";""marca"";""ano_fabricacao_veiculo"";""tipo_envolvido"";""estado_fisico"";""idade"";""sexo"";""ilesos"";""feridos_leves"";""feridos_graves"";""mortos"";""latitude"";""longitude"";""regional"";""delegacia"";""uop""",,,
"261177;581414;2020-01-06;""segunda"";""08:20:00"";""GO"";153;369","1;""JARAGUA"";""Não"";""Falta de Atenção à Condução"";1;""Colisão frontal"";""Com Vítimas Feridas"";""Pleno dia"";""Decrescente"";""Nublado"";""Simples"";""Desvio Temporário"";""Não"";466019;""Caminhão"";""VW/8.160 DRC 4X2"";2012;""Condutor"";""Ileso"";41;""Masculino"";1;0;0;0;-15",83090246;-49,"2791748;""SR-GO"";""DEL1/2"";""UOP02/GO"""
"261177;581410;2020-01-06;""segunda"";""08:20:00"";""GO"";153;369","1;""JARAGUA"";""Não"";""Falta de Atenção à Condução"";1;""Colisão frontal"";""Com Vítimas Feridas"";""Pleno dia"";""Decrescente"";""Nublado"";""Simples"";""Desvio Temporário"";""Não"";466018;""Caminhonete"";""VW/SAVEIRO 1.6"";2008;""Condutor"";""Lesões Leves"";30;""Masculino"";0;1;0;0;-15",83090246;-49,"2791748;""SR-GO"";""DEL1/2"";""UOP02/GO"""
"261177;581409;2020-01-06;""segunda"";""08:20:00"";""GO"";153;369","1;""JARAGUA"";""Não"";""Falta de Atenção à Condução"";1;""Colisão frontal"";""Com Vítimas Feridas"";""Pleno dia"";""Decrescente"";""Nublado"";""Simples"";""Desvio Temporário"";""Não"";466017;""Caminhão"";""M.BENZ/AXOR 2533"";2010;""Condutor"";""Lesões Leves"";68;""Masculino"";0;1;0;0;-15",83090246;-49,"2791748;""SR-GO"";""DEL1/2"";""UOP02/GO"""
"261177;NA;2020-01-06;""segunda"";""08:20:00"";""GO"";153;369","1;""JARAGUA"";""Não"";""Falta de Atenção à Condução"";1;""Colisão frontal"";""Com Vítimas Feridas"";""Pleno dia"";""Decrescente"";""Nublado"";""Simples"";""Desvio Temporário"";""Não"";466037;""Reboque"";""R/GRIMALDI 2E"";2004;""Não Informado"";""Não Informado"";NA;""Não Informado"";0;0;0;0;-15",83090246;-49,"2791748;""SR-GO"";""DEL1/2"";""UOP02/GO"""
"261177;581427;2020-01-06;""segunda"";""08:20:00"";""GO"";153;369","1;""JARAGUA"";""Não"";""Falta de Atenção à Condução"";2;""Colisão frontal"";""Com Vítimas Feridas"";""Pleno dia"";""Decrescente"";""Nublado"";""Simples"";""Desvio Temporário"";""Não"";466021;""Caminhonete"";""I/TOYOTA HILUX CD4X4 SR"";2013;""Condutor"";""Ileso"";32;""Masculino"";1;0;0;0;-15",83090246;-49,"2791748;""SR-GO"";""DEL1/2"";""UOP02/GO"""
"261177;581424;2020-01-06;""segunda"";""08:20:00"";""GO"";153;369","1;""JARAGUA"";""Não"";""Falta de Atenção à Condução"";2;""Colisão frontal"";""Com Vítimas Feridas"";""Pleno dia"";""Decrescente"";""Nublado"";""Simples"";""Desvio Temporário"";""Não"";466020;""Automóvel"";""FIAT/UNO MILLE EP"";1995;""Passageiro"";""Lesões Leves"";9;""Masculino"";0;1;0;0;-15",83090246;-49,"2791748;""SR-GO"";""DEL1/2"";""UOP02/GO"""
"261177;581421;2020-01-06;""segunda"";""08:20:00"";""GO"";153;369","1;""JARAGUA"";""Não"";""Falta de Atenção à Condução"";2;""Colisão frontal"";""Com Vítimas Feridas"";""Pleno dia"";""Decrescente"";""Nublado"";""Simples"";""Desvio Temporário"";""Não"";466020;""Automóvel"";""FIAT/UNO MILLE EP"";1995;""Passageiro"";""Lesões Leves"";28;""Feminino"";0;1;0;0;-15",83090246;-49,"2791748;""SR-GO"";""DEL1/2"";""UOP02/GO"""
"261177;581419;2020-01-06;""segunda"";""08:20:00"";""GO"";153;369","1;""JARAGUA"";""Não"";""Falta de Atenção à Condução"";2;""Colisão frontal"";""Com Vítimas Feridas"";""Pleno dia"";""Decrescente"";""Nublado"";""Simples"";""Desvio Temporário"";""Não"";466020;""Automóvel"";""FIAT/UNO MILLE EP"";1995;""Condutor"";""Ileso"";44;""Masculino"";1;0;0;0;-15",83090246;-49,"2791748;""SR-GO"";""DEL1/2"";""UOP02/GO"""
"261177;581414;2020-01-06;""segunda"";""08:20:00"";""GO"";153;369","1;""JARAGUA"";""Não"";""Falta de Atenção à Condução"";2;""Colisão frontal"";""Com Vítimas Feridas"";""Pleno dia"";""Decrescente"";""Nublado"";""Simples"";""Desvio Temporário"";""Não"";466019;""Caminhão"";""VW/8.160 DRC 4X2"";2012;""Condutor"";""Ileso"";41;""Masculino"";1;0;0;0;-15",83090246;-49,"2791748;""SR-GO"";""DEL1/2"";""UOP02/GO"""
"261177;581410;2020-01-06;""segunda"";""08:20:00"";""GO"";153;369","1;""JARAGUA"";""Não"";""Falta de Atenção à Condução"";2;""Colisão frontal"";""Com Vítimas Feridas"";""Pleno dia"";""Decrescente"";""Nublado"";""Simples"";""Desvio Temporário"";""Não"";466018;""Caminhonete"";""VW/SAVEIRO 1.6"";2008;""Condutor"";""Lesões Leves"";30;""Masculino"";0;1;0;0;-15",83090246;-49,"2791748;""SR-GO"";""DEL1/2"";""UOP02/GO"""
"261177;581409;2020-01-06;""segunda"";""08:20:00"";""GO"";153;369","1;""JARAGUA"";""Não"";""Falta de Atenção à Condução"";2;""Colisão frontal"";""Com Vítimas Feridas"";""Pleno dia"";""Decrescente"";""Nublado"";""Simples"";""Desvio Temporário"";""Não"";466017;""Caminhão"";""M.BENZ/AXOR 2533"";2010;""Condutor"";""Lesões Leves"";68;""Masculino"";0;1;0;0;-15",83090246;-49,"2791748;""SR-GO"";""DEL1/2"";""UOP02/GO"""
"261177;NA;2020-01-06;""segunda"";""08:20:00"";""GO"";153;369","1;""JARAGUA"";""Não"";""Falta de Atenção à Condução"";2;""Colisão frontal"";""Com Vítimas Feridas"";""Pleno dia"";""Decrescente"";""Nublado"";""Simples"";""Desvio Temporário"";""Não"";466037;""Reboque"";""R/GRIMALDI 2E"";2004;""Não Informado"";""Não Informado"";NA;""Não Informado"";0;0;0;0;-15",83090246;-49,"2791748;""SR-GO"";""DEL1/2"";""UOP02/GO"""
"261178;581416;2020-01-06;""segunda"";""12:10:00"";""SP"";116;103;""PINDAMONHANGABA"";""Sim"";""Não guardar distância de segurança"";1;""Colisão traseira"";""Com Vítimas Feridas"";""Pleno dia"";""Decrescente"";""Chuva"";""Dupla"";""Reta"";""Sim"";466060;""Motocicleta"";"""";NA;""Condutor"";""Não Informado"";NA;""Não Informado"";0;0;0;0;-22",99919465;-45,"49788917;""SR-SP"";""DEL6"";""UOP01/SP""",
"261178;581326;2020-01-06;""segunda"";""12:10:00"";""SP"";116;103;""PINDAMONHANGABA"";""Sim"";""Não guardar distância de segurança"";1;""Colisão traseira"";""Com Vítimas Feridas"";""Pleno dia"";""Decrescente"";""Chuva"";""Dupla"";""Reta"";""Sim"";465938;""Automóvel"";""VW/GOLF 1.6 SPORTLINE"";2009;""Passageiro"";""Lesões Leves"";33;""Feminino"";0;1;0;0;-22",99919465;-45,"49788917;""SR-SP"";""DEL6"";""UOP01/SP""",
"261178;581324;2020-01-06;""segunda"";""12:10:00"";""SP"";116;103;""PINDAMONHANGABA"";""Sim"";""Não guardar distância de segurança"";1;""Colisão traseira"";""Com Vítimas Feridas"";""Pleno dia"";""Decrescente"";""Chuva"";""Dupla"";""Reta"";""Sim"";465938;""Automóvel"";""VW/GOLF 1.6 SPORTLINE"";2009;""Condutor"";""Lesões Leves"";37;""Masculino"";0;1;0;0;-22",99919465;-45,"49788917;""SR-SP"";""DEL6"";""UOP01/SP""",
"261178;NA;2020-01-06;""segunda"";""12:10:00"";""SP"";116;103;""PINDAMONHANGABA"";""Sim"";""Não guardar distância de segurança"";1;""Colisão traseira"";""Com Vítimas Feridas"";""Pleno dia"";""Decrescente"";""Chuva"";""Dupla"";""Reta"";""Sim"";465978;""Semireboque"";""SR/SAOPEDRO SRPT 3E"";2018;""Não Informado"";""Não Informado"";NA;""Não Informado"";0;0;0;0;-22",99919465;-45,"49788917;""SR-SP"";""DEL6"";""UOP01/SP""",
"261178;581319;2020-01-06;""segunda"";""12:10:00"";""SP"";116;103;""PINDAMONHANGABA"";""Sim"";""Não guardar distância de segurança"";1;""Colisão traseira"";""Com Vítimas Feridas"";""Pleno dia"";""Decrescente"";""Chuva"";""Dupla"";""Reta"";""Sim"";465939;""Caminhão-trator"";""M.BENZ/ACTROS 2546LS"";2019;""Condutor"";""Ileso"";47;""Masculino"";1;0;0;0;-22",99919465;-45,"49788917;""SR-SP"";""DEL6"";""UOP01/SP""",
"261178;581316;2020-01-06;""segunda"";""12:10:00"";""SP"";116;103;""PINDAMONHANGABA"";""Sim"";""Não guardar distância de segurança"";1;""Colisão traseira"";""Com Vítimas Feridas"";""Pleno dia"";""Decrescente"";""Chuva"";""Dupla"";""Reta"";""Sim"";465937;""Automóvel"";""CHEVROLET/ONIX 1.4MT ACT"";2016;""Condutor"";""Ileso"";50;""Masculino"";1;0;0;0;-22",99919465;-45,"49788917;""SR-SP"";""DEL6"";""UOP01/SP""",
"261179;581226;2020-01-06;""segunda"";""12:30:00"";""MG"";116;768;""LEOPOLDINA"";""Sim"";""Desobediência às normas de trânsito pelo condutor"";1;""Colisão transversal"";""Com Vítimas Feridas"";""Pleno dia"";""Decrescente"";""Sol"";""Simples"";""Reta"";""Sim"";465896;""Camioneta"";""JEEP/RENEGADE LNGTD AT"";2019;""Condutor"";""Ileso"";35;""Feminino"";1;0;0;0;-21",54357124;-42,"65688182;""SR-MG"";""DEL4/7"";""UOP01/MG""",
"261179;581224;2020-01-06;""segunda"";""12:30:00"";""MG"";116;768;""LEOPOLDINA"";""Sim"";""Desobediência às normas de trânsito pelo condutor"";1;""Colisão transversal"";""Com Vítimas Feridas"";""Pleno dia"";""Decrescente"";""Sol"";""Simples"";""Reta"";""Sim"";465895;""Automóvel"";""GM/MONZA GLS"";1995;""Passageiro"";""Lesões Leves"";63;""Feminino"";0;1;0;0;-21",54357124;-42,"65688182;""SR-MG"";""DEL4/7"";""UOP01/MG""",
"261179;581223;2020-01-06;""segunda"";""12:30:00"";""MG"";116;768;""LEOPOLDINA"";""Sim"";""Desobediência às normas de trânsito pelo condutor"";1;""Colisão transversal"";""Com Vítimas Feridas"";""Pleno dia"";""Decrescente"";""Sol"";""Simples"";""Reta"";""Sim"";465895;""Automóvel"";""GM/MONZA GLS"";1995;""Condutor"";""Ileso"";28;""Masculino"";1;0;0;0;-21",54357124;-42,"65688182;""SR-MG"";""DEL4/7"";""UOP01/MG""",
"261181;581320;2020-01-06;""segunda"";""12:20:00"";""RJ"";116;177;""NOVA IGUACU"";""Sim"";""Desobediência às normas de trânsito pelo condutor"";1;""Colisão traseira"";""Com Vítimas Feridas"";""Pleno dia"";""Decrescente"";""Sol"";""Múltipla"";""Reta"";""Sim"";465975;""Motocicleta"";""HONDA/CG 150 TITAN EX"";2012;""Condutor"";""Lesões Leves"";25;""Masculino"";0;1;0;0;-22",75370447;-43,"43788147;""SR-RJ"";""DEL5/1"";""UOP02/RJ""",
"261181;581317;2020-01-06;""segunda"";""12:20:00"";""RJ"";116;177;""NOVA IGUACU"";""Sim"";""Desobediência às normas de trânsito pelo condutor"";1;""Colisão traseira"";""Com Vítimas Feridas"";""Pleno dia"";""Decrescente"";""Sol"";""Múltipla"";""Reta"";""Sim"";465974;""Automóvel"";""NISSAN/VERSA 10"";2015;""Condutor"";""Ileso"";51;""Masculino"";1;0;0;0;-22",75370447;-43,"43788147;""SR-RJ"";""DEL5/1"";""UOP02/RJ""",
"261182;581219;2020-01-06;""segunda"";""12:50:00"";""PB"";101;58;""SANTA RITA"";""Sim"";""Falta de Atenção à Condução"";1;""Colisão traseira"";""Com Vítimas Feridas"";""Pleno dia"";""Decrescente"";""Céu Claro"";""Dupla"";""Retorno Regulamentado"";""Não"";465932;""Automóvel"";""FIAT/UNO VIVACE 1.0"";2013;""Condutor"";""Ileso"";55;""Masculino"";1;0;0;0;-6",98564991;-35,"07334684;""SR-PB"";""DEL14/1"";""UOP03/PB""",
"261182;581218;2020-01-06;""segunda"";""12:50:00"";""PB"";101;58;""SANTA RITA"";""Sim"";""Falta de Atenção à Condução"";1;""Colisão traseira"";""Com Vítimas Feridas"";""Pleno dia"";""Decrescente"";""Céu Claro"";""Dupla"";""Retorno Regulamentado"";""Não"";465931;""Motocicleta"";""HONDA/XRE 300"";2015;""Passageiro"";""Lesões Graves"";21;""Feminino"";0;0;1;0;-6",98564991;-35,"07334684;""SR-PB"";""DEL14/1"";""UOP03/PB""",
"261182;581215;2020-01-06;""segunda"";""12:50:00"";""PB"";101;58;""SANTA RITA"";""Sim"";""Falta de Atenção à Condução"";1;""Colisão traseira"";""Com Vítimas Feridas"";""Pleno dia"";""Decrescente"";""Céu Claro"";""Dupla"";""Retorno Regulamentado"";""Não"";465931;""Motocicleta"";""HONDA/XRE 300"";2015;""Condutor"";""Lesões Leves"";26;""Masculino"";0;1;0;0;-6",98564991;-35,"07334684;""SR-PB"";""DEL14/1"";""UOP03/PB""",
"261183;581420;2020-01-06;""segunda"";""13:25:00"";""PR"";158;506;""CORONEL VIVIDA"";""Sim"";""Falta de Atenção à Condução"";1;""Capotamento"";""Com Vítimas Feridas"";""Pleno dia"";""Crescente"";""Céu Claro"";""Simples"";""Curva"";""Não"";465956;""Caminhonete"";""FIAT/STRADA WORKING"";2014;""Condutor"";""Lesões Leves"";32;""Feminino"";0;1;0;0;-26",01525192;-52,"57019203;""SR-PR"";""DEL7/2"";""UOP01/PR""",
"261184;581413;2020-01-06;""segunda"";""12:40:00"";""MS"";158;38","5;""PARANAIBA"";""Sim"";""Pista Escorregadia"";2;""Colisão com objeto estático"";""Com Vítimas Fatais"";""Pleno dia"";""Crescente"";""Chuva"";""Simples"";""Curva"";""Não"";466055;""Automóvel"";""TOYOTA/COROLLA XEI18FLEX"";2008;""Condutor"";""Óbito"";66;""Masculino"";0;0;0;1;-19",28935296;-51,"46641198;""SR-MS"";""DEL3/8"";""UOP01/MS"""
"261184;581480;2020-01-06;""segunda"";""12:40:00"";""MS"";158;38","5;""PARANAIBA"";""Sim"";""Pista Escorregadia"";2;""Colisão com objeto estático"";""Com Vítimas Fatais"";""Pleno dia"";""Crescente"";""Chuva"";""Simples"";""Curva"";""Não"";466055;""Automóvel"";""TOYOTA/COROLLA XEI18FLEX"";2008;""Passageiro"";""Lesões Leves"";26;""Masculino"";0;1;0;0;-19",28935296;-51,"46641198;""SR-MS"";""DEL3/8"";""UOP01/MS"""
"261184;581478;2020-01-06;""segunda"";""12:40:00"";""MS"";158;38","5;""PARANAIBA"";""Sim"";""Pista Escorregadia"";2;""Colisão com objeto estático"";""Com Vítimas Fatais"";""Pleno dia"";""Crescente"";""Chuva"";""Simples"";""Curva"";""Não"";466055;""Automóvel"";""TOYOTA/COROLLA XEI18FLEX"";2008;""Passageiro"";""Lesões Leves"";53;""Feminino"";0;1;0;0;-19",28935296;-51,"46641198;""SR-MS"";""DEL3/8"";""UOP01/MS"""
"261184;581475;2020-01-06;""segunda"";""12:40:00"";""MS"";158;38","5;""PARANAIBA"";""Sim"";""Pista Escorregadia"";2;""Colisão com objeto estático"";""Com Vítimas Fatais"";""Pleno dia"";""Crescente"";""Chuva"";""Simples"";""Curva"";""Não"";466056;""Caminhão"";""SCANIA/P 310 B8X2"";2013;""Passageiro"";""Ileso"";8;""Feminino"";1;0;0;0;-19",28935296;-51,"46641198;""SR-MS"";""DEL3/8"";""UOP01/MS"""
"261184;581474;2020-01-06;""segunda"";""12:40:00"";""MS"";158;38","5;""PARANAIBA"";""Sim"";""Pista Escorregadia"";2;""Colisão com objeto estático"";""Com Vítimas Fatais"";""Pleno dia"";""Crescente"";""Chuva"";""Simples"";""Curva"";""Não"";466056;""Caminhão"";""SCANIA/P 310 B8X2"";2013;""Passageiro"";""Ileso"";4;""Masculino"";1;0;0;0;-19",28935296;-51,"46641198;""SR-MS"";""DEL3/8"";""UOP01/MS"""
"261184;581472;2020-01-06;""segunda"";""12:40:00"";""MS"";158;38","5;""PARANAIBA"";""Sim"";""Pista Escorregadia"";2;""Colisão com objeto estático"";""Com Vítimas Fatais"";""Pleno dia"";""Crescente"";""Chuva"";""Simples"";""Curva"";""Não"";466056;""Caminhão"";""SCANIA/P 310 B8X2"";2013;""Passageiro"";""Lesões Leves"";37;""Feminino"";0;1;0;0;-19",28935296;-51,"46641198;""SR-MS"";""DEL3/8"";""UOP01/MS"""
"261184;581471;2020-01-06;""segunda"";""12:40:00"";""MS"";158;38","5;""PARANAIBA"";""Sim"";""Pista Escorregadia"";2;""Colisão com objeto estático"";""Com Vítimas Fatais"";""Pleno dia"";""Crescente"";""Chuva"";""Simples"";""Curva"";""Não"";466056;""Caminhão"";""SCANIA/P 310 B8X2"";2013;""Condutor"";""Ileso"";46;""Masculino"";1;0;0;0;-19",28935296;-51,"46641198;""SR-MS"";""DEL3/8"";""UOP01/MS"""
"261184;581413;2020-01-06;""segunda"";""12:40:00"";""MS"";158;38","5;""PARANAIBA"";""Sim"";""Pista Escorregadia"";1;""Colisão lateral"";""Com Vítimas Fatais"";""Pleno dia"";""Crescente"";""Chuva"";""Simples"";""Curva"";""Não"";466055;""Automóvel"";""TOYOTA/COROLLA XEI18FLEX"";2008;""Condutor"";""Óbito"";66;""Masculino"";0;0;0;1;-19",28935296;-51,"46641198;""SR-MS"";""DEL3/8"";""UOP01/MS"""
"261184;581480;2020-01-06;""segunda"";""12:40:00"";""MS"";158;38","5;""PARANAIBA"";""Sim"";""Pista Escorregadia"";1;""Colisão lateral"";""Com Vítimas Fatais"";""Pleno dia"";""Crescente"";""Chuva"";""Simples"";""Curva"";""Não"";466055;""Automóvel"";""TOYOTA/COROLLA XEI18FLEX"";2008;""Passageiro"";""Lesões Leves"";26;""Masculino"";0;1;0;0;-19",28935296;-51,"46641198;""SR-MS"";""DEL3/8"";""UOP01/MS"""
"261184;581478;2020-01-06;""segunda"";""12:40:00"";""MS"";158;38","5;""PARANAIBA"";""Sim"";""Pista Escorregadia"";1;""Colisão lateral"";""Com Vítimas Fatais"";""Pleno dia"";""Crescente"";""Chuva"";""Simples"";""Curva"";""Não"";466055;""Automóvel"";""TOYOTA/COROLLA XEI18FLEX"";2008;""Passageiro"";""Lesões Leves"";53;""Feminino"";0;1;0;0;-19",28935296;-51,"46641198;""SR-MS"";""DEL3/8"";""UOP01/MS"""
"261184;581475;2020-01-06;""segunda"";""12:40:00"";""MS"";158;38","5;""PARANAIBA"";""Sim"";""Pista Escorregadia"";1;""Colisão lateral"";""Com Vítimas Fatais"";""Pleno dia"";""Crescente"";""Chuva"";""Simples"";""Curva"";""Não"";466056;""Caminhão"";""SCANIA/P 310 B8X2"";2013;""Passageiro"";""Ileso"";8;""Feminino"";1;0;0;0;-19",28935296;-51,"46641198;""SR-MS"";""DEL3/8"";""UOP01/MS"""
"261184;581474;2020-01-06;""segunda"";""12:40:00"";""MS"";158;38","5;""PARANAIBA"";""Sim"";""Pista Escorregadia"";1;""Colisão lateral"";""Com Vítimas Fatais"";""Pleno dia"";""Crescente"";""Chuva"";""Simples"";""Curva"";""Não"";466056;""Caminhão"";""SCANIA/P 310 B8X2"";2013;""Passageiro"";""Ileso"";4;""Masculino"";1;0;0;0;-19",28935296;-51,"46641198;""SR-MS"";""DEL3/8"";""UOP01/MS"""
"261184;581472;2020-01-06;""segunda"";""12:40:00"";""MS"";158;38","5;""PARANAIBA"";""Sim"";""Pista Escorregadia"";1;""Colisão lateral"";""Com Vítimas Fatais"";""Pleno dia"";""Crescente"";""Chuva"";""Simples"";""Curva"";""Não"";466056;""Caminhão"";""SCANIA/P 310 B8X2"";2013;""Passageiro"";""Lesões Leves"";37;""Feminino"";0;1;0;0;-19",28935296;-51,"46641198;""SR-MS"";""DEL3/8"";""UOP01/MS"""
"261184;581471;2020-01-06;""segunda"";""12:40:00"";""MS"";158;38","5;""PARANAIBA"";""Sim"";""Pista Escorregadia"";1;""Colisão lateral"";""Com Vítimas Fatais"";""Pleno dia"";""Crescente"";""Chuva"";""Simples"";""Curva"";""Não"";466056;""Caminhão"";""SCANIA/P 310 B8X2"";2013;""Condutor"";""Ileso"";46;""Masculino"";1;0;0;0;-19",28935296;-51,"46641198;""SR-MS"";""DEL3/8"";""UOP01/MS"""
"261185;581222;2020-01-06;""segunda"";""13:20:00"";""SC"";282;1;""FLORIANOPOLIS"";""Sim"";""Falta de Atenção à Condução"";1;""Colisão transversal"";""Com Vítimas Feridas"";""Pleno dia"";""Decrescente"";""Céu Claro"";""Dupla"";""Reta"";""Sim"";465934;""Motoneta"";""HONDA/BIZ 125 ES"";2008;""Condutor"";""Lesões Graves"";26;""Masculino"";0;0;1;0;-27",602955;-48,"580509;""SR-SC"";""DEL8/1"";""UOP01/SC""",
"261185;581220;2020-01-06;""segunda"";""13:20:00"";""SC"";282;1;""FLORIANOPOLIS"";""Sim"";""Falta de Atenção à Condução"";1;""Colisão transversal"";""Com Vítimas Feridas"";""Pleno dia"";""Decrescente"";""Céu Claro"";""Dupla"";""Reta"";""Sim"";465933;""Caminhonete"";""FIAT/FIORINO HD WK E"";2017;""Condutor"";""Ileso"";43;""Masculino"";1;0;0;0;-27",602955;-48,"580509;""SR-SC"";""DEL8/1"";""UOP01/SC""",
"261186;581374;2020-01-06;""segunda"";""14:00:00"";""RS"";116;519;""PELOTAS"";""Sim"";""Falta de Atenção à Condução"";1;""Colisão transversal"";""Com Vítimas Feridas"";""Pleno dia"";""Decrescente"";""Nublado"";""Dupla"";""Interseção de vias"";""Sim"";466011;""Motocicleta"";""HONDA/CG 150 TITAN ESD"";2009;""Condutor"";""Lesões Leves"";20;""Masculino"";0;1;0;0;-31",69369368;-52,"35458934;""SR-RS"";""DEL9/7"";""UOP01/RS""",
"261186;581379;2020-01-06;""segunda"";""14:00:00"";""RS"";116;519;""PELOTAS"";""Sim"";""Falta de Atenção à Condução"";1;""Colisão transversal"";""Com Vítimas Feridas"";""Pleno dia"";""Decrescente"";""Nublado"";""Dupla"";""Interseção de vias"";""Sim"";466010;""Automóvel"";""CITROEN/C3 GLX 14 FLEX"";2009;""Passageiro"";""Ileso"";23;""Feminino"";1;0;0;0;-31",69369368;-52,"35458934;""SR-RS"";""DEL9/7"";""UOP01/RS""",
"261186;581378;2020-01-06;""segunda"";""14:00:00"";""RS"";116;519;""PELOTAS"";""Sim"";""Falta de Atenção à Condução"";1;""Colisão transversal"";""Com Vítimas Feridas"";""Pleno dia"";""Decrescente"";""Nublado"";""Dupla"";""Interseção de vias"";""Sim"";466010;""Automóvel"";""CITROEN/C3 GLX 14 FLEX"";2009;""Passageiro"";""Ileso"";34;""Feminino"";1;0;0;0;-31",69369368;-52,"35458934;""SR-RS"";""DEL9/7"";""UOP01/RS""",
"261186;581375;2020-01-06;""segunda"";""14:00:00"";""RS"";116;519;""PELOTAS"";""Sim"";""Falta de Atenção à Condução"";1;""Colisão transversal"";""Com Vítimas Feridas"";""Pleno dia"";""Decrescente"";""Nublado"";""Dupla"";""Interseção de vias"";""Sim"";466010;""Automóvel"";""CITROEN/C3 GLX 14 FLEX"";2009;""Passageiro"";""Ileso"";70;""Feminino"";1;0;0;0;-31",69369368;-52,"35458934;""SR-RS"";""DEL9/7"";""UOP01/RS""",
"261186;581368;2020-01-06;""segunda"";""14:00:00"";""RS"";116;519;""PELOTAS"";""Sim"";""Falta de Atenção à Condução"";1;""Colisão transversal"";""Com Vítimas Feridas"";""Pleno dia"";""Decrescente"";""Nublado"";""Dupla"";""Interseção de vias"";""Sim"";466010;""Automóvel"";""CITROEN/C3 GLX 14 FLEX"";2009;""Condutor"";""Ileso"";34;""Feminino"";1;0;0;0;-31",69369368;-52,"35458934;""SR-RS"";""DEL9/7"";""UOP01/RS""",
"261187;582032;2020-01-06;""segunda"";""14:00:00"";""PE"";232;176","2;""BELO JARDIM"";""Sim"";""Mal Súbito"";1;""Colisão frontal"";""Com Vítimas Feridas"";""Pleno dia"";""Crescente"";""Sol"";""Simples"";""Reta"";""Sim"";466026;""Caminhonete"";""I/TOYOTA HILUX CD4X4 SRV"";2006;""Condutor"";""Lesões Graves"";45;""Masculino"";0;0;1;0;-8",34573608;-36,"39481995;""SR-PE"";""DEL11/2"";""UOP02/PE"""
"261187;581376;2020-01-06;""segunda"";""14:00:00"";""PE"";232;176","2;""BELO JARDIM"";""Sim"";""Mal Súbito"";1;""Colisão frontal"";""Com Vítimas Feridas"";""Pleno dia"";""Crescente"";""Sol"";""Simples"";""Reta"";""Sim"";466025;""Caminhão"";""VW/24.250 CNC 6X2"";2011;""Condutor"";""Ileso"";30;""Masculino"";1;0;0;0;-8",34573608;-36,"39481995;""SR-PE"";""DEL11/2"";""UOP02/PE"""
"261188;581251;2020-01-06;""segunda"";""11:00:00"";""PR"";376;392","1;""IMBAU"";""Sim"";""Velocidade Incompatível"";2;""Colisão com objeto estático"";""Com Vítimas Feridas"";""Pleno dia"";""Decrescente"";""Céu Claro"";""Dupla"";""Desvio Temporário"";""Não"";465913;""Automóvel"";""VW/GOL 1.6"";2012;""Condutor"";""Lesões Leves"";36;""Masculino"";0;1;0;0;-24",537697;-50,"694386;""SR-PR"";""DEL7/3"";""UOP05/PR"""
"261188;581251;2020-01-06;""segunda"";""11:00:00"";""PR"";376;392","1;""IMBAU"";""Sim"";""Velocidade Incompatível"";1;""Saída de leito carroçável"";""Com Vítimas Feridas"";""Pleno dia"";""Decrescente"";""Céu Claro"";""Dupla"";""Desvio Temporário"";""Não"";465913;""Automóvel"";""VW/GOL 1.6"";2012;""Condutor"";""Lesões Leves"";36;""Masculino"";0;1;0;0;-24",537697;-50,"694386;""SR-PR"";""DEL7/3"";""UOP05/PR"""
"261188;581251;2020-01-06;""segunda"";""11:00:00"";""PR"";376;392","1;""IMBAU"";""Não"";""Falta de Atenção à Condução"";2;""Colisão com objeto estático"";""Com Vítimas Feridas"";""Pleno dia"";""Decrescente"";""Céu Claro"";""Dupla"";""Desvio Temporário"";""Não"";465913;""Automóvel"";""VW/GOL 1.6"";2012;""Condutor"";""Lesões Leves"";36;""Masculino"";0;1;0;0;-24",537697;-50,"694386;""SR-PR"";""DEL7/3"";""UOP05/PR"""
"261188;581251;2020-01-06;""segunda"";""11:00:00"";""PR"";376;392","1;""IMBAU"";""Não"";""Falta de Atenção à Condução"";1;""Saída de leito carroçável"";""Com Vítimas Feridas"";""Pleno dia"";""Decrescente"";""Céu Claro"";""Dupla"";""Desvio Temporário"";""Não"";465913;""Automóvel"";""VW/GOL 1.6"";2012;""Condutor"";""Lesões Leves"";36;""Masculino"";0;1;0;0;-24",537697;-50,"694386;""SR-PR"";""DEL7/3"";""UOP05/PR"""