"id;""pesid"";""data_inversa"";""dia_semana"";""horario"";""uf"";""br"";""km"";""municipio"";""causa_principal"";""causa_acidente"";""ordem_tipo_acidente"";""tipo_acidente"";""classificacao_acidente"";""fase_dia"";""sentido_via"";""condicao_metereologica"";""tipo_pista"";""tracado_via"";""uso_solo"";""id_veiculo"";""tipo_veiculo"";""marca"";""ano_fabricacao_veiculo"";""tipo_envolvido"";""estado_fisico"";""idade"";""sexo"";""ilesos"";""feridos_leves"";""feridos_graves"";""mortos"";""latitude"";""longitude"";""regional"";""delegacia"";""uop""",,,
"261189;581352;2020-01-06;""segunda"";""14:15:00"";""PR"";476;133;""CURITIBA"";""Sim"";""Falta de Atenção à Condução"";1;""Colisão lateral"";""Com Vítimas Feridas"";""Pleno dia"";""Crescente"";""Céu Claro"";""Múltipla"";""Reta"";""Sim"";465955;""Ônibus"";""VOLVO/MPOLO TORINO GVA"";2003;""Condutor"";""Ileso"";46;""Masculino"";1;0;0;0;-25",46886827;-49,"25424099;""SR-PR"";""DEL7/1"";""UOP03/PR""",
"261189;581346;2020-01-06;""segunda"";""14:15:00"";""PR"";476;133;""CURITIBA"";""Sim"";""Falta de Atenção à Condução"";1;""Colisão lateral"";""Com Vítimas Feridas"";""Pleno dia"";""Crescente"";""Céu Claro"";""Múltipla"";""Reta"";""Sim"";465954;""Motocicleta"";""YAMAHA/XTZ250 LANDER"";2016;""Condutor"";""Lesões Graves"";27;""Masculino"";0;0;1;0;-25",46886827;-49,"25424099;""SR-PR"";""DEL7/1"";""UOP03/PR""",
"261190;581541;2020-01-06;""segunda"";""13:30:00"";""RS"";285;565","3;""SAO LUIZ GONZAGA"";""Sim"";""Falta de Atenção à Condução"";1;""Colisão lateral"";""Com Vítimas Feridas"";""Pleno dia"";""Crescente"";""Céu Claro"";""Simples"";""Não Informado"";""Sim"";465994;""Caminhão-trator"";""DAF/XF105 FTT 460A"";2014;""Condutor"";""Ileso"";39;""Masculino"";1;0;0;0;-28",418699;-54,"946823;""SR-RS"";""DEL9/10"";""UOP01/RS"""
"261190;NA;2020-01-06;""segunda"";""13:30:00"";""RS"";285;565","3;""SAO LUIZ GONZAGA"";""Sim"";""Falta de Atenção à Condução"";1;""Colisão lateral"";""Com Vítimas Feridas"";""Pleno dia"";""Crescente"";""Céu Claro"";""Simples"";""Não Informado"";""Sim"";466134;""Semireboque"";""SR/RANDON SR CA"";2006;""Não Informado"";""Não Informado"";NA;""Não Informado"";0;0;0;0;-28",418699;-54,"946823;""SR-RS"";""DEL9/10"";""UOP01/RS"""
"261190;NA;2020-01-06;""segunda"";""13:30:00"";""RS"";285;565","3;""SAO LUIZ GONZAGA"";""Sim"";""Falta de Atenção à Condução"";1;""Colisão lateral"";""Com Vítimas Feridas"";""Pleno dia"";""Crescente"";""Céu Claro"";""Simples"";""Não Informado"";""Sim"";466133;""Semireboque"";""SR/RANDON SR CA"";2006;""Não Informado"";""Não Informado"";NA;""Não Informado"";0;0;0;0;-28",418699;-54,"946823;""SR-RS"";""DEL9/10"";""UOP01/RS"""
"261190;581537;2020-01-06;""segunda"";""13:30:00"";""RS"";285;565","3;""SAO LUIZ GONZAGA"";""Sim"";""Falta de Atenção à Condução"";1;""Colisão lateral"";""Com Vítimas Feridas"";""Pleno dia"";""Crescente"";""Céu Claro"";""Simples"";""Não Informado"";""Sim"";465993;""Motoneta"";""YAMAHA/T115 CRYPTON K"";2010;""Condutor"";""Lesões Leves"";20;""Feminino"";0;1;0;0;-28",418699;-54,"946823;""SR-RS"";""DEL9/10"";""UOP01/RS"""
"261191;581348;2020-01-06;""segunda"";""13:00:00"";""MG"";459;103","5;""POUSO ALEGRE"";""Sim"";""Desobediência às normas de trânsito pelo condutor"";1;""Colisão traseira"";""Com Vítimas Feridas"";""Pleno dia"";""Decrescente"";""Chuva"";""Dupla"";""Não Informado"";""Sim"";465918;""Caminhonete"";""FIAT/UNO FIORINO 1.5"";1993;""Condutor"";""Ileso"";23;""Masculino"";1;0;0;0;-22",2319438;-45,"9000957;""SR-MG"";""DEL09"";""UOP01/MG"""
"261191;581357;2020-01-06;""segunda"";""13:00:00"";""MG"";459;103","5;""POUSO ALEGRE"";""Sim"";""Desobediência às normas de trânsito pelo condutor"";1;""Colisão traseira"";""Com Vítimas Feridas"";""Pleno dia"";""Decrescente"";""Chuva"";""Dupla"";""Não Informado"";""Sim"";465964;""Automóvel"";""FIAT/PALIO FIRE FLEX"";2007;""Passageiro"";""Lesões Leves"";52;""Feminino"";0;1;0;0;-22",2319438;-45,"9000957;""SR-MG"";""DEL09"";""UOP01/MG"""
"261191;581353;2020-01-06;""segunda"";""13:00:00"";""MG"";459;103","5;""POUSO ALEGRE"";""Sim"";""Desobediência às normas de trânsito pelo condutor"";1;""Colisão traseira"";""Com Vítimas Feridas"";""Pleno dia"";""Decrescente"";""Chuva"";""Dupla"";""Não Informado"";""Sim"";465964;""Automóvel"";""FIAT/PALIO FIRE FLEX"";2007;""Condutor"";""Ileso"";23;""Masculino"";1;0;0;0;-22",2319438;-45,"9000957;""SR-MG"";""DEL09"";""UOP01/MG"""
"261192;583085;2020-01-06;""segunda"";""12:13:00"";""MG"";381;845;""SAO SEBASTIAO DA BELA VISTA"";""Sim"";""Falta de Atenção à Condução"";2;""Capotamento"";""Com Vítimas Feridas"";""Pleno dia"";""Crescente"";""Chuva"";""Dupla"";""Reta"";""Não"";466084;""Automóvel"";""I/HYUNDAI AZERA 3.3 V6"";2010;""Passageiro"";""Lesões Leves"";29;""Masculino"";0;1;0;0;-22",23698876;-45,"87928703;""SR-MG"";""DEL09"";""UOP01/MG""",
"261192;583084;2020-01-06;""segunda"";""12:13:00"";""MG"";381;845;""SAO SEBASTIAO DA BELA VISTA"";""Sim"";""Falta de Atenção à Condução"";2;""Capotamento"";""Com Vítimas Feridas"";""Pleno dia"";""Crescente"";""Chuva"";""Dupla"";""Reta"";""Não"";466084;""Automóvel"";""I/HYUNDAI AZERA 3.3 V6"";2010;""Passageiro"";""Lesões Leves"";27;""Masculino"";0;1;0;0;-22",23698876;-45,"87928703;""SR-MG"";""DEL09"";""UOP01/MG""",
"261192;583082;2020-01-06;""segunda"";""12:13:00"";""MG"";381;845;""SAO SEBASTIAO DA BELA VISTA"";""Sim"";""Falta de Atenção à Condução"";2;""Capotamento"";""Com Vítimas Feridas"";""Pleno dia"";""Crescente"";""Chuva"";""Dupla"";""Reta"";""Não"";466084;""Automóvel"";""I/HYUNDAI AZERA 3.3 V6"";2010;""Condutor"";""Lesões Leves"";42;""Masculino"";0;1;0;0;-22",23698876;-45,"87928703;""SR-MG"";""DEL09"";""UOP01/MG""",
"261192;583085;2020-01-06;""segunda"";""12:13:00"";""MG"";381;845;""SAO SEBASTIAO DA BELA VISTA"";""Sim"";""Falta de Atenção à Condução"";1;""Saída de leito carroçável"";""Com Vítimas Feridas"";""Pleno dia"";""Crescente"";""Chuva"";""Dupla"";""Reta"";""Não"";466084;""Automóvel"";""I/HYUNDAI AZERA 3.3 V6"";2010;""Passageiro"";""Lesões Leves"";29;""Masculino"";0;1;0;0;-22",23698876;-45,"87928703;""SR-MG"";""DEL09"";""UOP01/MG""",
"261192;583084;2020-01-06;""segunda"";""12:13:00"";""MG"";381;845;""SAO SEBASTIAO DA BELA VISTA"";""Sim"";""Falta de Atenção à Condução"";1;""Saída de leito carroçável"";""Com Vítimas Feridas"";""Pleno dia"";""Crescente"";""Chuva"";""Dupla"";""Reta"";""Não"";466084;""Automóvel"";""I/HYUNDAI AZERA 3.3 V6"";2010;""Passageiro"";""Lesões Leves"";27;""Masculino"";0;1;0;0;-22",23698876;-45,"87928703;""SR-MG"";""DEL09"";""UOP01/MG""",
"261192;583082;2020-01-06;""segunda"";""12:13:00"";""MG"";381;845;""SAO SEBASTIAO DA BELA VISTA"";""Sim"";""Falta de Atenção à Condução"";1;""Saída de leito carroçável"";""Com Vítimas Feridas"";""Pleno dia"";""Crescente"";""Chuva"";""Dupla"";""Reta"";""Não"";466084;""Automóvel"";""I/HYUNDAI AZERA 3.3 V6"";2010;""Condutor"";""Lesões Leves"";42;""Masculino"";0;1;0;0;-22",23698876;-45,"87928703;""SR-MG"";""DEL09"";""UOP01/MG""",
"261192;583085;2020-01-06;""segunda"";""12:13:00"";""MG"";381;845;""SAO SEBASTIAO DA BELA VISTA"";""Não"";""Velocidade Incompatível"";2;""Capotamento"";""Com Vítimas Feridas"";""Pleno dia"";""Crescente"";""Chuva"";""Dupla"";""Reta"";""Não"";466084;""Automóvel"";""I/HYUNDAI AZERA 3.3 V6"";2010;""Passageiro"";""Lesões Leves"";29;""Masculino"";0;1;0;0;-22",23698876;-45,"87928703;""SR-MG"";""DEL09"";""UOP01/MG""",
"261192;583084;2020-01-06;""segunda"";""12:13:00"";""MG"";381;845;""SAO SEBASTIAO DA BELA VISTA"";""Não"";""Velocidade Incompatível"";2;""Capotamento"";""Com Vítimas Feridas"";""Pleno dia"";""Crescente"";""Chuva"";""Dupla"";""Reta"";""Não"";466084;""Automóvel"";""I/HYUNDAI AZERA 3.3 V6"";2010;""Passageiro"";""Lesões Leves"";27;""Masculino"";0;1;0;0;-22",23698876;-45,"87928703;""SR-MG"";""DEL09"";""UOP01/MG""",
"261192;583082;2020-01-06;""segunda"";""12:13:00"";""MG"";381;845;""SAO SEBASTIAO DA BELA VISTA"";""Não"";""Velocidade Incompatível"";2;""Capotamento"";""Com Vítimas Feridas"";""Pleno dia"";""Crescente"";""Chuva"";""Dupla"";""Reta"";""Não"";466084;""Automóvel"";""I/HYUNDAI AZERA 3.3 V6"";2010;""Condutor"";""Lesões Leves"";42;""Masculino"";0;1;0;0;-22",23698876;-45,"87928703;""SR-MG"";""DEL09"";""UOP01/MG""",
"261192;583085;2020-01-06;""segunda"";""12:13:00"";""MG"";381;845;""SAO SEBASTIAO DA BELA VISTA"";""Não"";""Velocidade Incompatível"";1;""Saída de leito carroçável"";""Com Vítimas Feridas"";""Pleno dia"";""Crescente"";""Chuva"";""Dupla"";""Reta"";""Não"";466084;""Automóvel"";""I/HYUNDAI AZERA 3.3 V6"";2010;""Passageiro"";""Lesões Leves"";29;""Masculino"";0;1;0;0;-22",23698876;-45,"87928703;""SR-MG"";""DEL09"";""UOP01/MG""",
"261192;583084;2020-01-06;""segunda"";""12:13:00"";""MG"";381;845;""SAO SEBASTIAO DA BELA VISTA"";""Não"";""Velocidade Incompatível"";1;""Saída de leito carroçável"";""Com Vítimas Feridas"";""Pleno dia"";""Crescente"";""Chuva"";""Dupla"";""Reta"";""Não"";466084;""Automóvel"";""I/HYUNDAI AZERA 3.3 V6"";2010;""Passageiro"";""Lesões Leves"";27;""Masculino"";0;1;0;0;-22",23698876;-45,"87928703;""SR-MG"";""DEL09"";""UOP01/MG""",
"261192;583082;2020-01-06;""segunda"";""12:13:00"";""MG"";381;845;""SAO SEBASTIAO DA BELA VISTA"";""Não"";""Velocidade Incompatível"";1;""Saída de leito carroçável"";""Com Vítimas Feridas"";""Pleno dia"";""Crescente"";""Chuva"";""Dupla"";""Reta"";""Não"";466084;""Automóvel"";""I/HYUNDAI AZERA 3.3 V6"";2010;""Condutor"";""Lesões Leves"";42;""Masculino"";0;1;0;0;-22",23698876;-45,"87928703;""SR-MG"";""DEL09"";""UOP01/MG""",
"261193;581227;2020-01-06;""segunda"";""14:30:00"";""SP"";116;160;""JACAREI"";""Sim"";""Objeto estático sobre o leito carroçável"";1;""Colisão com objeto em movimento"";""Com Vítimas Feridas"";""Pleno dia"";""Crescente"";""Céu Claro"";""Dupla"";""Reta"";""Sim"";465945;""Motocicleta"";""YAMAHA/TDM 225"";1999;""Condutor"";""Lesões Leves"";27;""Masculino"";0;1;0;0;-23",27101606;-45,"96787896;""SR-SP"";""DEL6/2"";""UOP01/SP""",
"261194;581464;2020-01-06;""segunda"";""13:35:00"";""PR"";163;33","7;""SANTO ANTONIO DO SUDOESTE"";""Sim"";""Desobediência às normas de trânsito pelo condutor"";1;""Colisão transversal"";""Com Vítimas Feridas"";""Pleno dia"";""Crescente"";""Céu Claro"";""Simples"";""Não Informado"";""Não"";465980;""Automóvel"";""FIAT/PALIO EDX"";1998;""Passageiro"";""Lesões Leves"";29;""Feminino"";0;1;0;0;-26",075128;-53,"719018;""SR-PR"";""DEL7/2"";""UOP04/PR"""
"261194;581458;2020-01-06;""segunda"";""13:35:00"";""PR"";163;33","7;""SANTO ANTONIO DO SUDOESTE"";""Sim"";""Desobediência às normas de trânsito pelo condutor"";1;""Colisão transversal"";""Com Vítimas Feridas"";""Pleno dia"";""Crescente"";""Céu Claro"";""Simples"";""Não Informado"";""Não"";465980;""Automóvel"";""FIAT/PALIO EDX"";1998;""Condutor"";""Ileso"";34;""Masculino"";1;0;0;0;-26",075128;-53,"719018;""SR-PR"";""DEL7/2"";""UOP04/PR"""
"261194;581466;2020-01-06;""segunda"";""13:35:00"";""PR"";163;33","7;""SANTO ANTONIO DO SUDOESTE"";""Sim"";""Desobediência às normas de trânsito pelo condutor"";1;""Colisão transversal"";""Com Vítimas Feridas"";""Pleno dia"";""Crescente"";""Céu Claro"";""Simples"";""Não Informado"";""Não"";465981;""Automóvel"";""IMP/VW POLO CLAS. 1.8 MI"";1998;""Condutor"";""Lesões Leves"";20;""Masculino"";0;1;0;0;-26",075128;-53,"719018;""SR-PR"";""DEL7/2"";""UOP04/PR"""
"261195;581363;2020-01-06;""segunda"";""12:05:00"";""MG"";381;853","2;""POUSO ALEGRE"";""Sim"";""Falta de Atenção do Pedestre"";1;""Atropelamento de Pedestre"";""Com Vítimas Feridas"";""Pleno dia"";""Decrescente"";""Sol"";""Dupla"";""Reta"";""Não"";465926;""Caminhonete"";""FIAT/FIORINO FLEX"";2011;""Pedestre"";""Lesões Leves"";51;""Masculino"";0;1;0;0;-22",26844632;-45,"89160919;""SR-MG"";""DEL09"";""UOP01/MG"""
"261195;581362;2020-01-06;""segunda"";""12:05:00"";""MG"";381;853","2;""POUSO ALEGRE"";""Sim"";""Falta de Atenção do Pedestre"";1;""Atropelamento de Pedestre"";""Com Vítimas Feridas"";""Pleno dia"";""Decrescente"";""Sol"";""Dupla"";""Reta"";""Não"";465926;""Caminhonete"";""FIAT/FIORINO FLEX"";2011;""Condutor"";""Ileso"";46;""Masculino"";1;0;0;0;-22",26844632;-45,"89160919;""SR-MG"";""DEL09"";""UOP01/MG"""
"261196;581308;2020-01-06;""segunda"";""14:20:00"";""SC"";101;305;""LAGUNA"";""Sim"";""Defeito Mecânico no Veículo"";1;""Saída de leito carroçável"";""Com Vítimas Feridas"";""Pleno dia"";""Decrescente"";""Céu Claro"";""Dupla"";""Reta"";""Não"";465979;""Automóvel"";""GM/CLASSIC LIFE"";2006;""Passageiro"";""Ileso"";8;""Masculino"";1;0;0;0;-28",37674574;-48,"76400229;""SR-SC"";""DEL8/2"";""UOP03/SC""",
"261196;581307;2020-01-06;""segunda"";""14:20:00"";""SC"";101;305;""LAGUNA"";""Sim"";""Defeito Mecânico no Veículo"";1;""Saída de leito carroçável"";""Com Vítimas Feridas"";""Pleno dia"";""Decrescente"";""Céu Claro"";""Dupla"";""Reta"";""Não"";465979;""Automóvel"";""GM/CLASSIC LIFE"";2006;""Passageiro"";""Ileso"";19;""Feminino"";1;0;0;0;-28",37674574;-48,"76400229;""SR-SC"";""DEL8/2"";""UOP03/SC""",
"261196;581305;2020-01-06;""segunda"";""14:20:00"";""SC"";101;305;""LAGUNA"";""Sim"";""Defeito Mecânico no Veículo"";1;""Saída de leito carroçável"";""Com Vítimas Feridas"";""Pleno dia"";""Decrescente"";""Céu Claro"";""Dupla"";""Reta"";""Não"";465979;""Automóvel"";""GM/CLASSIC LIFE"";2006;""Passageiro"";""Ileso"";19;""Feminino"";1;0;0;0;-28",37674574;-48,"76400229;""SR-SC"";""DEL8/2"";""UOP03/SC""",
"261196;581303;2020-01-06;""segunda"";""14:20:00"";""SC"";101;305;""LAGUNA"";""Sim"";""Defeito Mecânico no Veículo"";1;""Saída de leito carroçável"";""Com Vítimas Feridas"";""Pleno dia"";""Decrescente"";""Céu Claro"";""Dupla"";""Reta"";""Não"";465979;""Automóvel"";""GM/CLASSIC LIFE"";2006;""Passageiro"";""Lesões Leves"";35;""Feminino"";0;1;0;0;-28",37674574;-48,"76400229;""SR-SC"";""DEL8/2"";""UOP03/SC""",
"261196;581301;2020-01-06;""segunda"";""14:20:00"";""SC"";101;305;""LAGUNA"";""Sim"";""Defeito Mecânico no Veículo"";1;""Saída de leito carroçável"";""Com Vítimas Feridas"";""Pleno dia"";""Decrescente"";""Céu Claro"";""Dupla"";""Reta"";""Não"";465979;""Automóvel"";""GM/CLASSIC LIFE"";2006;""Condutor"";""Ileso"";32;""Masculino"";1;0;0;0;-28",37674574;-48,"76400229;""SR-SC"";""DEL8/2"";""UOP03/SC""",
"261197;581358;2020-01-06;""segunda"";""14:30:00"";""MG"";40;422","3;""CURVELO"";""Sim"";""Condutor Dormindo"";5;""Tombamento"";""Com Vítimas Fatais"";""Pleno dia"";""Crescente"";""Céu Claro"";""Simples"";""Reta"";""Sim"";466005;""Caminhonete"";""FIAT/STRADA HD WK CC E"";2018;""Condutor"";""Óbito"";54;""Masculino"";0;0;0;1;-19",15357;-44,"54329;""SR-MG"";""DEL4/2"";""UOP01/MG"""
"261197;583783;2020-01-06;""segunda"";""14:30:00"";""MG"";40;422","3;""CURVELO"";""Sim"";""Condutor Dormindo"";5;""Tombamento"";""Com Vítimas Fatais"";""Pleno dia"";""Crescente"";""Céu Claro"";""Simples"";""Reta"";""Sim"";466006;""Automóvel"";""CHEV/PRISMA 1.4MT LT"";2014;""Passageiro"";""Lesões Graves"";32;""Feminino"";0;0;1;0;-19",15357;-44,"54329;""SR-MG"";""DEL4/2"";""UOP01/MG"""
"261197;583782;2020-01-06;""segunda"";""14:30:00"";""MG"";40;422","3;""CURVELO"";""Sim"";""Condutor Dormindo"";5;""Tombamento"";""Com Vítimas Fatais"";""Pleno dia"";""Crescente"";""Céu Claro"";""Simples"";""Reta"";""Sim"";466006;""Automóvel"";""CHEV/PRISMA 1.4MT LT"";2014;""Condutor"";""Lesões Graves"";52;""Masculino"";0;0;1;0;-19",15357;-44,"54329;""SR-MG"";""DEL4/2"";""UOP01/MG"""
"261197;583790;2020-01-06;""segunda"";""14:30:00"";""MG"";40;422","3;""CURVELO"";""Sim"";""Condutor Dormindo"";5;""Tombamento"";""Com Vítimas Fatais"";""Pleno dia"";""Crescente"";""Céu Claro"";""Simples"";""Reta"";""Sim"";466007;""Utilitário"";""I/MMC ASX 2.0 4WD"";2011;""Passageiro"";""Lesões Leves"";25;""Masculino"";0;1;0;0;-19",15357;-44,"54329;""SR-MG"";""DEL4/2"";""UOP01/MG"""
"261197;583789;2020-01-06;""segunda"";""14:30:00"";""MG"";40;422","3;""CURVELO"";""Sim"";""Condutor Dormindo"";5;""Tombamento"";""Com Vítimas Fatais"";""Pleno dia"";""Crescente"";""Céu Claro"";""Simples"";""Reta"";""Sim"";466007;""Utilitário"";""I/MMC ASX 2.0 4WD"";2011;""Condutor"";""Lesões Leves"";53;""Masculino"";0;1;0;0;-19",15357;-44,"54329;""SR-MG"";""DEL4/2"";""UOP01/MG"""
"261197;581358;2020-01-06;""segunda"";""14:30:00"";""MG"";40;422","3;""CURVELO"";""Sim"";""Condutor Dormindo"";4;""Saída de leito carroçável"";""Com Vítimas Fatais"";""Pleno dia"";""Crescente"";""Céu Claro"";""Simples"";""Reta"";""Sim"";466005;""Caminhonete"";""FIAT/STRADA HD WK CC E"";2018;""Condutor"";""Óbito"";54;""Masculino"";0;0;0;1;-19",15357;-44,"54329;""SR-MG"";""DEL4/2"";""UOP01/MG"""
"261197;583783;2020-01-06;""segunda"";""14:30:00"";""MG"";40;422","3;""CURVELO"";""Sim"";""Condutor Dormindo"";4;""Saída de leito carroçável"";""Com Vítimas Fatais"";""Pleno dia"";""Crescente"";""Céu Claro"";""Simples"";""Reta"";""Sim"";466006;""Automóvel"";""CHEV/PRISMA 1.4MT LT"";2014;""Passageiro"";""Lesões Graves"";32;""Feminino"";0;0;1;0;-19",15357;-44,"54329;""SR-MG"";""DEL4/2"";""UOP01/MG"""
"261197;583782;2020-01-06;""segunda"";""14:30:00"";""MG"";40;422","3;""CURVELO"";""Sim"";""Condutor Dormindo"";4;""Saída de leito carroçável"";""Com Vítimas Fatais"";""Pleno dia"";""Crescente"";""Céu Claro"";""Simples"";""Reta"";""Sim"";466006;""Automóvel"";""CHEV/PRISMA 1.4MT LT"";2014;""Condutor"";""Lesões Graves"";52;""Masculino"";0;0;1;0;-19",15357;-44,"54329;""SR-MG"";""DEL4/2"";""UOP01/MG"""
"261197;583790;2020-01-06;""segunda"";""14:30:00"";""MG"";40;422","3;""CURVELO"";""Sim"";""Condutor Dormindo"";4;""Saída de leito carroçável"";""Com Vítimas Fatais"";""Pleno dia"";""Crescente"";""Céu Claro"";""Simples"";""Reta"";""Sim"";466007;""Utilitário"";""I/MMC ASX 2.0 4WD"";2011;""Passageiro"";""Lesões Leves"";25;""Masculino"";0;1;0;0;-19",15357;-44,"54329;""SR-MG"";""DEL4/2"";""UOP01/MG"""
"261197;583789;2020-01-06;""segunda"";""14:30:00"";""MG"";40;422","3;""CURVELO"";""Sim"";""Condutor Dormindo"";4;""Saída de leito carroçável"";""Com Vítimas Fatais"";""Pleno dia"";""Crescente"";""Céu Claro"";""Simples"";""Reta"";""Sim"";466007;""Utilitário"";""I/MMC ASX 2.0 4WD"";2011;""Condutor"";""Lesões Leves"";53;""Masculino"";0;1;0;0;-19",15357;-44,"54329;""SR-MG"";""DEL4/2"";""UOP01/MG"""
"261197;581358;2020-01-06;""segunda"";""14:30:00"";""MG"";40;422","3;""CURVELO"";""Sim"";""Condutor Dormindo"";3;""Saída de leito carroçável"";""Com Vítimas Fatais"";""Pleno dia"";""Crescente"";""Céu Claro"";""Simples"";""Reta"";""Sim"";466005;""Caminhonete"";""FIAT/STRADA HD WK CC E"";2018;""Condutor"";""Óbito"";54;""Masculino"";0;0;0;1;-19",15357;-44,"54329;""SR-MG"";""DEL4/2"";""UOP01/MG"""
"261197;583783;2020-01-06;""segunda"";""14:30:00"";""MG"";40;422","3;""CURVELO"";""Sim"";""Condutor Dormindo"";3;""Saída de leito carroçável"";""Com Vítimas Fatais"";""Pleno dia"";""Crescente"";""Céu Claro"";""Simples"";""Reta"";""Sim"";466006;""Automóvel"";""CHEV/PRISMA 1.4MT LT"";2014;""Passageiro"";""Lesões Graves"";32;""Feminino"";0;0;1;0;-19",15357;-44,"54329;""SR-MG"";""DEL4/2"";""UOP01/MG"""
"261197;583782;2020-01-06;""segunda"";""14:30:00"";""MG"";40;422","3;""CURVELO"";""Sim"";""Condutor Dormindo"";3;""Saída de leito carroçável"";""Com Vítimas Fatais"";""Pleno dia"";""Crescente"";""Céu Claro"";""Simples"";""Reta"";""Sim"";466006;""Automóvel"";""CHEV/PRISMA 1.4MT LT"";2014;""Condutor"";""Lesões Graves"";52;""Masculino"";0;0;1;0;-19",15357;-44,"54329;""SR-MG"";""DEL4/2"";""UOP01/MG"""
"261197;583790;2020-01-06;""segunda"";""14:30:00"";""MG"";40;422","3;""CURVELO"";""Sim"";""Condutor Dormindo"";3;""Saída de leito carroçável"";""Com Vítimas Fatais"";""Pleno dia"";""Crescente"";""Céu Claro"";""Simples"";""Reta"";""Sim"";466007;""Utilitário"";""I/MMC ASX 2.0 4WD"";2011;""Passageiro"";""Lesões Leves"";25;""Masculino"";0;1;0;0;-19",15357;-44,"54329;""SR-MG"";""DEL4/2"";""UOP01/MG"""
"261197;583789;2020-01-06;""segunda"";""14:30:00"";""MG"";40;422","3;""CURVELO"";""Sim"";""Condutor Dormindo"";3;""Saída de leito carroçável"";""Com Vítimas Fatais"";""Pleno dia"";""Crescente"";""Céu Claro"";""Simples"";""Reta"";""Sim"";466007;""Utilitário"";""I/MMC ASX 2.0 4WD"";2011;""Condutor"";""Lesões Leves"";53;""Masculino"";0;1;0;0;-19",15357;-44,"54329;""SR-MG"";""DEL4/2"";""UOP01/MG"""
"261197;581358;2020-01-06;""segunda"";""14:30:00"";""MG"";40;422","3;""CURVELO"";""Sim"";""Condutor Dormindo"";1;""Colisão frontal"";""Com Vítimas Fatais"";""Pleno dia"";""Crescente"";""Céu Claro"";""Simples"";""Reta"";""Sim"";466005;""Caminhonete"";""FIAT/STRADA HD WK CC E"";2018;""Condutor"";""Óbito"";54;""Masculino"";0;0;0;1;-19",15357;-44,"54329;""SR-MG"";""DEL4/2"";""UOP01/MG"""
"261197;583783;2020-01-06;""segunda"";""14:30:00"";""MG"";40;422","3;""CURVELO"";""Sim"";""Condutor Dormindo"";1;""Colisão frontal"";""Com Vítimas Fatais"";""Pleno dia"";""Crescente"";""Céu Claro"";""Simples"";""Reta"";""Sim"";466006;""Automóvel"";""CHEV/PRISMA 1.4MT LT"";2014;""Passageiro"";""Lesões Graves"";32;""Feminino"";0;0;1;0;-19",15357;-44,"54329;""SR-MG"";""DEL4/2"";""UOP01/MG"""
"261197;583782;2020-01-06;""segunda"";""14:30:00"";""MG"";40;422","3;""CURVELO"";""Sim"";""Condutor Dormindo"";1;""Colisão frontal"";""Com Vítimas Fatais"";""Pleno dia"";""Crescente"";""Céu Claro"";""Simples"";""Reta"";""Sim"";466006;""Automóvel"";""CHEV/PRISMA 1.4MT LT"";2014;""Condutor"";""Lesões Graves"";52;""Masculino"";0;0;1;0;-19",15357;-44,"54329;""SR-MG"";""DEL4/2"";""UOP01/MG"""
"261197;583790;2020-01-06;""segunda"";""14:30:00"";""MG"";40;422","3;""CURVELO"";""Sim"";""Condutor Dormindo"";1;""Colisão frontal"";""Com Vítimas Fatais"";""Pleno dia"";""Crescente"";""Céu Claro"";""Simples"";""Reta"";""Sim"";466007;""Utilitário"";""I/MMC ASX 2.0 4WD"";2011;""Passageiro"";""Lesões Leves"";25;""Masculino"";0;1;0;0;-19",15357;-44,"54329;""SR-MG"";""DEL4/2"";""UOP01/MG"""
"261197;583789;2020-01-06;""segunda"";""14:30:00"";""MG"";40;422","3;""CURVELO"";""Sim"";""Condutor Dormindo"";1;""Colisão frontal"";""Com Vítimas Fatais"";""Pleno dia"";""Crescente"";""Céu Claro"";""Simples"";""Reta"";""Sim"";466007;""Utilitário"";""I/MMC ASX 2.0 4WD"";2011;""Condutor"";""Lesões Leves"";53;""Masculino"";0;1;0;0;-19",15357;-44,"54329;""SR-MG"";""DEL4/2"";""UOP01/MG"""
"261197;581358;2020-01-06;""segunda"";""14:30:00"";""MG"";40;422","3;""CURVELO"";""Sim"";""Condutor Dormindo"";2;""Colisão lateral"";""Com Vítimas Fatais"";""Pleno dia"";""Crescente"";""Céu Claro"";""Simples"";""Reta"";""Sim"";466005;""Caminhonete"";""FIAT/STRADA HD WK CC E"";2018;""Condutor"";""Óbito"";54;""Masculino"";0;0;0;1;-19",15357;-44,"54329;""SR-MG"";""DEL4/2"";""UOP01/MG"""
"261197;583783;2020-01-06;""segunda"";""14:30:00"";""MG"";40;422","3;""CURVELO"";""Sim"";""Condutor Dormindo"";2;""Colisão lateral"";""Com Vítimas Fatais"";""Pleno dia"";""Crescente"";""Céu Claro"";""Simples"";""Reta"";""Sim"";466006;""Automóvel"";""CHEV/PRISMA 1.4MT LT"";2014;""Passageiro"";""Lesões Graves"";32;""Feminino"";0;0;1;0;-19",15357;-44,"54329;""SR-MG"";""DEL4/2"";""UOP01/MG"""
"261197;583782;2020-01-06;""segunda"";""14:30:00"";""MG"";40;422","3;""CURVELO"";""Sim"";""Condutor Dormindo"";2;""Colisão lateral"";""Com Vítimas Fatais"";""Pleno dia"";""Crescente"";""Céu Claro"";""Simples"";""Reta"";""Sim"";466006;""Automóvel"";""CHEV/PRISMA 1.4MT LT"";2014;""Condutor"";""Lesões Graves"";52;""Masculino"";0;0;1;0;-19",15357;-44,"54329;""SR-MG"";""DEL4/2"";""UOP01/MG"""