"id;""pesid"";""data_inversa"";""dia_semana"";""horario"";""uf"";""br"";""km"";""municipio"";""causa_principal"";""causa_acidente"";""ordem_tipo_acidente"";""tipo_acidente"";""classificacao_acidente"";""fase_dia"";""sentido_via"";""condicao_metereologica"";""tipo_pista"";""tracado_via"";""uso_solo"";""id_veiculo"";""tipo_veiculo"";""marca"";""ano_fabricacao_veiculo"";""tipo_envolvido"";""estado_fisico"";""idade"";""sexo"";""ilesos"";""feridos_leves"";""feridos_graves"";""mortos"";""latitude"";""longitude"";""regional"";""delegacia"";""uop""",,,
"261197;583790;2020-01-06;""segunda"";""14:30:00"";""MG"";40;422","3;""CURVELO"";""Sim"";""Condutor Dormindo"";2;""Colisão lateral"";""Com Vítimas Fatais"";""Pleno dia"";""Crescente"";""Céu Claro"";""Simples"";""Reta"";""Sim"";466007;""Utilitário"";""I/MMC ASX 2.0 4WD"";2011;""Passageiro"";""Lesões Leves"";25;""Masculino"";0;1;0;0;-19",15357;-44,"54329;""SR-MG"";""DEL4/2"";""UOP01/MG"""
"261197;583789;2020-01-06;""segunda"";""14:30:00"";""MG"";40;422","3;""CURVELO"";""Sim"";""Condutor Dormindo"";2;""Colisão lateral"";""Com Vítimas Fatais"";""Pleno dia"";""Crescente"";""Céu Claro"";""Simples"";""Reta"";""Sim"";466007;""Utilitário"";""I/MMC ASX 2.0 4WD"";2011;""Condutor"";""Lesões Leves"";53;""Masculino"";0;1;0;0;-19",15357;-44,"54329;""SR-MG"";""DEL4/2"";""UOP01/MG"""
"261197;581358;2020-01-06;""segunda"";""14:30:00"";""MG"";40;422","3;""CURVELO"";""Não"";""Velocidade Incompatível"";5;""Tombamento"";""Com Vítimas Fatais"";""Pleno dia"";""Crescente"";""Céu Claro"";""Simples"";""Reta"";""Sim"";466005;""Caminhonete"";""FIAT/STRADA HD WK CC E"";2018;""Condutor"";""Óbito"";54;""Masculino"";0;0;0;1;-19",15357;-44,"54329;""SR-MG"";""DEL4/2"";""UOP01/MG"""
"261197;583783;2020-01-06;""segunda"";""14:30:00"";""MG"";40;422","3;""CURVELO"";""Não"";""Velocidade Incompatível"";5;""Tombamento"";""Com Vítimas Fatais"";""Pleno dia"";""Crescente"";""Céu Claro"";""Simples"";""Reta"";""Sim"";466006;""Automóvel"";""CHEV/PRISMA 1.4MT LT"";2014;""Passageiro"";""Lesões Graves"";32;""Feminino"";0;0;1;0;-19",15357;-44,"54329;""SR-MG"";""DEL4/2"";""UOP01/MG"""
"261197;583782;2020-01-06;""segunda"";""14:30:00"";""MG"";40;422","3;""CURVELO"";""Não"";""Velocidade Incompatível"";5;""Tombamento"";""Com Vítimas Fatais"";""Pleno dia"";""Crescente"";""Céu Claro"";""Simples"";""Reta"";""Sim"";466006;""Automóvel"";""CHEV/PRISMA 1.4MT LT"";2014;""Condutor"";""Lesões Graves"";52;""Masculino"";0;0;1;0;-19",15357;-44,"54329;""SR-MG"";""DEL4/2"";""UOP01/MG"""
"261197;583790;2020-01-06;""segunda"";""14:30:00"";""MG"";40;422","3;""CURVELO"";""Não"";""Velocidade Incompatível"";5;""Tombamento"";""Com Vítimas Fatais"";""Pleno dia"";""Crescente"";""Céu Claro"";""Simples"";""Reta"";""Sim"";466007;""Utilitário"";""I/MMC ASX 2.0 4WD"";2011;""Passageiro"";""Lesões Leves"";25;""Masculino"";0;1;0;0;-19",15357;-44,"54329;""SR-MG"";""DEL4/2"";""UOP01/MG"""
"261197;583789;2020-01-06;""segunda"";""14:30:00"";""MG"";40;422","3;""CURVELO"";""Não"";""Velocidade Incompatível"";5;""Tombamento"";""Com Vítimas Fatais"";""Pleno dia"";""Crescente"";""Céu Claro"";""Simples"";""Reta"";""Sim"";466007;""Utilitário"";""I/MMC ASX 2.0 4WD"";2011;""Condutor"";""Lesões Leves"";53;""Masculino"";0;1;0;0;-19",15357;-44,"54329;""SR-MG"";""DEL4/2"";""UOP01/MG"""
"261197;581358;2020-01-06;""segunda"";""14:30:00"";""MG"";40;422","3;""CURVELO"";""Não"";""Velocidade Incompatível"";4;""Saída de leito carroçável"";""Com Vítimas Fatais"";""Pleno dia"";""Crescente"";""Céu Claro"";""Simples"";""Reta"";""Sim"";466005;""Caminhonete"";""FIAT/STRADA HD WK CC E"";2018;""Condutor"";""Óbito"";54;""Masculino"";0;0;0;1;-19",15357;-44,"54329;""SR-MG"";""DEL4/2"";""UOP01/MG"""
"261197;583783;2020-01-06;""segunda"";""14:30:00"";""MG"";40;422","3;""CURVELO"";""Não"";""Velocidade Incompatível"";4;""Saída de leito carroçável"";""Com Vítimas Fatais"";""Pleno dia"";""Crescente"";""Céu Claro"";""Simples"";""Reta"";""Sim"";466006;""Automóvel"";""CHEV/PRISMA 1.4MT LT"";2014;""Passageiro"";""Lesões Graves"";32;""Feminino"";0;0;1;0;-19",15357;-44,"54329;""SR-MG"";""DEL4/2"";""UOP01/MG"""
"261197;583782;2020-01-06;""segunda"";""14:30:00"";""MG"";40;422","3;""CURVELO"";""Não"";""Velocidade Incompatível"";4;""Saída de leito carroçável"";""Com Vítimas Fatais"";""Pleno dia"";""Crescente"";""Céu Claro"";""Simples"";""Reta"";""Sim"";466006;""Automóvel"";""CHEV/PRISMA 1.4MT LT"";2014;""Condutor"";""Lesões Graves"";52;""Masculino"";0;0;1;0;-19",15357;-44,"54329;""SR-MG"";""DEL4/2"";""UOP01/MG"""
"261197;583790;2020-01-06;""segunda"";""14:30:00"";""MG"";40;422","3;""CURVELO"";""Não"";""Velocidade Incompatível"";4;""Saída de leito carroçável"";""Com Vítimas Fatais"";""Pleno dia"";""Crescente"";""Céu Claro"";""Simples"";""Reta"";""Sim"";466007;""Utilitário"";""I/MMC ASX 2.0 4WD"";2011;""Passageiro"";""Lesões Leves"";25;""Masculino"";0;1;0;0;-19",15357;-44,"54329;""SR-MG"";""DEL4/2"";""UOP01/MG"""
"261197;583789;2020-01-06;""segunda"";""14:30:00"";""MG"";40;422","3;""CURVELO"";""Não"";""Velocidade Incompatível"";4;""Saída de leito carroçável"";""Com Vítimas Fatais"";""Pleno dia"";""Crescente"";""Céu Claro"";""Simples"";""Reta"";""Sim"";466007;""Utilitário"";""I/MMC ASX 2.0 4WD"";2011;""Condutor"";""Lesões Leves"";53;""Masculino"";0;1;0;0;-19",15357;-44,"54329;""SR-MG"";""DEL4/2"";""UOP01/MG"""
"261197;581358;2020-01-06;""segunda"";""14:30:00"";""MG"";40;422","3;""CURVELO"";""Não"";""Velocidade Incompatível"";3;""Saída de leito carroçável"";""Com Vítimas Fatais"";""Pleno dia"";""Crescente"";""Céu Claro"";""Simples"";""Reta"";""Sim"";466005;""Caminhonete"";""FIAT/STRADA HD WK CC E"";2018;""Condutor"";""Óbito"";54;""Masculino"";0;0;0;1;-19",15357;-44,"54329;""SR-MG"";""DEL4/2"";""UOP01/MG"""
"261197;583783;2020-01-06;""segunda"";""14:30:00"";""MG"";40;422","3;""CURVELO"";""Não"";""Velocidade Incompatível"";3;""Saída de leito carroçável"";""Com Vítimas Fatais"";""Pleno dia"";""Crescente"";""Céu Claro"";""Simples"";""Reta"";""Sim"";466006;""Automóvel"";""CHEV/PRISMA 1.4MT LT"";2014;""Passageiro"";""Lesões Graves"";32;""Feminino"";0;0;1;0;-19",15357;-44,"54329;""SR-MG"";""DEL4/2"";""UOP01/MG"""
"261197;583782;2020-01-06;""segunda"";""14:30:00"";""MG"";40;422","3;""CURVELO"";""Não"";""Velocidade Incompatível"";3;""Saída de leito carroçável"";""Com Vítimas Fatais"";""Pleno dia"";""Crescente"";""Céu Claro"";""Simples"";""Reta"";""Sim"";466006;""Automóvel"";""CHEV/PRISMA 1.4MT LT"";2014;""Condutor"";""Lesões Graves"";52;""Masculino"";0;0;1;0;-19",15357;-44,"54329;""SR-MG"";""DEL4/2"";""UOP01/MG"""
"261197;583790;2020-01-06;""segunda"";""14:30:00"";""MG"";40;422","3;""CURVELO"";""Não"";""Velocidade Incompatível"";3;""Saída de leito carroçável"";""Com Vítimas Fatais"";""Pleno dia"";""Crescente"";""Céu Claro"";""Simples"";""Reta"";""Sim"";466007;""Utilitário"";""I/MMC ASX 2.0 4WD"";2011;""Passageiro"";""Lesões Leves"";25;""Masculino"";0;1;0;0;-19",15357;-44,"54329;""SR-MG"";""DEL4/2"";""UOP01/MG"""
"261197;583789;2020-01-06;""segunda"";""14:30:00"";""MG"";40;422","3;""CURVELO"";""Não"";""Velocidade Incompatível"";3;""Saída de leito carroçável"";""Com Vítimas Fatais"";""Pleno dia"";""Crescente"";""Céu Claro"";""Simples"";""Reta"";""Sim"";466007;""Utilitário"";""I/MMC ASX 2.0 4WD"";2011;""Condutor"";""Lesões Leves"";53;""Masculino"";0;1;0;0;-19",15357;-44,"54329;""SR-MG"";""DEL4/2"";""UOP01/MG"""
"261197;581358;2020-01-06;""segunda"";""14:30:00"";""MG"";40;422","3;""CURVELO"";""Não"";""Velocidade Incompatível"";1;""Colisão frontal"";""Com Vítimas Fatais"";""Pleno dia"";""Crescente"";""Céu Claro"";""Simples"";""Reta"";""Sim"";466005;""Caminhonete"";""FIAT/STRADA HD WK CC E"";2018;""Condutor"";""Óbito"";54;""Masculino"";0;0;0;1;-19",15357;-44,"54329;""SR-MG"";""DEL4/2"";""UOP01/MG"""
"261197;583783;2020-01-06;""segunda"";""14:30:00"";""MG"";40;422","3;""CURVELO"";""Não"";""Velocidade Incompatível"";1;""Colisão frontal"";""Com Vítimas Fatais"";""Pleno dia"";""Crescente"";""Céu Claro"";""Simples"";""Reta"";""Sim"";466006;""Automóvel"";""CHEV/PRISMA 1.4MT LT"";2014;""Passageiro"";""Lesões Graves"";32;""Feminino"";0;0;1;0;-19",15357;-44,"54329;""SR-MG"";""DEL4/2"";""UOP01/MG"""
"261197;583782;2020-01-06;""segunda"";""14:30:00"";""MG"";40;422","3;""CURVELO"";""Não"";""Velocidade Incompatível"";1;""Colisão frontal"";""Com Vítimas Fatais"";""Pleno dia"";""Crescente"";""Céu Claro"";""Simples"";""Reta"";""Sim"";466006;""Automóvel"";""CHEV/PRISMA 1.4MT LT"";2014;""Condutor"";""Lesões Graves"";52;""Masculino"";0;0;1;0;-19",15357;-44,"54329;""SR-MG"";""DEL4/2"";""UOP01/MG"""
"261197;583790;2020-01-06;""segunda"";""14:30:00"";""MG"";40;422","3;""CURVELO"";""Não"";""Velocidade Incompatível"";1;""Colisão frontal"";""Com Vítimas Fatais"";""Pleno dia"";""Crescente"";""Céu Claro"";""Simples"";""Reta"";""Sim"";466007;""Utilitário"";""I/MMC ASX 2.0 4WD"";2011;""Passageiro"";""Lesões Leves"";25;""Masculino"";0;1;0;0;-19",15357;-44,"54329;""SR-MG"";""DEL4/2"";""UOP01/MG"""
"261197;583789;2020-01-06;""segunda"";""14:30:00"";""MG"";40;422","3;""CURVELO"";""Não"";""Velocidade Incompatível"";1;""Colisão frontal"";""Com Vítimas Fatais"";""Pleno dia"";""Crescente"";""Céu Claro"";""Simples"";""Reta"";""Sim"";466007;""Utilitário"";""I/MMC ASX 2.0 4WD"";2011;""Condutor"";""Lesões Leves"";53;""Masculino"";0;1;0;0;-19",15357;-44,"54329;""SR-MG"";""DEL4/2"";""UOP01/MG"""
"261197;581358;2020-01-06;""segunda"";""14:30:00"";""MG"";40;422","3;""CURVELO"";""Não"";""Velocidade Incompatível"";2;""Colisão lateral"";""Com Vítimas Fatais"";""Pleno dia"";""Crescente"";""Céu Claro"";""Simples"";""Reta"";""Sim"";466005;""Caminhonete"";""FIAT/STRADA HD WK CC E"";2018;""Condutor"";""Óbito"";54;""Masculino"";0;0;0;1;-19",15357;-44,"54329;""SR-MG"";""DEL4/2"";""UOP01/MG"""
"261197;583783;2020-01-06;""segunda"";""14:30:00"";""MG"";40;422","3;""CURVELO"";""Não"";""Velocidade Incompatível"";2;""Colisão lateral"";""Com Vítimas Fatais"";""Pleno dia"";""Crescente"";""Céu Claro"";""Simples"";""Reta"";""Sim"";466006;""Automóvel"";""CHEV/PRISMA 1.4MT LT"";2014;""Passageiro"";""Lesões Graves"";32;""Feminino"";0;0;1;0;-19",15357;-44,"54329;""SR-MG"";""DEL4/2"";""UOP01/MG"""
"261197;583782;2020-01-06;""segunda"";""14:30:00"";""MG"";40;422","3;""CURVELO"";""Não"";""Velocidade Incompatível"";2;""Colisão lateral"";""Com Vítimas Fatais"";""Pleno dia"";""Crescente"";""Céu Claro"";""Simples"";""Reta"";""Sim"";466006;""Automóvel"";""CHEV/PRISMA 1.4MT LT"";2014;""Condutor"";""Lesões Graves"";52;""Masculino"";0;0;1;0;-19",15357;-44,"54329;""SR-MG"";""DEL4/2"";""UOP01/MG"""
"261197;583790;2020-01-06;""segunda"";""14:30:00"";""MG"";40;422","3;""CURVELO"";""Não"";""Velocidade Incompatível"";2;""Colisão lateral"";""Com Vítimas Fatais"";""Pleno dia"";""Crescente"";""Céu Claro"";""Simples"";""Reta"";""Sim"";466007;""Utilitário"";""I/MMC ASX 2.0 4WD"";2011;""Passageiro"";""Lesões Leves"";25;""Masculino"";0;1;0;0;-19",15357;-44,"54329;""SR-MG"";""DEL4/2"";""UOP01/MG"""
"261197;583789;2020-01-06;""segunda"";""14:30:00"";""MG"";40;422","3;""CURVELO"";""Não"";""Velocidade Incompatível"";2;""Colisão lateral"";""Com Vítimas Fatais"";""Pleno dia"";""Crescente"";""Céu Claro"";""Simples"";""Reta"";""Sim"";466007;""Utilitário"";""I/MMC ASX 2.0 4WD"";2011;""Condutor"";""Lesões Leves"";53;""Masculino"";0;1;0;0;-19",15357;-44,"54329;""SR-MG"";""DEL4/2"";""UOP01/MG"""
"261198;581385;2020-01-06;""segunda"";""14:00:00"";""RJ"";116;189","8;""QUEIMADOS"";""Sim"";""Falta de Atenção à Condução"";1;""Colisão transversal"";""Com Vítimas Fatais"";""Pleno dia"";""Crescente"";""Céu Claro"";""Simples"";""Curva"";""Sim"";466035;""Bicicleta"";"""";NA;""Condutor"";""Óbito"";61;""Masculino"";0;0;0;1;-22",73765712;-43,"49182298;""SR-RJ"";""DEL5/1"";""UOP02/RJ"""
"261198;581390;2020-01-06;""segunda"";""14:00:00"";""RJ"";116;189","8;""QUEIMADOS"";""Sim"";""Falta de Atenção à Condução"";1;""Colisão transversal"";""Com Vítimas Fatais"";""Pleno dia"";""Crescente"";""Céu Claro"";""Simples"";""Curva"";""Sim"";466036;""Ônibus"";""M.BENZ/INDUSCAR APACHE U"";2010;""Condutor"";""Ileso"";55;""Masculino"";1;0;0;0;-22",73765712;-43,"49182298;""SR-RJ"";""DEL5/1"";""UOP02/RJ"""
"261199;581343;2020-01-06;""segunda"";""12:30:00"";""RJ"";101;333;""RIO DE JANEIRO"";""Sim"";""Falta de Atenção à Condução"";1;""Colisão traseira"";""Com Vítimas Feridas"";""Pleno dia"";""Crescente"";""Nublado"";""Dupla"";""Reta"";""Não"";465991;""Motocicleta"";""HONDA/XRE 190"";2019;""Passageiro"";""Lesões Leves"";23;""Feminino"";0;1;0;0;-22",87827816;-43,"21053578;""SR-RJ"";""UOP01"";""DEL02""",
"261199;581338;2020-01-06;""segunda"";""12:30:00"";""RJ"";101;333;""RIO DE JANEIRO"";""Sim"";""Falta de Atenção à Condução"";1;""Colisão traseira"";""Com Vítimas Feridas"";""Pleno dia"";""Crescente"";""Nublado"";""Dupla"";""Reta"";""Não"";465991;""Motocicleta"";""HONDA/XRE 190"";2019;""Condutor"";""Lesões Leves"";23;""Masculino"";0;1;0;0;-22",87827816;-43,"21053578;""SR-RJ"";""UOP01"";""DEL02""",
"261199;581336;2020-01-06;""segunda"";""12:30:00"";""RJ"";101;333;""RIO DE JANEIRO"";""Sim"";""Falta de Atenção à Condução"";1;""Colisão traseira"";""Com Vítimas Feridas"";""Pleno dia"";""Crescente"";""Nublado"";""Dupla"";""Reta"";""Não"";465990;""Automóvel"";""FIAT/UNO WAY 1.0"";2011;""Condutor"";""Ileso"";34;""Masculino"";1;0;0;0;-22",87827816;-43,"21053578;""SR-RJ"";""UOP01"";""DEL02""",
"261199;581343;2020-01-06;""segunda"";""12:30:00"";""RJ"";101;333;""RIO DE JANEIRO"";""Sim"";""Falta de Atenção à Condução"";2;""Tombamento"";""Com Vítimas Feridas"";""Pleno dia"";""Crescente"";""Nublado"";""Dupla"";""Reta"";""Não"";465991;""Motocicleta"";""HONDA/XRE 190"";2019;""Passageiro"";""Lesões Leves"";23;""Feminino"";0;1;0;0;-22",87827816;-43,"21053578;""SR-RJ"";""UOP01"";""DEL02""",
"261199;581338;2020-01-06;""segunda"";""12:30:00"";""RJ"";101;333;""RIO DE JANEIRO"";""Sim"";""Falta de Atenção à Condução"";2;""Tombamento"";""Com Vítimas Feridas"";""Pleno dia"";""Crescente"";""Nublado"";""Dupla"";""Reta"";""Não"";465991;""Motocicleta"";""HONDA/XRE 190"";2019;""Condutor"";""Lesões Leves"";23;""Masculino"";0;1;0;0;-22",87827816;-43,"21053578;""SR-RJ"";""UOP01"";""DEL02""",
"261199;581336;2020-01-06;""segunda"";""12:30:00"";""RJ"";101;333;""RIO DE JANEIRO"";""Sim"";""Falta de Atenção à Condução"";2;""Tombamento"";""Com Vítimas Feridas"";""Pleno dia"";""Crescente"";""Nublado"";""Dupla"";""Reta"";""Não"";465990;""Automóvel"";""FIAT/UNO WAY 1.0"";2011;""Condutor"";""Ileso"";34;""Masculino"";1;0;0;0;-22",87827816;-43,"21053578;""SR-RJ"";""UOP01"";""DEL02""",
"261200;581318;2020-01-06;""segunda"";""14:20:00"";""SP"";381;49;""ATIBAIA"";""Sim"";""Falta de Atenção à Condução"";1;""Colisão com objeto estático"";""Sem Vítimas"";""Pleno dia"";""Decrescente"";""Céu Claro"";""Múltipla"";""Reta"";""Sim"";465987;""Caminhão-trator"";""VOLVO/FH 440 6X4T"";2009;""Condutor"";""Ileso"";41;""Masculino"";1;0;0;0;-23",20535293;-46,"59066516;""SR-SP"";""DEL6/3"";""UOP02/SP""",
"261200;NA;2020-01-06;""segunda"";""14:20:00"";""SP"";381;49;""ATIBAIA"";""Sim"";""Falta de Atenção à Condução"";1;""Colisão com objeto estático"";""Sem Vítimas"";""Pleno dia"";""Decrescente"";""Céu Claro"";""Múltipla"";""Reta"";""Sim"";465989;""Semireboque"";""SR/RANDON SR CA GN"";2009;""Não Informado"";""Não Informado"";NA;""Não Informado"";0;0;0;0;-23",20535293;-46,"59066516;""SR-SP"";""DEL6/3"";""UOP02/SP""",
"261200;NA;2020-01-06;""segunda"";""14:20:00"";""SP"";381;49;""ATIBAIA"";""Sim"";""Falta de Atenção à Condução"";1;""Colisão com objeto estático"";""Sem Vítimas"";""Pleno dia"";""Decrescente"";""Céu Claro"";""Múltipla"";""Reta"";""Sim"";465988;""Semireboque"";""SR/RANDON SR CA GN"";2009;""Não Informado"";""Não Informado"";NA;""Não Informado"";0;0;0;0;-23",20535293;-46,"59066516;""SR-SP"";""DEL6/3"";""UOP02/SP""",
"261201;585001;2020-01-06;""segunda"";""15:00:00"";""SC"";101;29;""JOINVILLE"";""Sim"";""Não guardar distância de segurança"";1;""Colisão traseira"";""Com Vítimas Feridas"";""Pleno dia"";""Decrescente"";""Céu Claro"";""Dupla"";""Não Informado"";""Não"";465958;""Motocicleta"";""HARLEY DAVIDSON/FLHTK"";2017;""Condutor"";""Lesões Leves"";57;""Masculino"";0;1;0;0;-26",211903;-48,"91589904;""SR-SC"";""DEL8/3"";""UOP01/SC""",
"261201;585131;2020-01-06;""segunda"";""15:00:00"";""SC"";101;29;""JOINVILLE"";""Sim"";""Não guardar distância de segurança"";1;""Colisão traseira"";""Com Vítimas Feridas"";""Pleno dia"";""Decrescente"";""Céu Claro"";""Dupla"";""Não Informado"";""Não"";465958;""Motocicleta"";""HARLEY DAVIDSON/FLHTK"";2017;""Passageiro"";""Lesões Leves"";54;""Feminino"";0;1;0;0;-26",211903;-48,"91589904;""SR-SC"";""DEL8/3"";""UOP01/SC""",
"261201;584999;2020-01-06;""segunda"";""15:00:00"";""SC"";101;29;""JOINVILLE"";""Sim"";""Não guardar distância de segurança"";1;""Colisão traseira"";""Com Vítimas Feridas"";""Pleno dia"";""Decrescente"";""Céu Claro"";""Dupla"";""Não Informado"";""Não"";465957;""Automóvel"";""RENAULT/SANDERO PRI 16"";2012;""Condutor"";""Ileso"";37;""Feminino"";1;0;0;0;-26",211903;-48,"91589904;""SR-SC"";""DEL8/3"";""UOP01/SC""",
"261202;584948;2020-01-06;""segunda"";""09:30:00"";""SC"";280;283","8;""IRINEOPOLIS"";""Sim"";""Mal Súbito"";1;""Capotamento"";""Com Vítimas Feridas"";""Pleno dia"";""Decrescente"";""Sol"";""Simples"";""Curva"";""Não"";465947;""Automóvel"";""VW/GOL ROCK IN RIO"";2011;""Passageiro"";""Ileso"";16;""Masculino"";1;0;0;0;-26",29391936;-50,"85814305;""SR-SC"";""DEL8/6"";""UOP04/SC"""
"261202;581253;2020-01-06;""segunda"";""09:30:00"";""SC"";280;283","8;""IRINEOPOLIS"";""Sim"";""Mal Súbito"";1;""Capotamento"";""Com Vítimas Feridas"";""Pleno dia"";""Decrescente"";""Sol"";""Simples"";""Curva"";""Não"";465947;""Automóvel"";""VW/GOL ROCK IN RIO"";2011;""Passageiro"";""Ileso"";3;""Feminino"";1;0;0;0;-26",29391936;-50,"85814305;""SR-SC"";""DEL8/6"";""UOP04/SC"""
"261202;581250;2020-01-06;""segunda"";""09:30:00"";""SC"";280;283","8;""IRINEOPOLIS"";""Sim"";""Mal Súbito"";1;""Capotamento"";""Com Vítimas Feridas"";""Pleno dia"";""Decrescente"";""Sol"";""Simples"";""Curva"";""Não"";465947;""Automóvel"";""VW/GOL ROCK IN RIO"";2011;""Passageiro"";""Lesões Leves"";21;""Feminino"";0;1;0;0;-26",29391936;-50,"85814305;""SR-SC"";""DEL8/6"";""UOP04/SC"""
"261202;581248;2020-01-06;""segunda"";""09:30:00"";""SC"";280;283","8;""IRINEOPOLIS"";""Sim"";""Mal Súbito"";1;""Capotamento"";""Com Vítimas Feridas"";""Pleno dia"";""Decrescente"";""Sol"";""Simples"";""Curva"";""Não"";465947;""Automóvel"";""VW/GOL ROCK IN RIO"";2011;""Passageiro"";""Lesões Graves"";21;""Masculino"";0;0;1;0;-26",29391936;-50,"85814305;""SR-SC"";""DEL8/6"";""UOP04/SC"""
"261202;581245;2020-01-06;""segunda"";""09:30:00"";""SC"";280;283","8;""IRINEOPOLIS"";""Sim"";""Mal Súbito"";1;""Capotamento"";""Com Vítimas Feridas"";""Pleno dia"";""Decrescente"";""Sol"";""Simples"";""Curva"";""Não"";465947;""Automóvel"";""VW/GOL ROCK IN RIO"";2011;""Condutor"";""Lesões Leves"";23;""Feminino"";0;1;0;0;-26",29391936;-50,"85814305;""SR-SC"";""DEL8/6"";""UOP04/SC"""
"261203;581288;2020-01-06;""segunda"";""12:20:00"";""RJ"";493;22;""MAGE"";""Sim"";""Falta de Atenção à Condução"";1;""Colisão transversal"";""Com Vítimas Feridas"";""Pleno dia"";""Decrescente"";""Sol"";""Simples"";""Reta"";""Sim"";465943;""Caminhonete"";""FORD/COURIER L 1.6 FLEX"";2008;""Condutor"";""Lesões Leves"";87;""Masculino"";0;1;0;0;-22",659311;-43,"053303;""SR-RJ"";""DEL5/4"";""UOP02/RJ""",
"261203;581295;2020-01-06;""segunda"";""12:20:00"";""RJ"";493;22;""MAGE"";""Sim"";""Falta de Atenção à Condução"";1;""Colisão transversal"";""Com Vítimas Feridas"";""Pleno dia"";""Decrescente"";""Sol"";""Simples"";""Reta"";""Sim"";465944;""Automóvel"";""FORD/FIESTA HA 1.6L SE"";2014;""Condutor"";""Lesões Leves"";37;""Feminino"";0;1;0;0;-22",659311;-43,"053303;""SR-RJ"";""DEL5/4"";""UOP02/RJ""",
"261203;581300;2020-01-06;""segunda"";""12:20:00"";""RJ"";493;22;""MAGE"";""Sim"";""Falta de Atenção à Condução"";1;""Colisão transversal"";""Com Vítimas Feridas"";""Pleno dia"";""Decrescente"";""Sol"";""Simples"";""Reta"";""Sim"";465944;""Automóvel"";""FORD/FIESTA HA 1.6L SE"";2014;""Passageiro"";""Lesões Leves"";31;""Feminino"";0;1;0;0;-22",659311;-43,"053303;""SR-RJ"";""DEL5/4"";""UOP02/RJ""",
"261203;581298;2020-01-06;""segunda"";""12:20:00"";""RJ"";493;22;""MAGE"";""Sim"";""Falta de Atenção à Condução"";1;""Colisão transversal"";""Com Vítimas Feridas"";""Pleno dia"";""Decrescente"";""Sol"";""Simples"";""Reta"";""Sim"";465944;""Automóvel"";""FORD/FIESTA HA 1.6L SE"";2014;""Passageiro"";""Lesões Leves"";42;""Feminino"";0;1;0;0;-22",659311;-43,"053303;""SR-RJ"";""DEL5/4"";""UOP02/RJ""",
"261203;581297;2020-01-06;""segunda"";""12:20:00"";""RJ"";493;22;""MAGE"";""Sim"";""Falta de Atenção à Condução"";1;""Colisão transversal"";""Com Vítimas Feridas"";""Pleno dia"";""Decrescente"";""Sol"";""Simples"";""Reta"";""Sim"";465944;""Automóvel"";""FORD/FIESTA HA 1.6L SE"";2014;""Passageiro"";""Lesões Leves"";13;""Feminino"";0;1;0;0;-22",659311;-43,"053303;""SR-RJ"";""DEL5/4"";""UOP02/RJ""",
"261204;581230;2020-01-06;""segunda"";""14:00:00"";""RS"";386;408","7;""TRIUNFO"";""Sim"";""Falta de Atenção à Condução"";2;""Capotamento"";""Com Vítimas Fatais"";""Pleno dia"";""Crescente"";""Nublado"";""Simples"";""Curva"";""Não"";465952;""Automóvel"";""RENAULT/CAPTUR INTEN 20A"";2017;""Passageiro"";""Óbito"";31;""Masculino"";0;0;0;1;-29",791815;-51,"535404;""SR-RS"";""DEL9/4"";""UOP02/RS"""
"261204;581243;2020-01-06;""segunda"";""14:00:00"";""RS"";386;408","7;""TRIUNFO"";""Sim"";""Falta de Atenção à Condução"";2;""Capotamento"";""Com Vítimas Fatais"";""Pleno dia"";""Crescente"";""Nublado"";""Simples"";""Curva"";""Não"";465952;""Automóvel"";""RENAULT/CAPTUR INTEN 20A"";2017;""Passageiro"";""Lesões Leves"";35;""Feminino"";0;1;0;0;-29",791815;-51,"535404;""SR-RS"";""DEL9/4"";""UOP02/RS"""
"261204;581246;2020-01-06;""segunda"";""14:00:00"";""RS"";386;408","7;""TRIUNFO"";""Sim"";""Falta de Atenção à Condução"";2;""Capotamento"";""Com Vítimas Fatais"";""Pleno dia"";""Crescente"";""Nublado"";""Simples"";""Curva"";""Não"";465952;""Automóvel"";""RENAULT/CAPTUR INTEN 20A"";2017;""Passageiro"";""Lesões Graves"";63;""Feminino"";0;0;1;0;-29",791815;-51,"535404;""SR-RS"";""DEL9/4"";""UOP02/RS"""
"261204;581229;2020-01-06;""segunda"";""14:00:00"";""RS"";386;408","7;""TRIUNFO"";""Sim"";""Falta de Atenção à Condução"";2;""Capotamento"";""Com Vítimas Fatais"";""Pleno dia"";""Crescente"";""Nublado"";""Simples"";""Curva"";""Não"";465952;""Automóvel"";""RENAULT/CAPTUR INTEN 20A"";2017;""Condutor"";""Óbito"";60;""Masculino"";0;0;0;1;-29",791815;-51,"535404;""SR-RS"";""DEL9/4"";""UOP02/RS"""
"261204;581230;2020-01-06;""segunda"";""14:00:00"";""RS"";386;408","7;""TRIUNFO"";""Sim"";""Falta de Atenção à Condução"";1;""Saída de leito carroçável"";""Com Vítimas Fatais"";""Pleno dia"";""Crescente"";""Nublado"";""Simples"";""Curva"";""Não"";465952;""Automóvel"";""RENAULT/CAPTUR INTEN 20A"";2017;""Passageiro"";""Óbito"";31;""Masculino"";0;0;0;1;-29",791815;-51,"535404;""SR-RS"";""DEL9/4"";""UOP02/RS"""
"261204;581243;2020-01-06;""segunda"";""14:00:00"";""RS"";386;408","7;""TRIUNFO"";""Sim"";""Falta de Atenção à Condução"";1;""Saída de leito carroçável"";""Com Vítimas Fatais"";""Pleno dia"";""Crescente"";""Nublado"";""Simples"";""Curva"";""Não"";465952;""Automóvel"";""RENAULT/CAPTUR INTEN 20A"";2017;""Passageiro"";""Lesões Leves"";35;""Feminino"";0;1;0;0;-29",791815;-51,"535404;""SR-RS"";""DEL9/4"";""UOP02/RS"""