"id;""pesid"";""data_inversa"";""dia_semana"";""horario"";""uf"";""br"";""km"";""municipio"";""causa_principal"";""causa_acidente"";""ordem_tipo_acidente"";""tipo_acidente"";""classificacao_acidente"";""fase_dia"";""sentido_via"";""condicao_metereologica"";""tipo_pista"";""tracado_via"";""uso_solo"";""id_veiculo"";""tipo_veiculo"";""marca"";""ano_fabricacao_veiculo"";""tipo_envolvido"";""estado_fisico"";""idade"";""sexo"";""ilesos"";""feridos_leves"";""feridos_graves"";""mortos"";""latitude"";""longitude"";""regional"";""delegacia"";""uop""",,,
"261213;NA;2020-01-06;""segunda"";""15:50:00"";""TO"";153;757","9;""ALVORADA"";""Sim"";""Defeito Mecânico no Veículo"";2;""Saída de leito carroçável"";""Com Vítimas Fatais"";""Pleno dia"";""Decrescente"";""Céu Claro"";""Simples"";""Reta"";""Não"";466114;""Semireboque"";""SR/RANDON TQ PP 03E"";2019;""Não Informado"";""Não Informado"";NA;""Não Informado"";0;0;0;0;-12",45418101;-49,"11937505;""SR-TO"";""UOP01/TO"";"""""
"261213;NA;2020-01-06;""segunda"";""15:50:00"";""TO"";153;757","9;""ALVORADA"";""Sim"";""Defeito Mecânico no Veículo"";2;""Saída de leito carroçável"";""Com Vítimas Fatais"";""Pleno dia"";""Decrescente"";""Céu Claro"";""Simples"";""Reta"";""Não"";466115;""Semireboque"";""SR/RANDON TQ PP 03E"";2019;""Não Informado"";""Não Informado"";NA;""Não Informado"";0;0;0;0;-12",45418101;-49,"11937505;""SR-TO"";""UOP01/TO"";"""""
"261214;581539;2020-01-06;""segunda"";""15:45:00"";""SP"";153;62","1;""SAO JOSE DO RIO PRETO"";""Sim"";""Não guardar distância de segurança"";2;""Tombamento"";""Com Vítimas Feridas"";""Pleno dia"";""Crescente"";""Céu Claro"";""Dupla"";""Não Informado"";""Sim"";465963;""Motocicleta"";""HONDA/CG 150 TITAN ES"";2007;""Passageiro"";""Lesões Leves"";18;""Masculino"";0;1;0;0;-20",81325404;-49,"35675563;""SR-SP"";""DEL6/9"";""UOP01/SP"""
"261214;581538;2020-01-06;""segunda"";""15:45:00"";""SP"";153;62","1;""SAO JOSE DO RIO PRETO"";""Sim"";""Não guardar distância de segurança"";2;""Tombamento"";""Com Vítimas Feridas"";""Pleno dia"";""Crescente"";""Céu Claro"";""Dupla"";""Não Informado"";""Sim"";465963;""Motocicleta"";""HONDA/CG 150 TITAN ES"";2007;""Condutor"";""Lesões Leves"";34;""Masculino"";0;1;0;0;-20",81325404;-49,"35675563;""SR-SP"";""DEL6/9"";""UOP01/SP"""
"261214;581540;2020-01-06;""segunda"";""15:45:00"";""SP"";153;62","1;""SAO JOSE DO RIO PRETO"";""Sim"";""Não guardar distância de segurança"";2;""Tombamento"";""Com Vítimas Feridas"";""Pleno dia"";""Crescente"";""Céu Claro"";""Dupla"";""Não Informado"";""Sim"";466014;""Automóvel"";""HYUNDAI/HB20S 1.6M COMF"";2018;""Condutor"";""Ileso"";35;""Feminino"";1;0;0;0;-20",81325404;-49,"35675563;""SR-SP"";""DEL6/9"";""UOP01/SP"""
"261214;581539;2020-01-06;""segunda"";""15:45:00"";""SP"";153;62","1;""SAO JOSE DO RIO PRETO"";""Sim"";""Não guardar distância de segurança"";1;""Colisão traseira"";""Com Vítimas Feridas"";""Pleno dia"";""Crescente"";""Céu Claro"";""Dupla"";""Não Informado"";""Sim"";465963;""Motocicleta"";""HONDA/CG 150 TITAN ES"";2007;""Passageiro"";""Lesões Leves"";18;""Masculino"";0;1;0;0;-20",81325404;-49,"35675563;""SR-SP"";""DEL6/9"";""UOP01/SP"""
"261214;581538;2020-01-06;""segunda"";""15:45:00"";""SP"";153;62","1;""SAO JOSE DO RIO PRETO"";""Sim"";""Não guardar distância de segurança"";1;""Colisão traseira"";""Com Vítimas Feridas"";""Pleno dia"";""Crescente"";""Céu Claro"";""Dupla"";""Não Informado"";""Sim"";465963;""Motocicleta"";""HONDA/CG 150 TITAN ES"";2007;""Condutor"";""Lesões Leves"";34;""Masculino"";0;1;0;0;-20",81325404;-49,"35675563;""SR-SP"";""DEL6/9"";""UOP01/SP"""
"261214;581540;2020-01-06;""segunda"";""15:45:00"";""SP"";153;62","1;""SAO JOSE DO RIO PRETO"";""Sim"";""Não guardar distância de segurança"";1;""Colisão traseira"";""Com Vítimas Feridas"";""Pleno dia"";""Crescente"";""Céu Claro"";""Dupla"";""Não Informado"";""Sim"";466014;""Automóvel"";""HYUNDAI/HB20S 1.6M COMF"";2018;""Condutor"";""Ileso"";35;""Feminino"";1;0;0;0;-20",81325404;-49,"35675563;""SR-SP"";""DEL6/9"";""UOP01/SP"""
"261215;581345;2020-01-06;""segunda"";""16:05:00"";""RS"";116;266;""CANOAS"";""Sim"";""Falta de Atenção à Condução"";2;""Tombamento"";""Com Vítimas Feridas"";""Pleno dia"";""Decrescente"";""Sol"";""Dupla"";""Reta"";""Sim"";465996;""Motocicleta"";""HONDA/CG 125 FAN KS"";2010;""Condutor"";""Lesões Graves"";31;""Feminino"";0;0;1;0;-29",93592819;-51,"17710406;""SR-RS"";""DEL9/1"";""UOP01/RS""",
"261215;581340;2020-01-06;""segunda"";""16:05:00"";""RS"";116;266;""CANOAS"";""Sim"";""Falta de Atenção à Condução"";2;""Tombamento"";""Com Vítimas Feridas"";""Pleno dia"";""Decrescente"";""Sol"";""Dupla"";""Reta"";""Sim"";465995;""Camioneta"";""HYUNDAI/TUCSON GLB"";2010;""Condutor"";""Ileso"";42;""Feminino"";1;0;0;0;-29",93592819;-51,"17710406;""SR-RS"";""DEL9/1"";""UOP01/RS""",
"261215;581345;2020-01-06;""segunda"";""16:05:00"";""RS"";116;266;""CANOAS"";""Sim"";""Falta de Atenção à Condução"";3;""Queda de ocupante de veículo"";""Com Vítimas Feridas"";""Pleno dia"";""Decrescente"";""Sol"";""Dupla"";""Reta"";""Sim"";465996;""Motocicleta"";""HONDA/CG 125 FAN KS"";2010;""Condutor"";""Lesões Graves"";31;""Feminino"";0;0;1;0;-29",93592819;-51,"17710406;""SR-RS"";""DEL9/1"";""UOP01/RS""",
"261215;581340;2020-01-06;""segunda"";""16:05:00"";""RS"";116;266;""CANOAS"";""Sim"";""Falta de Atenção à Condução"";3;""Queda de ocupante de veículo"";""Com Vítimas Feridas"";""Pleno dia"";""Decrescente"";""Sol"";""Dupla"";""Reta"";""Sim"";465995;""Camioneta"";""HYUNDAI/TUCSON GLB"";2010;""Condutor"";""Ileso"";42;""Feminino"";1;0;0;0;-29",93592819;-51,"17710406;""SR-RS"";""DEL9/1"";""UOP01/RS""",
"261215;581345;2020-01-06;""segunda"";""16:05:00"";""RS"";116;266;""CANOAS"";""Sim"";""Falta de Atenção à Condução"";1;""Colisão transversal"";""Com Vítimas Feridas"";""Pleno dia"";""Decrescente"";""Sol"";""Dupla"";""Reta"";""Sim"";465996;""Motocicleta"";""HONDA/CG 125 FAN KS"";2010;""Condutor"";""Lesões Graves"";31;""Feminino"";0;0;1;0;-29",93592819;-51,"17710406;""SR-RS"";""DEL9/1"";""UOP01/RS""",
"261215;581340;2020-01-06;""segunda"";""16:05:00"";""RS"";116;266;""CANOAS"";""Sim"";""Falta de Atenção à Condução"";1;""Colisão transversal"";""Com Vítimas Feridas"";""Pleno dia"";""Decrescente"";""Sol"";""Dupla"";""Reta"";""Sim"";465995;""Camioneta"";""HYUNDAI/TUCSON GLB"";2010;""Condutor"";""Ileso"";42;""Feminino"";1;0;0;0;-29",93592819;-51,"17710406;""SR-RS"";""DEL9/1"";""UOP01/RS""",
"261216;581270;2020-01-06;""segunda"";""15:25:00"";""MG"";146;608;""POCOS DE CALDAS"";""Sim"";""Desobediência às normas de trânsito pelo condutor"";1;""Colisão transversal"";""Com Vítimas Feridas"";""Pleno dia"";""Crescente"";""Céu Claro"";""Simples"";""Reta"";""Sim"";465968;""Automóvel"";""I/M.BENZ C200"";2015;""Passageiro"";""Lesões Leves"";30;""Masculino"";0;1;0;0;-21",807821;-46,"475178;""SR-MG"";""DEL09"";""UOP04/MG""",
"261216;581268;2020-01-06;""segunda"";""15:25:00"";""MG"";146;608;""POCOS DE CALDAS"";""Sim"";""Desobediência às normas de trânsito pelo condutor"";1;""Colisão transversal"";""Com Vítimas Feridas"";""Pleno dia"";""Crescente"";""Céu Claro"";""Simples"";""Reta"";""Sim"";465968;""Automóvel"";""I/M.BENZ C200"";2015;""Condutor"";""Ileso"";53;""Masculino"";1;0;0;0;-21",807821;-46,"475178;""SR-MG"";""DEL09"";""UOP04/MG""",
"261216;581264;2020-01-06;""segunda"";""15:25:00"";""MG"";146;608;""POCOS DE CALDAS"";""Sim"";""Desobediência às normas de trânsito pelo condutor"";1;""Colisão transversal"";""Com Vítimas Feridas"";""Pleno dia"";""Crescente"";""Céu Claro"";""Simples"";""Reta"";""Sim"";465967;""Automóvel"";""GM/MERIVA MAXX"";2006;""Passageiro"";""Ileso"";56;""Feminino"";1;0;0;0;-21",807821;-46,"475178;""SR-MG"";""DEL09"";""UOP04/MG""",
"261216;581259;2020-01-06;""segunda"";""15:25:00"";""MG"";146;608;""POCOS DE CALDAS"";""Sim"";""Desobediência às normas de trânsito pelo condutor"";1;""Colisão transversal"";""Com Vítimas Feridas"";""Pleno dia"";""Crescente"";""Céu Claro"";""Simples"";""Reta"";""Sim"";465967;""Automóvel"";""GM/MERIVA MAXX"";2006;""Condutor"";""Lesões Leves"";72;""Masculino"";0;1;0;0;-21",807821;-46,"475178;""SR-MG"";""DEL09"";""UOP04/MG""",
"261218;581328;2020-01-06;""segunda"";""16:10:00"";""RJ"";40;16","3;""TRES RIOS"";""Sim"";""Pista Escorregadia"";1;""Colisão com objeto estático"";""Com Vítimas Feridas"";""Pleno dia"";""Crescente"";""Chuva"";""Dupla"";""Curva"";""Sim"";465997;""Camioneta"";""RENAULT/DUSTER 20 D 4X4"";2013;""Condutor"";""Lesões Leves"";48;""Masculino"";0;1;0;0;-22",07857914;-43,"18128514;""SR-RJ"";""DEL5/6"";""UOP01/RJ"""
"261218;581332;2020-01-06;""segunda"";""16:10:00"";""RJ"";40;16","3;""TRES RIOS"";""Sim"";""Pista Escorregadia"";1;""Colisão com objeto estático"";""Com Vítimas Feridas"";""Pleno dia"";""Crescente"";""Chuva"";""Dupla"";""Curva"";""Sim"";465997;""Camioneta"";""RENAULT/DUSTER 20 D 4X4"";2013;""Passageiro"";""Ileso"";9;""Masculino"";1;0;0;0;-22",07857914;-43,"18128514;""SR-RJ"";""DEL5/6"";""UOP01/RJ"""
"261218;581331;2020-01-06;""segunda"";""16:10:00"";""RJ"";40;16","3;""TRES RIOS"";""Sim"";""Pista Escorregadia"";1;""Colisão com objeto estático"";""Com Vítimas Feridas"";""Pleno dia"";""Crescente"";""Chuva"";""Dupla"";""Curva"";""Sim"";465997;""Camioneta"";""RENAULT/DUSTER 20 D 4X4"";2013;""Passageiro"";""Ileso"";16;""Feminino"";1;0;0;0;-22",07857914;-43,"18128514;""SR-RJ"";""DEL5/6"";""UOP01/RJ"""
"261218;581329;2020-01-06;""segunda"";""16:10:00"";""RJ"";40;16","3;""TRES RIOS"";""Sim"";""Pista Escorregadia"";1;""Colisão com objeto estático"";""Com Vítimas Feridas"";""Pleno dia"";""Crescente"";""Chuva"";""Dupla"";""Curva"";""Sim"";465997;""Camioneta"";""RENAULT/DUSTER 20 D 4X4"";2013;""Passageiro"";""Ileso"";46;""Feminino"";1;0;0;0;-22",07857914;-43,"18128514;""SR-RJ"";""DEL5/6"";""UOP01/RJ"""
"261219;NA;2020-01-06;""segunda"";""14:30:00"";""MS"";163;485","1;""CAMPO GRANDE"";""Sim"";""Falta de Atenção à Condução"";1;""Engavetamento"";""Sem Vítimas"";""Pleno dia"";""Crescente"";""Chuva"";""Simples"";""Reta"";""Não"";467473;""Semireboque"";""SR/NOMA SRAB2E18 BCMT"";2015;""Não Informado"";""Não Informado"";NA;""Não Informado"";0;0;0;0;-20",44233707;-54,"54201834;""SR-MS"";""DEL3/1"";""UOP02/MS"""
"261219;NA;2020-01-06;""segunda"";""14:30:00"";""MS"";163;485","1;""CAMPO GRANDE"";""Sim"";""Falta de Atenção à Condução"";1;""Engavetamento"";""Sem Vítimas"";""Pleno dia"";""Crescente"";""Chuva"";""Simples"";""Reta"";""Não"";467472;""Semireboque"";""SR/NOMA SRAB2E18 BCMD"";2015;""Não Informado"";""Não Informado"";NA;""Não Informado"";0;0;0;0;-20",44233707;-54,"54201834;""SR-MS"";""DEL3/1"";""UOP02/MS"""
"261219;581555;2020-01-06;""segunda"";""14:30:00"";""MS"";163;485","1;""CAMPO GRANDE"";""Sim"";""Falta de Atenção à Condução"";1;""Engavetamento"";""Sem Vítimas"";""Pleno dia"";""Crescente"";""Chuva"";""Simples"";""Reta"";""Não"";465998;""Caminhão-trator"";""SCANIA/R 440 A6X4"";2013;""Condutor"";""Ileso"";50;""Masculino"";1;0;0;0;-20",44233707;-54,"54201834;""SR-MS"";""DEL3/1"";""UOP02/MS"""
"261219;581558;2020-01-06;""segunda"";""14:30:00"";""MS"";163;485","1;""CAMPO GRANDE"";""Sim"";""Falta de Atenção à Condução"";1;""Engavetamento"";""Sem Vítimas"";""Pleno dia"";""Crescente"";""Chuva"";""Simples"";""Reta"";""Não"";465999;""Caminhonete"";""VW/SAVEIRO 1.6"";2002;""Passageiro"";""Não Informado"";NA;""Não Informado"";0;0;0;0;-20",44233707;-54,"54201834;""SR-MS"";""DEL3/1"";""UOP02/MS"""
"261219;581556;2020-01-06;""segunda"";""14:30:00"";""MS"";163;485","1;""CAMPO GRANDE"";""Sim"";""Falta de Atenção à Condução"";1;""Engavetamento"";""Sem Vítimas"";""Pleno dia"";""Crescente"";""Chuva"";""Simples"";""Reta"";""Não"";465999;""Caminhonete"";""VW/SAVEIRO 1.6"";2002;""Condutor"";""Ileso"";76;""Masculino"";1;0;0;0;-20",44233707;-54,"54201834;""SR-MS"";""DEL3/1"";""UOP02/MS"""
"261219;581559;2020-01-06;""segunda"";""14:30:00"";""MS"";163;485","1;""CAMPO GRANDE"";""Sim"";""Falta de Atenção à Condução"";1;""Engavetamento"";""Sem Vítimas"";""Pleno dia"";""Crescente"";""Chuva"";""Simples"";""Reta"";""Não"";466000;""Caminhonete"";""IVECO/DAILY 35S14HDCS"";2018;""Condutor"";""Ileso"";41;""Masculino"";1;0;0;0;-20",44233707;-54,"54201834;""SR-MS"";""DEL3/1"";""UOP02/MS"""
"261219;581560;2020-01-06;""segunda"";""14:30:00"";""MS"";163;485","1;""CAMPO GRANDE"";""Sim"";""Falta de Atenção à Condução"";1;""Engavetamento"";""Sem Vítimas"";""Pleno dia"";""Crescente"";""Chuva"";""Simples"";""Reta"";""Não"";466000;""Caminhonete"";""IVECO/DAILY 35S14HDCS"";2018;""Passageiro"";""Ileso"";33;""Masculino"";1;0;0;0;-20",44233707;-54,"54201834;""SR-MS"";""DEL3/1"";""UOP02/MS"""
"261220;582558;2020-01-06;""segunda"";""16:40:00"";""MG"";365;431","5;""PATOS DE MINAS"";""Sim"";""Falta de Atenção à Condução"";1;""Colisão lateral"";""Com Vítimas Feridas"";""Pleno dia"";""Crescente"";""Céu Claro"";""Dupla"";""Interseção de vias"";""Não"";466028;""Automóvel"";""VW/NOVO GOL 1.6 HIGHLINE"";2013;""Passageiro"";""Lesões Leves"";13;""Feminino"";0;1;0;0;-18",76420074;-46,"67446219;""SR-MG"";""DEL4/10"";""UOP01/MG"""
"261220;582510;2020-01-06;""segunda"";""16:40:00"";""MG"";365;431","5;""PATOS DE MINAS"";""Sim"";""Falta de Atenção à Condução"";1;""Colisão lateral"";""Com Vítimas Feridas"";""Pleno dia"";""Crescente"";""Céu Claro"";""Dupla"";""Interseção de vias"";""Não"";466028;""Automóvel"";""VW/NOVO GOL 1.6 HIGHLINE"";2013;""Condutor"";""Ileso"";29;""Feminino"";1;0;0;0;-18",76420074;-46,"67446219;""SR-MG"";""DEL4/10"";""UOP01/MG"""
"261220;582509;2020-01-06;""segunda"";""16:40:00"";""MG"";365;431","5;""PATOS DE MINAS"";""Sim"";""Falta de Atenção à Condução"";1;""Colisão lateral"";""Com Vítimas Feridas"";""Pleno dia"";""Crescente"";""Céu Claro"";""Dupla"";""Interseção de vias"";""Não"";466027;""Automóvel"";""HYUNDAI/CRETA 16A ATTITU"";2019;""Passageiro"";""Lesões Leves"";67;""Feminino"";0;1;0;0;-18",76420074;-46,"67446219;""SR-MG"";""DEL4/10"";""UOP01/MG"""
"261220;582508;2020-01-06;""segunda"";""16:40:00"";""MG"";365;431","5;""PATOS DE MINAS"";""Sim"";""Falta de Atenção à Condução"";1;""Colisão lateral"";""Com Vítimas Feridas"";""Pleno dia"";""Crescente"";""Céu Claro"";""Dupla"";""Interseção de vias"";""Não"";466027;""Automóvel"";""HYUNDAI/CRETA 16A ATTITU"";2019;""Condutor"";""Lesões Leves"";37;""Masculino"";0;1;0;0;-18",76420074;-46,"67446219;""SR-MG"";""DEL4/10"";""UOP01/MG"""
"261221;582901;2020-01-06;""segunda"";""16:30:00"";""SP"";116;282;""EMBU DAS ARTES"";""Sim"";""Desobediência às normas de trânsito pelo condutor"";1;""Colisão com objeto estático"";""Com Vítimas Feridas"";""Pleno dia"";""Decrescente"";""Sol"";""Simples"";""Curva"";""Sim"";466034;""Automóvel"";""GM/CORSA SUPER"";1996;""Passageiro"";""Lesões Leves"";23;""Masculino"";0;1;0;0;-23",68570216;-46,"85970975;""SR-SP"";""DEL6/4"";""UOP01/SP""",
"261221;582899;2020-01-06;""segunda"";""16:30:00"";""SP"";116;282;""EMBU DAS ARTES"";""Sim"";""Desobediência às normas de trânsito pelo condutor"";1;""Colisão com objeto estático"";""Com Vítimas Feridas"";""Pleno dia"";""Decrescente"";""Sol"";""Simples"";""Curva"";""Sim"";466034;""Automóvel"";""GM/CORSA SUPER"";1996;""Condutor"";""Lesões Leves"";27;""Masculino"";0;1;0;0;-23",68570216;-46,"85970975;""SR-SP"";""DEL6/4"";""UOP01/SP""",
"261223;581436;2020-01-06;""segunda"";""11:30:00"";""SC"";101;91;""BARRA VELHA"";""Sim"";""Condutor Dormindo"";1;""Colisão com objeto estático"";""Com Vítimas Feridas"";""Pleno dia"";""Crescente"";""Céu Claro"";""Simples"";""Não Informado"";""Não"";465973;""Camioneta"";""FORD/ECOSPORT FSL AT 1.5"";2018;""Passageiro"";""Lesões Leves"";70;""Feminino"";0;1;0;0;-26",67120698;-48,"69011814;""SR-SC"";""DEL8/3"";""UOP02/SC""",
"261223;581435;2020-01-06;""segunda"";""11:30:00"";""SC"";101;91;""BARRA VELHA"";""Sim"";""Condutor Dormindo"";1;""Colisão com objeto estático"";""Com Vítimas Feridas"";""Pleno dia"";""Crescente"";""Céu Claro"";""Simples"";""Não Informado"";""Não"";465973;""Camioneta"";""FORD/ECOSPORT FSL AT 1.5"";2018;""Condutor"";""Lesões Leves"";71;""Masculino"";0;1;0;0;-26",67120698;-48,"69011814;""SR-SC"";""DEL8/3"";""UOP02/SC""",
"261224;581572;2020-01-06;""segunda"";""16:20:00"";""MG"";365;596;""ARAGUARI"";""Sim"";""Não guardar distância de segurança"";2;""Capotamento"";""Com Vítimas Feridas"";""Pleno dia"";""Crescente"";""Nublado"";""Simples"";""Reta"";""Não"";466156;""Automóvel"";""FORD/FIESTA 16SEL AT"";2016;""Condutor"";""Lesões Leves"";34;""Feminino"";0;1;0;0;-18",87426945;-48,"07504088;""SR-MG"";""DEL4/15"";""UOP02/MG""",
"261224;581578;2020-01-06;""segunda"";""16:20:00"";""MG"";365;596;""ARAGUARI"";""Sim"";""Não guardar distância de segurança"";2;""Capotamento"";""Com Vítimas Feridas"";""Pleno dia"";""Crescente"";""Nublado"";""Simples"";""Reta"";""Não"";466156;""Automóvel"";""FORD/FIESTA 16SEL AT"";2016;""Testemunha"";""Não Informado"";NA;""Não Informado"";0;0;0;0;-18",87426945;-48,"07504088;""SR-MG"";""DEL4/15"";""UOP02/MG""",
"261224;581578;2020-01-06;""segunda"";""16:20:00"";""MG"";365;596;""ARAGUARI"";""Sim"";""Não guardar distância de segurança"";2;""Capotamento"";""Com Vítimas Feridas"";""Pleno dia"";""Crescente"";""Nublado"";""Simples"";""Reta"";""Não"";466144;""Automóvel"";""GM/KADETT GLS"";1998;""Testemunha"";""Não Informado"";NA;""Não Informado"";0;0;0;0;-18",87426945;-48,"07504088;""SR-MG"";""DEL4/15"";""UOP02/MG""",
"261224;581569;2020-01-06;""segunda"";""16:20:00"";""MG"";365;596;""ARAGUARI"";""Sim"";""Não guardar distância de segurança"";2;""Capotamento"";""Com Vítimas Feridas"";""Pleno dia"";""Crescente"";""Nublado"";""Simples"";""Reta"";""Não"";466144;""Automóvel"";""GM/KADETT GLS"";1998;""Condutor"";""Lesões Leves"";49;""Masculino"";0;1;0;0;-18",87426945;-48,"07504088;""SR-MG"";""DEL4/15"";""UOP02/MG""",
"261224;581572;2020-01-06;""segunda"";""16:20:00"";""MG"";365;596;""ARAGUARI"";""Sim"";""Não guardar distância de segurança"";1;""Colisão traseira"";""Com Vítimas Feridas"";""Pleno dia"";""Crescente"";""Nublado"";""Simples"";""Reta"";""Não"";466156;""Automóvel"";""FORD/FIESTA 16SEL AT"";2016;""Condutor"";""Lesões Leves"";34;""Feminino"";0;1;0;0;-18",87426945;-48,"07504088;""SR-MG"";""DEL4/15"";""UOP02/MG""",
"261224;581578;2020-01-06;""segunda"";""16:20:00"";""MG"";365;596;""ARAGUARI"";""Sim"";""Não guardar distância de segurança"";1;""Colisão traseira"";""Com Vítimas Feridas"";""Pleno dia"";""Crescente"";""Nublado"";""Simples"";""Reta"";""Não"";466156;""Automóvel"";""FORD/FIESTA 16SEL AT"";2016;""Testemunha"";""Não Informado"";NA;""Não Informado"";0;0;0;0;-18",87426945;-48,"07504088;""SR-MG"";""DEL4/15"";""UOP02/MG""",
"261224;581578;2020-01-06;""segunda"";""16:20:00"";""MG"";365;596;""ARAGUARI"";""Sim"";""Não guardar distância de segurança"";1;""Colisão traseira"";""Com Vítimas Feridas"";""Pleno dia"";""Crescente"";""Nublado"";""Simples"";""Reta"";""Não"";466144;""Automóvel"";""GM/KADETT GLS"";1998;""Testemunha"";""Não Informado"";NA;""Não Informado"";0;0;0;0;-18",87426945;-48,"07504088;""SR-MG"";""DEL4/15"";""UOP02/MG""",
"261224;581569;2020-01-06;""segunda"";""16:20:00"";""MG"";365;596;""ARAGUARI"";""Sim"";""Não guardar distância de segurança"";1;""Colisão traseira"";""Com Vítimas Feridas"";""Pleno dia"";""Crescente"";""Nublado"";""Simples"";""Reta"";""Não"";466144;""Automóvel"";""GM/KADETT GLS"";1998;""Condutor"";""Lesões Leves"";49;""Masculino"";0;1;0;0;-18",87426945;-48,"07504088;""SR-MG"";""DEL4/15"";""UOP02/MG""",
"261225;581438;2020-01-06;""segunda"";""15:00:00"";""RO"";364;295;""PRESIDENTE MEDICI"";""Sim"";""Falta de Atenção à Condução"";2;""Capotamento"";""Com Vítimas Feridas"";""Pleno dia"";""Decrescente"";""Céu Claro"";""Simples"";""Reta"";""Não"";466072;""Automóvel"";""CHEVROLET/ONIX 1.0MT LS"";2015;""Condutor"";""Lesões Leves"";27;""Masculino"";0;1;0;0;-11",28920189;-61,"89866179;""SR-RO"";""DEL21/2"";""UOP01/RO""",
"261225;581438;2020-01-06;""segunda"";""15:00:00"";""RO"";364;295;""PRESIDENTE MEDICI"";""Sim"";""Falta de Atenção à Condução"";1;""Saída de leito carroçável"";""Com Vítimas Feridas"";""Pleno dia"";""Decrescente"";""Céu Claro"";""Simples"";""Reta"";""Não"";466072;""Automóvel"";""CHEVROLET/ONIX 1.0MT LS"";2015;""Condutor"";""Lesões Leves"";27;""Masculino"";0;1;0;0;-11",28920189;-61,"89866179;""SR-RO"";""DEL21/2"";""UOP01/RO""",
"261226;581491;2020-01-06;""segunda"";""16:50:00"";""ES"";101;262","1;""SERRA"";""Sim"";""Falta de Atenção à Condução"";2;""Queda de ocupante de veículo"";""Com Vítimas Feridas"";""Pleno dia"";""Crescente"";""Nublado"";""Múltipla"";""Reta"";""Sim"";466002;""Automóvel"";""VW/VOYAGE CL MA"";2015;""Condutor"";""Ileso"";42;""Masculino"";1;0;0;0;-20",1572331;-40,"27678329;""SR-ES"";""DEL12/2"";""UOP01/ES"""
"261226;581550;2020-01-06;""segunda"";""16:50:00"";""ES"";101;262","1;""SERRA"";""Sim"";""Falta de Atenção à Condução"";2;""Queda de ocupante de veículo"";""Com Vítimas Feridas"";""Pleno dia"";""Crescente"";""Nublado"";""Múltipla"";""Reta"";""Sim"";466001;""Motocicleta"";""HONDA/CB 300R"";2010;""Passageiro"";""Lesões Leves"";38;""Feminino"";0;1;0;0;-20",1572331;-40,"27678329;""SR-ES"";""DEL12/2"";""UOP01/ES"""
"261226;581490;2020-01-06;""segunda"";""16:50:00"";""ES"";101;262","1;""SERRA"";""Sim"";""Falta de Atenção à Condução"";2;""Queda de ocupante de veículo"";""Com Vítimas Feridas"";""Pleno dia"";""Crescente"";""Nublado"";""Múltipla"";""Reta"";""Sim"";466001;""Motocicleta"";""HONDA/CB 300R"";2010;""Condutor"";""Lesões Leves"";43;""Masculino"";0;1;0;0;-20",1572331;-40,"27678329;""SR-ES"";""DEL12/2"";""UOP01/ES"""
"261226;581491;2020-01-06;""segunda"";""16:50:00"";""ES"";101;262","1;""SERRA"";""Sim"";""Falta de Atenção à Condução"";1;""Colisão traseira"";""Com Vítimas Feridas"";""Pleno dia"";""Crescente"";""Nublado"";""Múltipla"";""Reta"";""Sim"";466002;""Automóvel"";""VW/VOYAGE CL MA"";2015;""Condutor"";""Ileso"";42;""Masculino"";1;0;0;0;-20",1572331;-40,"27678329;""SR-ES"";""DEL12/2"";""UOP01/ES"""
"261226;581550;2020-01-06;""segunda"";""16:50:00"";""ES"";101;262","1;""SERRA"";""Sim"";""Falta de Atenção à Condução"";1;""Colisão traseira"";""Com Vítimas Feridas"";""Pleno dia"";""Crescente"";""Nublado"";""Múltipla"";""Reta"";""Sim"";466001;""Motocicleta"";""HONDA/CB 300R"";2010;""Passageiro"";""Lesões Leves"";38;""Feminino"";0;1;0;0;-20",1572331;-40,"27678329;""SR-ES"";""DEL12/2"";""UOP01/ES"""
"261226;581490;2020-01-06;""segunda"";""16:50:00"";""ES"";101;262","1;""SERRA"";""Sim"";""Falta de Atenção à Condução"";1;""Colisão traseira"";""Com Vítimas Feridas"";""Pleno dia"";""Crescente"";""Nublado"";""Múltipla"";""Reta"";""Sim"";466001;""Motocicleta"";""HONDA/CB 300R"";2010;""Condutor"";""Lesões Leves"";43;""Masculino"";0;1;0;0;-20",1572331;-40,"27678329;""SR-ES"";""DEL12/2"";""UOP01/ES"""
"261227;581371;2020-01-06;""segunda"";""17:00:00"";""MG"";40;734","9;""SANTOS DUMONT"";""Sim"";""Pista Escorregadia"";2;""Colisão com objeto estático"";""Com Vítimas Feridas"";""Pleno dia"";""Decrescente"";""Chuva"";""Simples"";""Desvio Temporário"";""Não"";466012;""Automóvel"";""FIAT/PALIO ATTRACTIV 1.0"";2012;""Passageiro"";""Ileso"";6;""Feminino"";1;0;0;0;-21",36247924;-43,"57519146;""SR-MG"";""DEL5"";""UOP01/MG"""
"261227;581366;2020-01-06;""segunda"";""17:00:00"";""MG"";40;734","9;""SANTOS DUMONT"";""Sim"";""Pista Escorregadia"";2;""Colisão com objeto estático"";""Com Vítimas Feridas"";""Pleno dia"";""Decrescente"";""Chuva"";""Simples"";""Desvio Temporário"";""Não"";466012;""Automóvel"";""FIAT/PALIO ATTRACTIV 1.0"";2012;""Passageiro"";""Ileso"";34;""Feminino"";1;0;0;0;-21",36247924;-43,"57519146;""SR-MG"";""DEL5"";""UOP01/MG"""