"id;""pesid"";""data_inversa"";""dia_semana"";""horario"";""uf"";""br"";""km"";""municipio"";""causa_principal"";""causa_acidente"";""ordem_tipo_acidente"";""tipo_acidente"";""classificacao_acidente"";""fase_dia"";""sentido_via"";""condicao_metereologica"";""tipo_pista"";""tracado_via"";""uso_solo"";""id_veiculo"";""tipo_veiculo"";""marca"";""ano_fabricacao_veiculo"";""tipo_envolvido"";""estado_fisico"";""idade"";""sexo"";""ilesos"";""feridos_leves"";""feridos_graves"";""mortos"";""latitude"";""longitude"";""regional"";""delegacia"";""uop""",,,
"261241;581981;2020-01-06;""segunda"";""16:00:00"";""GO"";60;460;""JATAI"";""Sim"";""Falta de Atenção à Condução"";1;""Saída de leito carroçável"";""Com Vítimas Feridas"";""Pleno dia"";""Crescente"";""Céu Claro"";""Dupla"";""Reta"";""Não"";466016;""Automóvel"";""I/MMC LANCER 2.0"";2014;""Passageiro"";""Ileso"";44;""Masculino"";1;0;0;0;-17",8715;-51,"6163;""SR-GO"";""DEL1/5"";""UOP01/GO""",
"261241;581979;2020-01-06;""segunda"";""16:00:00"";""GO"";60;460;""JATAI"";""Sim"";""Falta de Atenção à Condução"";1;""Saída de leito carroçável"";""Com Vítimas Feridas"";""Pleno dia"";""Crescente"";""Céu Claro"";""Dupla"";""Reta"";""Não"";466016;""Automóvel"";""I/MMC LANCER 2.0"";2014;""Condutor"";""Lesões Leves"";39;""Feminino"";0;1;0;0;-17",8715;-51,"6163;""SR-GO"";""DEL1/5"";""UOP01/GO""",
"261242;581387;2020-01-06;""segunda"";""18:35:00"";""PB"";230;36;""SANTA RITA"";""Sim"";""Falta de Atenção do Pedestre"";1;""Atropelamento de Pedestre"";""Com Vítimas Feridas"";""Plena Noite"";""Decrescente"";""Céu Claro"";""Dupla"";""Reta"";""Sim"";466038;""Motocicleta"";"""";NA;""Condutor"";""Lesões Graves"";36;""Masculino"";0;0;1;0;-7",1246;-34,"9473;""SR-PB"";""DEL14/1"";""UOP02/PB""",
"261243;582697;2020-01-06;""segunda"";""17:50:00"";""PR"";376;601;""CURITIBA"";""Sim"";""Desobediência às normas de trânsito pelo condutor"";1;""Colisão transversal"";""Com Vítimas Feridas"";""Anoitecer"";""Decrescente"";""Céu Claro"";""Dupla"";""Reta"";""Não"";466066;""Automóvel"";""VW/POLO MF"";2018;""Condutor"";""Lesões Leves"";30;""Masculino"";0;1;0;0;-25",537054;-49,"31404;""SR-PR"";""DEL7/1"";""UOP04/PR""",
"261243;582695;2020-01-06;""segunda"";""17:50:00"";""PR"";376;601;""CURITIBA"";""Sim"";""Desobediência às normas de trânsito pelo condutor"";1;""Colisão transversal"";""Com Vítimas Feridas"";""Anoitecer"";""Decrescente"";""Céu Claro"";""Dupla"";""Reta"";""Não"";466065;""Automóvel"";""VW/GOL 1.0"";2005;""Condutor"";""Ileso"";28;""Masculino"";1;0;0;0;-25",537054;-49,"31404;""SR-PR"";""DEL7/1"";""UOP04/PR""",
"261243;582701;2020-01-06;""segunda"";""17:50:00"";""PR"";376;601;""CURITIBA"";""Sim"";""Desobediência às normas de trânsito pelo condutor"";1;""Colisão transversal"";""Com Vítimas Feridas"";""Anoitecer"";""Decrescente"";""Céu Claro"";""Dupla"";""Reta"";""Não"";466893;""Caminhão-trator"";""M.BENZ/AXOR 2544 S"";NA;""Condutor"";""Não Informado"";NA;""Não Informado"";0;0;0;0;-25",537054;-49,"31404;""SR-PR"";""DEL7/1"";""UOP04/PR""",
"261244;581430;2020-01-06;""segunda"";""17:30:00"";""MT"";364;139","3;""PEDRA PRETA"";""Sim"";""Falta de Atenção à Condução"";1;""Tombamento"";""Com Vítimas Feridas"";""Anoitecer"";""Crescente"";""Nublado"";""Simples"";""Reta"";""Não"";466069;""Caminhão-trator"";""VOLVO/FH 440 6X2T"";2009;""Passageiro"";""Lesões Leves"";27;""Feminino"";0;1;0;0;-16",80094529;-54,"1099251;""SR-MT"";""DEL2/2"";""UOP01/MT"""
"261244;581428;2020-01-06;""segunda"";""17:30:00"";""MT"";364;139","3;""PEDRA PRETA"";""Sim"";""Falta de Atenção à Condução"";1;""Tombamento"";""Com Vítimas Feridas"";""Anoitecer"";""Crescente"";""Nublado"";""Simples"";""Reta"";""Não"";466069;""Caminhão-trator"";""VOLVO/FH 440 6X2T"";2009;""Condutor"";""Ileso"";32;""Masculino"";1;0;0;0;-16",80094529;-54,"1099251;""SR-MT"";""DEL2/2"";""UOP01/MT"""
"261244;581432;2020-01-06;""segunda"";""17:30:00"";""MT"";364;139","3;""PEDRA PRETA"";""Sim"";""Falta de Atenção à Condução"";1;""Tombamento"";""Com Vítimas Feridas"";""Anoitecer"";""Crescente"";""Nublado"";""Simples"";""Reta"";""Não"";466069;""Caminhão-trator"";""VOLVO/FH 440 6X2T"";2009;""Passageiro"";""Lesões Leves"";4;""Feminino"";0;1;0;0;-16",80094529;-54,"1099251;""SR-MT"";""DEL2/2"";""UOP01/MT"""
"261244;NA;2020-01-06;""segunda"";""17:30:00"";""MT"";364;139","3;""PEDRA PRETA"";""Sim"";""Falta de Atenção à Condução"";1;""Tombamento"";""Com Vítimas Feridas"";""Anoitecer"";""Crescente"";""Nublado"";""Simples"";""Reta"";""Não"";466073;""Semireboque"";""REB/RANDON SR GR TR"";1990;""Não Informado"";""Não Informado"";NA;""Não Informado"";0;0;0;0;-16",80094529;-54,"1099251;""SR-MT"";""DEL2/2"";""UOP01/MT"""
"261245;581386;2020-01-06;""segunda"";""14:30:00"";""MG"";262;607","5;""CAMPOS ALTOS"";""Sim"";""Velocidade Incompatível"";2;""Capotamento"";""Com Vítimas Feridas"";""Pleno dia"";""Decrescente"";""Sol"";""Simples"";""Curva"";""Não"";466015;""Caminhonete"";""RENAULT/OROCH 20 DYN42"";2016;""Condutor"";""Lesões Leves"";53;""Masculino"";0;1;0;0;-19",62457601;-46,"26930901;""SR-MG"";""DEL4/8"";""UOP02/MG"""
"261245;581394;2020-01-06;""segunda"";""14:30:00"";""MG"";262;607","5;""CAMPOS ALTOS"";""Sim"";""Velocidade Incompatível"";2;""Capotamento"";""Com Vítimas Feridas"";""Pleno dia"";""Decrescente"";""Sol"";""Simples"";""Curva"";""Não"";466015;""Caminhonete"";""RENAULT/OROCH 20 DYN42"";2016;""Passageiro"";""Ileso"";48;""Feminino"";1;0;0;0;-19",62457601;-46,"26930901;""SR-MG"";""DEL4/8"";""UOP02/MG"""
"261245;581391;2020-01-06;""segunda"";""14:30:00"";""MG"";262;607","5;""CAMPOS ALTOS"";""Sim"";""Velocidade Incompatível"";2;""Capotamento"";""Com Vítimas Feridas"";""Pleno dia"";""Decrescente"";""Sol"";""Simples"";""Curva"";""Não"";466015;""Caminhonete"";""RENAULT/OROCH 20 DYN42"";2016;""Passageiro"";""Ileso"";12;""Masculino"";1;0;0;0;-19",62457601;-46,"26930901;""SR-MG"";""DEL4/8"";""UOP02/MG"""
"261245;581389;2020-01-06;""segunda"";""14:30:00"";""MG"";262;607","5;""CAMPOS ALTOS"";""Sim"";""Velocidade Incompatível"";2;""Capotamento"";""Com Vítimas Feridas"";""Pleno dia"";""Decrescente"";""Sol"";""Simples"";""Curva"";""Não"";466015;""Caminhonete"";""RENAULT/OROCH 20 DYN42"";2016;""Passageiro"";""Ileso"";10;""Feminino"";1;0;0;0;-19",62457601;-46,"26930901;""SR-MG"";""DEL4/8"";""UOP02/MG"""
"261245;581386;2020-01-06;""segunda"";""14:30:00"";""MG"";262;607","5;""CAMPOS ALTOS"";""Sim"";""Velocidade Incompatível"";1;""Saída de leito carroçável"";""Com Vítimas Feridas"";""Pleno dia"";""Decrescente"";""Sol"";""Simples"";""Curva"";""Não"";466015;""Caminhonete"";""RENAULT/OROCH 20 DYN42"";2016;""Condutor"";""Lesões Leves"";53;""Masculino"";0;1;0;0;-19",62457601;-46,"26930901;""SR-MG"";""DEL4/8"";""UOP02/MG"""
"261245;581394;2020-01-06;""segunda"";""14:30:00"";""MG"";262;607","5;""CAMPOS ALTOS"";""Sim"";""Velocidade Incompatível"";1;""Saída de leito carroçável"";""Com Vítimas Feridas"";""Pleno dia"";""Decrescente"";""Sol"";""Simples"";""Curva"";""Não"";466015;""Caminhonete"";""RENAULT/OROCH 20 DYN42"";2016;""Passageiro"";""Ileso"";48;""Feminino"";1;0;0;0;-19",62457601;-46,"26930901;""SR-MG"";""DEL4/8"";""UOP02/MG"""
"261245;581391;2020-01-06;""segunda"";""14:30:00"";""MG"";262;607","5;""CAMPOS ALTOS"";""Sim"";""Velocidade Incompatível"";1;""Saída de leito carroçável"";""Com Vítimas Feridas"";""Pleno dia"";""Decrescente"";""Sol"";""Simples"";""Curva"";""Não"";466015;""Caminhonete"";""RENAULT/OROCH 20 DYN42"";2016;""Passageiro"";""Ileso"";12;""Masculino"";1;0;0;0;-19",62457601;-46,"26930901;""SR-MG"";""DEL4/8"";""UOP02/MG"""
"261245;581389;2020-01-06;""segunda"";""14:30:00"";""MG"";262;607","5;""CAMPOS ALTOS"";""Sim"";""Velocidade Incompatível"";1;""Saída de leito carroçável"";""Com Vítimas Feridas"";""Pleno dia"";""Decrescente"";""Sol"";""Simples"";""Curva"";""Não"";466015;""Caminhonete"";""RENAULT/OROCH 20 DYN42"";2016;""Passageiro"";""Ileso"";10;""Feminino"";1;0;0;0;-19",62457601;-46,"26930901;""SR-MG"";""DEL4/8"";""UOP02/MG"""
"261246;581398;2020-01-06;""segunda"";""18:05:00"";""MS"";163;39","8;""ELDORADO"";""Sim"";""Desobediência às normas de trânsito pelo condutor"";1;""Colisão frontal"";""Sem Vítimas"";""Anoitecer"";""Crescente"";""Céu Claro"";""Simples"";""Reta"";""Sim"";466040;""Automóvel"";""FORD/DEL REY GL"";1987;""Condutor"";""Ileso"";39;""Masculino"";1;0;0;0;-23",7948851;-54,"28686992;""SR-MS"";""DEL3/09"";""UOP02/MS"""
"261246;581397;2020-01-06;""segunda"";""18:05:00"";""MS"";163;39","8;""ELDORADO"";""Sim"";""Desobediência às normas de trânsito pelo condutor"";1;""Colisão frontal"";""Sem Vítimas"";""Anoitecer"";""Crescente"";""Céu Claro"";""Simples"";""Reta"";""Sim"";466039;""Utilitário"";""I/TOYOTA HILUXSW4 SRV4X4"";2010;""Condutor"";""Ileso"";65;""Masculino"";1;0;0;0;-23",7948851;-54,"28686992;""SR-MS"";""DEL3/09"";""UOP02/MS"""
"261247;581407;2020-01-06;""segunda"";""19:00:00"";""PR"";376;418;""TIBAGI"";""Sim"";""Falta de Atenção à Condução"";1;""Queda de ocupante de veículo"";""Com Vítimas Feridas"";""Anoitecer"";""Decrescente"";""Céu Claro"";""Simples"";""Reta"";""Não"";466048;""Motocicleta"";""HONDA/CB 250F TWISTER"";2018;""Condutor"";""Lesões Leves"";23;""Masculino"";0;1;0;0;-24",70753103;-50,"55575309;""SR-PR"";""DEL7/3"";""UOP05/PR""",
"261248;582466;2020-01-06;""segunda"";""16:55:00"";""MS"";163;83;""ITAQUIRAI"";""Sim"";""Defeito Mecânico no Veículo"";1;""Saída de leito carroçável"";""Com Vítimas Feridas"";""Pleno dia"";""Crescente"";""Céu Claro"";""Simples"";""Reta"";""Não"";466064;""Motocicleta"";""HONDA/CG 150 TITAN ES"";2006;""Passageiro"";""Ileso"";22;""Masculino"";1;0;0;0;-23",43274002;-54,"20588915;""SR-MS"";""DEL3/09"";""UOP01/MS""",
"261248;582464;2020-01-06;""segunda"";""16:55:00"";""MS"";163;83;""ITAQUIRAI"";""Sim"";""Defeito Mecânico no Veículo"";1;""Saída de leito carroçável"";""Com Vítimas Feridas"";""Pleno dia"";""Crescente"";""Céu Claro"";""Simples"";""Reta"";""Não"";466064;""Motocicleta"";""HONDA/CG 150 TITAN ES"";2006;""Condutor"";""Lesões Leves"";21;""Masculino"";0;1;0;0;-23",43274002;-54,"20588915;""SR-MS"";""DEL3/09"";""UOP01/MS""",
"261248;582466;2020-01-06;""segunda"";""16:55:00"";""MS"";163;83;""ITAQUIRAI"";""Sim"";""Defeito Mecânico no Veículo"";2;""Tombamento"";""Com Vítimas Feridas"";""Pleno dia"";""Crescente"";""Céu Claro"";""Simples"";""Reta"";""Não"";466064;""Motocicleta"";""HONDA/CG 150 TITAN ES"";2006;""Passageiro"";""Ileso"";22;""Masculino"";1;0;0;0;-23",43274002;-54,"20588915;""SR-MS"";""DEL3/09"";""UOP01/MS""",
"261248;582464;2020-01-06;""segunda"";""16:55:00"";""MS"";163;83;""ITAQUIRAI"";""Sim"";""Defeito Mecânico no Veículo"";2;""Tombamento"";""Com Vítimas Feridas"";""Pleno dia"";""Crescente"";""Céu Claro"";""Simples"";""Reta"";""Não"";466064;""Motocicleta"";""HONDA/CG 150 TITAN ES"";2006;""Condutor"";""Lesões Leves"";21;""Masculino"";0;1;0;0;-23",43274002;-54,"20588915;""SR-MS"";""DEL3/09"";""UOP01/MS""",
"261249;581468;2020-01-06;""segunda"";""18:30:00"";""PR"";153;23","2;""JACAREZINHO"";""Sim"";""Falta de Atenção à Condução"";1;""Colisão traseira"";""Com Vítimas Feridas"";""Pleno dia"";""Decrescente"";""Céu Claro"";""Simples"";""Não Informado"";""Não"";466090;""Automóvel"";""GM/VECTRA CD"";1998;""Condutor"";""Ileso"";62;""Masculino"";1;0;0;0;-23",17659697;-49,"97635304;""SR-PR"";""DEL7/7"";""UOP07/PR"""
"261249;581467;2020-01-06;""segunda"";""18:30:00"";""PR"";153;23","2;""JACAREZINHO"";""Sim"";""Falta de Atenção à Condução"";1;""Colisão traseira"";""Com Vítimas Feridas"";""Pleno dia"";""Decrescente"";""Céu Claro"";""Simples"";""Não Informado"";""Não"";466071;""Automóvel"";""VW/PARATI CL 1.8 MI"";1996;""Passageiro"";""Lesões Graves"";26;""Feminino"";0;0;1;0;-23",17659697;-49,"97635304;""SR-PR"";""DEL7/7"";""UOP07/PR"""
"261249;581465;2020-01-06;""segunda"";""18:30:00"";""PR"";153;23","2;""JACAREZINHO"";""Sim"";""Falta de Atenção à Condução"";1;""Colisão traseira"";""Com Vítimas Feridas"";""Pleno dia"";""Decrescente"";""Céu Claro"";""Simples"";""Não Informado"";""Não"";466071;""Automóvel"";""VW/PARATI CL 1.8 MI"";1996;""Condutor"";""Lesões Leves"";34;""Masculino"";0;1;0;0;-23",17659697;-49,"97635304;""SR-PR"";""DEL7/7"";""UOP07/PR"""
"261250;583389;2020-01-06;""segunda"";""19:50:00"";""PE"";232;107","4;""BEZERROS"";""Sim"";""Objeto estático sobre o leito carroçável"";1;""Colisão com objeto estático"";""Com Vítimas Feridas"";""Plena Noite"";""Decrescente"";""Céu Claro"";""Dupla"";""Reta"";""Não"";466094;""Automóvel"";""HONDA/CIVIC LXL"";2012;""Passageiro"";""Ileso"";NA;""Feminino"";1;0;0;0;-8",26839017;-35,"79746685;""SR-PE"";""DEL11/2"";""UOP02/PE"""
"261250;583370;2020-01-06;""segunda"";""19:50:00"";""PE"";232;107","4;""BEZERROS"";""Sim"";""Objeto estático sobre o leito carroçável"";1;""Colisão com objeto estático"";""Com Vítimas Feridas"";""Plena Noite"";""Decrescente"";""Céu Claro"";""Dupla"";""Reta"";""Não"";466094;""Automóvel"";""HONDA/CIVIC LXL"";2012;""Passageiro"";""Lesões Leves"";15;""Feminino"";0;1;0;0;-8",26839017;-35,"79746685;""SR-PE"";""DEL11/2"";""UOP02/PE"""
"261250;583369;2020-01-06;""segunda"";""19:50:00"";""PE"";232;107","4;""BEZERROS"";""Sim"";""Objeto estático sobre o leito carroçável"";1;""Colisão com objeto estático"";""Com Vítimas Feridas"";""Plena Noite"";""Decrescente"";""Céu Claro"";""Dupla"";""Reta"";""Não"";466094;""Automóvel"";""HONDA/CIVIC LXL"";2012;""Passageiro"";""Lesões Leves"";38;""Feminino"";0;1;0;0;-8",26839017;-35,"79746685;""SR-PE"";""DEL11/2"";""UOP02/PE"""
"261250;583368;2020-01-06;""segunda"";""19:50:00"";""PE"";232;107","4;""BEZERROS"";""Sim"";""Objeto estático sobre o leito carroçável"";1;""Colisão com objeto estático"";""Com Vítimas Feridas"";""Plena Noite"";""Decrescente"";""Céu Claro"";""Dupla"";""Reta"";""Não"";466094;""Automóvel"";""HONDA/CIVIC LXL"";2012;""Condutor"";""Ileso"";45;""Masculino"";1;0;0;0;-8",26839017;-35,"79746685;""SR-PE"";""DEL11/2"";""UOP02/PE"""
"261250;583389;2020-01-06;""segunda"";""19:50:00"";""PE"";232;107","4;""BEZERROS"";""Sim"";""Objeto estático sobre o leito carroçável"";2;""Capotamento"";""Com Vítimas Feridas"";""Plena Noite"";""Decrescente"";""Céu Claro"";""Dupla"";""Reta"";""Não"";466094;""Automóvel"";""HONDA/CIVIC LXL"";2012;""Passageiro"";""Ileso"";NA;""Feminino"";1;0;0;0;-8",26839017;-35,"79746685;""SR-PE"";""DEL11/2"";""UOP02/PE"""
"261250;583370;2020-01-06;""segunda"";""19:50:00"";""PE"";232;107","4;""BEZERROS"";""Sim"";""Objeto estático sobre o leito carroçável"";2;""Capotamento"";""Com Vítimas Feridas"";""Plena Noite"";""Decrescente"";""Céu Claro"";""Dupla"";""Reta"";""Não"";466094;""Automóvel"";""HONDA/CIVIC LXL"";2012;""Passageiro"";""Lesões Leves"";15;""Feminino"";0;1;0;0;-8",26839017;-35,"79746685;""SR-PE"";""DEL11/2"";""UOP02/PE"""
"261250;583369;2020-01-06;""segunda"";""19:50:00"";""PE"";232;107","4;""BEZERROS"";""Sim"";""Objeto estático sobre o leito carroçável"";2;""Capotamento"";""Com Vítimas Feridas"";""Plena Noite"";""Decrescente"";""Céu Claro"";""Dupla"";""Reta"";""Não"";466094;""Automóvel"";""HONDA/CIVIC LXL"";2012;""Passageiro"";""Lesões Leves"";38;""Feminino"";0;1;0;0;-8",26839017;-35,"79746685;""SR-PE"";""DEL11/2"";""UOP02/PE"""
"261250;583368;2020-01-06;""segunda"";""19:50:00"";""PE"";232;107","4;""BEZERROS"";""Sim"";""Objeto estático sobre o leito carroçável"";2;""Capotamento"";""Com Vítimas Feridas"";""Plena Noite"";""Decrescente"";""Céu Claro"";""Dupla"";""Reta"";""Não"";466094;""Automóvel"";""HONDA/CIVIC LXL"";2012;""Condutor"";""Ileso"";45;""Masculino"";1;0;0;0;-8",26839017;-35,"79746685;""SR-PE"";""DEL11/2"";""UOP02/PE"""
"261250;583389;2020-01-06;""segunda"";""19:50:00"";""PE"";232;107","4;""BEZERROS"";""Não"";""Velocidade Incompatível"";1;""Colisão com objeto estático"";""Com Vítimas Feridas"";""Plena Noite"";""Decrescente"";""Céu Claro"";""Dupla"";""Reta"";""Não"";466094;""Automóvel"";""HONDA/CIVIC LXL"";2012;""Passageiro"";""Ileso"";NA;""Feminino"";1;0;0;0;-8",26839017;-35,"79746685;""SR-PE"";""DEL11/2"";""UOP02/PE"""
"261250;583370;2020-01-06;""segunda"";""19:50:00"";""PE"";232;107","4;""BEZERROS"";""Não"";""Velocidade Incompatível"";1;""Colisão com objeto estático"";""Com Vítimas Feridas"";""Plena Noite"";""Decrescente"";""Céu Claro"";""Dupla"";""Reta"";""Não"";466094;""Automóvel"";""HONDA/CIVIC LXL"";2012;""Passageiro"";""Lesões Leves"";15;""Feminino"";0;1;0;0;-8",26839017;-35,"79746685;""SR-PE"";""DEL11/2"";""UOP02/PE"""
"261250;583369;2020-01-06;""segunda"";""19:50:00"";""PE"";232;107","4;""BEZERROS"";""Não"";""Velocidade Incompatível"";1;""Colisão com objeto estático"";""Com Vítimas Feridas"";""Plena Noite"";""Decrescente"";""Céu Claro"";""Dupla"";""Reta"";""Não"";466094;""Automóvel"";""HONDA/CIVIC LXL"";2012;""Passageiro"";""Lesões Leves"";38;""Feminino"";0;1;0;0;-8",26839017;-35,"79746685;""SR-PE"";""DEL11/2"";""UOP02/PE"""
"261250;583368;2020-01-06;""segunda"";""19:50:00"";""PE"";232;107","4;""BEZERROS"";""Não"";""Velocidade Incompatível"";1;""Colisão com objeto estático"";""Com Vítimas Feridas"";""Plena Noite"";""Decrescente"";""Céu Claro"";""Dupla"";""Reta"";""Não"";466094;""Automóvel"";""HONDA/CIVIC LXL"";2012;""Condutor"";""Ileso"";45;""Masculino"";1;0;0;0;-8",26839017;-35,"79746685;""SR-PE"";""DEL11/2"";""UOP02/PE"""
"261250;583389;2020-01-06;""segunda"";""19:50:00"";""PE"";232;107","4;""BEZERROS"";""Não"";""Velocidade Incompatível"";2;""Capotamento"";""Com Vítimas Feridas"";""Plena Noite"";""Decrescente"";""Céu Claro"";""Dupla"";""Reta"";""Não"";466094;""Automóvel"";""HONDA/CIVIC LXL"";2012;""Passageiro"";""Ileso"";NA;""Feminino"";1;0;0;0;-8",26839017;-35,"79746685;""SR-PE"";""DEL11/2"";""UOP02/PE"""
"261250;583370;2020-01-06;""segunda"";""19:50:00"";""PE"";232;107","4;""BEZERROS"";""Não"";""Velocidade Incompatível"";2;""Capotamento"";""Com Vítimas Feridas"";""Plena Noite"";""Decrescente"";""Céu Claro"";""Dupla"";""Reta"";""Não"";466094;""Automóvel"";""HONDA/CIVIC LXL"";2012;""Passageiro"";""Lesões Leves"";15;""Feminino"";0;1;0;0;-8",26839017;-35,"79746685;""SR-PE"";""DEL11/2"";""UOP02/PE"""
"261250;583369;2020-01-06;""segunda"";""19:50:00"";""PE"";232;107","4;""BEZERROS"";""Não"";""Velocidade Incompatível"";2;""Capotamento"";""Com Vítimas Feridas"";""Plena Noite"";""Decrescente"";""Céu Claro"";""Dupla"";""Reta"";""Não"";466094;""Automóvel"";""HONDA/CIVIC LXL"";2012;""Passageiro"";""Lesões Leves"";38;""Feminino"";0;1;0;0;-8",26839017;-35,"79746685;""SR-PE"";""DEL11/2"";""UOP02/PE"""
"261250;583368;2020-01-06;""segunda"";""19:50:00"";""PE"";232;107","4;""BEZERROS"";""Não"";""Velocidade Incompatível"";2;""Capotamento"";""Com Vítimas Feridas"";""Plena Noite"";""Decrescente"";""Céu Claro"";""Dupla"";""Reta"";""Não"";466094;""Automóvel"";""HONDA/CIVIC LXL"";2012;""Condutor"";""Ileso"";45;""Masculino"";1;0;0;0;-8",26839017;-35,"79746685;""SR-PE"";""DEL11/2"";""UOP02/PE"""
"261251;581425;2020-01-06;""segunda"";""11:20:00"";""AM"";174;986","9;""PRESIDENTE FIGUEIREDO"";""Sim"";""Ingestão de Álcool"";2;""Saída de leito carroçável"";""Com Vítimas Feridas"";""Pleno dia"";""Crescente"";""Céu Claro"";""Dupla"";""Não Informado"";""Não"";466052;""Motocicleta"";""YAMAHA/FZ25 FAZER"";2019;""Passageiro"";""Lesões Leves"";NA;""Feminino"";0;1;0;0;-2",08151553;-60,"00707746;""SR-AM"";""UOP02/AM"";"""""
"261251;581422;2020-01-06;""segunda"";""11:20:00"";""AM"";174;986","9;""PRESIDENTE FIGUEIREDO"";""Sim"";""Ingestão de Álcool"";2;""Saída de leito carroçável"";""Com Vítimas Feridas"";""Pleno dia"";""Crescente"";""Céu Claro"";""Dupla"";""Não Informado"";""Não"";466052;""Motocicleta"";""YAMAHA/FZ25 FAZER"";2019;""Condutor"";""Lesões Leves"";29;""Masculino"";0;1;0;0;-2",08151553;-60,"00707746;""SR-AM"";""UOP02/AM"";"""""
"261251;581425;2020-01-06;""segunda"";""11:20:00"";""AM"";174;986","9;""PRESIDENTE FIGUEIREDO"";""Sim"";""Ingestão de Álcool"";1;""Queda de ocupante de veículo"";""Com Vítimas Feridas"";""Pleno dia"";""Crescente"";""Céu Claro"";""Dupla"";""Não Informado"";""Não"";466052;""Motocicleta"";""YAMAHA/FZ25 FAZER"";2019;""Passageiro"";""Lesões Leves"";NA;""Feminino"";0;1;0;0;-2",08151553;-60,"00707746;""SR-AM"";""UOP02/AM"";"""""
"261251;581422;2020-01-06;""segunda"";""11:20:00"";""AM"";174;986","9;""PRESIDENTE FIGUEIREDO"";""Sim"";""Ingestão de Álcool"";1;""Queda de ocupante de veículo"";""Com Vítimas Feridas"";""Pleno dia"";""Crescente"";""Céu Claro"";""Dupla"";""Não Informado"";""Não"";466052;""Motocicleta"";""YAMAHA/FZ25 FAZER"";2019;""Condutor"";""Lesões Leves"";29;""Masculino"";0;1;0;0;-2",08151553;-60,"00707746;""SR-AM"";""UOP02/AM"";"""""
"261251;581425;2020-01-06;""segunda"";""11:20:00"";""AM"";174;986","9;""PRESIDENTE FIGUEIREDO"";""Não"";""Falta de Atenção à Condução"";2;""Saída de leito carroçável"";""Com Vítimas Feridas"";""Pleno dia"";""Crescente"";""Céu Claro"";""Dupla"";""Não Informado"";""Não"";466052;""Motocicleta"";""YAMAHA/FZ25 FAZER"";2019;""Passageiro"";""Lesões Leves"";NA;""Feminino"";0;1;0;0;-2",08151553;-60,"00707746;""SR-AM"";""UOP02/AM"";"""""
"261251;581422;2020-01-06;""segunda"";""11:20:00"";""AM"";174;986","9;""PRESIDENTE FIGUEIREDO"";""Não"";""Falta de Atenção à Condução"";2;""Saída de leito carroçável"";""Com Vítimas Feridas"";""Pleno dia"";""Crescente"";""Céu Claro"";""Dupla"";""Não Informado"";""Não"";466052;""Motocicleta"";""YAMAHA/FZ25 FAZER"";2019;""Condutor"";""Lesões Leves"";29;""Masculino"";0;1;0;0;-2",08151553;-60,"00707746;""SR-AM"";""UOP02/AM"";"""""
"261251;581425;2020-01-06;""segunda"";""11:20:00"";""AM"";174;986","9;""PRESIDENTE FIGUEIREDO"";""Não"";""Falta de Atenção à Condução"";1;""Queda de ocupante de veículo"";""Com Vítimas Feridas"";""Pleno dia"";""Crescente"";""Céu Claro"";""Dupla"";""Não Informado"";""Não"";466052;""Motocicleta"";""YAMAHA/FZ25 FAZER"";2019;""Passageiro"";""Lesões Leves"";NA;""Feminino"";0;1;0;0;-2",08151553;-60,"00707746;""SR-AM"";""UOP02/AM"";"""""
"261251;581422;2020-01-06;""segunda"";""11:20:00"";""AM"";174;986","9;""PRESIDENTE FIGUEIREDO"";""Não"";""Falta de Atenção à Condução"";1;""Queda de ocupante de veículo"";""Com Vítimas Feridas"";""Pleno dia"";""Crescente"";""Céu Claro"";""Dupla"";""Não Informado"";""Não"";466052;""Motocicleta"";""YAMAHA/FZ25 FAZER"";2019;""Condutor"";""Lesões Leves"";29;""Masculino"";0;1;0;0;-2",08151553;-60,"00707746;""SR-AM"";""UOP02/AM"";"""""
"261252;581408;2020-01-06;""segunda"";""11:55:00"";""RJ"";116;33","6;""SAPUCAIA"";""Sim"";""Defeito Mecânico no Veículo"";1;""Colisão frontal"";""Com Vítimas Feridas"";""Pleno dia"";""Crescente"";""Céu Claro"";""Simples"";""Curva"";""Não"";466044;""Automóvel"";""FIAT/UNO ELECTRONIC"";1995;""Condutor"";""Lesões Graves"";68;""Feminino"";0;0;1;0;-22",086487;-42,"811764;""SR-RJ"";""DEL5/6"";""UOP02/RJ"""
"261252;581412;2020-01-06;""segunda"";""11:55:00"";""RJ"";116;33","6;""SAPUCAIA"";""Sim"";""Defeito Mecânico no Veículo"";1;""Colisão frontal"";""Com Vítimas Feridas"";""Pleno dia"";""Crescente"";""Céu Claro"";""Simples"";""Curva"";""Não"";466044;""Automóvel"";""FIAT/UNO ELECTRONIC"";1995;""Passageiro"";""Lesões Leves"";66;""Masculino"";0;1;0;0;-22",086487;-42,"811764;""SR-RJ"";""DEL5/6"";""UOP02/RJ"""
"261252;581404;2020-01-06;""segunda"";""11:55:00"";""RJ"";116;33","6;""SAPUCAIA"";""Sim"";""Defeito Mecânico no Veículo"";1;""Colisão frontal"";""Com Vítimas Feridas"";""Pleno dia"";""Crescente"";""Céu Claro"";""Simples"";""Curva"";""Não"";466043;""Caminhonete"";""I/TOYOTA HILUX CD4X4 STD"";2012;""Condutor"";""Ileso"";45;""Masculino"";1;0;0;0;-22",086487;-42,"811764;""SR-RJ"";""DEL5/6"";""UOP02/RJ"""