"id;""pesid"";""data_inversa"";""dia_semana"";""horario"";""uf"";""br"";""km"";""municipio"";""causa_principal"";""causa_acidente"";""ordem_tipo_acidente"";""tipo_acidente"";""classificacao_acidente"";""fase_dia"";""sentido_via"";""condicao_metereologica"";""tipo_pista"";""tracado_via"";""uso_solo"";""id_veiculo"";""tipo_veiculo"";""marca"";""ano_fabricacao_veiculo"";""tipo_envolvido"";""estado_fisico"";""idade"";""sexo"";""ilesos"";""feridos_leves"";""feridos_graves"";""mortos"";""latitude"";""longitude"";""regional"";""delegacia"";""uop""",,,
"261302;581758;2020-01-07;""terça"";""06:40:00"";""PB"";101;66;""SANTA RITA"";""Sim"";""Ultrapassagem Indevida"";1;""Capotamento"";""Com Vítimas Feridas"";""Pleno dia"";""Crescente"";""Céu Claro"";""Dupla"";""Reta"";""Não"";466184;""Caminhonete"";""CHEVROLET/MONTANA LS"";2011;""Condutor"";""Lesões Leves"";46;""Masculino"";0;1;0;0;-7",04802898;-35,"04348899;""SR-PB"";""DEL14/1"";""UOP03/PB""",
"261302;581758;2020-01-07;""terça"";""06:40:00"";""PB"";101;66;""SANTA RITA"";""Sim"";""Ultrapassagem Indevida"";2;""Saída de leito carroçável"";""Com Vítimas Feridas"";""Pleno dia"";""Crescente"";""Céu Claro"";""Dupla"";""Reta"";""Não"";466184;""Caminhonete"";""CHEVROLET/MONTANA LS"";2011;""Condutor"";""Lesões Leves"";46;""Masculino"";0;1;0;0;-7",04802898;-35,"04348899;""SR-PB"";""DEL14/1"";""UOP03/PB""",
"261303;581589;2020-01-07;""terça"";""01:45:00"";""MG"";262;443","5;""NOVA SERRANA"";""Sim"";""Ingestão de Álcool"";1;""Colisão com objeto estático"";""Com Vítimas Feridas"";""Plena Noite"";""Crescente"";""Nublado"";""Dupla"";""Curva"";""Sim"";466161;""Motocicleta"";""HONDA/CG 150 TITAN KS"";2005;""Condutor"";""Lesões Graves"";42;""Feminino"";0;0;1;0;-19",88065393;-44,"92197102;""SR-MG"";""DEL4/8"";""UOP03/MG"""
"261304;583069;2020-01-07;""terça"";""07:20:00"";""SC"";470;61","7;""BLUMENAU"";""Sim"";""Falta de Atenção à Condução"";1;""Colisão traseira"";""Com Vítimas Feridas"";""Pleno dia"";""Crescente"";""Céu Claro"";""Simples"";""Curva"";""Sim"";466164;""Motocicleta"";""HONDA/XRE 190"";2019;""Condutor"";""Lesões Leves"";45;""Masculino"";0;1;0;0;-26",87499978;-49,"1818428;""SR-SC"";""DEL8/4"";""UOP01/SC"""
"261304;583070;2020-01-07;""terça"";""07:20:00"";""SC"";470;61","7;""BLUMENAU"";""Sim"";""Falta de Atenção à Condução"";1;""Colisão traseira"";""Com Vítimas Feridas"";""Pleno dia"";""Crescente"";""Céu Claro"";""Simples"";""Curva"";""Sim"";467164;""Caminhão"";"""";NA;""Condutor"";""Ileso"";NA;""Ignorado"";1;0;0;0;-26",87499978;-49,"1818428;""SR-SC"";""DEL8/4"";""UOP01/SC"""
"261306;583690;2020-01-07;""terça"";""07:40:00"";""PE"";232;8","8;""RECIFE"";""Sim"";""Falta de Atenção à Condução"";1;""Colisão traseira"";""Sem Vítimas"";""Pleno dia"";""Decrescente"";""Céu Claro"";""Dupla"";""Reta"";""Não"";466218;""Camioneta"";""RENAULT/DUSTER EXP16 SCE"";2016;""Condutor"";""Ileso"";63;""Masculino"";1;0;0;0;-8",07583727;-34,"97015791;""SR-PE"";""DEL11/1"";""UOP01/PE"""
"261306;583687;2020-01-07;""terça"";""07:40:00"";""PE"";232;8","8;""RECIFE"";""Sim"";""Falta de Atenção à Condução"";1;""Colisão traseira"";""Sem Vítimas"";""Pleno dia"";""Decrescente"";""Céu Claro"";""Dupla"";""Reta"";""Não"";466217;""Automóvel"";""CHEV/SPIN 1.8L MT LS E"";2017;""Condutor"";""Ileso"";31;""Masculino"";1;0;0;0;-8",07583727;-34,"97015791;""SR-PE"";""DEL11/1"";""UOP01/PE"""
"261307;581605;2020-01-07;""terça"";""07:20:00"";""SC"";101;206","1;""SAO JOSE"";""Sim"";""Falta de Atenção à Condução"";1;""Colisão lateral"";""Com Vítimas Feridas"";""Pleno dia"";""Decrescente"";""Céu Claro"";""Dupla"";""Reta"";""Sim"";466178;""Automóvel"";""CITROEN/C3 90M"";NA;""Condutor"";""Não Informado"";NA;""Não Informado"";0;0;0;0;-27",59193546;-48,"61824557;""SR-SC"";""DEL8/1"";""UOP01/SC"""
"261307;581601;2020-01-07;""terça"";""07:20:00"";""SC"";101;206","1;""SAO JOSE"";""Sim"";""Falta de Atenção à Condução"";1;""Colisão lateral"";""Com Vítimas Feridas"";""Pleno dia"";""Decrescente"";""Céu Claro"";""Dupla"";""Reta"";""Sim"";466170;""Motocicleta"";""YAMAHA/XTZ 125K"";2012;""Condutor"";""Lesões Leves"";23;""Masculino"";0;1;0;0;-27",59193546;-48,"61824557;""SR-SC"";""DEL8/1"";""UOP01/SC"""
"261309;583083;2020-01-07;""terça"";""07:00:00"";""MG"";381;873","8;""ESTIVA"";""Sim"";""Velocidade Incompatível"";2;""Tombamento"";""Com Vítimas Feridas"";""Pleno dia"";""Crescente"";""Céu Claro"";""Dupla"";""Curva"";""Não"";466174;""Caminhão-trator"";""VOLVO/VM 310 4X2T"";2006;""Condutor"";""Lesões Leves"";31;""Masculino"";0;1;0;0;-22",42086734;-45,"9656167;""SR-MG"";""DEL09"";""UOP01/MG"""
"261309;NA;2020-01-07;""terça"";""07:00:00"";""MG"";381;873","8;""ESTIVA"";""Sim"";""Velocidade Incompatível"";2;""Tombamento"";""Com Vítimas Feridas"";""Pleno dia"";""Crescente"";""Céu Claro"";""Dupla"";""Curva"";""Não"";467168;""Semireboque"";""SR/RANDON SR FG"";2001;""Não Informado"";""Não Informado"";NA;""Não Informado"";0;0;0;0;-22",42086734;-45,"9656167;""SR-MG"";""DEL09"";""UOP01/MG"""
"261309;583083;2020-01-07;""terça"";""07:00:00"";""MG"";381;873","8;""ESTIVA"";""Sim"";""Velocidade Incompatível"";3;""Derramamento de carga"";""Com Vítimas Feridas"";""Pleno dia"";""Crescente"";""Céu Claro"";""Dupla"";""Curva"";""Não"";466174;""Caminhão-trator"";""VOLVO/VM 310 4X2T"";2006;""Condutor"";""Lesões Leves"";31;""Masculino"";0;1;0;0;-22",42086734;-45,"9656167;""SR-MG"";""DEL09"";""UOP01/MG"""
"261309;NA;2020-01-07;""terça"";""07:00:00"";""MG"";381;873","8;""ESTIVA"";""Sim"";""Velocidade Incompatível"";3;""Derramamento de carga"";""Com Vítimas Feridas"";""Pleno dia"";""Crescente"";""Céu Claro"";""Dupla"";""Curva"";""Não"";467168;""Semireboque"";""SR/RANDON SR FG"";2001;""Não Informado"";""Não Informado"";NA;""Não Informado"";0;0;0;0;-22",42086734;-45,"9656167;""SR-MG"";""DEL09"";""UOP01/MG"""
"261309;583083;2020-01-07;""terça"";""07:00:00"";""MG"";381;873","8;""ESTIVA"";""Sim"";""Velocidade Incompatível"";1;""Colisão com objeto estático"";""Com Vítimas Feridas"";""Pleno dia"";""Crescente"";""Céu Claro"";""Dupla"";""Curva"";""Não"";466174;""Caminhão-trator"";""VOLVO/VM 310 4X2T"";2006;""Condutor"";""Lesões Leves"";31;""Masculino"";0;1;0;0;-22",42086734;-45,"9656167;""SR-MG"";""DEL09"";""UOP01/MG"""
"261309;NA;2020-01-07;""terça"";""07:00:00"";""MG"";381;873","8;""ESTIVA"";""Sim"";""Velocidade Incompatível"";1;""Colisão com objeto estático"";""Com Vítimas Feridas"";""Pleno dia"";""Crescente"";""Céu Claro"";""Dupla"";""Curva"";""Não"";467168;""Semireboque"";""SR/RANDON SR FG"";2001;""Não Informado"";""Não Informado"";NA;""Não Informado"";0;0;0;0;-22",42086734;-45,"9656167;""SR-MG"";""DEL09"";""UOP01/MG"""
"261310;581648;2020-01-07;""terça"";""07:50:00"";""SC"";101;218;""PALHOCA"";""Sim"";""Desobediência às normas de trânsito pelo condutor"";1;""Colisão traseira"";""Com Vítimas Feridas"";""Pleno dia"";""Crescente"";""Céu Claro"";""Dupla"";""Reta"";""Sim"";466192;""Caminhão"";""IVECO/DAILY 70C17HDCS"";2012;""Passageiro"";""Lesões Graves"";19;""Masculino"";0;0;1;0;-27",6758601;-48,"67052525;""SR-SC"";""DEL8/1"";""UOP02/SC""",
"261310;581645;2020-01-07;""terça"";""07:50:00"";""SC"";101;218;""PALHOCA"";""Sim"";""Desobediência às normas de trânsito pelo condutor"";1;""Colisão traseira"";""Com Vítimas Feridas"";""Pleno dia"";""Crescente"";""Céu Claro"";""Dupla"";""Reta"";""Sim"";466192;""Caminhão"";""IVECO/DAILY 70C17HDCS"";2012;""Condutor"";""Ileso"";33;""Masculino"";1;0;0;0;-27",6758601;-48,"67052525;""SR-SC"";""DEL8/1"";""UOP02/SC""",
"261310;581643;2020-01-07;""terça"";""07:50:00"";""SC"";101;218;""PALHOCA"";""Sim"";""Desobediência às normas de trânsito pelo condutor"";1;""Colisão traseira"";""Com Vítimas Feridas"";""Pleno dia"";""Crescente"";""Céu Claro"";""Dupla"";""Reta"";""Sim"";466191;""Automóvel"";""HYUNDAI/HB20 1.6A COMF"";2019;""Condutor"";""Lesões Leves"";37;""Masculino"";0;1;0;0;-27",6758601;-48,"67052525;""SR-SC"";""DEL8/1"";""UOP02/SC""",
"261311;581732;2020-01-07;""terça"";""06:40:00"";""MG"";40;499","6;""ESMERALDAS"";""Sim"";""Falta de Atenção à Condução"";2;""Queda de ocupante de veículo"";""Com Vítimas Feridas"";""Pleno dia"";""Crescente"";""Nublado"";""Dupla"";""Reta"";""Sim"";466226;""Motocicleta"";""HONDA/CG 125 TITAN KS"";2000;""Condutor"";""Lesões Leves"";25;""Masculino"";0;1;0;0;-19",697179;-44,"176988;""SR-MG"";""DEL4/2"";""UOP01/MG"""
"261311;581732;2020-01-07;""terça"";""06:40:00"";""MG"";40;499","6;""ESMERALDAS"";""Sim"";""Falta de Atenção à Condução"";1;""Tombamento"";""Com Vítimas Feridas"";""Pleno dia"";""Crescente"";""Nublado"";""Dupla"";""Reta"";""Sim"";466226;""Motocicleta"";""HONDA/CG 125 TITAN KS"";2000;""Condutor"";""Lesões Leves"";25;""Masculino"";0;1;0;0;-19",697179;-44,"176988;""SR-MG"";""DEL4/2"";""UOP01/MG"""
"261312;583501;2020-01-07;""terça"";""07:20:00"";""MG"";40;515;""RIBEIRAO DAS NEVES"";""Sim"";""Desobediência às normas de trânsito pelo condutor"";2;""Tombamento"";""Com Vítimas Feridas"";""Pleno dia"";""Crescente"";""Nublado"";""Dupla"";""Não Informado"";""Não"";466247;""Motocicleta"";""YAMAHA/YBR 125K"";2001;""Condutor"";""Lesões Leves"";24;""Masculino"";0;1;0;0;-19",8090079;-44,"09493479;""SR-MG"";""DEL4/1"";""UOP02/MG""",
"261312;583514;2020-01-07;""terça"";""07:20:00"";""MG"";40;515;""RIBEIRAO DAS NEVES"";""Sim"";""Desobediência às normas de trânsito pelo condutor"";2;""Tombamento"";""Com Vítimas Feridas"";""Pleno dia"";""Crescente"";""Nublado"";""Dupla"";""Não Informado"";""Não"";466248;""Motocicleta"";""HONDA/CG 160 FAN"";2019;""Passageiro"";""Lesões Leves"";25;""Feminino"";0;1;0;0;-19",8090079;-44,"09493479;""SR-MG"";""DEL4/1"";""UOP02/MG""",
"261312;583505;2020-01-07;""terça"";""07:20:00"";""MG"";40;515;""RIBEIRAO DAS NEVES"";""Sim"";""Desobediência às normas de trânsito pelo condutor"";2;""Tombamento"";""Com Vítimas Feridas"";""Pleno dia"";""Crescente"";""Nublado"";""Dupla"";""Não Informado"";""Não"";466248;""Motocicleta"";""HONDA/CG 160 FAN"";2019;""Condutor"";""Lesões Leves"";32;""Masculino"";0;1;0;0;-19",8090079;-44,"09493479;""SR-MG"";""DEL4/1"";""UOP02/MG""",
"261312;583501;2020-01-07;""terça"";""07:20:00"";""MG"";40;515;""RIBEIRAO DAS NEVES"";""Sim"";""Desobediência às normas de trânsito pelo condutor"";1;""Colisão traseira"";""Com Vítimas Feridas"";""Pleno dia"";""Crescente"";""Nublado"";""Dupla"";""Não Informado"";""Não"";466247;""Motocicleta"";""YAMAHA/YBR 125K"";2001;""Condutor"";""Lesões Leves"";24;""Masculino"";0;1;0;0;-19",8090079;-44,"09493479;""SR-MG"";""DEL4/1"";""UOP02/MG""",
"261312;583514;2020-01-07;""terça"";""07:20:00"";""MG"";40;515;""RIBEIRAO DAS NEVES"";""Sim"";""Desobediência às normas de trânsito pelo condutor"";1;""Colisão traseira"";""Com Vítimas Feridas"";""Pleno dia"";""Crescente"";""Nublado"";""Dupla"";""Não Informado"";""Não"";466248;""Motocicleta"";""HONDA/CG 160 FAN"";2019;""Passageiro"";""Lesões Leves"";25;""Feminino"";0;1;0;0;-19",8090079;-44,"09493479;""SR-MG"";""DEL4/1"";""UOP02/MG""",
"261312;583505;2020-01-07;""terça"";""07:20:00"";""MG"";40;515;""RIBEIRAO DAS NEVES"";""Sim"";""Desobediência às normas de trânsito pelo condutor"";1;""Colisão traseira"";""Com Vítimas Feridas"";""Pleno dia"";""Crescente"";""Nublado"";""Dupla"";""Não Informado"";""Não"";466248;""Motocicleta"";""HONDA/CG 160 FAN"";2019;""Condutor"";""Lesões Leves"";32;""Masculino"";0;1;0;0;-19",8090079;-44,"09493479;""SR-MG"";""DEL4/1"";""UOP02/MG""",
"261313;583112;2020-01-07;""terça"";""07:25:00"";""MG"";381;369;""SAO GONCALO DO RIO ABAIXO"";""Sim"";""Desobediência às normas de trânsito pelo condutor"";1;""Colisão lateral"";""Com Vítimas Feridas"";""Pleno dia"";""Decrescente"";""Céu Claro"";""Simples"";""Curva"";""Não"";466175;""Automóvel"";""FIAT/PALIO FIRE"";2004;""Passageiro"";""Lesões Leves"";13;""Feminino"";0;1;0;0;-19",85129538;-43,"29305902;""SR-MG"";""DEL4/3"";""UOP01/MG""",
"261313;583108;2020-01-07;""terça"";""07:25:00"";""MG"";381;369;""SAO GONCALO DO RIO ABAIXO"";""Sim"";""Desobediência às normas de trânsito pelo condutor"";1;""Colisão lateral"";""Com Vítimas Feridas"";""Pleno dia"";""Decrescente"";""Céu Claro"";""Simples"";""Curva"";""Não"";466175;""Automóvel"";""FIAT/PALIO FIRE"";2004;""Passageiro"";""Ileso"";41;""Feminino"";1;0;0;0;-19",85129538;-43,"29305902;""SR-MG"";""DEL4/3"";""UOP01/MG""",
"261313;583102;2020-01-07;""terça"";""07:25:00"";""MG"";381;369;""SAO GONCALO DO RIO ABAIXO"";""Sim"";""Desobediência às normas de trânsito pelo condutor"";1;""Colisão lateral"";""Com Vítimas Feridas"";""Pleno dia"";""Decrescente"";""Céu Claro"";""Simples"";""Curva"";""Não"";466175;""Automóvel"";""FIAT/PALIO FIRE"";2004;""Condutor"";""Lesões Leves"";45;""Masculino"";0;1;0;0;-19",85129538;-43,"29305902;""SR-MG"";""DEL4/3"";""UOP01/MG""",
"261313;583122;2020-01-07;""terça"";""07:25:00"";""MG"";381;369;""SAO GONCALO DO RIO ABAIXO"";""Sim"";""Desobediência às normas de trânsito pelo condutor"";1;""Colisão lateral"";""Com Vítimas Feridas"";""Pleno dia"";""Decrescente"";""Céu Claro"";""Simples"";""Curva"";""Não"";466176;""Caminhão"";""VW/15.180 E"";2006;""Condutor"";""Ileso"";31;""Masculino"";1;0;0;0;-19",85129538;-43,"29305902;""SR-MG"";""DEL4/3"";""UOP01/MG""",
"261314;581689;2020-01-07;""terça"";""08:20:00"";""RN"";406;170","1;""SAO GONCALO DO AMARANTE"";""Sim"";""Deficiência ou não Acionamento do Sistema de Iluminação/Sinalização do Veículo"";1;""Colisão lateral"";""Com Vítimas Feridas"";""Pleno dia"";""Crescente"";""Céu Claro"";""Dupla"";""Reta"";""Sim"";466195;""Motocicleta"";""HONDA/NXR150 BROS ESD"";2013;""Passageiro"";""Lesões Leves"";18;""Masculino"";0;1;0;0;-5",75872063;-35,"29921986;""SR-RN"";""DEL15/2"";""UOP01/RN"""
"261314;581687;2020-01-07;""terça"";""08:20:00"";""RN"";406;170","1;""SAO GONCALO DO AMARANTE"";""Sim"";""Deficiência ou não Acionamento do Sistema de Iluminação/Sinalização do Veículo"";1;""Colisão lateral"";""Com Vítimas Feridas"";""Pleno dia"";""Crescente"";""Céu Claro"";""Dupla"";""Reta"";""Sim"";466195;""Motocicleta"";""HONDA/NXR150 BROS ESD"";2013;""Condutor"";""Lesões Leves"";48;""Masculino"";0;1;0;0;-5",75872063;-35,"29921986;""SR-RN"";""DEL15/2"";""UOP01/RN"""
"261314;581685;2020-01-07;""terça"";""08:20:00"";""RN"";406;170","1;""SAO GONCALO DO AMARANTE"";""Sim"";""Deficiência ou não Acionamento do Sistema de Iluminação/Sinalização do Veículo"";1;""Colisão lateral"";""Com Vítimas Feridas"";""Pleno dia"";""Crescente"";""Céu Claro"";""Dupla"";""Reta"";""Sim"";466194;""Automóvel"";""GM/VECTRA GLS"";2000;""Condutor"";""Ileso"";33;""Masculino"";1;0;0;0;-5",75872063;-35,"29921986;""SR-RN"";""DEL15/2"";""UOP01/RN"""
"261315;581710;2020-01-07;""terça"";""08:00:00"";""PR"";277;73","1;""SAO JOSE DOS PINHAIS"";""Sim"";""Defeito Mecânico no Veículo"";1;""Saída de leito carroçável"";""Com Vítimas Feridas"";""Pleno dia"";""Decrescente"";""Céu Claro"";""Dupla"";""Reta"";""Sim"";466215;""Motocicleta"";""HONDA/CG 150 FAN ESI"";2011;""Condutor"";""Lesões Leves"";31;""Masculino"";0;1;0;0;-25",50078096;-49,"1522634;""SR-PR"";""DEL7/1"";""UOP01/PR"""
"261316;582978;2020-01-07;""terça"";""08:00:00"";""RN"";101;66;""CEARA-MIRIM"";""Sim"";""Velocidade Incompatível"";1;""Colisão lateral"";""Sem Vítimas"";""Pleno dia"";""Decrescente"";""Sol"";""Simples"";""Não Informado"";""Não"";466216;""Automóvel"";""VW/GOLF 1.6 SPORTLINE"";2009;""Condutor"";""Não Informado"";NA;""Não Informado"";0;0;0;0;-5",65033356;-35,"25016233;""SR-RN"";""DEL15/2"";""UOP01/RN""",
"261316;582980;2020-01-07;""terça"";""08:00:00"";""RN"";101;66;""CEARA-MIRIM"";""Sim"";""Velocidade Incompatível"";1;""Colisão lateral"";""Sem Vítimas"";""Pleno dia"";""Decrescente"";""Sol"";""Simples"";""Não Informado"";""Não"";467099;""Automóvel"";""VW/GOL 1.0"";2004;""Condutor"";""Ileso"";32;""Masculino"";1;0;0;0;-5",65033356;-35,"25016233;""SR-RN"";""DEL15/2"";""UOP01/RN""",
"261317;582991;2020-01-07;""terça"";""07:00:00"";""RN"";427;96","9;""CAICO"";""Sim"";""Desobediência às normas de trânsito pelo condutor"";1;""Colisão lateral"";""Com Vítimas Feridas"";""Pleno dia"";""Crescente"";""Céu Claro"";""Simples"";""Reta"";""Sim"";466172;""Automóvel"";""FIAT/PUNTO ATTRACTIVE"";2012;""Condutor"";""Ileso"";43;""Masculino"";1;0;0;0;-6",47053122;-37,"08438906;""SR-RN"";""DEL15/3"";""UOP01/RN"""
"261317;582996;2020-01-07;""terça"";""07:00:00"";""RN"";427;96","9;""CAICO"";""Sim"";""Desobediência às normas de trânsito pelo condutor"";1;""Colisão lateral"";""Com Vítimas Feridas"";""Pleno dia"";""Crescente"";""Céu Claro"";""Simples"";""Reta"";""Sim"";466171;""Motocicleta"";""HONDA/CG 150 TITAN KS"";2005;""Condutor"";""Lesões Graves"";39;""Feminino"";0;0;1;0;-6",47053122;-37,"08438906;""SR-RN"";""DEL15/3"";""UOP01/RN"""
"261317;582991;2020-01-07;""terça"";""07:00:00"";""RN"";427;96","9;""CAICO"";""Sim"";""Desobediência às normas de trânsito pelo condutor"";2;""Tombamento"";""Com Vítimas Feridas"";""Pleno dia"";""Crescente"";""Céu Claro"";""Simples"";""Reta"";""Sim"";466172;""Automóvel"";""FIAT/PUNTO ATTRACTIVE"";2012;""Condutor"";""Ileso"";43;""Masculino"";1;0;0;0;-6",47053122;-37,"08438906;""SR-RN"";""DEL15/3"";""UOP01/RN"""
"261317;582996;2020-01-07;""terça"";""07:00:00"";""RN"";427;96","9;""CAICO"";""Sim"";""Desobediência às normas de trânsito pelo condutor"";2;""Tombamento"";""Com Vítimas Feridas"";""Pleno dia"";""Crescente"";""Céu Claro"";""Simples"";""Reta"";""Sim"";466171;""Motocicleta"";""HONDA/CG 150 TITAN KS"";2005;""Condutor"";""Lesões Graves"";39;""Feminino"";0;0;1;0;-6",47053122;-37,"08438906;""SR-RN"";""DEL15/3"";""UOP01/RN"""
"261317;582991;2020-01-07;""terça"";""07:00:00"";""RN"";427;96","9;""CAICO"";""Não"";""Falta de Atenção à Condução"";1;""Colisão lateral"";""Com Vítimas Feridas"";""Pleno dia"";""Crescente"";""Céu Claro"";""Simples"";""Reta"";""Sim"";466172;""Automóvel"";""FIAT/PUNTO ATTRACTIVE"";2012;""Condutor"";""Ileso"";43;""Masculino"";1;0;0;0;-6",47053122;-37,"08438906;""SR-RN"";""DEL15/3"";""UOP01/RN"""
"261317;582996;2020-01-07;""terça"";""07:00:00"";""RN"";427;96","9;""CAICO"";""Não"";""Falta de Atenção à Condução"";1;""Colisão lateral"";""Com Vítimas Feridas"";""Pleno dia"";""Crescente"";""Céu Claro"";""Simples"";""Reta"";""Sim"";466171;""Motocicleta"";""HONDA/CG 150 TITAN KS"";2005;""Condutor"";""Lesões Graves"";39;""Feminino"";0;0;1;0;-6",47053122;-37,"08438906;""SR-RN"";""DEL15/3"";""UOP01/RN"""
"261317;582991;2020-01-07;""terça"";""07:00:00"";""RN"";427;96","9;""CAICO"";""Não"";""Falta de Atenção à Condução"";2;""Tombamento"";""Com Vítimas Feridas"";""Pleno dia"";""Crescente"";""Céu Claro"";""Simples"";""Reta"";""Sim"";466172;""Automóvel"";""FIAT/PUNTO ATTRACTIVE"";2012;""Condutor"";""Ileso"";43;""Masculino"";1;0;0;0;-6",47053122;-37,"08438906;""SR-RN"";""DEL15/3"";""UOP01/RN"""
"261317;582996;2020-01-07;""terça"";""07:00:00"";""RN"";427;96","9;""CAICO"";""Não"";""Falta de Atenção à Condução"";2;""Tombamento"";""Com Vítimas Feridas"";""Pleno dia"";""Crescente"";""Céu Claro"";""Simples"";""Reta"";""Sim"";466171;""Motocicleta"";""HONDA/CG 150 TITAN KS"";2005;""Condutor"";""Lesões Graves"";39;""Feminino"";0;0;1;0;-6",47053122;-37,"08438906;""SR-RN"";""DEL15/3"";""UOP01/RN"""
"261317;582991;2020-01-07;""terça"";""07:00:00"";""RN"";427;96","9;""CAICO"";""Não"";""Não guardar distância de segurança"";1;""Colisão lateral"";""Com Vítimas Feridas"";""Pleno dia"";""Crescente"";""Céu Claro"";""Simples"";""Reta"";""Sim"";466172;""Automóvel"";""FIAT/PUNTO ATTRACTIVE"";2012;""Condutor"";""Ileso"";43;""Masculino"";1;0;0;0;-6",47053122;-37,"08438906;""SR-RN"";""DEL15/3"";""UOP01/RN"""
"261317;582996;2020-01-07;""terça"";""07:00:00"";""RN"";427;96","9;""CAICO"";""Não"";""Não guardar distância de segurança"";1;""Colisão lateral"";""Com Vítimas Feridas"";""Pleno dia"";""Crescente"";""Céu Claro"";""Simples"";""Reta"";""Sim"";466171;""Motocicleta"";""HONDA/CG 150 TITAN KS"";2005;""Condutor"";""Lesões Graves"";39;""Feminino"";0;0;1;0;-6",47053122;-37,"08438906;""SR-RN"";""DEL15/3"";""UOP01/RN"""
"261317;582991;2020-01-07;""terça"";""07:00:00"";""RN"";427;96","9;""CAICO"";""Não"";""Não guardar distância de segurança"";2;""Tombamento"";""Com Vítimas Feridas"";""Pleno dia"";""Crescente"";""Céu Claro"";""Simples"";""Reta"";""Sim"";466172;""Automóvel"";""FIAT/PUNTO ATTRACTIVE"";2012;""Condutor"";""Ileso"";43;""Masculino"";1;0;0;0;-6",47053122;-37,"08438906;""SR-RN"";""DEL15/3"";""UOP01/RN"""
"261317;582996;2020-01-07;""terça"";""07:00:00"";""RN"";427;96","9;""CAICO"";""Não"";""Não guardar distância de segurança"";2;""Tombamento"";""Com Vítimas Feridas"";""Pleno dia"";""Crescente"";""Céu Claro"";""Simples"";""Reta"";""Sim"";466171;""Motocicleta"";""HONDA/CG 150 TITAN KS"";2005;""Condutor"";""Lesões Graves"";39;""Feminino"";0;0;1;0;-6",47053122;-37,"08438906;""SR-RN"";""DEL15/3"";""UOP01/RN"""
"261318;583817;2020-01-07;""terça"";""08:40:00"";""ES"";101;145;""LINHARES"";""Sim"";""Defeito Mecânico no Veículo"";1;""Engavetamento"";""Sem Vítimas"";""Pleno dia"";""Crescente"";""Céu Claro"";""Dupla"";""Reta"";""Sim"";466220;""Caminhonete"";""I/VW AMAROK CD 4X4 HIGH"";2014;""Condutor"";""Ileso"";64;""Feminino"";1;0;0;0;-19",36089598;-40,"06464018;""SR-ES"";""DEL12/4"";""UOP01/ES""",
"261318;584033;2020-01-07;""terça"";""08:40:00"";""ES"";101;145;""LINHARES"";""Sim"";""Defeito Mecânico no Veículo"";1;""Engavetamento"";""Sem Vítimas"";""Pleno dia"";""Crescente"";""Céu Claro"";""Dupla"";""Reta"";""Sim"";466222;""Automóvel"";""FIAT/PALIO WK TREKK 1.6"";2014;""Condutor"";""Ileso"";28;""Masculino"";1;0;0;0;-19",36089598;-40,"06464018;""SR-ES"";""DEL12/4"";""UOP01/ES""",
"261318;583835;2020-01-07;""terça"";""08:40:00"";""ES"";101;145;""LINHARES"";""Sim"";""Defeito Mecânico no Veículo"";1;""Engavetamento"";""Sem Vítimas"";""Pleno dia"";""Crescente"";""Céu Claro"";""Dupla"";""Reta"";""Sim"";466222;""Automóvel"";""FIAT/PALIO WK TREKK 1.6"";2014;""Passageiro"";""Ileso"";30;""Masculino"";1;0;0;0;-19",36089598;-40,"06464018;""SR-ES"";""DEL12/4"";""UOP01/ES""",
"261318;583834;2020-01-07;""terça"";""08:40:00"";""ES"";101;145;""LINHARES"";""Sim"";""Defeito Mecânico no Veículo"";1;""Engavetamento"";""Sem Vítimas"";""Pleno dia"";""Crescente"";""Céu Claro"";""Dupla"";""Reta"";""Sim"";466222;""Automóvel"";""FIAT/PALIO WK TREKK 1.6"";2014;""Passageiro"";""Ileso"";30;""Masculino"";1;0;0;0;-19",36089598;-40,"06464018;""SR-ES"";""DEL12/4"";""UOP01/ES""",
"261318;583818;2020-01-07;""terça"";""08:40:00"";""ES"";101;145;""LINHARES"";""Sim"";""Defeito Mecânico no Veículo"";1;""Engavetamento"";""Sem Vítimas"";""Pleno dia"";""Crescente"";""Céu Claro"";""Dupla"";""Reta"";""Sim"";466221;""Automóvel"";""FORD/FIESTA"";2004;""Condutor"";""Ileso"";29;""Feminino"";1;0;0;0;-19",36089598;-40,"06464018;""SR-ES"";""DEL12/4"";""UOP01/ES""",
"261319;583587;2020-01-07;""terça"";""08:40:00"";""TO"";153;150;""ARAGUAINA"";""Sim"";""Defeito Mecânico no Veículo"";1;""Tombamento"";""Com Vítimas Feridas"";""Pleno dia"";""Crescente"";""Céu Claro"";""Simples"";""Reta"";""Não"";466356;""Motocicleta"";""HONDA/CG 150 TITAN ES"";2007;""Passageiro"";""Lesões Leves"";35;""Masculino"";0;1;0;0;-7",24812605;-48,"25533885;""SR-TO"";""UOP04/TO"";""""",
"261319;583584;2020-01-07;""terça"";""08:40:00"";""TO"";153;150;""ARAGUAINA"";""Sim"";""Defeito Mecânico no Veículo"";1;""Tombamento"";""Com Vítimas Feridas"";""Pleno dia"";""Crescente"";""Céu Claro"";""Simples"";""Reta"";""Não"";466356;""Motocicleta"";""HONDA/CG 150 TITAN ES"";2007;""Condutor"";""Lesões Leves"";57;""Masculino"";0;1;0;0;-7",24812605;-48,"25533885;""SR-TO"";""UOP04/TO"";""""",