"id;""pesid"";""data_inversa"";""dia_semana"";""horario"";""uf"";""br"";""km"";""municipio"";""causa_principal"";""causa_acidente"";""ordem_tipo_acidente"";""tipo_acidente"";""classificacao_acidente"";""fase_dia"";""sentido_via"";""condicao_metereologica"";""tipo_pista"";""tracado_via"";""uso_solo"";""id_veiculo"";""tipo_veiculo"";""marca"";""ano_fabricacao_veiculo"";""tipo_envolvido"";""estado_fisico"";""idade"";""sexo"";""ilesos"";""feridos_leves"";""feridos_graves"";""mortos"";""latitude"";""longitude"";""regional"";""delegacia"";""uop""",,,
"261320;581733;2020-01-07;""terça"";""07:52:00"";""PR"";277;96","2;""CURITIBA"";""Sim"";""Falta de Atenção à Condução"";1;""Atropelamento de Pedestre"";""Com Vítimas Feridas"";""Pleno dia"";""Crescente"";""Céu Claro"";""Simples"";""Reta"";""Sim"";466201;""Automóvel"";""HONDA/HR-V LX CVT"";2015;""Pedestre"";""Lesões Leves"";18;""Masculino"";0;1;0;0;-25",43062108;-49,"33254004;""SR-PR"";""DEL7/1"";""UOP04/PR"""
"261320;581730;2020-01-07;""terça"";""07:52:00"";""PR"";277;96","2;""CURITIBA"";""Sim"";""Falta de Atenção à Condução"";1;""Atropelamento de Pedestre"";""Com Vítimas Feridas"";""Pleno dia"";""Crescente"";""Céu Claro"";""Simples"";""Reta"";""Sim"";466201;""Automóvel"";""HONDA/HR-V LX CVT"";2015;""Condutor"";""Ileso"";51;""Masculino"";1;0;0;0;-25",43062108;-49,"33254004;""SR-PR"";""DEL7/1"";""UOP04/PR"""
"261320;581733;2020-01-07;""terça"";""07:52:00"";""PR"";277;96","2;""CURITIBA"";""Não"";""Falta de Atenção do Pedestre"";1;""Atropelamento de Pedestre"";""Com Vítimas Feridas"";""Pleno dia"";""Crescente"";""Céu Claro"";""Simples"";""Reta"";""Sim"";466201;""Automóvel"";""HONDA/HR-V LX CVT"";2015;""Pedestre"";""Lesões Leves"";18;""Masculino"";0;1;0;0;-25",43062108;-49,"33254004;""SR-PR"";""DEL7/1"";""UOP04/PR"""
"261320;581730;2020-01-07;""terça"";""07:52:00"";""PR"";277;96","2;""CURITIBA"";""Não"";""Falta de Atenção do Pedestre"";1;""Atropelamento de Pedestre"";""Com Vítimas Feridas"";""Pleno dia"";""Crescente"";""Céu Claro"";""Simples"";""Reta"";""Sim"";466201;""Automóvel"";""HONDA/HR-V LX CVT"";2015;""Condutor"";""Ileso"";51;""Masculino"";1;0;0;0;-25",43062108;-49,"33254004;""SR-PR"";""DEL7/1"";""UOP04/PR"""
"261321;581721;2020-01-07;""terça"";""09:00:00"";""MG"";40;700","3;""BARBACENA"";""Sim"";""Velocidade Incompatível"";1;""Tombamento"";""Sem Vítimas"";""Pleno dia"";""Crescente"";""Céu Claro"";""Dupla"";""Viaduto"";""Sim"";466225;""Caminhão"";""VW/24.220 EURO3 WORKER"";2007;""Condutor"";""Ileso"";42;""Masculino"";1;0;0;0;-21",17760699;-43,"75627477;""SR-MG"";""DEL5"";""UOP02/MG"""
"261323;581859;2020-01-07;""terça"";""08:05:00"";""SC"";101;134","4;""BALNEARIO CAMBORIU"";""Sim"";""Falta de Atenção do Pedestre"";1;""Atropelamento de Pedestre"";""Com Vítimas Fatais"";""Pleno dia"";""Decrescente"";""Céu Claro"";""Dupla"";""Reta"";""Não"";466346;""Caminhão"";""IVECO/EUROCARGO 260E25N"";2010;""Pedestre"";""Óbito"";35;""Masculino"";0;0;0;1;-27",00218;-48,"636433;""SR-SC"";""DEL8/4"";""UOP03/SC"""
"261323;581857;2020-01-07;""terça"";""08:05:00"";""SC"";101;134","4;""BALNEARIO CAMBORIU"";""Sim"";""Falta de Atenção do Pedestre"";1;""Atropelamento de Pedestre"";""Com Vítimas Fatais"";""Pleno dia"";""Decrescente"";""Céu Claro"";""Dupla"";""Reta"";""Não"";466346;""Caminhão"";""IVECO/EUROCARGO 260E25N"";2010;""Condutor"";""Ileso"";43;""Masculino"";1;0;0;0;-27",00218;-48,"636433;""SR-SC"";""DEL8/4"";""UOP03/SC"""
"261324;581854;2020-01-07;""terça"";""08:50:00"";""PB"";230;137","6;""CAMPINA GRANDE"";""Sim"";""Não guardar distância de segurança"";2;""Colisão transversal"";""Com Vítimas Feridas"";""Pleno dia"";""Crescente"";""Céu Claro"";""Dupla"";""Não Informado"";""Não"";466246;""Automóvel"";""GM/CELTA 4P LIFE"";2010;""Passageiro"";""Lesões Leves"";76;""Masculino"";0;1;0;0;-7",2766;-35,"7739;""SR-PB"";""DEL14/2"";""UOP01/PB"""
"261324;581855;2020-01-07;""terça"";""08:50:00"";""PB"";230;137","6;""CAMPINA GRANDE"";""Sim"";""Não guardar distância de segurança"";2;""Colisão transversal"";""Com Vítimas Feridas"";""Pleno dia"";""Crescente"";""Céu Claro"";""Dupla"";""Não Informado"";""Não"";466246;""Automóvel"";""GM/CELTA 4P LIFE"";2010;""Passageiro"";""Ileso"";20;""Masculino"";1;0;0;0;-7",2766;-35,"7739;""SR-PB"";""DEL14/2"";""UOP01/PB"""
"261324;581853;2020-01-07;""terça"";""08:50:00"";""PB"";230;137","6;""CAMPINA GRANDE"";""Sim"";""Não guardar distância de segurança"";2;""Colisão transversal"";""Com Vítimas Feridas"";""Pleno dia"";""Crescente"";""Céu Claro"";""Dupla"";""Não Informado"";""Não"";466246;""Automóvel"";""GM/CELTA 4P LIFE"";2010;""Condutor"";""Ileso"";51;""Masculino"";1;0;0;0;-7",2766;-35,"7739;""SR-PB"";""DEL14/2"";""UOP01/PB"""
"261324;581851;2020-01-07;""terça"";""08:50:00"";""PB"";230;137","6;""CAMPINA GRANDE"";""Sim"";""Não guardar distância de segurança"";2;""Colisão transversal"";""Com Vítimas Feridas"";""Pleno dia"";""Crescente"";""Céu Claro"";""Dupla"";""Não Informado"";""Não"";466245;""Caminhão-trator"";""VOLVO/FH 440 6X2T"";2011;""Condutor"";""Ileso"";46;""Masculino"";1;0;0;0;-7",2766;-35,"7739;""SR-PB"";""DEL14/2"";""UOP01/PB"""
"261324;581854;2020-01-07;""terça"";""08:50:00"";""PB"";230;137","6;""CAMPINA GRANDE"";""Sim"";""Não guardar distância de segurança"";3;""Capotamento"";""Com Vítimas Feridas"";""Pleno dia"";""Crescente"";""Céu Claro"";""Dupla"";""Não Informado"";""Não"";466246;""Automóvel"";""GM/CELTA 4P LIFE"";2010;""Passageiro"";""Lesões Leves"";76;""Masculino"";0;1;0;0;-7",2766;-35,"7739;""SR-PB"";""DEL14/2"";""UOP01/PB"""
"261324;581855;2020-01-07;""terça"";""08:50:00"";""PB"";230;137","6;""CAMPINA GRANDE"";""Sim"";""Não guardar distância de segurança"";3;""Capotamento"";""Com Vítimas Feridas"";""Pleno dia"";""Crescente"";""Céu Claro"";""Dupla"";""Não Informado"";""Não"";466246;""Automóvel"";""GM/CELTA 4P LIFE"";2010;""Passageiro"";""Ileso"";20;""Masculino"";1;0;0;0;-7",2766;-35,"7739;""SR-PB"";""DEL14/2"";""UOP01/PB"""
"261324;581853;2020-01-07;""terça"";""08:50:00"";""PB"";230;137","6;""CAMPINA GRANDE"";""Sim"";""Não guardar distância de segurança"";3;""Capotamento"";""Com Vítimas Feridas"";""Pleno dia"";""Crescente"";""Céu Claro"";""Dupla"";""Não Informado"";""Não"";466246;""Automóvel"";""GM/CELTA 4P LIFE"";2010;""Condutor"";""Ileso"";51;""Masculino"";1;0;0;0;-7",2766;-35,"7739;""SR-PB"";""DEL14/2"";""UOP01/PB"""
"261324;581851;2020-01-07;""terça"";""08:50:00"";""PB"";230;137","6;""CAMPINA GRANDE"";""Sim"";""Não guardar distância de segurança"";3;""Capotamento"";""Com Vítimas Feridas"";""Pleno dia"";""Crescente"";""Céu Claro"";""Dupla"";""Não Informado"";""Não"";466245;""Caminhão-trator"";""VOLVO/FH 440 6X2T"";2011;""Condutor"";""Ileso"";46;""Masculino"";1;0;0;0;-7",2766;-35,"7739;""SR-PB"";""DEL14/2"";""UOP01/PB"""
"261324;581854;2020-01-07;""terça"";""08:50:00"";""PB"";230;137","6;""CAMPINA GRANDE"";""Sim"";""Não guardar distância de segurança"";1;""Colisão lateral"";""Com Vítimas Feridas"";""Pleno dia"";""Crescente"";""Céu Claro"";""Dupla"";""Não Informado"";""Não"";466246;""Automóvel"";""GM/CELTA 4P LIFE"";2010;""Passageiro"";""Lesões Leves"";76;""Masculino"";0;1;0;0;-7",2766;-35,"7739;""SR-PB"";""DEL14/2"";""UOP01/PB"""
"261324;581855;2020-01-07;""terça"";""08:50:00"";""PB"";230;137","6;""CAMPINA GRANDE"";""Sim"";""Não guardar distância de segurança"";1;""Colisão lateral"";""Com Vítimas Feridas"";""Pleno dia"";""Crescente"";""Céu Claro"";""Dupla"";""Não Informado"";""Não"";466246;""Automóvel"";""GM/CELTA 4P LIFE"";2010;""Passageiro"";""Ileso"";20;""Masculino"";1;0;0;0;-7",2766;-35,"7739;""SR-PB"";""DEL14/2"";""UOP01/PB"""
"261324;581853;2020-01-07;""terça"";""08:50:00"";""PB"";230;137","6;""CAMPINA GRANDE"";""Sim"";""Não guardar distância de segurança"";1;""Colisão lateral"";""Com Vítimas Feridas"";""Pleno dia"";""Crescente"";""Céu Claro"";""Dupla"";""Não Informado"";""Não"";466246;""Automóvel"";""GM/CELTA 4P LIFE"";2010;""Condutor"";""Ileso"";51;""Masculino"";1;0;0;0;-7",2766;-35,"7739;""SR-PB"";""DEL14/2"";""UOP01/PB"""
"261324;581851;2020-01-07;""terça"";""08:50:00"";""PB"";230;137","6;""CAMPINA GRANDE"";""Sim"";""Não guardar distância de segurança"";1;""Colisão lateral"";""Com Vítimas Feridas"";""Pleno dia"";""Crescente"";""Céu Claro"";""Dupla"";""Não Informado"";""Não"";466245;""Caminhão-trator"";""VOLVO/FH 440 6X2T"";2011;""Condutor"";""Ileso"";46;""Masculino"";1;0;0;0;-7",2766;-35,"7739;""SR-PB"";""DEL14/2"";""UOP01/PB"""
"261325;583707;2020-01-07;""terça"";""08:50:00"";""PR"";476;129;""CURITIBA"";""Sim"";""Não guardar distância de segurança"";2;""Colisão traseira"";""Com Vítimas Feridas"";""Pleno dia"";""Crescente"";""Céu Claro"";""Dupla"";""Reta"";""Sim"";466337;""Automóvel"";""I/NISSAN MARCH 10S FLEX"";2012;""Condutor"";""Ileso"";25;""Feminino"";1;0;0;0;-25",440983;-49,"233715;""SR-PR"";""DEL7/1"";""UOP06/PR""",
"261325;583708;2020-01-07;""terça"";""08:50:00"";""PR"";476;129;""CURITIBA"";""Sim"";""Não guardar distância de segurança"";2;""Colisão traseira"";""Com Vítimas Feridas"";""Pleno dia"";""Crescente"";""Céu Claro"";""Dupla"";""Reta"";""Sim"";466336;""Automóvel"";""CHEVROLET/CELTA 1.0L LS"";2012;""Passageiro"";""Lesões Leves"";32;""Feminino"";0;1;0;0;-25",440983;-49,"233715;""SR-PR"";""DEL7/1"";""UOP06/PR""",
"261325;583705;2020-01-07;""terça"";""08:50:00"";""PR"";476;129;""CURITIBA"";""Sim"";""Não guardar distância de segurança"";2;""Colisão traseira"";""Com Vítimas Feridas"";""Pleno dia"";""Crescente"";""Céu Claro"";""Dupla"";""Reta"";""Sim"";466336;""Automóvel"";""CHEVROLET/CELTA 1.0L LS"";2012;""Condutor"";""Ileso"";35;""Masculino"";1;0;0;0;-25",440983;-49,"233715;""SR-PR"";""DEL7/1"";""UOP06/PR""",
"261325;583578;2020-01-07;""terça"";""08:50:00"";""PR"";476;129;""CURITIBA"";""Sim"";""Não guardar distância de segurança"";2;""Colisão traseira"";""Com Vítimas Feridas"";""Pleno dia"";""Crescente"";""Céu Claro"";""Dupla"";""Reta"";""Sim"";466335;""Automóvel"";""RENAULT/LOGAN EXP 16"";2012;""Condutor"";""Ileso"";24;""Masculino"";1;0;0;0;-25",440983;-49,"233715;""SR-PR"";""DEL7/1"";""UOP06/PR""",
"261325;583576;2020-01-07;""terça"";""08:50:00"";""PR"";476;129;""CURITIBA"";""Sim"";""Não guardar distância de segurança"";2;""Colisão traseira"";""Com Vítimas Feridas"";""Pleno dia"";""Crescente"";""Céu Claro"";""Dupla"";""Reta"";""Sim"";466334;""Automóvel"";""FORD/KA FLEX"";2011;""Condutor"";""Ileso"";35;""Masculino"";1;0;0;0;-25",440983;-49,"233715;""SR-PR"";""DEL7/1"";""UOP06/PR""",
"261325;583707;2020-01-07;""terça"";""08:50:00"";""PR"";476;129;""CURITIBA"";""Sim"";""Não guardar distância de segurança"";1;""Colisão lateral"";""Com Vítimas Feridas"";""Pleno dia"";""Crescente"";""Céu Claro"";""Dupla"";""Reta"";""Sim"";466337;""Automóvel"";""I/NISSAN MARCH 10S FLEX"";2012;""Condutor"";""Ileso"";25;""Feminino"";1;0;0;0;-25",440983;-49,"233715;""SR-PR"";""DEL7/1"";""UOP06/PR""",
"261325;583708;2020-01-07;""terça"";""08:50:00"";""PR"";476;129;""CURITIBA"";""Sim"";""Não guardar distância de segurança"";1;""Colisão lateral"";""Com Vítimas Feridas"";""Pleno dia"";""Crescente"";""Céu Claro"";""Dupla"";""Reta"";""Sim"";466336;""Automóvel"";""CHEVROLET/CELTA 1.0L LS"";2012;""Passageiro"";""Lesões Leves"";32;""Feminino"";0;1;0;0;-25",440983;-49,"233715;""SR-PR"";""DEL7/1"";""UOP06/PR""",
"261325;583705;2020-01-07;""terça"";""08:50:00"";""PR"";476;129;""CURITIBA"";""Sim"";""Não guardar distância de segurança"";1;""Colisão lateral"";""Com Vítimas Feridas"";""Pleno dia"";""Crescente"";""Céu Claro"";""Dupla"";""Reta"";""Sim"";466336;""Automóvel"";""CHEVROLET/CELTA 1.0L LS"";2012;""Condutor"";""Ileso"";35;""Masculino"";1;0;0;0;-25",440983;-49,"233715;""SR-PR"";""DEL7/1"";""UOP06/PR""",
"261325;583578;2020-01-07;""terça"";""08:50:00"";""PR"";476;129;""CURITIBA"";""Sim"";""Não guardar distância de segurança"";1;""Colisão lateral"";""Com Vítimas Feridas"";""Pleno dia"";""Crescente"";""Céu Claro"";""Dupla"";""Reta"";""Sim"";466335;""Automóvel"";""RENAULT/LOGAN EXP 16"";2012;""Condutor"";""Ileso"";24;""Masculino"";1;0;0;0;-25",440983;-49,"233715;""SR-PR"";""DEL7/1"";""UOP06/PR""",
"261325;583576;2020-01-07;""terça"";""08:50:00"";""PR"";476;129;""CURITIBA"";""Sim"";""Não guardar distância de segurança"";1;""Colisão lateral"";""Com Vítimas Feridas"";""Pleno dia"";""Crescente"";""Céu Claro"";""Dupla"";""Reta"";""Sim"";466334;""Automóvel"";""FORD/KA FLEX"";2011;""Condutor"";""Ileso"";35;""Masculino"";1;0;0;0;-25",440983;-49,"233715;""SR-PR"";""DEL7/1"";""UOP06/PR""",
"261325;583707;2020-01-07;""terça"";""08:50:00"";""PR"";476;129;""CURITIBA"";""Não"";""Velocidade Incompatível"";2;""Colisão traseira"";""Com Vítimas Feridas"";""Pleno dia"";""Crescente"";""Céu Claro"";""Dupla"";""Reta"";""Sim"";466337;""Automóvel"";""I/NISSAN MARCH 10S FLEX"";2012;""Condutor"";""Ileso"";25;""Feminino"";1;0;0;0;-25",440983;-49,"233715;""SR-PR"";""DEL7/1"";""UOP06/PR""",
"261325;583708;2020-01-07;""terça"";""08:50:00"";""PR"";476;129;""CURITIBA"";""Não"";""Velocidade Incompatível"";2;""Colisão traseira"";""Com Vítimas Feridas"";""Pleno dia"";""Crescente"";""Céu Claro"";""Dupla"";""Reta"";""Sim"";466336;""Automóvel"";""CHEVROLET/CELTA 1.0L LS"";2012;""Passageiro"";""Lesões Leves"";32;""Feminino"";0;1;0;0;-25",440983;-49,"233715;""SR-PR"";""DEL7/1"";""UOP06/PR""",
"261325;583705;2020-01-07;""terça"";""08:50:00"";""PR"";476;129;""CURITIBA"";""Não"";""Velocidade Incompatível"";2;""Colisão traseira"";""Com Vítimas Feridas"";""Pleno dia"";""Crescente"";""Céu Claro"";""Dupla"";""Reta"";""Sim"";466336;""Automóvel"";""CHEVROLET/CELTA 1.0L LS"";2012;""Condutor"";""Ileso"";35;""Masculino"";1;0;0;0;-25",440983;-49,"233715;""SR-PR"";""DEL7/1"";""UOP06/PR""",
"261325;583578;2020-01-07;""terça"";""08:50:00"";""PR"";476;129;""CURITIBA"";""Não"";""Velocidade Incompatível"";2;""Colisão traseira"";""Com Vítimas Feridas"";""Pleno dia"";""Crescente"";""Céu Claro"";""Dupla"";""Reta"";""Sim"";466335;""Automóvel"";""RENAULT/LOGAN EXP 16"";2012;""Condutor"";""Ileso"";24;""Masculino"";1;0;0;0;-25",440983;-49,"233715;""SR-PR"";""DEL7/1"";""UOP06/PR""",
"261325;583576;2020-01-07;""terça"";""08:50:00"";""PR"";476;129;""CURITIBA"";""Não"";""Velocidade Incompatível"";2;""Colisão traseira"";""Com Vítimas Feridas"";""Pleno dia"";""Crescente"";""Céu Claro"";""Dupla"";""Reta"";""Sim"";466334;""Automóvel"";""FORD/KA FLEX"";2011;""Condutor"";""Ileso"";35;""Masculino"";1;0;0;0;-25",440983;-49,"233715;""SR-PR"";""DEL7/1"";""UOP06/PR""",
"261325;583707;2020-01-07;""terça"";""08:50:00"";""PR"";476;129;""CURITIBA"";""Não"";""Velocidade Incompatível"";1;""Colisão lateral"";""Com Vítimas Feridas"";""Pleno dia"";""Crescente"";""Céu Claro"";""Dupla"";""Reta"";""Sim"";466337;""Automóvel"";""I/NISSAN MARCH 10S FLEX"";2012;""Condutor"";""Ileso"";25;""Feminino"";1;0;0;0;-25",440983;-49,"233715;""SR-PR"";""DEL7/1"";""UOP06/PR""",
"261325;583708;2020-01-07;""terça"";""08:50:00"";""PR"";476;129;""CURITIBA"";""Não"";""Velocidade Incompatível"";1;""Colisão lateral"";""Com Vítimas Feridas"";""Pleno dia"";""Crescente"";""Céu Claro"";""Dupla"";""Reta"";""Sim"";466336;""Automóvel"";""CHEVROLET/CELTA 1.0L LS"";2012;""Passageiro"";""Lesões Leves"";32;""Feminino"";0;1;0;0;-25",440983;-49,"233715;""SR-PR"";""DEL7/1"";""UOP06/PR""",
"261325;583705;2020-01-07;""terça"";""08:50:00"";""PR"";476;129;""CURITIBA"";""Não"";""Velocidade Incompatível"";1;""Colisão lateral"";""Com Vítimas Feridas"";""Pleno dia"";""Crescente"";""Céu Claro"";""Dupla"";""Reta"";""Sim"";466336;""Automóvel"";""CHEVROLET/CELTA 1.0L LS"";2012;""Condutor"";""Ileso"";35;""Masculino"";1;0;0;0;-25",440983;-49,"233715;""SR-PR"";""DEL7/1"";""UOP06/PR""",
"261325;583578;2020-01-07;""terça"";""08:50:00"";""PR"";476;129;""CURITIBA"";""Não"";""Velocidade Incompatível"";1;""Colisão lateral"";""Com Vítimas Feridas"";""Pleno dia"";""Crescente"";""Céu Claro"";""Dupla"";""Reta"";""Sim"";466335;""Automóvel"";""RENAULT/LOGAN EXP 16"";2012;""Condutor"";""Ileso"";24;""Masculino"";1;0;0;0;-25",440983;-49,"233715;""SR-PR"";""DEL7/1"";""UOP06/PR""",
"261325;583576;2020-01-07;""terça"";""08:50:00"";""PR"";476;129;""CURITIBA"";""Não"";""Velocidade Incompatível"";1;""Colisão lateral"";""Com Vítimas Feridas"";""Pleno dia"";""Crescente"";""Céu Claro"";""Dupla"";""Reta"";""Sim"";466334;""Automóvel"";""FORD/KA FLEX"";2011;""Condutor"";""Ileso"";35;""Masculino"";1;0;0;0;-25",440983;-49,"233715;""SR-PR"";""DEL7/1"";""UOP06/PR""",
"261325;583707;2020-01-07;""terça"";""08:50:00"";""PR"";476;129;""CURITIBA"";""Não"";""Desobediência às normas de trânsito pelo condutor"";2;""Colisão traseira"";""Com Vítimas Feridas"";""Pleno dia"";""Crescente"";""Céu Claro"";""Dupla"";""Reta"";""Sim"";466337;""Automóvel"";""I/NISSAN MARCH 10S FLEX"";2012;""Condutor"";""Ileso"";25;""Feminino"";1;0;0;0;-25",440983;-49,"233715;""SR-PR"";""DEL7/1"";""UOP06/PR""",
"261325;583708;2020-01-07;""terça"";""08:50:00"";""PR"";476;129;""CURITIBA"";""Não"";""Desobediência às normas de trânsito pelo condutor"";2;""Colisão traseira"";""Com Vítimas Feridas"";""Pleno dia"";""Crescente"";""Céu Claro"";""Dupla"";""Reta"";""Sim"";466336;""Automóvel"";""CHEVROLET/CELTA 1.0L LS"";2012;""Passageiro"";""Lesões Leves"";32;""Feminino"";0;1;0;0;-25",440983;-49,"233715;""SR-PR"";""DEL7/1"";""UOP06/PR""",
"261325;583705;2020-01-07;""terça"";""08:50:00"";""PR"";476;129;""CURITIBA"";""Não"";""Desobediência às normas de trânsito pelo condutor"";2;""Colisão traseira"";""Com Vítimas Feridas"";""Pleno dia"";""Crescente"";""Céu Claro"";""Dupla"";""Reta"";""Sim"";466336;""Automóvel"";""CHEVROLET/CELTA 1.0L LS"";2012;""Condutor"";""Ileso"";35;""Masculino"";1;0;0;0;-25",440983;-49,"233715;""SR-PR"";""DEL7/1"";""UOP06/PR""",
"261325;583578;2020-01-07;""terça"";""08:50:00"";""PR"";476;129;""CURITIBA"";""Não"";""Desobediência às normas de trânsito pelo condutor"";2;""Colisão traseira"";""Com Vítimas Feridas"";""Pleno dia"";""Crescente"";""Céu Claro"";""Dupla"";""Reta"";""Sim"";466335;""Automóvel"";""RENAULT/LOGAN EXP 16"";2012;""Condutor"";""Ileso"";24;""Masculino"";1;0;0;0;-25",440983;-49,"233715;""SR-PR"";""DEL7/1"";""UOP06/PR""",
"261325;583576;2020-01-07;""terça"";""08:50:00"";""PR"";476;129;""CURITIBA"";""Não"";""Desobediência às normas de trânsito pelo condutor"";2;""Colisão traseira"";""Com Vítimas Feridas"";""Pleno dia"";""Crescente"";""Céu Claro"";""Dupla"";""Reta"";""Sim"";466334;""Automóvel"";""FORD/KA FLEX"";2011;""Condutor"";""Ileso"";35;""Masculino"";1;0;0;0;-25",440983;-49,"233715;""SR-PR"";""DEL7/1"";""UOP06/PR""",
"261325;583707;2020-01-07;""terça"";""08:50:00"";""PR"";476;129;""CURITIBA"";""Não"";""Desobediência às normas de trânsito pelo condutor"";1;""Colisão lateral"";""Com Vítimas Feridas"";""Pleno dia"";""Crescente"";""Céu Claro"";""Dupla"";""Reta"";""Sim"";466337;""Automóvel"";""I/NISSAN MARCH 10S FLEX"";2012;""Condutor"";""Ileso"";25;""Feminino"";1;0;0;0;-25",440983;-49,"233715;""SR-PR"";""DEL7/1"";""UOP06/PR""",
"261325;583708;2020-01-07;""terça"";""08:50:00"";""PR"";476;129;""CURITIBA"";""Não"";""Desobediência às normas de trânsito pelo condutor"";1;""Colisão lateral"";""Com Vítimas Feridas"";""Pleno dia"";""Crescente"";""Céu Claro"";""Dupla"";""Reta"";""Sim"";466336;""Automóvel"";""CHEVROLET/CELTA 1.0L LS"";2012;""Passageiro"";""Lesões Leves"";32;""Feminino"";0;1;0;0;-25",440983;-49,"233715;""SR-PR"";""DEL7/1"";""UOP06/PR""",
"261325;583705;2020-01-07;""terça"";""08:50:00"";""PR"";476;129;""CURITIBA"";""Não"";""Desobediência às normas de trânsito pelo condutor"";1;""Colisão lateral"";""Com Vítimas Feridas"";""Pleno dia"";""Crescente"";""Céu Claro"";""Dupla"";""Reta"";""Sim"";466336;""Automóvel"";""CHEVROLET/CELTA 1.0L LS"";2012;""Condutor"";""Ileso"";35;""Masculino"";1;0;0;0;-25",440983;-49,"233715;""SR-PR"";""DEL7/1"";""UOP06/PR""",
"261325;583578;2020-01-07;""terça"";""08:50:00"";""PR"";476;129;""CURITIBA"";""Não"";""Desobediência às normas de trânsito pelo condutor"";1;""Colisão lateral"";""Com Vítimas Feridas"";""Pleno dia"";""Crescente"";""Céu Claro"";""Dupla"";""Reta"";""Sim"";466335;""Automóvel"";""RENAULT/LOGAN EXP 16"";2012;""Condutor"";""Ileso"";24;""Masculino"";1;0;0;0;-25",440983;-49,"233715;""SR-PR"";""DEL7/1"";""UOP06/PR""",
"261325;583576;2020-01-07;""terça"";""08:50:00"";""PR"";476;129;""CURITIBA"";""Não"";""Desobediência às normas de trânsito pelo condutor"";1;""Colisão lateral"";""Com Vítimas Feridas"";""Pleno dia"";""Crescente"";""Céu Claro"";""Dupla"";""Reta"";""Sim"";466334;""Automóvel"";""FORD/KA FLEX"";2011;""Condutor"";""Ileso"";35;""Masculino"";1;0;0;0;-25",440983;-49,"233715;""SR-PR"";""DEL7/1"";""UOP06/PR""",
"261325;583707;2020-01-07;""terça"";""08:50:00"";""PR"";476;129;""CURITIBA"";""Não"";""Falta de Atenção à Condução"";2;""Colisão traseira"";""Com Vítimas Feridas"";""Pleno dia"";""Crescente"";""Céu Claro"";""Dupla"";""Reta"";""Sim"";466337;""Automóvel"";""I/NISSAN MARCH 10S FLEX"";2012;""Condutor"";""Ileso"";25;""Feminino"";1;0;0;0;-25",440983;-49,"233715;""SR-PR"";""DEL7/1"";""UOP06/PR""",
"261325;583708;2020-01-07;""terça"";""08:50:00"";""PR"";476;129;""CURITIBA"";""Não"";""Falta de Atenção à Condução"";2;""Colisão traseira"";""Com Vítimas Feridas"";""Pleno dia"";""Crescente"";""Céu Claro"";""Dupla"";""Reta"";""Sim"";466336;""Automóvel"";""CHEVROLET/CELTA 1.0L LS"";2012;""Passageiro"";""Lesões Leves"";32;""Feminino"";0;1;0;0;-25",440983;-49,"233715;""SR-PR"";""DEL7/1"";""UOP06/PR""",
"261325;583705;2020-01-07;""terça"";""08:50:00"";""PR"";476;129;""CURITIBA"";""Não"";""Falta de Atenção à Condução"";2;""Colisão traseira"";""Com Vítimas Feridas"";""Pleno dia"";""Crescente"";""Céu Claro"";""Dupla"";""Reta"";""Sim"";466336;""Automóvel"";""CHEVROLET/CELTA 1.0L LS"";2012;""Condutor"";""Ileso"";35;""Masculino"";1;0;0;0;-25",440983;-49,"233715;""SR-PR"";""DEL7/1"";""UOP06/PR""",
"261325;583578;2020-01-07;""terça"";""08:50:00"";""PR"";476;129;""CURITIBA"";""Não"";""Falta de Atenção à Condução"";2;""Colisão traseira"";""Com Vítimas Feridas"";""Pleno dia"";""Crescente"";""Céu Claro"";""Dupla"";""Reta"";""Sim"";466335;""Automóvel"";""RENAULT/LOGAN EXP 16"";2012;""Condutor"";""Ileso"";24;""Masculino"";1;0;0;0;-25",440983;-49,"233715;""SR-PR"";""DEL7/1"";""UOP06/PR""",
"261325;583576;2020-01-07;""terça"";""08:50:00"";""PR"";476;129;""CURITIBA"";""Não"";""Falta de Atenção à Condução"";2;""Colisão traseira"";""Com Vítimas Feridas"";""Pleno dia"";""Crescente"";""Céu Claro"";""Dupla"";""Reta"";""Sim"";466334;""Automóvel"";""FORD/KA FLEX"";2011;""Condutor"";""Ileso"";35;""Masculino"";1;0;0;0;-25",440983;-49,"233715;""SR-PR"";""DEL7/1"";""UOP06/PR""",
"261325;583707;2020-01-07;""terça"";""08:50:00"";""PR"";476;129;""CURITIBA"";""Não"";""Falta de Atenção à Condução"";1;""Colisão lateral"";""Com Vítimas Feridas"";""Pleno dia"";""Crescente"";""Céu Claro"";""Dupla"";""Reta"";""Sim"";466337;""Automóvel"";""I/NISSAN MARCH 10S FLEX"";2012;""Condutor"";""Ileso"";25;""Feminino"";1;0;0;0;-25",440983;-49,"233715;""SR-PR"";""DEL7/1"";""UOP06/PR""",