"id;""pesid"";""data_inversa"";""dia_semana"";""horario"";""uf"";""br"";""km"";""municipio"";""causa_principal"";""causa_acidente"";""ordem_tipo_acidente"";""tipo_acidente"";""classificacao_acidente"";""fase_dia"";""sentido_via"";""condicao_metereologica"";""tipo_pista"";""tracado_via"";""uso_solo"";""id_veiculo"";""tipo_veiculo"";""marca"";""ano_fabricacao_veiculo"";""tipo_envolvido"";""estado_fisico"";""idade"";""sexo"";""ilesos"";""feridos_leves"";""feridos_graves"";""mortos"";""latitude"";""longitude"";""regional"";""delegacia"";""uop""",,,
"261353;581723;2020-01-07;""terça"";""13:10:00"";""MG"";116;416","9;""GOVERNADOR VALADARES"";""Sim"";""Desobediência às normas de trânsito pelo condutor"";1;""Colisão lateral"";""Com Vítimas Feridas"";""Pleno dia"";""Decrescente"";""Céu Claro"";""Simples"";""Reta"";""Sim"";466230;""Automóvel"";""FORD/KA SE AT 1.5 SD C"";2019;""Condutor"";""Ileso"";51;""Masculino"";1;0;0;0;-18",89636504;-41,"94774454;""SR-MG"";""DEL4/6"";""UOP01/MG"""
"261354;582235;2020-01-07;""terça"";""13:00:00"";""CE"";222;0","5;""FORTALEZA"";""Sim"";""Falta de Atenção à Condução"";2;""Colisão lateral"";""Com Vítimas Feridas"";""Pleno dia"";""Crescente"";""Céu Claro"";""Simples"";""Reta"";""Sim"";466280;""Ônibus"";""VW/INDUSCAR APACHE U"";2017;""Passageiro"";""Lesões Leves"";57;""Feminino"";0;1;0;0;-3",7367737;-38,"56923;""SR-CE"";""DEL16/1"";""UOP01/CE"""
"261354;582232;2020-01-07;""terça"";""13:00:00"";""CE"";222;0","5;""FORTALEZA"";""Sim"";""Falta de Atenção à Condução"";2;""Colisão lateral"";""Com Vítimas Feridas"";""Pleno dia"";""Crescente"";""Céu Claro"";""Simples"";""Reta"";""Sim"";466280;""Ônibus"";""VW/INDUSCAR APACHE U"";2017;""Condutor"";""Ileso"";37;""Masculino"";1;0;0;0;-3",7367737;-38,"56923;""SR-CE"";""DEL16/1"";""UOP01/CE"""
"261354;582230;2020-01-07;""terça"";""13:00:00"";""CE"";222;0","5;""FORTALEZA"";""Sim"";""Falta de Atenção à Condução"";2;""Colisão lateral"";""Com Vítimas Feridas"";""Pleno dia"";""Crescente"";""Céu Claro"";""Simples"";""Reta"";""Sim"";466279;""Caminhão"";""VOLVO/VM 270 6X2R"";2019;""Condutor"";""Ileso"";36;""Masculino"";1;0;0;0;-3",7367737;-38,"56923;""SR-CE"";""DEL16/1"";""UOP01/CE"""
"261354;582235;2020-01-07;""terça"";""13:00:00"";""CE"";222;0","5;""FORTALEZA"";""Sim"";""Falta de Atenção à Condução"";1;""Colisão lateral"";""Com Vítimas Feridas"";""Pleno dia"";""Crescente"";""Céu Claro"";""Simples"";""Reta"";""Sim"";466280;""Ônibus"";""VW/INDUSCAR APACHE U"";2017;""Passageiro"";""Lesões Leves"";57;""Feminino"";0;1;0;0;-3",7367737;-38,"56923;""SR-CE"";""DEL16/1"";""UOP01/CE"""
"261354;582232;2020-01-07;""terça"";""13:00:00"";""CE"";222;0","5;""FORTALEZA"";""Sim"";""Falta de Atenção à Condução"";1;""Colisão lateral"";""Com Vítimas Feridas"";""Pleno dia"";""Crescente"";""Céu Claro"";""Simples"";""Reta"";""Sim"";466280;""Ônibus"";""VW/INDUSCAR APACHE U"";2017;""Condutor"";""Ileso"";37;""Masculino"";1;0;0;0;-3",7367737;-38,"56923;""SR-CE"";""DEL16/1"";""UOP01/CE"""
"261354;582230;2020-01-07;""terça"";""13:00:00"";""CE"";222;0","5;""FORTALEZA"";""Sim"";""Falta de Atenção à Condução"";1;""Colisão lateral"";""Com Vítimas Feridas"";""Pleno dia"";""Crescente"";""Céu Claro"";""Simples"";""Reta"";""Sim"";466279;""Caminhão"";""VOLVO/VM 270 6X2R"";2019;""Condutor"";""Ileso"";36;""Masculino"";1;0;0;0;-3",7367737;-38,"56923;""SR-CE"";""DEL16/1"";""UOP01/CE"""
"261356;582944;2020-01-07;""terça"";""06:20:00"";""GO"";153;223;""URUACU"";""Sim"";""Falta de Atenção à Condução"";2;""Saída de leito carroçável"";""Com Vítimas Feridas"";""Amanhecer"";""Decrescente"";""Nublado"";""Simples"";""Não Informado"";""Não"";466233;""Caminhão"";""SCANIA/P 310 B8X2"";2016;""Condutor"";""Lesões Graves"";32;""Masculino"";0;0;1;0;-14",710747;-49,"2253;""SR-GO"";""DEL1/7"";""UOP01/GO""",
"261356;582944;2020-01-07;""terça"";""06:20:00"";""GO"";153;223;""URUACU"";""Sim"";""Falta de Atenção à Condução"";1;""Tombamento"";""Com Vítimas Feridas"";""Amanhecer"";""Decrescente"";""Nublado"";""Simples"";""Não Informado"";""Não"";466233;""Caminhão"";""SCANIA/P 310 B8X2"";2016;""Condutor"";""Lesões Graves"";32;""Masculino"";0;0;1;0;-14",710747;-49,"2253;""SR-GO"";""DEL1/7"";""UOP01/GO""",
"261357;581814;2020-01-07;""terça"";""08:49:00"";""PE"";232;32","1;""MORENO"";""Sim"";""Pista Escorregadia"";1;""Capotamento"";""Com Vítimas Feridas"";""Pleno dia"";""Decrescente"";""Sol"";""Dupla"";""Reta"";""Não"";466272;""Automóvel"";""FIAT/DOBLO ADV 1.8 FLEX"";2014;""Passageiro"";""Lesões Leves"";59;""Feminino"";0;1;0;0;-8",10541732;-35,"1665671;""SR-PE"";""DEL11/1"";""UOP04/PE"""
"261357;581812;2020-01-07;""terça"";""08:49:00"";""PE"";232;32","1;""MORENO"";""Sim"";""Pista Escorregadia"";1;""Capotamento"";""Com Vítimas Feridas"";""Pleno dia"";""Decrescente"";""Sol"";""Dupla"";""Reta"";""Não"";466272;""Automóvel"";""FIAT/DOBLO ADV 1.8 FLEX"";2014;""Condutor"";""Lesões Leves"";70;""Masculino"";0;1;0;0;-8",10541732;-35,"1665671;""SR-PE"";""DEL11/1"";""UOP04/PE"""
"261358;581790;2020-01-07;""terça"";""14:30:00"";""MG"";116;688","5;""MURIAE"";""Sim"";""Avarias e/ou desgaste excessivo no pneu"";1;""Saída de leito carroçável"";""Com Vítimas Feridas"";""Pleno dia"";""Crescente"";""Chuva"";""Simples"";""Não Informado"";""Não"";466273;""Caminhonete"";""I/TOYOTA HILUX CD4X4"";2008;""Condutor"";""Lesões Leves"";26;""Masculino"";0;1;0;0;-20",99437058;-42,"36071798;""SR-MG"";""DEL4/7"";""UOP02/MG"""
"261358;581790;2020-01-07;""terça"";""14:30:00"";""MG"";116;688","5;""MURIAE"";""Sim"";""Avarias e/ou desgaste excessivo no pneu"";2;""Colisão com objeto estático"";""Com Vítimas Feridas"";""Pleno dia"";""Crescente"";""Chuva"";""Simples"";""Não Informado"";""Não"";466273;""Caminhonete"";""I/TOYOTA HILUX CD4X4"";2008;""Condutor"";""Lesões Leves"";26;""Masculino"";0;1;0;0;-20",99437058;-42,"36071798;""SR-MG"";""DEL4/7"";""UOP02/MG"""
"261358;581790;2020-01-07;""terça"";""14:30:00"";""MG"";116;688","5;""MURIAE"";""Sim"";""Avarias e/ou desgaste excessivo no pneu"";3;""Capotamento"";""Com Vítimas Feridas"";""Pleno dia"";""Crescente"";""Chuva"";""Simples"";""Não Informado"";""Não"";466273;""Caminhonete"";""I/TOYOTA HILUX CD4X4"";2008;""Condutor"";""Lesões Leves"";26;""Masculino"";0;1;0;0;-20",99437058;-42,"36071798;""SR-MG"";""DEL4/7"";""UOP02/MG"""
"261359;582714;2020-01-07;""terça"";""12:25:00"";""SC"";282;594;""SAUDADES"";""Sim"";""Velocidade Incompatível"";2;""Saída de leito carroçável"";""Com Vítimas Feridas"";""Pleno dia"";""Decrescente"";""Nublado"";""Simples"";""Curva"";""Não"";466238;""Caminhonete"";""FIAT/STRADA FIRE CE FLEX"";2010;""Condutor"";""Lesões Leves"";19;""Masculino"";0;1;0;0;-26",827911;-53,"108719;""SR-SC"";""DEL7"";""UOP02/SC""",
"261359;582713;2020-01-07;""terça"";""12:25:00"";""SC"";282;594;""SAUDADES"";""Sim"";""Velocidade Incompatível"";2;""Saída de leito carroçável"";""Com Vítimas Feridas"";""Pleno dia"";""Decrescente"";""Nublado"";""Simples"";""Curva"";""Não"";466237;""Automóvel"";""FIAT/UNO MILLE FIRE FLEX"";2006;""Condutor"";""Ileso"";38;""Masculino"";1;0;0;0;-26",827911;-53,"108719;""SR-SC"";""DEL7"";""UOP02/SC""",
"261359;582714;2020-01-07;""terça"";""12:25:00"";""SC"";282;594;""SAUDADES"";""Sim"";""Velocidade Incompatível"";1;""Colisão lateral"";""Com Vítimas Feridas"";""Pleno dia"";""Decrescente"";""Nublado"";""Simples"";""Curva"";""Não"";466238;""Caminhonete"";""FIAT/STRADA FIRE CE FLEX"";2010;""Condutor"";""Lesões Leves"";19;""Masculino"";0;1;0;0;-26",827911;-53,"108719;""SR-SC"";""DEL7"";""UOP02/SC""",
"261359;582713;2020-01-07;""terça"";""12:25:00"";""SC"";282;594;""SAUDADES"";""Sim"";""Velocidade Incompatível"";1;""Colisão lateral"";""Com Vítimas Feridas"";""Pleno dia"";""Decrescente"";""Nublado"";""Simples"";""Curva"";""Não"";466237;""Automóvel"";""FIAT/UNO MILLE FIRE FLEX"";2006;""Condutor"";""Ileso"";38;""Masculino"";1;0;0;0;-26",827911;-53,"108719;""SR-SC"";""DEL7"";""UOP02/SC""",
"261360;581786;2020-01-07;""terça"";""14:10:00"";""SC"";280;23","6;""ARAQUARI"";""Sim"";""Falta de Atenção à Condução"";1;""Colisão transversal"";""Com Vítimas Feridas"";""Pleno dia"";""Crescente"";""Céu Claro"";""Simples"";""Reta"";""Não"";466277;""Motocicleta"";""HONDA/CG 125 FAN KS"";2010;""Condutor"";""Lesões Graves"";25;""Masculino"";0;0;1;0;-26",37146;-48,"711887;""SR-SC"";""DEL8/3"";""UOP03/SC"""
"261360;581783;2020-01-07;""terça"";""14:10:00"";""SC"";280;23","6;""ARAQUARI"";""Sim"";""Falta de Atenção à Condução"";1;""Colisão transversal"";""Com Vítimas Feridas"";""Pleno dia"";""Crescente"";""Céu Claro"";""Simples"";""Reta"";""Não"";466276;""Trator de rodas"";""M.A./MASSEY-FERGUSON"";2002;""Condutor"";""Ileso"";40;""Masculino"";1;0;0;0;-26",37146;-48,"711887;""SR-SC"";""DEL8/3"";""UOP03/SC"""
"261361;585610;2020-01-07;""terça"";""13:25:00"";""SC"";101;38","5;""JOINVILLE"";""Sim"";""Não guardar distância de segurança"";1;""Colisão traseira"";""Sem Vítimas"";""Pleno dia"";""Crescente"";""Sol"";""Dupla"";""Viaduto"";""Sim"";466267;""Automóvel"";""FIAT/IDEA ADVENTURE FLEX"";2007;""Condutor"";""Ileso"";36;""Masculino"";1;0;0;0;-26",25472505;-48,"90561309;""SR-SC"";""DEL8/3"";""UOP01/SC"""
"261361;585609;2020-01-07;""terça"";""13:25:00"";""SC"";101;38","5;""JOINVILLE"";""Sim"";""Não guardar distância de segurança"";1;""Colisão traseira"";""Sem Vítimas"";""Pleno dia"";""Crescente"";""Sol"";""Dupla"";""Viaduto"";""Sim"";466266;""Automóvel"";""I/KIA CERATO EX2 1.6L"";2009;""Condutor"";""Ileso"";39;""Masculino"";1;0;0;0;-26",25472505;-48,"90561309;""SR-SC"";""DEL8/3"";""UOP01/SC"""
"261363;582570;2020-01-07;""terça"";""14:00:00"";""MG"";40;696","3;""BARBACENA"";""Sim"";""Avarias e/ou desgaste excessivo no pneu"";1;""Saída de leito carroçável"";""Com Vítimas Feridas"";""Pleno dia"";""Crescente"";""Sol"";""Simples"";""Reta"";""Não"";466446;""Caminhão"";""M.BENZ/1718"";2010;""Passageiro"";""Ileso"";46;""Masculino"";1;0;0;0;-21",14688299;-43,"76443098;""SR-MG"";""DEL5"";""UOP02/MG"""
"261363;582569;2020-01-07;""terça"";""14:00:00"";""MG"";40;696","3;""BARBACENA"";""Sim"";""Avarias e/ou desgaste excessivo no pneu"";1;""Saída de leito carroçável"";""Com Vítimas Feridas"";""Pleno dia"";""Crescente"";""Sol"";""Simples"";""Reta"";""Não"";466446;""Caminhão"";""M.BENZ/1718"";2010;""Passageiro"";""Lesões Graves"";24;""Masculino"";0;0;1;0;-21",14688299;-43,"76443098;""SR-MG"";""DEL5"";""UOP02/MG"""
"261363;582568;2020-01-07;""terça"";""14:00:00"";""MG"";40;696","3;""BARBACENA"";""Sim"";""Avarias e/ou desgaste excessivo no pneu"";1;""Saída de leito carroçável"";""Com Vítimas Feridas"";""Pleno dia"";""Crescente"";""Sol"";""Simples"";""Reta"";""Não"";466446;""Caminhão"";""M.BENZ/1718"";2010;""Condutor"";""Ileso"";52;""Masculino"";1;0;0;0;-21",14688299;-43,"76443098;""SR-MG"";""DEL5"";""UOP02/MG"""
"261363;582570;2020-01-07;""terça"";""14:00:00"";""MG"";40;696","3;""BARBACENA"";""Sim"";""Avarias e/ou desgaste excessivo no pneu"";2;""Capotamento"";""Com Vítimas Feridas"";""Pleno dia"";""Crescente"";""Sol"";""Simples"";""Reta"";""Não"";466446;""Caminhão"";""M.BENZ/1718"";2010;""Passageiro"";""Ileso"";46;""Masculino"";1;0;0;0;-21",14688299;-43,"76443098;""SR-MG"";""DEL5"";""UOP02/MG"""
"261363;582569;2020-01-07;""terça"";""14:00:00"";""MG"";40;696","3;""BARBACENA"";""Sim"";""Avarias e/ou desgaste excessivo no pneu"";2;""Capotamento"";""Com Vítimas Feridas"";""Pleno dia"";""Crescente"";""Sol"";""Simples"";""Reta"";""Não"";466446;""Caminhão"";""M.BENZ/1718"";2010;""Passageiro"";""Lesões Graves"";24;""Masculino"";0;0;1;0;-21",14688299;-43,"76443098;""SR-MG"";""DEL5"";""UOP02/MG"""
"261363;582568;2020-01-07;""terça"";""14:00:00"";""MG"";40;696","3;""BARBACENA"";""Sim"";""Avarias e/ou desgaste excessivo no pneu"";2;""Capotamento"";""Com Vítimas Feridas"";""Pleno dia"";""Crescente"";""Sol"";""Simples"";""Reta"";""Não"";466446;""Caminhão"";""M.BENZ/1718"";2010;""Condutor"";""Ileso"";52;""Masculino"";1;0;0;0;-21",14688299;-43,"76443098;""SR-MG"";""DEL5"";""UOP02/MG"""
"261364;583567;2020-01-07;""terça"";""13:40:00"";""MG"";381;701","1;""LAVRAS"";""Sim"";""Velocidade Incompatível"";1;""Saída de leito carroçável"";""Com Vítimas Feridas"";""Pleno dia"";""Crescente"";""Nublado"";""Dupla"";""Não Informado"";""Não"";466261;""Automóvel"";""CHEV/PRISMA 1.4MT LTZ"";2017;""Passageiro"";""Lesões Leves"";60;""Masculino"";0;1;0;0;-21",28923178;-45,"14706592;""SR-MG"";""DEL4/4"";""UOP02/MG"""
"261364;583565;2020-01-07;""terça"";""13:40:00"";""MG"";381;701","1;""LAVRAS"";""Sim"";""Velocidade Incompatível"";1;""Saída de leito carroçável"";""Com Vítimas Feridas"";""Pleno dia"";""Crescente"";""Nublado"";""Dupla"";""Não Informado"";""Não"";466261;""Automóvel"";""CHEV/PRISMA 1.4MT LTZ"";2017;""Condutor"";""Ileso"";49;""Masculino"";1;0;0;0;-21",28923178;-45,"14706592;""SR-MG"";""DEL4/4"";""UOP02/MG"""
"261364;583567;2020-01-07;""terça"";""13:40:00"";""MG"";381;701","1;""LAVRAS"";""Sim"";""Velocidade Incompatível"";2;""Colisão com objeto estático"";""Com Vítimas Feridas"";""Pleno dia"";""Crescente"";""Nublado"";""Dupla"";""Não Informado"";""Não"";466261;""Automóvel"";""CHEV/PRISMA 1.4MT LTZ"";2017;""Passageiro"";""Lesões Leves"";60;""Masculino"";0;1;0;0;-21",28923178;-45,"14706592;""SR-MG"";""DEL4/4"";""UOP02/MG"""
"261364;583565;2020-01-07;""terça"";""13:40:00"";""MG"";381;701","1;""LAVRAS"";""Sim"";""Velocidade Incompatível"";2;""Colisão com objeto estático"";""Com Vítimas Feridas"";""Pleno dia"";""Crescente"";""Nublado"";""Dupla"";""Não Informado"";""Não"";466261;""Automóvel"";""CHEV/PRISMA 1.4MT LTZ"";2017;""Condutor"";""Ileso"";49;""Masculino"";1;0;0;0;-21",28923178;-45,"14706592;""SR-MG"";""DEL4/4"";""UOP02/MG"""
"261366;581850;2020-01-07;""terça"";""14:00:00"";""MG"";381;435;""SABARA"";""Sim"";""Falta de Atenção à Condução"";1;""Colisão traseira"";""Com Vítimas Feridas"";""Pleno dia"";""Crescente"";""Garoa/Chuvisco"";""Simples"";""Desvio Temporário"";""Não"";466331;""Caminhão"";""IVECO/TECTOR 240E25S"";2011;""Condutor"";""Ileso"";39;""Masculino"";1;0;0;0;-19",80010099;-43,"75771301;""SR-MG"";""DEL4/1"";""UOP01/MG""",
"261366;581848;2020-01-07;""terça"";""14:00:00"";""MG"";381;435;""SABARA"";""Sim"";""Falta de Atenção à Condução"";1;""Colisão traseira"";""Com Vítimas Feridas"";""Pleno dia"";""Crescente"";""Garoa/Chuvisco"";""Simples"";""Desvio Temporário"";""Não"";466330;""Caminhão"";""IVECO/DAILY 70C16HDCS"";2011;""Condutor"";""Ileso"";25;""Masculino"";1;0;0;0;-19",80010099;-43,"75771301;""SR-MG"";""DEL4/1"";""UOP01/MG""",
"261366;581847;2020-01-07;""terça"";""14:00:00"";""MG"";381;435;""SABARA"";""Sim"";""Falta de Atenção à Condução"";1;""Colisão traseira"";""Com Vítimas Feridas"";""Pleno dia"";""Crescente"";""Garoa/Chuvisco"";""Simples"";""Desvio Temporário"";""Não"";466329;""Utilitário"";""I/TOYOTA HILUX SWSRXA4FD"";2017;""Passageiro"";""Lesões Leves"";81;""Feminino"";0;1;0;0;-19",80010099;-43,"75771301;""SR-MG"";""DEL4/1"";""UOP01/MG""",
"261366;581846;2020-01-07;""terça"";""14:00:00"";""MG"";381;435;""SABARA"";""Sim"";""Falta de Atenção à Condução"";1;""Colisão traseira"";""Com Vítimas Feridas"";""Pleno dia"";""Crescente"";""Garoa/Chuvisco"";""Simples"";""Desvio Temporário"";""Não"";466329;""Utilitário"";""I/TOYOTA HILUX SWSRXA4FD"";2017;""Condutor"";""Ileso"";24;""Masculino"";1;0;0;0;-19",80010099;-43,"75771301;""SR-MG"";""DEL4/1"";""UOP01/MG""",
"261367;583117;2020-01-07;""terça"";""14:10:00"";""CE"";116;112","9;""BEBERIBE"";""Sim"";""Falta de Atenção à Condução"";1;""Colisão traseira"";""Com Vítimas Fatais"";""Pleno dia"";""Crescente"";""Nublado"";""Simples"";""Reta"";""Não"";466320;""Caminhão"";""FORD/CARGO 2422 E"";2010;""Testemunha"";""Não Informado"";NA;""Não Informado"";0;0;0;0;-4",587685;-38,"218776;""SR-CE"";""DEL16/3"";""UOP02/CE"""
"261367;583113;2020-01-07;""terça"";""14:10:00"";""CE"";116;112","9;""BEBERIBE"";""Sim"";""Falta de Atenção à Condução"";1;""Colisão traseira"";""Com Vítimas Fatais"";""Pleno dia"";""Crescente"";""Nublado"";""Simples"";""Reta"";""Não"";466320;""Caminhão"";""FORD/CARGO 2422 E"";2010;""Condutor"";""Ileso"";39;""Masculino"";1;0;0;0;-4",587685;-38,"218776;""SR-CE"";""DEL16/3"";""UOP02/CE"""
"261367;583117;2020-01-07;""terça"";""14:10:00"";""CE"";116;112","9;""BEBERIBE"";""Sim"";""Falta de Atenção à Condução"";1;""Colisão traseira"";""Com Vítimas Fatais"";""Pleno dia"";""Crescente"";""Nublado"";""Simples"";""Reta"";""Não"";466319;""Automóvel"";""VW/GOL 1.0"";2004;""Testemunha"";""Não Informado"";NA;""Não Informado"";0;0;0;0;-4",587685;-38,"218776;""SR-CE"";""DEL16/3"";""UOP02/CE"""
"261367;583106;2020-01-07;""terça"";""14:10:00"";""CE"";116;112","9;""BEBERIBE"";""Sim"";""Falta de Atenção à Condução"";1;""Colisão traseira"";""Com Vítimas Fatais"";""Pleno dia"";""Crescente"";""Nublado"";""Simples"";""Reta"";""Não"";466319;""Automóvel"";""VW/GOL 1.0"";2004;""Passageiro"";""Lesões Graves"";18;""Feminino"";0;0;1;0;-4",587685;-38,"218776;""SR-CE"";""DEL16/3"";""UOP02/CE"""
"261367;583103;2020-01-07;""terça"";""14:10:00"";""CE"";116;112","9;""BEBERIBE"";""Sim"";""Falta de Atenção à Condução"";1;""Colisão traseira"";""Com Vítimas Fatais"";""Pleno dia"";""Crescente"";""Nublado"";""Simples"";""Reta"";""Não"";466319;""Automóvel"";""VW/GOL 1.0"";2004;""Passageiro"";""Lesões Graves"";45;""Feminino"";0;0;1;0;-4",587685;-38,"218776;""SR-CE"";""DEL16/3"";""UOP02/CE"""
"261367;581817;2020-01-07;""terça"";""14:10:00"";""CE"";116;112","9;""BEBERIBE"";""Sim"";""Falta de Atenção à Condução"";1;""Colisão traseira"";""Com Vítimas Fatais"";""Pleno dia"";""Crescente"";""Nublado"";""Simples"";""Reta"";""Não"";466319;""Automóvel"";""VW/GOL 1.0"";2004;""Passageiro"";""Óbito"";77;""Feminino"";0;0;0;1;-4",587685;-38,"218776;""SR-CE"";""DEL16/3"";""UOP02/CE"""
"261367;583101;2020-01-07;""terça"";""14:10:00"";""CE"";116;112","9;""BEBERIBE"";""Sim"";""Falta de Atenção à Condução"";1;""Colisão traseira"";""Com Vítimas Fatais"";""Pleno dia"";""Crescente"";""Nublado"";""Simples"";""Reta"";""Não"";466319;""Automóvel"";""VW/GOL 1.0"";2004;""Passageiro"";""Lesões Leves"";52;""Masculino"";0;1;0;0;-4",587685;-38,"218776;""SR-CE"";""DEL16/3"";""UOP02/CE"""
"261367;583026;2020-01-07;""terça"";""14:10:00"";""CE"";116;112","9;""BEBERIBE"";""Sim"";""Falta de Atenção à Condução"";1;""Colisão traseira"";""Com Vítimas Fatais"";""Pleno dia"";""Crescente"";""Nublado"";""Simples"";""Reta"";""Não"";466319;""Automóvel"";""VW/GOL 1.0"";2004;""Condutor"";""Ileso"";58;""Masculino"";1;0;0;0;-4",587685;-38,"218776;""SR-CE"";""DEL16/3"";""UOP02/CE"""
"261367;583117;2020-01-07;""terça"";""14:10:00"";""CE"";116;112","9;""BEBERIBE"";""Não"";""Sinalização da via insuficiente ou inadequada"";1;""Colisão traseira"";""Com Vítimas Fatais"";""Pleno dia"";""Crescente"";""Nublado"";""Simples"";""Reta"";""Não"";466320;""Caminhão"";""FORD/CARGO 2422 E"";2010;""Testemunha"";""Não Informado"";NA;""Não Informado"";0;0;0;0;-4",587685;-38,"218776;""SR-CE"";""DEL16/3"";""UOP02/CE"""
"261367;583113;2020-01-07;""terça"";""14:10:00"";""CE"";116;112","9;""BEBERIBE"";""Não"";""Sinalização da via insuficiente ou inadequada"";1;""Colisão traseira"";""Com Vítimas Fatais"";""Pleno dia"";""Crescente"";""Nublado"";""Simples"";""Reta"";""Não"";466320;""Caminhão"";""FORD/CARGO 2422 E"";2010;""Condutor"";""Ileso"";39;""Masculino"";1;0;0;0;-4",587685;-38,"218776;""SR-CE"";""DEL16/3"";""UOP02/CE"""
"261367;583117;2020-01-07;""terça"";""14:10:00"";""CE"";116;112","9;""BEBERIBE"";""Não"";""Sinalização da via insuficiente ou inadequada"";1;""Colisão traseira"";""Com Vítimas Fatais"";""Pleno dia"";""Crescente"";""Nublado"";""Simples"";""Reta"";""Não"";466319;""Automóvel"";""VW/GOL 1.0"";2004;""Testemunha"";""Não Informado"";NA;""Não Informado"";0;0;0;0;-4",587685;-38,"218776;""SR-CE"";""DEL16/3"";""UOP02/CE"""
"261367;583106;2020-01-07;""terça"";""14:10:00"";""CE"";116;112","9;""BEBERIBE"";""Não"";""Sinalização da via insuficiente ou inadequada"";1;""Colisão traseira"";""Com Vítimas Fatais"";""Pleno dia"";""Crescente"";""Nublado"";""Simples"";""Reta"";""Não"";466319;""Automóvel"";""VW/GOL 1.0"";2004;""Passageiro"";""Lesões Graves"";18;""Feminino"";0;0;1;0;-4",587685;-38,"218776;""SR-CE"";""DEL16/3"";""UOP02/CE"""
"261367;583103;2020-01-07;""terça"";""14:10:00"";""CE"";116;112","9;""BEBERIBE"";""Não"";""Sinalização da via insuficiente ou inadequada"";1;""Colisão traseira"";""Com Vítimas Fatais"";""Pleno dia"";""Crescente"";""Nublado"";""Simples"";""Reta"";""Não"";466319;""Automóvel"";""VW/GOL 1.0"";2004;""Passageiro"";""Lesões Graves"";45;""Feminino"";0;0;1;0;-4",587685;-38,"218776;""SR-CE"";""DEL16/3"";""UOP02/CE"""
"261367;581817;2020-01-07;""terça"";""14:10:00"";""CE"";116;112","9;""BEBERIBE"";""Não"";""Sinalização da via insuficiente ou inadequada"";1;""Colisão traseira"";""Com Vítimas Fatais"";""Pleno dia"";""Crescente"";""Nublado"";""Simples"";""Reta"";""Não"";466319;""Automóvel"";""VW/GOL 1.0"";2004;""Passageiro"";""Óbito"";77;""Feminino"";0;0;0;1;-4",587685;-38,"218776;""SR-CE"";""DEL16/3"";""UOP02/CE"""
"261367;583101;2020-01-07;""terça"";""14:10:00"";""CE"";116;112","9;""BEBERIBE"";""Não"";""Sinalização da via insuficiente ou inadequada"";1;""Colisão traseira"";""Com Vítimas Fatais"";""Pleno dia"";""Crescente"";""Nublado"";""Simples"";""Reta"";""Não"";466319;""Automóvel"";""VW/GOL 1.0"";2004;""Passageiro"";""Lesões Leves"";52;""Masculino"";0;1;0;0;-4",587685;-38,"218776;""SR-CE"";""DEL16/3"";""UOP02/CE"""
"261367;583026;2020-01-07;""terça"";""14:10:00"";""CE"";116;112","9;""BEBERIBE"";""Não"";""Sinalização da via insuficiente ou inadequada"";1;""Colisão traseira"";""Com Vítimas Fatais"";""Pleno dia"";""Crescente"";""Nublado"";""Simples"";""Reta"";""Não"";466319;""Automóvel"";""VW/GOL 1.0"";2004;""Condutor"";""Ileso"";58;""Masculino"";1;0;0;0;-4",587685;-38,"218776;""SR-CE"";""DEL16/3"";""UOP02/CE"""
"261369;581778;2020-01-07;""terça"";""14:00:00"";""MA"";10;255;""IMPERATRIZ"";""Sim"";""Desobediência às normas de trânsito pelo condutor"";2;""Colisão frontal"";""Com Vítimas Feridas"";""Pleno dia"";""Decrescente"";""Chuva"";""Simples"";""Interseção de vias"";""Sim"";466259;""Caminhão-trator"";""VOLVO/FH 420 6X2T"";2013;""Condutor"";""Ileso"";33;""Masculino"";1;0;0;0;-5",50685326;-47,"47185946;""SR-MA"";""DEL18/4"";""UOP01/MA""",
"261369;581777;2020-01-07;""terça"";""14:00:00"";""MA"";10;255;""IMPERATRIZ"";""Sim"";""Desobediência às normas de trânsito pelo condutor"";2;""Colisão frontal"";""Com Vítimas Feridas"";""Pleno dia"";""Decrescente"";""Chuva"";""Simples"";""Interseção de vias"";""Sim"";466258;""Automóvel"";""TOYOTA/YARIS SD XLPLUSAT"";2019;""Condutor"";""Ileso"";53;""Masculino"";1;0;0;0;-5",50685326;-47,"47185946;""SR-MA"";""DEL18/4"";""UOP01/MA""",
"261369;NA;2020-01-07;""terça"";""14:00:00"";""MA"";10;255;""IMPERATRIZ"";""Sim"";""Desobediência às normas de trânsito pelo condutor"";2;""Colisão frontal"";""Com Vítimas Feridas"";""Pleno dia"";""Decrescente"";""Chuva"";""Simples"";""Interseção de vias"";""Sim"";466271;""Semireboque"";""SR/FACCHINI SRF LOED"";2013;""Não Informado"";""Não Informado"";NA;""Não Informado"";0;0;0;0;-5",50685326;-47,"47185946;""SR-MA"";""DEL18/4"";""UOP01/MA""",