"id;""pesid"";""data_inversa"";""dia_semana"";""horario"";""uf"";""br"";""km"";""municipio"";""causa_principal"";""causa_acidente"";""ordem_tipo_acidente"";""tipo_acidente"";""classificacao_acidente"";""fase_dia"";""sentido_via"";""condicao_metereologica"";""tipo_pista"";""tracado_via"";""uso_solo"";""id_veiculo"";""tipo_veiculo"";""marca"";""ano_fabricacao_veiculo"";""tipo_envolvido"";""estado_fisico"";""idade"";""sexo"";""ilesos"";""feridos_leves"";""feridos_graves"";""mortos"";""latitude"";""longitude"";""regional"";""delegacia"";""uop""",,,
"261369;581776;2020-01-07;""terça"";""14:00:00"";""MA"";10;255;""IMPERATRIZ"";""Sim"";""Desobediência às normas de trânsito pelo condutor"";2;""Colisão frontal"";""Com Vítimas Feridas"";""Pleno dia"";""Decrescente"";""Chuva"";""Simples"";""Interseção de vias"";""Sim"";466257;""Motocicleta"";""HONDA/POP100"";2011;""Condutor"";""Lesões Graves"";27;""Masculino"";0;0;1;0;-5",50685326;-47,"47185946;""SR-MA"";""DEL18/4"";""UOP01/MA""",
"261369;581778;2020-01-07;""terça"";""14:00:00"";""MA"";10;255;""IMPERATRIZ"";""Sim"";""Desobediência às normas de trânsito pelo condutor"";1;""Colisão transversal"";""Com Vítimas Feridas"";""Pleno dia"";""Decrescente"";""Chuva"";""Simples"";""Interseção de vias"";""Sim"";466259;""Caminhão-trator"";""VOLVO/FH 420 6X2T"";2013;""Condutor"";""Ileso"";33;""Masculino"";1;0;0;0;-5",50685326;-47,"47185946;""SR-MA"";""DEL18/4"";""UOP01/MA""",
"261369;581777;2020-01-07;""terça"";""14:00:00"";""MA"";10;255;""IMPERATRIZ"";""Sim"";""Desobediência às normas de trânsito pelo condutor"";1;""Colisão transversal"";""Com Vítimas Feridas"";""Pleno dia"";""Decrescente"";""Chuva"";""Simples"";""Interseção de vias"";""Sim"";466258;""Automóvel"";""TOYOTA/YARIS SD XLPLUSAT"";2019;""Condutor"";""Ileso"";53;""Masculino"";1;0;0;0;-5",50685326;-47,"47185946;""SR-MA"";""DEL18/4"";""UOP01/MA""",
"261369;NA;2020-01-07;""terça"";""14:00:00"";""MA"";10;255;""IMPERATRIZ"";""Sim"";""Desobediência às normas de trânsito pelo condutor"";1;""Colisão transversal"";""Com Vítimas Feridas"";""Pleno dia"";""Decrescente"";""Chuva"";""Simples"";""Interseção de vias"";""Sim"";466271;""Semireboque"";""SR/FACCHINI SRF LOED"";2013;""Não Informado"";""Não Informado"";NA;""Não Informado"";0;0;0;0;-5",50685326;-47,"47185946;""SR-MA"";""DEL18/4"";""UOP01/MA""",
"261369;581776;2020-01-07;""terça"";""14:00:00"";""MA"";10;255;""IMPERATRIZ"";""Sim"";""Desobediência às normas de trânsito pelo condutor"";1;""Colisão transversal"";""Com Vítimas Feridas"";""Pleno dia"";""Decrescente"";""Chuva"";""Simples"";""Interseção de vias"";""Sim"";466257;""Motocicleta"";""HONDA/POP100"";2011;""Condutor"";""Lesões Graves"";27;""Masculino"";0;0;1;0;-5",50685326;-47,"47185946;""SR-MA"";""DEL18/4"";""UOP01/MA""",
"261370;581886;2020-01-07;""terça"";""15:00:00"";""MG"";381;439;""SABARA"";""Sim"";""Velocidade Incompatível"";1;""Saída de leito carroçável"";""Com Vítimas Feridas"";""Pleno dia"";""Crescente"";""Chuva"";""Simples"";""Curva"";""Não"";466365;""Automóvel"";""CHEVROLET/ONIX 1.0MT LT"";2015;""Condutor"";""Lesões Leves"";71;""Masculino"";0;1;0;0;-19",80927691;-43,"78706001;""SR-MG"";""DEL4/1"";""UOP01/MG""",
"261370;581886;2020-01-07;""terça"";""15:00:00"";""MG"";381;439;""SABARA"";""Sim"";""Velocidade Incompatível"";2;""Capotamento"";""Com Vítimas Feridas"";""Pleno dia"";""Crescente"";""Chuva"";""Simples"";""Curva"";""Não"";466365;""Automóvel"";""CHEVROLET/ONIX 1.0MT LT"";2015;""Condutor"";""Lesões Leves"";71;""Masculino"";0;1;0;0;-19",80927691;-43,"78706001;""SR-MG"";""DEL4/1"";""UOP01/MG""",
"261371;581939;2020-01-07;""terça"";""15:00:00"";""RJ"";101;94;""CAMPOS DOS GOYTACAZES"";""Sim"";""Defeito Mecânico no Veículo"";1;""Incêndio"";""Sem Vítimas"";""Pleno dia"";""Decrescente"";""Céu Claro"";""Dupla"";""Reta"";""Não"";466278;""Camioneta"";""VW/KOMBI"";2012;""Condutor"";""Ileso"";53;""Masculino"";1;0;0;0;-21",86517883;-41,"53963896;""SR-RJ"";""DEL5/8"";""UOP02/RJ""",
"261372;582641;2020-01-07;""terça"";""14:00:00"";""MS"";158;41","4;""PARANAIBA"";""Não"";""Velocidade Incompatível"";2;""Capotamento"";""Com Vítimas Feridas"";""Pleno dia"";""Decrescente"";""Chuva"";""Simples"";""Reta"";""Não"";466324;""Automóvel"";""FIAT/UNO WAY 1.0"";2011;""Passageiro"";""Lesões Leves"";53;""Feminino"";0;1;0;0;-19",30634077;-51,"44426582;""SR-MS"";""DEL3/8"";""UOP01/MS"""
"261372;582640;2020-01-07;""terça"";""14:00:00"";""MS"";158;41","4;""PARANAIBA"";""Não"";""Velocidade Incompatível"";2;""Capotamento"";""Com Vítimas Feridas"";""Pleno dia"";""Decrescente"";""Chuva"";""Simples"";""Reta"";""Não"";466324;""Automóvel"";""FIAT/UNO WAY 1.0"";2011;""Condutor"";""Lesões Leves"";42;""Feminino"";0;1;0;0;-19",30634077;-51,"44426582;""SR-MS"";""DEL3/8"";""UOP01/MS"""
"261372;582641;2020-01-07;""terça"";""14:00:00"";""MS"";158;41","4;""PARANAIBA"";""Não"";""Velocidade Incompatível"";1;""Saída de leito carroçável"";""Com Vítimas Feridas"";""Pleno dia"";""Decrescente"";""Chuva"";""Simples"";""Reta"";""Não"";466324;""Automóvel"";""FIAT/UNO WAY 1.0"";2011;""Passageiro"";""Lesões Leves"";53;""Feminino"";0;1;0;0;-19",30634077;-51,"44426582;""SR-MS"";""DEL3/8"";""UOP01/MS"""
"261372;582640;2020-01-07;""terça"";""14:00:00"";""MS"";158;41","4;""PARANAIBA"";""Não"";""Velocidade Incompatível"";1;""Saída de leito carroçável"";""Com Vítimas Feridas"";""Pleno dia"";""Decrescente"";""Chuva"";""Simples"";""Reta"";""Não"";466324;""Automóvel"";""FIAT/UNO WAY 1.0"";2011;""Condutor"";""Lesões Leves"";42;""Feminino"";0;1;0;0;-19",30634077;-51,"44426582;""SR-MS"";""DEL3/8"";""UOP01/MS"""
"261372;582641;2020-01-07;""terça"";""14:00:00"";""MS"";158;41","4;""PARANAIBA"";""Sim"";""Falta de Atenção à Condução"";2;""Capotamento"";""Com Vítimas Feridas"";""Pleno dia"";""Decrescente"";""Chuva"";""Simples"";""Reta"";""Não"";466324;""Automóvel"";""FIAT/UNO WAY 1.0"";2011;""Passageiro"";""Lesões Leves"";53;""Feminino"";0;1;0;0;-19",30634077;-51,"44426582;""SR-MS"";""DEL3/8"";""UOP01/MS"""
"261372;582640;2020-01-07;""terça"";""14:00:00"";""MS"";158;41","4;""PARANAIBA"";""Sim"";""Falta de Atenção à Condução"";2;""Capotamento"";""Com Vítimas Feridas"";""Pleno dia"";""Decrescente"";""Chuva"";""Simples"";""Reta"";""Não"";466324;""Automóvel"";""FIAT/UNO WAY 1.0"";2011;""Condutor"";""Lesões Leves"";42;""Feminino"";0;1;0;0;-19",30634077;-51,"44426582;""SR-MS"";""DEL3/8"";""UOP01/MS"""
"261372;582641;2020-01-07;""terça"";""14:00:00"";""MS"";158;41","4;""PARANAIBA"";""Sim"";""Falta de Atenção à Condução"";1;""Saída de leito carroçável"";""Com Vítimas Feridas"";""Pleno dia"";""Decrescente"";""Chuva"";""Simples"";""Reta"";""Não"";466324;""Automóvel"";""FIAT/UNO WAY 1.0"";2011;""Passageiro"";""Lesões Leves"";53;""Feminino"";0;1;0;0;-19",30634077;-51,"44426582;""SR-MS"";""DEL3/8"";""UOP01/MS"""
"261372;582640;2020-01-07;""terça"";""14:00:00"";""MS"";158;41","4;""PARANAIBA"";""Sim"";""Falta de Atenção à Condução"";1;""Saída de leito carroçável"";""Com Vítimas Feridas"";""Pleno dia"";""Decrescente"";""Chuva"";""Simples"";""Reta"";""Não"";466324;""Automóvel"";""FIAT/UNO WAY 1.0"";2011;""Condutor"";""Lesões Leves"";42;""Feminino"";0;1;0;0;-19",30634077;-51,"44426582;""SR-MS"";""DEL3/8"";""UOP01/MS"""
"261372;582641;2020-01-07;""terça"";""14:00:00"";""MS"";158;41","4;""PARANAIBA"";""Não"";""Defeito na Via"";2;""Capotamento"";""Com Vítimas Feridas"";""Pleno dia"";""Decrescente"";""Chuva"";""Simples"";""Reta"";""Não"";466324;""Automóvel"";""FIAT/UNO WAY 1.0"";2011;""Passageiro"";""Lesões Leves"";53;""Feminino"";0;1;0;0;-19",30634077;-51,"44426582;""SR-MS"";""DEL3/8"";""UOP01/MS"""
"261372;582640;2020-01-07;""terça"";""14:00:00"";""MS"";158;41","4;""PARANAIBA"";""Não"";""Defeito na Via"";2;""Capotamento"";""Com Vítimas Feridas"";""Pleno dia"";""Decrescente"";""Chuva"";""Simples"";""Reta"";""Não"";466324;""Automóvel"";""FIAT/UNO WAY 1.0"";2011;""Condutor"";""Lesões Leves"";42;""Feminino"";0;1;0;0;-19",30634077;-51,"44426582;""SR-MS"";""DEL3/8"";""UOP01/MS"""
"261372;582641;2020-01-07;""terça"";""14:00:00"";""MS"";158;41","4;""PARANAIBA"";""Não"";""Defeito na Via"";1;""Saída de leito carroçável"";""Com Vítimas Feridas"";""Pleno dia"";""Decrescente"";""Chuva"";""Simples"";""Reta"";""Não"";466324;""Automóvel"";""FIAT/UNO WAY 1.0"";2011;""Passageiro"";""Lesões Leves"";53;""Feminino"";0;1;0;0;-19",30634077;-51,"44426582;""SR-MS"";""DEL3/8"";""UOP01/MS"""
"261372;582640;2020-01-07;""terça"";""14:00:00"";""MS"";158;41","4;""PARANAIBA"";""Não"";""Defeito na Via"";1;""Saída de leito carroçável"";""Com Vítimas Feridas"";""Pleno dia"";""Decrescente"";""Chuva"";""Simples"";""Reta"";""Não"";466324;""Automóvel"";""FIAT/UNO WAY 1.0"";2011;""Condutor"";""Lesões Leves"";42;""Feminino"";0;1;0;0;-19",30634077;-51,"44426582;""SR-MS"";""DEL3/8"";""UOP01/MS"""
"261373;581792;2020-01-07;""terça"";""15:20:00"";""SC"";101;210;""SAO JOSE"";""Sim"";""Não guardar distância de segurança"";1;""Colisão lateral"";""Com Vítimas Feridas"";""Pleno dia"";""Decrescente"";""Céu Claro"";""Múltipla"";""Reta"";""Sim"";466290;""Motocicleta"";""HONDA/CG 150 TITAN ES"";2005;""Condutor"";""Lesões Graves"";29;""Masculino"";0;0;1;0;-27",6167305;-48,"6457265;""SR-SC"";""DEL8/1"";""UOP01/SC""",
"261373;581791;2020-01-07;""terça"";""15:20:00"";""SC"";101;210;""SAO JOSE"";""Sim"";""Não guardar distância de segurança"";1;""Colisão lateral"";""Com Vítimas Feridas"";""Pleno dia"";""Decrescente"";""Céu Claro"";""Múltipla"";""Reta"";""Sim"";466289;""Automóvel"";""GM/CLASSIC LIFE"";2006;""Condutor"";""Ileso"";25;""Masculino"";1;0;0;0;-27",6167305;-48,"6457265;""SR-SC"";""DEL8/1"";""UOP01/SC""",
"261373;581792;2020-01-07;""terça"";""15:20:00"";""SC"";101;210;""SAO JOSE"";""Não"";""Falta de Atenção à Condução"";1;""Colisão lateral"";""Com Vítimas Feridas"";""Pleno dia"";""Decrescente"";""Céu Claro"";""Múltipla"";""Reta"";""Sim"";466290;""Motocicleta"";""HONDA/CG 150 TITAN ES"";2005;""Condutor"";""Lesões Graves"";29;""Masculino"";0;0;1;0;-27",6167305;-48,"6457265;""SR-SC"";""DEL8/1"";""UOP01/SC""",
"261373;581791;2020-01-07;""terça"";""15:20:00"";""SC"";101;210;""SAO JOSE"";""Não"";""Falta de Atenção à Condução"";1;""Colisão lateral"";""Com Vítimas Feridas"";""Pleno dia"";""Decrescente"";""Céu Claro"";""Múltipla"";""Reta"";""Sim"";466289;""Automóvel"";""GM/CLASSIC LIFE"";2006;""Condutor"";""Ileso"";25;""Masculino"";1;0;0;0;-27",6167305;-48,"6457265;""SR-SC"";""DEL8/1"";""UOP01/SC""",
"261374;581804;2020-01-07;""terça"";""15:40:00"";""PR"";376;658;""TIJUCAS DO SUL"";""Não"";""Não guardar distância de segurança"";1;""Queda de ocupante de veículo"";""Com Vítimas Feridas"";""Pleno dia"";""Decrescente"";""Garoa/Chuvisco"";""Dupla"";""Não Informado"";""Não"";466292;""Motocicleta"";""HARLEY DAVIDSON/FLHTK"";2014;""Condutor"";""Ileso"";51;""Masculino"";1;0;0;0;-25",85300602;-49,"02166198;""SR-PR"";""DEL7/1"";""UOP08/PR""",
"261374;581803;2020-01-07;""terça"";""15:40:00"";""PR"";376;658;""TIJUCAS DO SUL"";""Não"";""Não guardar distância de segurança"";1;""Queda de ocupante de veículo"";""Com Vítimas Feridas"";""Pleno dia"";""Decrescente"";""Garoa/Chuvisco"";""Dupla"";""Não Informado"";""Não"";466291;""Motocicleta"";""HARLEY DAVIDSON/VRSCF"";2012;""Condutor"";""Lesões Leves"";57;""Masculino"";0;1;0;0;-25",85300602;-49,"02166198;""SR-PR"";""DEL7/1"";""UOP08/PR""",
"261374;581804;2020-01-07;""terça"";""15:40:00"";""PR"";376;658;""TIJUCAS DO SUL"";""Não"";""Não guardar distância de segurança"";2;""Colisão traseira"";""Com Vítimas Feridas"";""Pleno dia"";""Decrescente"";""Garoa/Chuvisco"";""Dupla"";""Não Informado"";""Não"";466292;""Motocicleta"";""HARLEY DAVIDSON/FLHTK"";2014;""Condutor"";""Ileso"";51;""Masculino"";1;0;0;0;-25",85300602;-49,"02166198;""SR-PR"";""DEL7/1"";""UOP08/PR""",
"261374;581803;2020-01-07;""terça"";""15:40:00"";""PR"";376;658;""TIJUCAS DO SUL"";""Não"";""Não guardar distância de segurança"";2;""Colisão traseira"";""Com Vítimas Feridas"";""Pleno dia"";""Decrescente"";""Garoa/Chuvisco"";""Dupla"";""Não Informado"";""Não"";466291;""Motocicleta"";""HARLEY DAVIDSON/VRSCF"";2012;""Condutor"";""Lesões Leves"";57;""Masculino"";0;1;0;0;-25",85300602;-49,"02166198;""SR-PR"";""DEL7/1"";""UOP08/PR""",
"261374;581804;2020-01-07;""terça"";""15:40:00"";""PR"";376;658;""TIJUCAS DO SUL"";""Sim"";""Pista Escorregadia"";1;""Queda de ocupante de veículo"";""Com Vítimas Feridas"";""Pleno dia"";""Decrescente"";""Garoa/Chuvisco"";""Dupla"";""Não Informado"";""Não"";466292;""Motocicleta"";""HARLEY DAVIDSON/FLHTK"";2014;""Condutor"";""Ileso"";51;""Masculino"";1;0;0;0;-25",85300602;-49,"02166198;""SR-PR"";""DEL7/1"";""UOP08/PR""",
"261374;581803;2020-01-07;""terça"";""15:40:00"";""PR"";376;658;""TIJUCAS DO SUL"";""Sim"";""Pista Escorregadia"";1;""Queda de ocupante de veículo"";""Com Vítimas Feridas"";""Pleno dia"";""Decrescente"";""Garoa/Chuvisco"";""Dupla"";""Não Informado"";""Não"";466291;""Motocicleta"";""HARLEY DAVIDSON/VRSCF"";2012;""Condutor"";""Lesões Leves"";57;""Masculino"";0;1;0;0;-25",85300602;-49,"02166198;""SR-PR"";""DEL7/1"";""UOP08/PR""",
"261374;581804;2020-01-07;""terça"";""15:40:00"";""PR"";376;658;""TIJUCAS DO SUL"";""Sim"";""Pista Escorregadia"";2;""Colisão traseira"";""Com Vítimas Feridas"";""Pleno dia"";""Decrescente"";""Garoa/Chuvisco"";""Dupla"";""Não Informado"";""Não"";466292;""Motocicleta"";""HARLEY DAVIDSON/FLHTK"";2014;""Condutor"";""Ileso"";51;""Masculino"";1;0;0;0;-25",85300602;-49,"02166198;""SR-PR"";""DEL7/1"";""UOP08/PR""",
"261374;581803;2020-01-07;""terça"";""15:40:00"";""PR"";376;658;""TIJUCAS DO SUL"";""Sim"";""Pista Escorregadia"";2;""Colisão traseira"";""Com Vítimas Feridas"";""Pleno dia"";""Decrescente"";""Garoa/Chuvisco"";""Dupla"";""Não Informado"";""Não"";466291;""Motocicleta"";""HARLEY DAVIDSON/VRSCF"";2012;""Condutor"";""Lesões Leves"";57;""Masculino"";0;1;0;0;-25",85300602;-49,"02166198;""SR-PR"";""DEL7/1"";""UOP08/PR""",
"261375;581833;2020-01-07;""terça"";""15:45:00"";""RS"";392;94","8;""PELOTAS"";""Sim"";""Falta de Atenção à Condução"";1;""Colisão lateral"";""Com Vítimas Feridas"";""Pleno dia"";""Decrescente"";""Céu Claro"";""Múltipla"";""Reta"";""Não"";466306;""Motocicleta"";""HONDA/CG 125 TITAN KS"";2003;""Testemunha"";""Não Informado"";NA;""Não Informado"";0;0;0;0;-31",57568163;-52,"53741971;""SR-RS"";""DEL9/7"";""UOP01/RS"""
"261375;581832;2020-01-07;""terça"";""15:45:00"";""RS"";392;94","8;""PELOTAS"";""Sim"";""Falta de Atenção à Condução"";1;""Colisão lateral"";""Com Vítimas Feridas"";""Pleno dia"";""Decrescente"";""Céu Claro"";""Múltipla"";""Reta"";""Não"";466306;""Motocicleta"";""HONDA/CG 125 TITAN KS"";2003;""Testemunha"";""Não Informado"";NA;""Não Informado"";0;0;0;0;-31",57568163;-52,"53741971;""SR-RS"";""DEL9/7"";""UOP01/RS"""
"261375;581825;2020-01-07;""terça"";""15:45:00"";""RS"";392;94","8;""PELOTAS"";""Sim"";""Falta de Atenção à Condução"";1;""Colisão lateral"";""Com Vítimas Feridas"";""Pleno dia"";""Decrescente"";""Céu Claro"";""Múltipla"";""Reta"";""Não"";466306;""Motocicleta"";""HONDA/CG 125 TITAN KS"";2003;""Condutor"";""Lesões Graves"";33;""Masculino"";0;0;1;0;-31",57568163;-52,"53741971;""SR-RS"";""DEL9/7"";""UOP01/RS"""
"261375;581833;2020-01-07;""terça"";""15:45:00"";""RS"";392;94","8;""PELOTAS"";""Sim"";""Falta de Atenção à Condução"";1;""Colisão lateral"";""Com Vítimas Feridas"";""Pleno dia"";""Decrescente"";""Céu Claro"";""Múltipla"";""Reta"";""Não"";466313;""Semireboque"";""SR/GUERRA AG GR"";2013;""Testemunha"";""Não Informado"";NA;""Não Informado"";0;0;0;0;-31",57568163;-52,"53741971;""SR-RS"";""DEL9/7"";""UOP01/RS"""
"261375;581832;2020-01-07;""terça"";""15:45:00"";""RS"";392;94","8;""PELOTAS"";""Sim"";""Falta de Atenção à Condução"";1;""Colisão lateral"";""Com Vítimas Feridas"";""Pleno dia"";""Decrescente"";""Céu Claro"";""Múltipla"";""Reta"";""Não"";466313;""Semireboque"";""SR/GUERRA AG GR"";2013;""Testemunha"";""Não Informado"";NA;""Não Informado"";0;0;0;0;-31",57568163;-52,"53741971;""SR-RS"";""DEL9/7"";""UOP01/RS"""
"261375;581833;2020-01-07;""terça"";""15:45:00"";""RS"";392;94","8;""PELOTAS"";""Sim"";""Falta de Atenção à Condução"";1;""Colisão lateral"";""Com Vítimas Feridas"";""Pleno dia"";""Decrescente"";""Céu Claro"";""Múltipla"";""Reta"";""Não"";466307;""Caminhão-trator"";""SCANIA/R124 GA4X2NZ 360"";2001;""Testemunha"";""Não Informado"";NA;""Não Informado"";0;0;0;0;-31",57568163;-52,"53741971;""SR-RS"";""DEL9/7"";""UOP01/RS"""
"261375;581832;2020-01-07;""terça"";""15:45:00"";""RS"";392;94","8;""PELOTAS"";""Sim"";""Falta de Atenção à Condução"";1;""Colisão lateral"";""Com Vítimas Feridas"";""Pleno dia"";""Decrescente"";""Céu Claro"";""Múltipla"";""Reta"";""Não"";466307;""Caminhão-trator"";""SCANIA/R124 GA4X2NZ 360"";2001;""Testemunha"";""Não Informado"";NA;""Não Informado"";0;0;0;0;-31",57568163;-52,"53741971;""SR-RS"";""DEL9/7"";""UOP01/RS"""
"261375;581831;2020-01-07;""terça"";""15:45:00"";""RS"";392;94","8;""PELOTAS"";""Sim"";""Falta de Atenção à Condução"";1;""Colisão lateral"";""Com Vítimas Feridas"";""Pleno dia"";""Decrescente"";""Céu Claro"";""Múltipla"";""Reta"";""Não"";466307;""Caminhão-trator"";""SCANIA/R124 GA4X2NZ 360"";2001;""Condutor"";""Ileso"";49;""Masculino"";1;0;0;0;-31",57568163;-52,"53741971;""SR-RS"";""DEL9/7"";""UOP01/RS"""
"261375;581833;2020-01-07;""terça"";""15:45:00"";""RS"";392;94","8;""PELOTAS"";""Sim"";""Falta de Atenção à Condução"";2;""Tombamento"";""Com Vítimas Feridas"";""Pleno dia"";""Decrescente"";""Céu Claro"";""Múltipla"";""Reta"";""Não"";466306;""Motocicleta"";""HONDA/CG 125 TITAN KS"";2003;""Testemunha"";""Não Informado"";NA;""Não Informado"";0;0;0;0;-31",57568163;-52,"53741971;""SR-RS"";""DEL9/7"";""UOP01/RS"""
"261375;581832;2020-01-07;""terça"";""15:45:00"";""RS"";392;94","8;""PELOTAS"";""Sim"";""Falta de Atenção à Condução"";2;""Tombamento"";""Com Vítimas Feridas"";""Pleno dia"";""Decrescente"";""Céu Claro"";""Múltipla"";""Reta"";""Não"";466306;""Motocicleta"";""HONDA/CG 125 TITAN KS"";2003;""Testemunha"";""Não Informado"";NA;""Não Informado"";0;0;0;0;-31",57568163;-52,"53741971;""SR-RS"";""DEL9/7"";""UOP01/RS"""
"261375;581825;2020-01-07;""terça"";""15:45:00"";""RS"";392;94","8;""PELOTAS"";""Sim"";""Falta de Atenção à Condução"";2;""Tombamento"";""Com Vítimas Feridas"";""Pleno dia"";""Decrescente"";""Céu Claro"";""Múltipla"";""Reta"";""Não"";466306;""Motocicleta"";""HONDA/CG 125 TITAN KS"";2003;""Condutor"";""Lesões Graves"";33;""Masculino"";0;0;1;0;-31",57568163;-52,"53741971;""SR-RS"";""DEL9/7"";""UOP01/RS"""
"261375;581833;2020-01-07;""terça"";""15:45:00"";""RS"";392;94","8;""PELOTAS"";""Sim"";""Falta de Atenção à Condução"";2;""Tombamento"";""Com Vítimas Feridas"";""Pleno dia"";""Decrescente"";""Céu Claro"";""Múltipla"";""Reta"";""Não"";466313;""Semireboque"";""SR/GUERRA AG GR"";2013;""Testemunha"";""Não Informado"";NA;""Não Informado"";0;0;0;0;-31",57568163;-52,"53741971;""SR-RS"";""DEL9/7"";""UOP01/RS"""
"261375;581832;2020-01-07;""terça"";""15:45:00"";""RS"";392;94","8;""PELOTAS"";""Sim"";""Falta de Atenção à Condução"";2;""Tombamento"";""Com Vítimas Feridas"";""Pleno dia"";""Decrescente"";""Céu Claro"";""Múltipla"";""Reta"";""Não"";466313;""Semireboque"";""SR/GUERRA AG GR"";2013;""Testemunha"";""Não Informado"";NA;""Não Informado"";0;0;0;0;-31",57568163;-52,"53741971;""SR-RS"";""DEL9/7"";""UOP01/RS"""
"261375;581833;2020-01-07;""terça"";""15:45:00"";""RS"";392;94","8;""PELOTAS"";""Sim"";""Falta de Atenção à Condução"";2;""Tombamento"";""Com Vítimas Feridas"";""Pleno dia"";""Decrescente"";""Céu Claro"";""Múltipla"";""Reta"";""Não"";466307;""Caminhão-trator"";""SCANIA/R124 GA4X2NZ 360"";2001;""Testemunha"";""Não Informado"";NA;""Não Informado"";0;0;0;0;-31",57568163;-52,"53741971;""SR-RS"";""DEL9/7"";""UOP01/RS"""
"261375;581832;2020-01-07;""terça"";""15:45:00"";""RS"";392;94","8;""PELOTAS"";""Sim"";""Falta de Atenção à Condução"";2;""Tombamento"";""Com Vítimas Feridas"";""Pleno dia"";""Decrescente"";""Céu Claro"";""Múltipla"";""Reta"";""Não"";466307;""Caminhão-trator"";""SCANIA/R124 GA4X2NZ 360"";2001;""Testemunha"";""Não Informado"";NA;""Não Informado"";0;0;0;0;-31",57568163;-52,"53741971;""SR-RS"";""DEL9/7"";""UOP01/RS"""
"261375;581831;2020-01-07;""terça"";""15:45:00"";""RS"";392;94","8;""PELOTAS"";""Sim"";""Falta de Atenção à Condução"";2;""Tombamento"";""Com Vítimas Feridas"";""Pleno dia"";""Decrescente"";""Céu Claro"";""Múltipla"";""Reta"";""Não"";466307;""Caminhão-trator"";""SCANIA/R124 GA4X2NZ 360"";2001;""Condutor"";""Ileso"";49;""Masculino"";1;0;0;0;-31",57568163;-52,"53741971;""SR-RS"";""DEL9/7"";""UOP01/RS"""
"261376;581798;2020-01-07;""terça"";""14:10:00"";""MG"";262;491","8;""MOEMA"";""Sim"";""Agressão Externa"";1;""Colisão transversal"";""Com Vítimas Feridas"";""Pleno dia"";""Crescente"";""Nublado"";""Simples"";""Reta"";""Não"";466275;""Caminhão-trator"";""SCANIA/R 440 A6X4"";2013;""Condutor"";""Ileso"";43;""Masculino"";1;0;0;0;-19",7818918;-45,"35148598;""SR-MG"";""DEL4/8"";""UOP03/MG"""
"261376;581793;2020-01-07;""terça"";""14:10:00"";""MG"";262;491","8;""MOEMA"";""Sim"";""Agressão Externa"";1;""Colisão transversal"";""Com Vítimas Feridas"";""Pleno dia"";""Crescente"";""Nublado"";""Simples"";""Reta"";""Não"";466274;""Automóvel"";""VW/GOL 1.6 POWER"";2009;""Condutor"";""Lesões Graves"";38;""Feminino"";0;0;1;0;-19",7818918;-45,"35148598;""SR-MG"";""DEL4/8"";""UOP03/MG"""
"261376;581794;2020-01-07;""terça"";""14:10:00"";""MG"";262;491","8;""MOEMA"";""Sim"";""Agressão Externa"";1;""Colisão transversal"";""Com Vítimas Feridas"";""Pleno dia"";""Crescente"";""Nublado"";""Simples"";""Reta"";""Não"";466274;""Automóvel"";""VW/GOL 1.6 POWER"";2009;""Passageiro"";""Ileso"";35;""Feminino"";1;0;0;0;-19",7818918;-45,"35148598;""SR-MG"";""DEL4/8"";""UOP03/MG"""
"261376;NA;2020-01-07;""terça"";""14:10:00"";""MG"";262;491","8;""MOEMA"";""Sim"";""Agressão Externa"";1;""Colisão transversal"";""Com Vítimas Feridas"";""Pleno dia"";""Crescente"";""Nublado"";""Simples"";""Reta"";""Não"";466285;""Semireboque"";""SR/NOMA SR2E18RT1 CG"";2013;""Não Informado"";""Não Informado"";NA;""Não Informado"";0;0;0;0;-19",7818918;-45,"35148598;""SR-MG"";""DEL4/8"";""UOP03/MG"""
"261376;NA;2020-01-07;""terça"";""14:10:00"";""MG"";262;491","8;""MOEMA"";""Sim"";""Agressão Externa"";1;""Colisão transversal"";""Com Vítimas Feridas"";""Pleno dia"";""Crescente"";""Nublado"";""Simples"";""Reta"";""Não"";466286;""Semireboque"";""SR/NOMA SR2E18RT2 CG"";2013;""Não Informado"";""Não Informado"";NA;""Não Informado"";0;0;0;0;-19",7818918;-45,"35148598;""SR-MG"";""DEL4/8"";""UOP03/MG"""
"261377;581842;2020-01-07;""terça"";""15:10:00"";""MS"";163;81","9;""ITAQUIRAI"";""Sim"";""Ultrapassagem Indevida"";2;""Capotamento"";""Com Vítimas Fatais"";""Pleno dia"";""Decrescente"";""Nublado"";""Simples"";""Não Informado"";""Não"";466328;""Caminhão-trator"";""SCANIA/G 380 A4X2"";2010;""Condutor"";""Óbito"";62;""Masculino"";0;0;0;1;-23",44966585;-54,"19942966;""SR-MS"";""DEL3/09"";""UOP01/MS"""
"261377;NA;2020-01-07;""terça"";""15:10:00"";""MS"";163;81","9;""ITAQUIRAI"";""Sim"";""Ultrapassagem Indevida"";2;""Capotamento"";""Com Vítimas Fatais"";""Pleno dia"";""Decrescente"";""Nublado"";""Simples"";""Não Informado"";""Não"";466364;""Semireboque"";""SR/RANDON SR CA"";2009;""Não Informado"";""Não Informado"";NA;""Não Informado"";0;0;0;0;-23",44966585;-54,"19942966;""SR-MS"";""DEL3/09"";""UOP01/MS"""