"id;""pesid"";""data_inversa"";""dia_semana"";""horario"";""uf"";""br"";""km"";""municipio"";""causa_principal"";""causa_acidente"";""ordem_tipo_acidente"";""tipo_acidente"";""classificacao_acidente"";""fase_dia"";""sentido_via"";""condicao_metereologica"";""tipo_pista"";""tracado_via"";""uso_solo"";""id_veiculo"";""tipo_veiculo"";""marca"";""ano_fabricacao_veiculo"";""tipo_envolvido"";""estado_fisico"";""idade"";""sexo"";""ilesos"";""feridos_leves"";""feridos_graves"";""mortos"";""latitude"";""longitude"";""regional"";""delegacia"";""uop""",,,
"261377;NA;2020-01-07;""terça"";""15:10:00"";""MS"";163;81","9;""ITAQUIRAI"";""Sim"";""Ultrapassagem Indevida"";2;""Capotamento"";""Com Vítimas Fatais"";""Pleno dia"";""Decrescente"";""Nublado"";""Simples"";""Não Informado"";""Não"";466360;""Semireboque"";""SR/RANDON SR CA"";2009;""Não Informado"";""Não Informado"";NA;""Não Informado"";0;0;0;0;-23",44966585;-54,"19942966;""SR-MS"";""DEL3/09"";""UOP01/MS"""
"261377;581842;2020-01-07;""terça"";""15:10:00"";""MS"";163;81","9;""ITAQUIRAI"";""Sim"";""Ultrapassagem Indevida"";1;""Saída de leito carroçável"";""Com Vítimas Fatais"";""Pleno dia"";""Decrescente"";""Nublado"";""Simples"";""Não Informado"";""Não"";466328;""Caminhão-trator"";""SCANIA/G 380 A4X2"";2010;""Condutor"";""Óbito"";62;""Masculino"";0;0;0;1;-23",44966585;-54,"19942966;""SR-MS"";""DEL3/09"";""UOP01/MS"""
"261377;NA;2020-01-07;""terça"";""15:10:00"";""MS"";163;81","9;""ITAQUIRAI"";""Sim"";""Ultrapassagem Indevida"";1;""Saída de leito carroçável"";""Com Vítimas Fatais"";""Pleno dia"";""Decrescente"";""Nublado"";""Simples"";""Não Informado"";""Não"";466364;""Semireboque"";""SR/RANDON SR CA"";2009;""Não Informado"";""Não Informado"";NA;""Não Informado"";0;0;0;0;-23",44966585;-54,"19942966;""SR-MS"";""DEL3/09"";""UOP01/MS"""
"261377;NA;2020-01-07;""terça"";""15:10:00"";""MS"";163;81","9;""ITAQUIRAI"";""Sim"";""Ultrapassagem Indevida"";1;""Saída de leito carroçável"";""Com Vítimas Fatais"";""Pleno dia"";""Decrescente"";""Nublado"";""Simples"";""Não Informado"";""Não"";466360;""Semireboque"";""SR/RANDON SR CA"";2009;""Não Informado"";""Não Informado"";NA;""Não Informado"";0;0;0;0;-23",44966585;-54,"19942966;""SR-MS"";""DEL3/09"";""UOP01/MS"""
"261377;581842;2020-01-07;""terça"";""15:10:00"";""MS"";163;81","9;""ITAQUIRAI"";""Não"";""Falta de Atenção à Condução"";2;""Capotamento"";""Com Vítimas Fatais"";""Pleno dia"";""Decrescente"";""Nublado"";""Simples"";""Não Informado"";""Não"";466328;""Caminhão-trator"";""SCANIA/G 380 A4X2"";2010;""Condutor"";""Óbito"";62;""Masculino"";0;0;0;1;-23",44966585;-54,"19942966;""SR-MS"";""DEL3/09"";""UOP01/MS"""
"261377;NA;2020-01-07;""terça"";""15:10:00"";""MS"";163;81","9;""ITAQUIRAI"";""Não"";""Falta de Atenção à Condução"";2;""Capotamento"";""Com Vítimas Fatais"";""Pleno dia"";""Decrescente"";""Nublado"";""Simples"";""Não Informado"";""Não"";466364;""Semireboque"";""SR/RANDON SR CA"";2009;""Não Informado"";""Não Informado"";NA;""Não Informado"";0;0;0;0;-23",44966585;-54,"19942966;""SR-MS"";""DEL3/09"";""UOP01/MS"""
"261377;NA;2020-01-07;""terça"";""15:10:00"";""MS"";163;81","9;""ITAQUIRAI"";""Não"";""Falta de Atenção à Condução"";2;""Capotamento"";""Com Vítimas Fatais"";""Pleno dia"";""Decrescente"";""Nublado"";""Simples"";""Não Informado"";""Não"";466360;""Semireboque"";""SR/RANDON SR CA"";2009;""Não Informado"";""Não Informado"";NA;""Não Informado"";0;0;0;0;-23",44966585;-54,"19942966;""SR-MS"";""DEL3/09"";""UOP01/MS"""
"261377;581842;2020-01-07;""terça"";""15:10:00"";""MS"";163;81","9;""ITAQUIRAI"";""Não"";""Falta de Atenção à Condução"";1;""Saída de leito carroçável"";""Com Vítimas Fatais"";""Pleno dia"";""Decrescente"";""Nublado"";""Simples"";""Não Informado"";""Não"";466328;""Caminhão-trator"";""SCANIA/G 380 A4X2"";2010;""Condutor"";""Óbito"";62;""Masculino"";0;0;0;1;-23",44966585;-54,"19942966;""SR-MS"";""DEL3/09"";""UOP01/MS"""
"261377;NA;2020-01-07;""terça"";""15:10:00"";""MS"";163;81","9;""ITAQUIRAI"";""Não"";""Falta de Atenção à Condução"";1;""Saída de leito carroçável"";""Com Vítimas Fatais"";""Pleno dia"";""Decrescente"";""Nublado"";""Simples"";""Não Informado"";""Não"";466364;""Semireboque"";""SR/RANDON SR CA"";2009;""Não Informado"";""Não Informado"";NA;""Não Informado"";0;0;0;0;-23",44966585;-54,"19942966;""SR-MS"";""DEL3/09"";""UOP01/MS"""
"261377;NA;2020-01-07;""terça"";""15:10:00"";""MS"";163;81","9;""ITAQUIRAI"";""Não"";""Falta de Atenção à Condução"";1;""Saída de leito carroçável"";""Com Vítimas Fatais"";""Pleno dia"";""Decrescente"";""Nublado"";""Simples"";""Não Informado"";""Não"";466360;""Semireboque"";""SR/RANDON SR CA"";2009;""Não Informado"";""Não Informado"";NA;""Não Informado"";0;0;0;0;-23",44966585;-54,"19942966;""SR-MS"";""DEL3/09"";""UOP01/MS"""
"261378;581932;2020-01-07;""terça"";""16:26:00"";""GO"";153;598","3;""MORRINHOS"";""Sim"";""Condutor Dormindo"";1;""Saída de leito carroçável"";""Com Vítimas Feridas"";""Pleno dia"";""Crescente"";""Chuva"";""Dupla"";""Reta"";""Não"";466301;""Automóvel"";""CHEVROLET/COBALT 18M LTZ"";2018;""Passageiro"";""Ileso"";13;""Masculino"";1;0;0;0;-17",5354;-49,"2128;""SR-GO"";""DEL1/3"";""UOP01/GO"""
"261378;581931;2020-01-07;""terça"";""16:26:00"";""GO"";153;598","3;""MORRINHOS"";""Sim"";""Condutor Dormindo"";1;""Saída de leito carroçável"";""Com Vítimas Feridas"";""Pleno dia"";""Crescente"";""Chuva"";""Dupla"";""Reta"";""Não"";466301;""Automóvel"";""CHEVROLET/COBALT 18M LTZ"";2018;""Passageiro"";""Lesões Leves"";67;""Feminino"";0;1;0;0;-17",5354;-49,"2128;""SR-GO"";""DEL1/3"";""UOP01/GO"""
"261378;581930;2020-01-07;""terça"";""16:26:00"";""GO"";153;598","3;""MORRINHOS"";""Sim"";""Condutor Dormindo"";1;""Saída de leito carroçável"";""Com Vítimas Feridas"";""Pleno dia"";""Crescente"";""Chuva"";""Dupla"";""Reta"";""Não"";466301;""Automóvel"";""CHEVROLET/COBALT 18M LTZ"";2018;""Passageiro"";""Ileso"";45;""Feminino"";1;0;0;0;-17",5354;-49,"2128;""SR-GO"";""DEL1/3"";""UOP01/GO"""
"261378;581929;2020-01-07;""terça"";""16:26:00"";""GO"";153;598","3;""MORRINHOS"";""Sim"";""Condutor Dormindo"";1;""Saída de leito carroçável"";""Com Vítimas Feridas"";""Pleno dia"";""Crescente"";""Chuva"";""Dupla"";""Reta"";""Não"";466301;""Automóvel"";""CHEVROLET/COBALT 18M LTZ"";2018;""Condutor"";""Ileso"";69;""Masculino"";1;0;0;0;-17",5354;-49,"2128;""SR-GO"";""DEL1/3"";""UOP01/GO"""
"261379;581885;2020-01-07;""terça"";""14:20:00"";""RO"";364;381","1;""OURO PRETO DO OESTE"";""Sim"";""Não guardar distância de segurança"";2;""Tombamento"";""Com Vítimas Feridas"";""Pleno dia"";""Decrescente"";""Sol"";""Simples"";""Curva"";""Não"";466287;""Motocicleta"";""HONDA/NXR125 BROS ES"";2016;""Condutor"";""Lesões Leves"";61;""Masculino"";0;1;0;0;-10",73029115;-62,"22943647;""SR-RO"";""DEL21/2"";""UOP01/RO"""
"261379;581885;2020-01-07;""terça"";""14:20:00"";""RO"";364;381","1;""OURO PRETO DO OESTE"";""Sim"";""Não guardar distância de segurança"";1;""Saída de leito carroçável"";""Com Vítimas Feridas"";""Pleno dia"";""Decrescente"";""Sol"";""Simples"";""Curva"";""Não"";466287;""Motocicleta"";""HONDA/NXR125 BROS ES"";2016;""Condutor"";""Lesões Leves"";61;""Masculino"";0;1;0;0;-10",73029115;-62,"22943647;""SR-RO"";""DEL21/2"";""UOP01/RO"""
"261380;581915;2020-01-07;""terça"";""16:20:00"";""PR"";376;652;""TIJUCAS DO SUL"";""Sim"";""Velocidade Incompatível"";1;""Capotamento"";""Com Vítimas Feridas"";""Pleno dia"";""Crescente"";""Chuva"";""Dupla"";""Curva"";""Não"";466393;""Automóvel"";""I/CITROEN XSARA EXC 1.6I"";2001;""Passageiro"";""Lesões Leves"";43;""Feminino"";0;1;0;0;-25",8461583;-49,"068884;""SR-PR"";""DEL7/1"";""UOP08/PR""",
"261380;581914;2020-01-07;""terça"";""16:20:00"";""PR"";376;652;""TIJUCAS DO SUL"";""Sim"";""Velocidade Incompatível"";1;""Capotamento"";""Com Vítimas Feridas"";""Pleno dia"";""Crescente"";""Chuva"";""Dupla"";""Curva"";""Não"";466393;""Automóvel"";""I/CITROEN XSARA EXC 1.6I"";2001;""Condutor"";""Ileso"";59;""Masculino"";1;0;0;0;-25",8461583;-49,"068884;""SR-PR"";""DEL7/1"";""UOP08/PR""",
"261382;583469;2020-01-07;""terça"";""15:00:00"";""GO"";60;181","7;""ABADIA DE GOIAS"";""Sim"";""Velocidade Incompatível"";1;""Saída de leito carroçável"";""Com Vítimas Feridas"";""Pleno dia"";""Decrescente"";""Chuva"";""Dupla"";""Não Informado"";""Não"";466288;""Automóvel"";""FIAT/UNO WAY 1.4"";2012;""Passageiro"";""Lesões Leves"";23;""Masculino"";0;1;0;0;-16",7709;-49,"4844;""SR-GO"";""DEL1/1"";""UOP02/GO"""
"261382;583468;2020-01-07;""terça"";""15:00:00"";""GO"";60;181","7;""ABADIA DE GOIAS"";""Sim"";""Velocidade Incompatível"";1;""Saída de leito carroçável"";""Com Vítimas Feridas"";""Pleno dia"";""Decrescente"";""Chuva"";""Dupla"";""Não Informado"";""Não"";466288;""Automóvel"";""FIAT/UNO WAY 1.4"";2012;""Condutor"";""Lesões Leves"";23;""Masculino"";0;1;0;0;-16",7709;-49,"4844;""SR-GO"";""DEL1/1"";""UOP02/GO"""
"261382;583469;2020-01-07;""terça"";""15:00:00"";""GO"";60;181","7;""ABADIA DE GOIAS"";""Não"";""Fenômenos da Natureza"";1;""Saída de leito carroçável"";""Com Vítimas Feridas"";""Pleno dia"";""Decrescente"";""Chuva"";""Dupla"";""Não Informado"";""Não"";466288;""Automóvel"";""FIAT/UNO WAY 1.4"";2012;""Passageiro"";""Lesões Leves"";23;""Masculino"";0;1;0;0;-16",7709;-49,"4844;""SR-GO"";""DEL1/1"";""UOP02/GO"""
"261382;583468;2020-01-07;""terça"";""15:00:00"";""GO"";60;181","7;""ABADIA DE GOIAS"";""Não"";""Fenômenos da Natureza"";1;""Saída de leito carroçável"";""Com Vítimas Feridas"";""Pleno dia"";""Decrescente"";""Chuva"";""Dupla"";""Não Informado"";""Não"";466288;""Automóvel"";""FIAT/UNO WAY 1.4"";2012;""Condutor"";""Lesões Leves"";23;""Masculino"";0;1;0;0;-16",7709;-49,"4844;""SR-GO"";""DEL1/1"";""UOP02/GO"""
"261383;582759;2020-01-07;""terça"";""17:05:00"";""PE"";101;60","9;""RECIFE"";""Sim"";""Desobediência às normas de trânsito pelo condutor"";1;""Colisão lateral"";""Com Vítimas Feridas"";""Pleno dia"";""Crescente"";""Nublado"";""Dupla"";""Curva"";""Sim"";466371;""Motocicleta"";""HONDA/XR 250 TORNADO"";2005;""Passageiro"";""Lesões Leves"";40;""Masculino"";0;1;0;0;-7",98344307;-34,"93176727;""SR-PE"";""DEL11/1"";""UOP02/PE"""
"261383;581976;2020-01-07;""terça"";""17:05:00"";""PE"";101;60","9;""RECIFE"";""Sim"";""Desobediência às normas de trânsito pelo condutor"";1;""Colisão lateral"";""Com Vítimas Feridas"";""Pleno dia"";""Crescente"";""Nublado"";""Dupla"";""Curva"";""Sim"";466371;""Motocicleta"";""HONDA/XR 250 TORNADO"";2005;""Condutor"";""Lesões Leves"";43;""Masculino"";0;1;0;0;-7",98344307;-34,"93176727;""SR-PE"";""DEL11/1"";""UOP02/PE"""
"261383;581975;2020-01-07;""terça"";""17:05:00"";""PE"";101;60","9;""RECIFE"";""Sim"";""Desobediência às normas de trânsito pelo condutor"";1;""Colisão lateral"";""Com Vítimas Feridas"";""Pleno dia"";""Crescente"";""Nublado"";""Dupla"";""Curva"";""Sim"";466370;""Caminhão"";""M.BENZ/ATEGO 2425"";2011;""Condutor"";""Ileso"";32;""Masculino"";1;0;0;0;-7",98344307;-34,"93176727;""SR-PE"";""DEL11/1"";""UOP02/PE"""
"261383;581974;2020-01-07;""terça"";""17:05:00"";""PE"";101;60","9;""RECIFE"";""Sim"";""Desobediência às normas de trânsito pelo condutor"";1;""Colisão lateral"";""Com Vítimas Feridas"";""Pleno dia"";""Crescente"";""Nublado"";""Dupla"";""Curva"";""Sim"";466369;""Caminhão"";""VW/17.180 EURO3 WORKER"";2011;""Condutor"";""Ileso"";46;""Masculino"";1;0;0;0;-7",98344307;-34,"93176727;""SR-PE"";""DEL11/1"";""UOP02/PE"""
"261385;581871;2020-01-07;""terça"";""13:20:00"";""BA"";330;860","3;""BARRA DO ROCHA"";""Sim"";""Falta de Atenção à Condução"";1;""Colisão frontal"";""Com Vítimas Feridas"";""Pleno dia"";""Crescente"";""Céu Claro"";""Simples"";""Reta"";""Não"";466323;""Automóvel"";""FIAT/UNO WAY 1.0"";2011;""Condutor"";""Lesões Leves"";29;""Masculino"";0;1;0;0;-14",21016824;-39,"5784928;""SR-BA"";""DEL10/5"";""UOP01/BA"""
"261385;581870;2020-01-07;""terça"";""13:20:00"";""BA"";330;860","3;""BARRA DO ROCHA"";""Sim"";""Falta de Atenção à Condução"";1;""Colisão frontal"";""Com Vítimas Feridas"";""Pleno dia"";""Crescente"";""Céu Claro"";""Simples"";""Reta"";""Não"";466322;""Automóvel"";""I/PEUGEOT 207HB XR"";2012;""Condutor"";""Ileso"";29;""Masculino"";1;0;0;0;-14",21016824;-39,"5784928;""SR-BA"";""DEL10/5"";""UOP01/BA"""
"261386;583591;2020-01-07;""terça"";""15:30:00"";""SC"";280;57","9;""GUARAMIRIM"";""Sim"";""Falta de Atenção à Condução"";1;""Colisão transversal"";""Com Vítimas Feridas"";""Pleno dia"";""Decrescente"";""Céu Claro"";""Simples"";""Reta"";""Sim"";466421;""Motoneta"";""HONDA/BIZ 125 MAIS"";2010;""Condutor"";""Ileso"";33;""Masculino"";1;0;0;0;-26",47433775;-49,"02116776;""SR-SC"";""DEL8/3"";""UOP03/SC"""
"261386;583590;2020-01-07;""terça"";""15:30:00"";""SC"";280;57","9;""GUARAMIRIM"";""Sim"";""Falta de Atenção à Condução"";1;""Colisão transversal"";""Com Vítimas Feridas"";""Pleno dia"";""Decrescente"";""Céu Claro"";""Simples"";""Reta"";""Sim"";466420;""Motocicleta"";""HONDA/CB 250F TWISTER"";2016;""Passageiro"";""Lesões Leves"";19;""Feminino"";0;1;0;0;-26",47433775;-49,"02116776;""SR-SC"";""DEL8/3"";""UOP03/SC"""
"261386;583589;2020-01-07;""terça"";""15:30:00"";""SC"";280;57","9;""GUARAMIRIM"";""Sim"";""Falta de Atenção à Condução"";1;""Colisão transversal"";""Com Vítimas Feridas"";""Pleno dia"";""Decrescente"";""Céu Claro"";""Simples"";""Reta"";""Sim"";466420;""Motocicleta"";""HONDA/CB 250F TWISTER"";2016;""Condutor"";""Ileso"";21;""Masculino"";1;0;0;0;-26",47433775;-49,"02116776;""SR-SC"";""DEL8/3"";""UOP03/SC"""
"261388;581799;2020-01-07;""terça"";""08:30:00"";""SC"";280;28;""ARAQUARI"";""Sim"";""Falta de Atenção à Condução"";1;""Colisão transversal"";""Com Vítimas Feridas"";""Pleno dia"";""Crescente"";""Céu Claro"";""Simples"";""Reta"";""Não"";466295;""Automóvel"";""FIAT/SIENA 1.0 FLEX"";NA;""Condutor"";""Ileso"";NA;""Masculino"";1;0;0;0;-26",40450077;-48,"74561031;""SR-SC"";""DEL8/3"";""UOP03/SC""",
"261388;581802;2020-01-07;""terça"";""08:30:00"";""SC"";280;28;""ARAQUARI"";""Sim"";""Falta de Atenção à Condução"";1;""Colisão transversal"";""Com Vítimas Feridas"";""Pleno dia"";""Crescente"";""Céu Claro"";""Simples"";""Reta"";""Não"";466294;""Bicicleta"";"""";NA;""Condutor"";""Lesões Leves"";21;""Masculino"";0;1;0;0;-26",40450077;-48,"74561031;""SR-SC"";""DEL8/3"";""UOP03/SC""",
"261389;NA;2020-01-07;""terça"";""15:50:00"";""BA"";242;797;""BARREIRAS"";""Sim"";""Mal Súbito"";1;""Colisão frontal"";""Com Vítimas Fatais"";""Pleno dia"";""Decrescente"";""Céu Claro"";""Simples"";""Reta"";""Não"";466422;""Semireboque"";""SR/RODOTECNICA SRT TQ2"";2006;""Não Informado"";""Não Informado"";NA;""Não Informado"";0;0;0;0;-12",16482771;-44,"8590841;""SR-BA"";""DEL10/10"";""UOP01/BA""",
"261389;NA;2020-01-07;""terça"";""15:50:00"";""BA"";242;797;""BARREIRAS"";""Sim"";""Mal Súbito"";1;""Colisão frontal"";""Com Vítimas Fatais"";""Pleno dia"";""Decrescente"";""Céu Claro"";""Simples"";""Reta"";""Não"";466425;""Semireboque"";""SR/RODOTECNICA SRT TQ2"";2006;""Não Informado"";""Não Informado"";NA;""Não Informado"";0;0;0;0;-12",16482771;-44,"8590841;""SR-BA"";""DEL10/10"";""UOP01/BA""",
"261389;582651;2020-01-07;""terça"";""15:50:00"";""BA"";242;797;""BARREIRAS"";""Sim"";""Mal Súbito"";1;""Colisão frontal"";""Com Vítimas Fatais"";""Pleno dia"";""Decrescente"";""Céu Claro"";""Simples"";""Reta"";""Não"";466405;""Caminhão-trator"";""VOLVO/FH 540 6X4T"";2012;""Condutor"";""Lesões Graves"";51;""Masculino"";0;0;1;0;-12",16482771;-44,"8590841;""SR-BA"";""DEL10/10"";""UOP01/BA""",
"261389;581918;2020-01-07;""terça"";""15:50:00"";""BA"";242;797;""BARREIRAS"";""Sim"";""Mal Súbito"";1;""Colisão frontal"";""Com Vítimas Fatais"";""Pleno dia"";""Decrescente"";""Céu Claro"";""Simples"";""Reta"";""Não"";466404;""Camioneta"";""RENAULT/DUSTER 16 D 4X2"";2014;""Condutor"";""Óbito"";55;""Masculino"";0;0;0;1;-12",16482771;-44,"8590841;""SR-BA"";""DEL10/10"";""UOP01/BA""",
"261390;581807;2020-01-07;""terça"";""15:30:00"";""MG"";262;38","9;""MANHUACU"";""Sim"";""Ultrapassagem Indevida"";1;""Colisão transversal"";""Com Vítimas Feridas"";""Pleno dia"";""Decrescente"";""Nublado"";""Simples"";""Reta"";""Não"";466297;""Automóvel"";""RENAULT/SANDERO ST16 SCE"";2018;""Condutor"";""Ileso"";44;""Masculino"";1;0;0;0;-20",26305859;-42,"03684948;""SR-MG"";""DEL4/6"";""UOP04/MG"""
"261390;581808;2020-01-07;""terça"";""15:30:00"";""MG"";262;38","9;""MANHUACU"";""Sim"";""Ultrapassagem Indevida"";1;""Colisão transversal"";""Com Vítimas Feridas"";""Pleno dia"";""Decrescente"";""Nublado"";""Simples"";""Reta"";""Não"";466296;""Motocicleta"";""YAMAHA/XTZ250 TENERE"";2011;""Condutor"";""Lesões Leves"";30;""Masculino"";0;1;0;0;-20",26305859;-42,"03684948;""SR-MG"";""DEL4/6"";""UOP04/MG"""
"261391;583583;2020-01-07;""terça"";""16:50:00"";""PR"";116;126;""FAZENDA RIO GRANDE"";""Sim"";""Falta de Atenção à Condução"";1;""Colisão traseira"";""Com Vítimas Feridas"";""Pleno dia"";""Decrescente"";""Chuva"";""Dupla"";""Reta"";""Sim"";466293;""Caminhão"";""M.BENZ/L 708 E"";1988;""Condutor"";""Ileso"";24;""Masculino"";1;0;0;0;-25",60389895;-49,"31824423;""SR-PR"";""DEL7/1"";""UOP03/PR""",
"261391;583585;2020-01-07;""terça"";""16:50:00"";""PR"";116;126;""FAZENDA RIO GRANDE"";""Sim"";""Falta de Atenção à Condução"";1;""Colisão traseira"";""Com Vítimas Feridas"";""Pleno dia"";""Decrescente"";""Chuva"";""Dupla"";""Reta"";""Sim"";467569;""Motocicleta"";""HONDA/CG 150 TITAN KS"";2008;""Condutor"";""Lesões Leves"";28;""Masculino"";0;1;0;0;-25",60389895;-49,"31824423;""SR-PR"";""DEL7/1"";""UOP03/PR""",
"261392;581829;2020-01-07;""terça"";""17:00:00"";""CE"";304;53","2;""ARACATI"";""Sim"";""Falta de Atenção à Condução"";1;""Colisão lateral"";""Com Vítimas Feridas"";""Pleno dia"";""Decrescente"";""Céu Claro"";""Simples"";""Interseção de vias"";""Não"";466321;""Motocicleta"";""HONDA/NXR150 BROS ESD"";2007;""Condutor"";""Ileso"";37;""Masculino"";1;0;0;0;-4",57402355;-37,"73636121;""SR-CE"";""DEL16/3"";""UOP03/CE"""
"261392;583667;2020-01-07;""terça"";""17:00:00"";""CE"";304;53","2;""ARACATI"";""Sim"";""Falta de Atenção à Condução"";1;""Colisão lateral"";""Com Vítimas Feridas"";""Pleno dia"";""Decrescente"";""Céu Claro"";""Simples"";""Interseção de vias"";""Não"";466300;""Motocicleta"";""HONDA/NXR160 BROS ESDD"";2019;""Passageiro"";""Ileso"";NA;""Masculino"";1;0;0;0;-4",57402355;-37,"73636121;""SR-CE"";""DEL16/3"";""UOP03/CE"""
"261392;581827;2020-01-07;""terça"";""17:00:00"";""CE"";304;53","2;""ARACATI"";""Sim"";""Falta de Atenção à Condução"";1;""Colisão lateral"";""Com Vítimas Feridas"";""Pleno dia"";""Decrescente"";""Céu Claro"";""Simples"";""Interseção de vias"";""Não"";466300;""Motocicleta"";""HONDA/NXR160 BROS ESDD"";2019;""Condutor"";""Lesões Leves"";40;""Masculino"";0;1;0;0;-4",57402355;-37,"73636121;""SR-CE"";""DEL16/3"";""UOP03/CE"""
"261393;583724;2020-01-07;""terça"";""16:20:00"";""PI"";316;32;""DEMERVAL LOBAO"";""Sim"";""Ingestão de Álcool"";1;""Saída de leito carroçável"";""Com Vítimas Feridas"";""Pleno dia"";""Decrescente"";""Céu Claro"";""Simples"";""Reta"";""Sim"";466381;""Automóvel"";""I/GM CORSA SUPER"";2001;""Passageiro"";""Lesões Leves"";37;""Masculino"";0;1;0;0;-5",34217984;-42,"68627493;""SR-PI"";""DEL17/1"";""UOP02/PI""",
"261393;583723;2020-01-07;""terça"";""16:20:00"";""PI"";316;32;""DEMERVAL LOBAO"";""Sim"";""Ingestão de Álcool"";1;""Saída de leito carroçável"";""Com Vítimas Feridas"";""Pleno dia"";""Decrescente"";""Céu Claro"";""Simples"";""Reta"";""Sim"";466381;""Automóvel"";""I/GM CORSA SUPER"";2001;""Condutor"";""Ileso"";28;""Masculino"";1;0;0;0;-5",34217984;-42,"68627493;""SR-PI"";""DEL17/1"";""UOP02/PI""",
"261394;NA;2020-01-07;""terça"";""17:40:00"";""TO"";153;249","2;""COLINAS DO TOCANTINS"";""Sim"";""Velocidade Incompatível"";1;""Tombamento"";""Com Vítimas Feridas"";""Pleno dia"";""Crescente"";""Céu Claro"";""Múltipla"";""Curva"";""Sim"";467566;""Semireboque"";""SR/RANDON SR CA"";2019;""Não Informado"";""Não Informado"";NA;""Não Informado"";0;0;0;0;-8",07095104;-48,"46698244;""SR-TO"";""UOP03/TO"";"""""
"261394;NA;2020-01-07;""terça"";""17:40:00"";""TO"";153;249","2;""COLINAS DO TOCANTINS"";""Sim"";""Velocidade Incompatível"";1;""Tombamento"";""Com Vítimas Feridas"";""Pleno dia"";""Crescente"";""Céu Claro"";""Múltipla"";""Curva"";""Sim"";467565;""Reboque"";""R/RANDON RE DL"";2019;""Não Informado"";""Não Informado"";NA;""Não Informado"";0;0;0;0;-8",07095104;-48,"46698244;""SR-TO"";""UOP03/TO"";"""""
"261394;583586;2020-01-07;""terça"";""17:40:00"";""TO"";153;249","2;""COLINAS DO TOCANTINS"";""Sim"";""Velocidade Incompatível"";1;""Tombamento"";""Com Vítimas Feridas"";""Pleno dia"";""Crescente"";""Céu Claro"";""Múltipla"";""Curva"";""Sim"";466351;""Caminhão-trator"";""VOLVO/FH 540 6X4T"";2014;""Passageiro"";""Lesões Leves"";40;""Feminino"";0;1;0;0;-8",07095104;-48,"46698244;""SR-TO"";""UOP03/TO"";"""""
"261394;583579;2020-01-07;""terça"";""17:40:00"";""TO"";153;249","2;""COLINAS DO TOCANTINS"";""Sim"";""Velocidade Incompatível"";1;""Tombamento"";""Com Vítimas Feridas"";""Pleno dia"";""Crescente"";""Céu Claro"";""Múltipla"";""Curva"";""Sim"";466351;""Caminhão-trator"";""VOLVO/FH 540 6X4T"";2014;""Condutor"";""Ileso"";33;""Masculino"";1;0;0;0;-8",07095104;-48,"46698244;""SR-TO"";""UOP03/TO"";"""""
"261394;NA;2020-01-07;""terça"";""17:40:00"";""TO"";153;249","2;""COLINAS DO TOCANTINS"";""Sim"";""Velocidade Incompatível"";1;""Tombamento"";""Com Vítimas Feridas"";""Pleno dia"";""Crescente"";""Céu Claro"";""Múltipla"";""Curva"";""Sim"";467559;""Semireboque"";""SR/RANDON SR CA"";2019;""Não Informado"";""Não Informado"";NA;""Não Informado"";0;0;0;0;-8",07095104;-48,"46698244;""SR-TO"";""UOP03/TO"";"""""
"261395;581844;2020-01-07;""terça"";""18:25:00"";""SP"";116;387","9;""MIRACATU"";""Sim"";""Falta de Atenção à Condução"";1;""Colisão traseira"";""Com Vítimas Feridas"";""Pleno dia"";""Decrescente"";""Nublado"";""Dupla"";""Reta"";""Sim"";466339;""Automóvel"";""VW/FOX 1.0"";2008;""Condutor"";""Ileso"";32;""Masculino"";1;0;0;0;-24",26558971;-47,"38858809;""SR-SP"";""DEL6/4"";""UOP03/SP"""
"261395;581843;2020-01-07;""terça"";""18:25:00"";""SP"";116;387","9;""MIRACATU"";""Sim"";""Falta de Atenção à Condução"";1;""Colisão traseira"";""Com Vítimas Feridas"";""Pleno dia"";""Decrescente"";""Nublado"";""Dupla"";""Reta"";""Sim"";466338;""Motocicleta"";""HONDA/NXR150 BROS ES"";2005;""Condutor"";""Lesões Graves"";57;""Feminino"";0;0;1;0;-24",26558971;-47,"38858809;""SR-SP"";""DEL6/4"";""UOP03/SP"""
"261396;583556;2020-01-07;""terça"";""18:40:00"";""PE"";101;42","7;""IGARASSU"";""Sim"";""Agressão Externa"";1;""Saída de leito carroçável"";""Com Vítimas Feridas"";""Plena Noite"";""Decrescente"";""Céu Claro"";""Múltipla"";""Reta"";""Sim"";466344;""Automóvel"";""FIAT/UNO WAY 1.0"";2011;""Passageiro"";""Lesões Leves"";23;""Masculino"";0;1;0;0;-7",83887431;-34,"91196739;""SR-PE"";""DEL11/1"";""UOP02/PE"""
"261396;583552;2020-01-07;""terça"";""18:40:00"";""PE"";101;42","7;""IGARASSU"";""Sim"";""Agressão Externa"";1;""Saída de leito carroçável"";""Com Vítimas Feridas"";""Plena Noite"";""Decrescente"";""Céu Claro"";""Múltipla"";""Reta"";""Sim"";466344;""Automóvel"";""FIAT/UNO WAY 1.0"";2011;""Passageiro"";""Lesões Leves"";19;""Feminino"";0;1;0;0;-7",83887431;-34,"91196739;""SR-PE"";""DEL11/1"";""UOP02/PE"""