"id;""pesid"";""data_inversa"";""dia_semana"";""horario"";""uf"";""br"";""km"";""municipio"";""causa_principal"";""causa_acidente"";""ordem_tipo_acidente"";""tipo_acidente"";""classificacao_acidente"";""fase_dia"";""sentido_via"";""condicao_metereologica"";""tipo_pista"";""tracado_via"";""uso_solo"";""id_veiculo"";""tipo_veiculo"";""marca"";""ano_fabricacao_veiculo"";""tipo_envolvido"";""estado_fisico"";""idade"";""sexo"";""ilesos"";""feridos_leves"";""feridos_graves"";""mortos"";""latitude"";""longitude"";""regional"";""delegacia"";""uop""",,,
"261396;583550;2020-01-07;""terça"";""18:40:00"";""PE"";101;42","7;""IGARASSU"";""Sim"";""Agressão Externa"";1;""Saída de leito carroçável"";""Com Vítimas Feridas"";""Plena Noite"";""Decrescente"";""Céu Claro"";""Múltipla"";""Reta"";""Sim"";466344;""Automóvel"";""FIAT/UNO WAY 1.0"";2011;""Passageiro"";""Lesões Leves"";22;""Feminino"";0;1;0;0;-7",83887431;-34,"91196739;""SR-PE"";""DEL11/1"";""UOP02/PE"""
"261396;583547;2020-01-07;""terça"";""18:40:00"";""PE"";101;42","7;""IGARASSU"";""Sim"";""Agressão Externa"";1;""Saída de leito carroçável"";""Com Vítimas Feridas"";""Plena Noite"";""Decrescente"";""Céu Claro"";""Múltipla"";""Reta"";""Sim"";466344;""Automóvel"";""FIAT/UNO WAY 1.0"";2011;""Condutor"";""Lesões Leves"";57;""Feminino"";0;1;0;0;-7",83887431;-34,"91196739;""SR-PE"";""DEL11/1"";""UOP02/PE"""
"261397;583755;2020-01-07;""terça"";""16:55:00"";""PR"";376;474","8;""PONTA GROSSA"";""Sim"";""Velocidade Incompatível"";2;""Colisão com objeto estático"";""Com Vítimas Feridas"";""Pleno dia"";""Decrescente"";""Garoa/Chuvisco"";""Dupla"";""Curva"";""Não"";466316;""Automóvel"";""CHEV/PRISMA 1.0MT LT"";2015;""Passageiro"";""Lesões Graves"";22;""Feminino"";0;0;1;0;-25",04786596;-50,"23557994;""SR-PR"";""DEL7/3"";""UOP01/PR"""
"261397;583745;2020-01-07;""terça"";""16:55:00"";""PR"";376;474","8;""PONTA GROSSA"";""Sim"";""Velocidade Incompatível"";2;""Colisão com objeto estático"";""Com Vítimas Feridas"";""Pleno dia"";""Decrescente"";""Garoa/Chuvisco"";""Dupla"";""Curva"";""Não"";466316;""Automóvel"";""CHEV/PRISMA 1.0MT LT"";2015;""Condutor"";""Ileso"";29;""Masculino"";1;0;0;0;-25",04786596;-50,"23557994;""SR-PR"";""DEL7/3"";""UOP01/PR"""
"261397;583755;2020-01-07;""terça"";""16:55:00"";""PR"";376;474","8;""PONTA GROSSA"";""Sim"";""Velocidade Incompatível"";1;""Saída de leito carroçável"";""Com Vítimas Feridas"";""Pleno dia"";""Decrescente"";""Garoa/Chuvisco"";""Dupla"";""Curva"";""Não"";466316;""Automóvel"";""CHEV/PRISMA 1.0MT LT"";2015;""Passageiro"";""Lesões Graves"";22;""Feminino"";0;0;1;0;-25",04786596;-50,"23557994;""SR-PR"";""DEL7/3"";""UOP01/PR"""
"261397;583745;2020-01-07;""terça"";""16:55:00"";""PR"";376;474","8;""PONTA GROSSA"";""Sim"";""Velocidade Incompatível"";1;""Saída de leito carroçável"";""Com Vítimas Feridas"";""Pleno dia"";""Decrescente"";""Garoa/Chuvisco"";""Dupla"";""Curva"";""Não"";466316;""Automóvel"";""CHEV/PRISMA 1.0MT LT"";2015;""Condutor"";""Ileso"";29;""Masculino"";1;0;0;0;-25",04786596;-50,"23557994;""SR-PR"";""DEL7/3"";""UOP01/PR"""
"261398;581823;2020-01-07;""terça"";""17:00:00"";""BA"";101;814","1;""ITAMARAJU"";""Sim"";""Ultrapassagem Indevida"";1;""Colisão com objeto estático"";""Sem Vítimas"";""Pleno dia"";""Decrescente"";""Céu Claro"";""Simples"";""Reta"";""Não"";466304;""Caminhão"";""M.BENZ/914C RHINUS 900"";2003;""Condutor"";""Ileso"";49;""Masculino"";1;0;0;0;-17",06425919;-39,"55544561;""SR-BA"";""DEL10/9"";""UOP01/BA"""
"261398;581819;2020-01-07;""terça"";""17:00:00"";""BA"";101;814","1;""ITAMARAJU"";""Sim"";""Ultrapassagem Indevida"";1;""Colisão com objeto estático"";""Sem Vítimas"";""Pleno dia"";""Decrescente"";""Céu Claro"";""Simples"";""Reta"";""Não"";466303;""Caminhão"";""FORD/CARGO 816 S"";2012;""Condutor"";""Ileso"";37;""Masculino"";1;0;0;0;-17",06425919;-39,"55544561;""SR-BA"";""DEL10/9"";""UOP01/BA"""
"261399;583436;2020-01-07;""terça"";""19:20:00"";""PB"";230;7","5;""CABEDELO"";""Sim"";""Falta de Atenção à Condução"";1;""Colisão lateral"";""Com Vítimas Feridas"";""Plena Noite"";""Crescente"";""Céu Claro"";""Múltipla"";""Não Informado"";""Sim"";466327;""Bicicleta"";"""";NA;""Condutor"";""Lesões Leves"";36;""Masculino"";0;1;0;0;-7",026;-34,"8385;""SR-PB"";""DEL14/1"";""UOP01/PB"""
"261399;582299;2020-01-07;""terça"";""19:20:00"";""PB"";230;7","5;""CABEDELO"";""Sim"";""Falta de Atenção à Condução"";1;""Colisão lateral"";""Com Vítimas Feridas"";""Plena Noite"";""Crescente"";""Céu Claro"";""Múltipla"";""Não Informado"";""Sim"";466326;""Automóvel"";"""";NA;""Condutor"";""Não Informado"";NA;""Não Informado"";0;0;0;0;-7",026;-34,"8385;""SR-PB"";""DEL14/1"";""UOP01/PB"""
"261400;NA;2020-01-07;""terça"";""13:45:00"";""PR"";376;323;""ORTIGUEIRA"";""Sim"";""Carga excessiva e/ou mal acondicionada"";1;""Tombamento"";""Com Vítimas Feridas"";""Pleno dia"";""Crescente"";""Chuva"";""Simples"";""Curva"";""Não"";466317;""Semireboque"";""SR/RANDON SR CA"";2012;""Não Informado"";""Não Informado"";NA;""Não Informado"";0;0;0;0;-24",07453985;-51,"0583234;""SR-PR"";""DEL7/7"";""UOP02/PR""",
"261400;NA;2020-01-07;""terça"";""13:45:00"";""PR"";376;323;""ORTIGUEIRA"";""Sim"";""Carga excessiva e/ou mal acondicionada"";1;""Tombamento"";""Com Vítimas Feridas"";""Pleno dia"";""Crescente"";""Chuva"";""Simples"";""Curva"";""Não"";466318;""Semireboque"";""SR/RANDON SR CA"";2012;""Não Informado"";""Não Informado"";NA;""Não Informado"";0;0;0;0;-24",07453985;-51,"0583234;""SR-PR"";""DEL7/7"";""UOP02/PR""",
"261400;581820;2020-01-07;""terça"";""13:45:00"";""PR"";376;323;""ORTIGUEIRA"";""Sim"";""Carga excessiva e/ou mal acondicionada"";1;""Tombamento"";""Com Vítimas Feridas"";""Pleno dia"";""Crescente"";""Chuva"";""Simples"";""Curva"";""Não"";466312;""Caminhão-trator"";""SCANIA/G 420 A6X2"";2009;""Passageiro"";""Lesões Leves"";12;""Masculino"";0;1;0;0;-24",07453985;-51,"0583234;""SR-PR"";""DEL7/7"";""UOP02/PR""",
"261400;581818;2020-01-07;""terça"";""13:45:00"";""PR"";376;323;""ORTIGUEIRA"";""Sim"";""Carga excessiva e/ou mal acondicionada"";1;""Tombamento"";""Com Vítimas Feridas"";""Pleno dia"";""Crescente"";""Chuva"";""Simples"";""Curva"";""Não"";466312;""Caminhão-trator"";""SCANIA/G 420 A6X2"";2009;""Condutor"";""Ileso"";39;""Masculino"";1;0;0;0;-24",07453985;-51,"0583234;""SR-PR"";""DEL7/7"";""UOP02/PR""",
"261400;NA;2020-01-07;""terça"";""13:45:00"";""PR"";376;323;""ORTIGUEIRA"";""Não"";""Velocidade Incompatível"";1;""Tombamento"";""Com Vítimas Feridas"";""Pleno dia"";""Crescente"";""Chuva"";""Simples"";""Curva"";""Não"";466317;""Semireboque"";""SR/RANDON SR CA"";2012;""Não Informado"";""Não Informado"";NA;""Não Informado"";0;0;0;0;-24",07453985;-51,"0583234;""SR-PR"";""DEL7/7"";""UOP02/PR""",
"261400;NA;2020-01-07;""terça"";""13:45:00"";""PR"";376;323;""ORTIGUEIRA"";""Não"";""Velocidade Incompatível"";1;""Tombamento"";""Com Vítimas Feridas"";""Pleno dia"";""Crescente"";""Chuva"";""Simples"";""Curva"";""Não"";466318;""Semireboque"";""SR/RANDON SR CA"";2012;""Não Informado"";""Não Informado"";NA;""Não Informado"";0;0;0;0;-24",07453985;-51,"0583234;""SR-PR"";""DEL7/7"";""UOP02/PR""",
"261400;581820;2020-01-07;""terça"";""13:45:00"";""PR"";376;323;""ORTIGUEIRA"";""Não"";""Velocidade Incompatível"";1;""Tombamento"";""Com Vítimas Feridas"";""Pleno dia"";""Crescente"";""Chuva"";""Simples"";""Curva"";""Não"";466312;""Caminhão-trator"";""SCANIA/G 420 A6X2"";2009;""Passageiro"";""Lesões Leves"";12;""Masculino"";0;1;0;0;-24",07453985;-51,"0583234;""SR-PR"";""DEL7/7"";""UOP02/PR""",
"261400;581818;2020-01-07;""terça"";""13:45:00"";""PR"";376;323;""ORTIGUEIRA"";""Não"";""Velocidade Incompatível"";1;""Tombamento"";""Com Vítimas Feridas"";""Pleno dia"";""Crescente"";""Chuva"";""Simples"";""Curva"";""Não"";466312;""Caminhão-trator"";""SCANIA/G 420 A6X2"";2009;""Condutor"";""Ileso"";39;""Masculino"";1;0;0;0;-24",07453985;-51,"0583234;""SR-PR"";""DEL7/7"";""UOP02/PR""",
"261401;584794;2020-01-07;""terça"";""20:00:00"";""RJ"";116;271;""BARRA MANSA"";""Sim"";""Defeito Mecânico no Veículo"";1;""Incêndio"";""Sem Vítimas"";""Plena Noite"";""Decrescente"";""Nublado"";""Simples"";""Curva"";""Sim"";466332;""Micro-ônibus"";""VW/KOMBI LOTAÇÃO"";2008;""Condutor"";""Ileso"";32;""Masculino"";1;0;0;0;-22",560883;-44,"12224;""SR-RJ"";""DEL5/7"";""UOP02/RJ""",
"261402;583554;2020-01-07;""terça"";""19:05:00"";""RN"";304;47","9;""MOSSORO"";""Sim"";""Desobediência às normas de trânsito pelo condutor"";2;""Colisão transversal"";""Com Vítimas Feridas"";""Plena Noite"";""Decrescente"";""Céu Claro"";""Dupla"";""Reta"";""Sim"";466376;""Automóvel"";""CHEVROLET/ONIX 10MT JOYE"";2018;""Condutor"";""Ileso"";42;""Masculino"";1;0;0;0;-5",22827243;-37,"32201576;""SR-RN"";""DEL15/4"";""UOP01/RN"""
"261402;583551;2020-01-07;""terça"";""19:05:00"";""RN"";304;47","9;""MOSSORO"";""Sim"";""Desobediência às normas de trânsito pelo condutor"";2;""Colisão transversal"";""Com Vítimas Feridas"";""Plena Noite"";""Decrescente"";""Céu Claro"";""Dupla"";""Reta"";""Sim"";466375;""Motocicleta"";""HONDA/CG 125 FAN"";2006;""Condutor"";""Lesões Leves"";18;""Masculino"";0;1;0;0;-5",22827243;-37,"32201576;""SR-RN"";""DEL15/4"";""UOP01/RN"""
"261402;583558;2020-01-07;""terça"";""19:05:00"";""RN"";304;47","9;""MOSSORO"";""Sim"";""Desobediência às normas de trânsito pelo condutor"";2;""Colisão transversal"";""Com Vítimas Feridas"";""Plena Noite"";""Decrescente"";""Céu Claro"";""Dupla"";""Reta"";""Sim"";466377;""Bicicleta"";"""";NA;""Condutor"";""Não Informado"";NA;""Não Informado"";0;0;0;0;-5",22827243;-37,"32201576;""SR-RN"";""DEL15/4"";""UOP01/RN"""
"261402;583554;2020-01-07;""terça"";""19:05:00"";""RN"";304;47","9;""MOSSORO"";""Sim"";""Desobediência às normas de trânsito pelo condutor"";1;""Colisão transversal"";""Com Vítimas Feridas"";""Plena Noite"";""Decrescente"";""Céu Claro"";""Dupla"";""Reta"";""Sim"";466376;""Automóvel"";""CHEVROLET/ONIX 10MT JOYE"";2018;""Condutor"";""Ileso"";42;""Masculino"";1;0;0;0;-5",22827243;-37,"32201576;""SR-RN"";""DEL15/4"";""UOP01/RN"""
"261402;583551;2020-01-07;""terça"";""19:05:00"";""RN"";304;47","9;""MOSSORO"";""Sim"";""Desobediência às normas de trânsito pelo condutor"";1;""Colisão transversal"";""Com Vítimas Feridas"";""Plena Noite"";""Decrescente"";""Céu Claro"";""Dupla"";""Reta"";""Sim"";466375;""Motocicleta"";""HONDA/CG 125 FAN"";2006;""Condutor"";""Lesões Leves"";18;""Masculino"";0;1;0;0;-5",22827243;-37,"32201576;""SR-RN"";""DEL15/4"";""UOP01/RN"""
"261402;583558;2020-01-07;""terça"";""19:05:00"";""RN"";304;47","9;""MOSSORO"";""Sim"";""Desobediência às normas de trânsito pelo condutor"";1;""Colisão transversal"";""Com Vítimas Feridas"";""Plena Noite"";""Decrescente"";""Céu Claro"";""Dupla"";""Reta"";""Sim"";466377;""Bicicleta"";"""";NA;""Condutor"";""Não Informado"";NA;""Não Informado"";0;0;0;0;-5",22827243;-37,"32201576;""SR-RN"";""DEL15/4"";""UOP01/RN"""
"261403;NA;2020-01-07;""terça"";""22:40:00"";""MS"";163;152;""JUTI"";""Sim"";""Animais na Pista"";1;""Atropelamento de Animal"";""Sem Vítimas"";""Plena Noite"";""Decrescente"";""Céu Claro"";""Simples"";""Reta"";""Não"";467233;""Semireboque"";""SR/RANDON SR CA"";1998;""Não Informado"";""Não Informado"";NA;""Não Informado"";0;0;0;0;-22",95404592;-54,"44580396;""SR-MS"";""DEL3/09"";""UOP01/MS""",
"261403;583202;2020-01-07;""terça"";""22:40:00"";""MS"";163;152;""JUTI"";""Sim"";""Animais na Pista"";1;""Atropelamento de Animal"";""Sem Vítimas"";""Plena Noite"";""Decrescente"";""Céu Claro"";""Simples"";""Reta"";""Não"";466352;""Caminhão-trator"";""SCANIA/T113 H 4X2 360"";1995;""Condutor"";""Ileso"";76;""Masculino"";1;0;0;0;-22",95404592;-54,"44580396;""SR-MS"";""DEL3/09"";""UOP01/MS""",
"261404;583641;2020-01-07;""terça"";""19:10:00"";""PR"";376;652;""TIJUCAS DO SUL"";""Sim"";""Velocidade Incompatível"";1;""Capotamento"";""Com Vítimas Feridas"";""Anoitecer"";""Crescente"";""Chuva"";""Dupla"";""Não Informado"";""Não"";466333;""Automóvel"";""TOYOTA/COROLLA XEI20FLEX"";2014;""Condutor"";""Lesões Leves"";61;""Masculino"";0;1;0;0;-25",84238484;-49,"05760288;""SR-PR"";""DEL7/1"";""UOP08/PR""",
"261405;583914;2020-01-07;""terça"";""22:00:00"";""SP"";116;519;""CAJATI"";""Sim"";""Falta de Atenção à Condução"";1;""Atropelamento de Pedestre"";""Com Vítimas Fatais"";""Plena Noite"";""Crescente"";""Garoa/Chuvisco"";""Dupla"";""Reta"";""Não"";466403;""Caminhão"";""IVECO/TECTOR 240E25"";2010;""Pedestre"";""Óbito"";73;""Masculino"";0;0;0;1;-24",88932071;-48,"23326417;""SR-SP"";""DEL6/5"";""UOP03/SP""",
"261405;583913;2020-01-07;""terça"";""22:00:00"";""SP"";116;519;""CAJATI"";""Sim"";""Falta de Atenção à Condução"";1;""Atropelamento de Pedestre"";""Com Vítimas Fatais"";""Plena Noite"";""Crescente"";""Garoa/Chuvisco"";""Dupla"";""Reta"";""Não"";466403;""Caminhão"";""IVECO/TECTOR 240E25"";2010;""Condutor"";""Ileso"";40;""Masculino"";1;0;0;0;-24",88932071;-48,"23326417;""SR-SP"";""DEL6/5"";""UOP03/SP""",
"261407;583885;2020-01-07;""terça"";""22:35:00"";""RN"";406;125;""POCO BRANCO"";""Sim"";""Animais na Pista"";1;""Atropelamento de Animal"";""Com Vítimas Feridas"";""Plena Noite"";""Crescente"";""Céu Claro"";""Simples"";""Reta"";""Não"";466394;""Motocicleta"";""HONDA/CG 150 TITAN EX"";2014;""Condutor"";""Lesões Leves"";33;""Masculino"";0;1;0;0;-5",59707991;-35,"62449997;""SR-RN"";""DEL15/2"";""UOP01/RN""",
"261408;583000;2020-01-07;""terça"";""23:40:00"";""RN"";406;110","8;""POCO BRANCO"";""Sim"";""Animais na Pista"";1;""Capotamento"";""Com Vítimas Feridas"";""Plena Noite"";""Decrescente"";""Nublado"";""Simples"";""Reta"";""Não"";466384;""Automóvel"";""RENAULT/SANDERO AUT1016V"";2010;""Passageiro"";""Lesões Leves"";NA;""Feminino"";0;1;0;0;-5",55679765;-35,"75381389;""SR-RN"";""DEL15/2"";""UOP01/RN"""
"261408;583001;2020-01-07;""terça"";""23:40:00"";""RN"";406;110","8;""POCO BRANCO"";""Sim"";""Animais na Pista"";1;""Capotamento"";""Com Vítimas Feridas"";""Plena Noite"";""Decrescente"";""Nublado"";""Simples"";""Reta"";""Não"";466384;""Automóvel"";""RENAULT/SANDERO AUT1016V"";2010;""Passageiro"";""Ileso"";NA;""Masculino"";1;0;0;0;-5",55679765;-35,"75381389;""SR-RN"";""DEL15/2"";""UOP01/RN"""
"261408;582999;2020-01-07;""terça"";""23:40:00"";""RN"";406;110","8;""POCO BRANCO"";""Sim"";""Animais na Pista"";1;""Capotamento"";""Com Vítimas Feridas"";""Plena Noite"";""Decrescente"";""Nublado"";""Simples"";""Reta"";""Não"";466384;""Automóvel"";""RENAULT/SANDERO AUT1016V"";2010;""Passageiro"";""Ileso"";34;""Masculino"";1;0;0;0;-5",55679765;-35,"75381389;""SR-RN"";""DEL15/2"";""UOP01/RN"""
"261408;582997;2020-01-07;""terça"";""23:40:00"";""RN"";406;110","8;""POCO BRANCO"";""Sim"";""Animais na Pista"";1;""Capotamento"";""Com Vítimas Feridas"";""Plena Noite"";""Decrescente"";""Nublado"";""Simples"";""Reta"";""Não"";466384;""Automóvel"";""RENAULT/SANDERO AUT1016V"";2010;""Condutor"";""Ileso"";41;""Feminino"";1;0;0;0;-5",55679765;-35,"75381389;""SR-RN"";""DEL15/2"";""UOP01/RN"""
"261409;583722;2020-01-08;""quarta"";""00:15:00"";""TO"";153;334","2;""GUARAI"";""Sim"";""Falta de Atenção à Condução"";1;""Atropelamento de Pedestre"";""Com Vítimas Feridas"";""Plena Noite"";""Crescente"";""Nublado"";""Simples"";""Reta"";""Sim"";466493;""Camioneta"";""VW/SAVEIRO CL"";1990;""Pedestre"";""Lesões Leves"";60;""Masculino"";0;1;0;0;-8",837718;-48,"51170897;""SR-TO"";""UOP03/TO"";"""""
"261409;583713;2020-01-08;""quarta"";""00:15:00"";""TO"";153;334","2;""GUARAI"";""Sim"";""Falta de Atenção à Condução"";1;""Atropelamento de Pedestre"";""Com Vítimas Feridas"";""Plena Noite"";""Crescente"";""Nublado"";""Simples"";""Reta"";""Sim"";466493;""Camioneta"";""VW/SAVEIRO CL"";1990;""Condutor"";""Ileso"";NA;""Masculino"";1;0;0;0;-8",837718;-48,"51170897;""SR-TO"";""UOP03/TO"";"""""
"261411;583650;2020-01-07;""terça"";""20:20:00"";""MG"";262;501","3;""LUZ"";""Sim"";""Ultrapassagem Indevida"";1;""Colisão frontal"";""Com Vítimas Feridas"";""Plena Noite"";""Decrescente"";""Céu Claro"";""Simples"";""Ponte"";""Não"";466341;""Automóvel"";""FIAT/LINEA ABSOLUTE DUAL"";2010;""Passageiro"";""Lesões Graves"";7;""Feminino"";0;0;1;0;-19",78308703;-45,"446426;""SR-MG"";""DEL4/8"";""UOP03/MG"""
"261411;583652;2020-01-07;""terça"";""20:20:00"";""MG"";262;501","3;""LUZ"";""Sim"";""Ultrapassagem Indevida"";1;""Colisão frontal"";""Com Vítimas Feridas"";""Plena Noite"";""Decrescente"";""Céu Claro"";""Simples"";""Ponte"";""Não"";466341;""Automóvel"";""FIAT/LINEA ABSOLUTE DUAL"";2010;""Passageiro"";""Lesões Leves"";50;""Masculino"";0;1;0;0;-19",78308703;-45,"446426;""SR-MG"";""DEL4/8"";""UOP03/MG"""
"261411;583651;2020-01-07;""terça"";""20:20:00"";""MG"";262;501","3;""LUZ"";""Sim"";""Ultrapassagem Indevida"";1;""Colisão frontal"";""Com Vítimas Feridas"";""Plena Noite"";""Decrescente"";""Céu Claro"";""Simples"";""Ponte"";""Não"";466341;""Automóvel"";""FIAT/LINEA ABSOLUTE DUAL"";2010;""Passageiro"";""Lesões Graves"";14;""Masculino"";0;0;1;0;-19",78308703;-45,"446426;""SR-MG"";""DEL4/8"";""UOP03/MG"""
"261411;583646;2020-01-07;""terça"";""20:20:00"";""MG"";262;501","3;""LUZ"";""Sim"";""Ultrapassagem Indevida"";1;""Colisão frontal"";""Com Vítimas Feridas"";""Plena Noite"";""Decrescente"";""Céu Claro"";""Simples"";""Ponte"";""Não"";466341;""Automóvel"";""FIAT/LINEA ABSOLUTE DUAL"";2010;""Passageiro"";""Lesões Graves"";40;""Feminino"";0;0;1;0;-19",78308703;-45,"446426;""SR-MG"";""DEL4/8"";""UOP03/MG"""
"261411;583605;2020-01-07;""terça"";""20:20:00"";""MG"";262;501","3;""LUZ"";""Sim"";""Ultrapassagem Indevida"";1;""Colisão frontal"";""Com Vítimas Feridas"";""Plena Noite"";""Decrescente"";""Céu Claro"";""Simples"";""Ponte"";""Não"";466341;""Automóvel"";""FIAT/LINEA ABSOLUTE DUAL"";2010;""Condutor"";""Lesões Leves"";23;""Masculino"";0;1;0;0;-19",78308703;-45,"446426;""SR-MG"";""DEL4/8"";""UOP03/MG"""
"261411;583660;2020-01-07;""terça"";""20:20:00"";""MG"";262;501","3;""LUZ"";""Sim"";""Ultrapassagem Indevida"";1;""Colisão frontal"";""Com Vítimas Feridas"";""Plena Noite"";""Decrescente"";""Céu Claro"";""Simples"";""Ponte"";""Não"";466342;""Automóvel"";""FORD/KA"";1997;""Passageiro"";""Lesões Graves"";44;""Feminino"";0;0;1;0;-19",78308703;-45,"446426;""SR-MG"";""DEL4/8"";""UOP03/MG"""
"261411;583654;2020-01-07;""terça"";""20:20:00"";""MG"";262;501","3;""LUZ"";""Sim"";""Ultrapassagem Indevida"";1;""Colisão frontal"";""Com Vítimas Feridas"";""Plena Noite"";""Decrescente"";""Céu Claro"";""Simples"";""Ponte"";""Não"";466342;""Automóvel"";""FORD/KA"";1997;""Passageiro"";""Lesões Graves"";19;""Masculino"";0;0;1;0;-19",78308703;-45,"446426;""SR-MG"";""DEL4/8"";""UOP03/MG"""
"261411;583612;2020-01-07;""terça"";""20:20:00"";""MG"";262;501","3;""LUZ"";""Sim"";""Ultrapassagem Indevida"";1;""Colisão frontal"";""Com Vítimas Feridas"";""Plena Noite"";""Decrescente"";""Céu Claro"";""Simples"";""Ponte"";""Não"";466342;""Automóvel"";""FORD/KA"";1997;""Condutor"";""Lesões Graves"";43;""Masculino"";0;0;1;0;-19",78308703;-45,"446426;""SR-MG"";""DEL4/8"";""UOP03/MG"""
"261412;583530;2020-01-07;""terça"";""23:40:00"";""RS"";290;89;""PORTO ALEGRE"";""Sim"";""Falta de Atenção à Condução"";2;""Capotamento"";""Com Vítimas Feridas"";""Pleno dia"";""Decrescente"";""Céu Claro"";""Simples"";""Reta"";""Sim"";466386;""Automóvel"";""HONDA/FIT LXL FLEX"";2010;""Condutor"";""Lesões Graves"";40;""Masculino"";0;0;1;0;-29",967892;-51,"147331;""SR-RS"";""DEL9/1"";""UOP01/RS""",
"261412;583530;2020-01-07;""terça"";""23:40:00"";""RS"";290;89;""PORTO ALEGRE"";""Sim"";""Falta de Atenção à Condução"";1;""Saída de leito carroçável"";""Com Vítimas Feridas"";""Pleno dia"";""Decrescente"";""Céu Claro"";""Simples"";""Reta"";""Sim"";466386;""Automóvel"";""HONDA/FIT LXL FLEX"";2010;""Condutor"";""Lesões Graves"";40;""Masculino"";0;0;1;0;-29",967892;-51,"147331;""SR-RS"";""DEL9/1"";""UOP01/RS""",
"261414;581858;2020-01-07;""terça"";""23:47:00"";""SC"";101;162;""TIJUCAS"";""Sim"";""Desobediência às normas de trânsito pelo condutor"";1;""Colisão traseira"";""Sem Vítimas"";""Plena Noite"";""Decrescente"";""Nublado"";""Simples"";""Reta"";""Sim"";466348;""Utilitário"";""CHEV/TRAILBLAZER LT D4A"";2017;""Condutor"";""Ileso"";42;""Masculino"";1;0;0;0;-27",22554009;-48,"6279367;""SR-SC"";""DEL8/4"";""UOP03/SC""",
"261414;581860;2020-01-07;""terça"";""23:47:00"";""SC"";101;162;""TIJUCAS"";""Sim"";""Desobediência às normas de trânsito pelo condutor"";1;""Colisão traseira"";""Sem Vítimas"";""Plena Noite"";""Decrescente"";""Nublado"";""Simples"";""Reta"";""Sim"";466349;""Automóvel"";""VW/CROSSFOX"";2008;""Condutor"";""Ileso"";29;""Masculino"";1;0;0;0;-27",22554009;-48,"6279367;""SR-SC"";""DEL8/4"";""UOP03/SC""",
"261415;583661;2020-01-07;""terça"";""18:30:00"";""RO"";364;396;""OURO PRETO DO OESTE"";""Sim"";""Defeito Mecânico no Veículo"";2;""Capotamento"";""Com Vítimas Feridas"";""Anoitecer"";""Crescente"";""Nublado"";""Simples"";""Desvio Temporário"";""Não"";466350;""Caminhão"";""M.BENZ/L 1620"";2009;""Condutor"";""Lesões Leves"";35;""Masculino"";0;1;0;0;-10",63143201;-62,"32007001;""SR-RO"";""DEL21/3"";""UOP02/RO""",
"261415;583661;2020-01-07;""terça"";""18:30:00"";""RO"";364;396;""OURO PRETO DO OESTE"";""Sim"";""Defeito Mecânico no Veículo"";1;""Saída de leito carroçável"";""Com Vítimas Feridas"";""Anoitecer"";""Crescente"";""Nublado"";""Simples"";""Desvio Temporário"";""Não"";466350;""Caminhão"";""M.BENZ/L 1620"";2009;""Condutor"";""Lesões Leves"";35;""Masculino"";0;1;0;0;-10",63143201;-62,"32007001;""SR-RO"";""DEL21/3"";""UOP02/RO""",
"261416;583503;2020-01-07;""terça"";""16:35:00"";""MG"";365;87;""JEQUITAI"";""Sim"";""Condutor Dormindo"";2;""Saída de leito carroçável"";""Sem Vítimas"";""Pleno dia"";""Decrescente"";""Nublado"";""Simples"";""Reta"";""Não"";466378;""Caminhão"";""M.BENZ/L 1113"";1978;""Condutor"";""Ileso"";47;""Masculino"";1;0;0;0;-17",18107982;-44,"42673633;""SR-MG"";""DEL4/12"";""UOP01/MG""",
"261416;583503;2020-01-07;""terça"";""16:35:00"";""MG"";365;87;""JEQUITAI"";""Sim"";""Condutor Dormindo"";3;""Tombamento"";""Sem Vítimas"";""Pleno dia"";""Decrescente"";""Nublado"";""Simples"";""Reta"";""Não"";466378;""Caminhão"";""M.BENZ/L 1113"";1978;""Condutor"";""Ileso"";47;""Masculino"";1;0;0;0;-17",18107982;-44,"42673633;""SR-MG"";""DEL4/12"";""UOP01/MG""",
"261416;583503;2020-01-07;""terça"";""16:35:00"";""MG"";365;87;""JEQUITAI"";""Sim"";""Condutor Dormindo"";1;""Colisão com objeto estático"";""Sem Vítimas"";""Pleno dia"";""Decrescente"";""Nublado"";""Simples"";""Reta"";""Não"";466378;""Caminhão"";""M.BENZ/L 1113"";1978;""Condutor"";""Ileso"";47;""Masculino"";1;0;0;0;-17",18107982;-44,"42673633;""SR-MG"";""DEL4/12"";""UOP01/MG""",
"261417;581880;2020-01-07;""terça"";""19:30:00"";""PB"";412;53","5;""SAO JOAO DO CARIRI"";""Sim"";""Falta de Atenção à Condução"";2;""Capotamento"";""Com Vítimas Fatais"";""Plena Noite"";""Decrescente"";""Chuva"";""Simples"";""Não Informado"";""Não"";466353;""Caminhonete"";""CHEVROLET/S10 LT DD2A"";2014;""Passageiro"";""Lesões Graves"";7;""Feminino"";0;0;1;0;-7",36929;-36,"51078;""SR-PB"";""DEL14/2"";""UOP02/PB"""