"id;""pesid"";""data_inversa"";""dia_semana"";""horario"";""uf"";""br"";""km"";""municipio"";""causa_principal"";""causa_acidente"";""ordem_tipo_acidente"";""tipo_acidente"";""classificacao_acidente"";""fase_dia"";""sentido_via"";""condicao_metereologica"";""tipo_pista"";""tracado_via"";""uso_solo"";""id_veiculo"";""tipo_veiculo"";""marca"";""ano_fabricacao_veiculo"";""tipo_envolvido"";""estado_fisico"";""idade"";""sexo"";""ilesos"";""feridos_leves"";""feridos_graves"";""mortos"";""latitude"";""longitude"";""regional"";""delegacia"";""uop""",,,
"261447;585611;2020-01-07;""terça"";""15:50:00"";""GO"";452;41","8;""SANTA HELENA DE GOIAS"";""Sim"";""Desobediência às normas de trânsito pelo condutor"";1;""Colisão transversal"";""Com Vítimas Feridas"";""Pleno dia"";""Crescente"";""Céu Claro"";""Simples"";""Reta"";""Não"";466410;""Utilitário"";""CHEV/TRAILBLAZER LT D4A"";2016;""Condutor"";""Lesões Leves"";66;""Masculino"";0;1;0;0;-17",93128483;-50,"5500735;""SR-GO"";""DEL1/4"";""UOP01/GO"""
"261447;585612;2020-01-07;""terça"";""15:50:00"";""GO"";452;41","8;""SANTA HELENA DE GOIAS"";""Sim"";""Desobediência às normas de trânsito pelo condutor"";2;""Capotamento"";""Com Vítimas Feridas"";""Pleno dia"";""Crescente"";""Céu Claro"";""Simples"";""Reta"";""Não"";466411;""Caminhonete"";""I/TOYOTA HILUX CD4X2 SRV"";2007;""Condutor"";""Ileso"";67;""Masculino"";1;0;0;0;-17",93128483;-50,"5500735;""SR-GO"";""DEL1/4"";""UOP01/GO"""
"261447;585611;2020-01-07;""terça"";""15:50:00"";""GO"";452;41","8;""SANTA HELENA DE GOIAS"";""Sim"";""Desobediência às normas de trânsito pelo condutor"";2;""Capotamento"";""Com Vítimas Feridas"";""Pleno dia"";""Crescente"";""Céu Claro"";""Simples"";""Reta"";""Não"";466410;""Utilitário"";""CHEV/TRAILBLAZER LT D4A"";2016;""Condutor"";""Lesões Leves"";66;""Masculino"";0;1;0;0;-17",93128483;-50,"5500735;""SR-GO"";""DEL1/4"";""UOP01/GO"""
"261448;584251;2020-01-07;""terça"";""16:53:00"";""PR"";277;199","1;""PALMEIRA"";""Sim"";""Velocidade Incompatível"";1;""Saída de leito carroçável"";""Com Vítimas Feridas"";""Pleno dia"";""Crescente"";""Chuva"";""Simples"";""Curva"";""Não"";468104;""Automóvel"";""I/VW SPACEFOX SPORT.GII"";2010;""Passageiro"";""Ileso"";35;""Feminino"";1;0;0;0;-25",4498143;-50,"19419485;""SR-PR"";""DEL7/3"";""UOP04/PR"""
"261448;584249;2020-01-07;""terça"";""16:53:00"";""PR"";277;199","1;""PALMEIRA"";""Sim"";""Velocidade Incompatível"";1;""Saída de leito carroçável"";""Com Vítimas Feridas"";""Pleno dia"";""Crescente"";""Chuva"";""Simples"";""Curva"";""Não"";468104;""Automóvel"";""I/VW SPACEFOX SPORT.GII"";2010;""Condutor"";""Ileso"";36;""Masculino"";1;0;0;0;-25",4498143;-50,"19419485;""SR-PR"";""DEL7/3"";""UOP04/PR"""
"261448;584246;2020-01-07;""terça"";""16:53:00"";""PR"";277;199","1;""PALMEIRA"";""Sim"";""Velocidade Incompatível"";1;""Saída de leito carroçável"";""Com Vítimas Feridas"";""Pleno dia"";""Crescente"";""Chuva"";""Simples"";""Curva"";""Não"";466412;""Automóvel"";""FIAT/SIENA ESSENCE 1.6"";2017;""Passageiro"";""Lesões Graves"";24;""Masculino"";0;0;1;0;-25",4498143;-50,"19419485;""SR-PR"";""DEL7/3"";""UOP04/PR"""
"261448;584245;2020-01-07;""terça"";""16:53:00"";""PR"";277;199","1;""PALMEIRA"";""Sim"";""Velocidade Incompatível"";1;""Saída de leito carroçável"";""Com Vítimas Feridas"";""Pleno dia"";""Crescente"";""Chuva"";""Simples"";""Curva"";""Não"";466412;""Automóvel"";""FIAT/SIENA ESSENCE 1.6"";2017;""Condutor"";""Lesões Leves"";23;""Masculino"";0;1;0;0;-25",4498143;-50,"19419485;""SR-PR"";""DEL7/3"";""UOP04/PR"""
"261449;585666;2020-01-07;""terça"";""22:50:00"";""GO"";452;44;""SANTA HELENA DE GOIAS"";""Sim"";""Falta de Atenção à Condução"";1;""Saída de leito carroçável"";""Com Vítimas Feridas"";""Plena Noite"";""Crescente"";""Céu Claro"";""Simples"";""Reta"";""Não"";466414;""Automóvel"";""HYUNDAI/CRETA 16A PULSE"";2017;""Passageiro"";""Lesões Leves"";45;""Feminino"";0;1;0;0;-17",94149766;-50,"52585886;""SR-GO"";""DEL1/4"";""UOP01/GO""",
"261449;585665;2020-01-07;""terça"";""22:50:00"";""GO"";452;44;""SANTA HELENA DE GOIAS"";""Sim"";""Falta de Atenção à Condução"";1;""Saída de leito carroçável"";""Com Vítimas Feridas"";""Plena Noite"";""Crescente"";""Céu Claro"";""Simples"";""Reta"";""Não"";466414;""Automóvel"";""HYUNDAI/CRETA 16A PULSE"";2017;""Condutor"";""Lesões Leves"";62;""Masculino"";0;1;0;0;-17",94149766;-50,"52585886;""SR-GO"";""DEL1/4"";""UOP01/GO""",
"261449;585666;2020-01-07;""terça"";""22:50:00"";""GO"";452;44;""SANTA HELENA DE GOIAS"";""Sim"";""Falta de Atenção à Condução"";2;""Capotamento"";""Com Vítimas Feridas"";""Plena Noite"";""Crescente"";""Céu Claro"";""Simples"";""Reta"";""Não"";466414;""Automóvel"";""HYUNDAI/CRETA 16A PULSE"";2017;""Passageiro"";""Lesões Leves"";45;""Feminino"";0;1;0;0;-17",94149766;-50,"52585886;""SR-GO"";""DEL1/4"";""UOP01/GO""",
"261449;585665;2020-01-07;""terça"";""22:50:00"";""GO"";452;44;""SANTA HELENA DE GOIAS"";""Sim"";""Falta de Atenção à Condução"";2;""Capotamento"";""Com Vítimas Feridas"";""Plena Noite"";""Crescente"";""Céu Claro"";""Simples"";""Reta"";""Não"";466414;""Automóvel"";""HYUNDAI/CRETA 16A PULSE"";2017;""Condutor"";""Lesões Leves"";62;""Masculino"";0;1;0;0;-17",94149766;-50,"52585886;""SR-GO"";""DEL1/4"";""UOP01/GO""",
"261450;584237;2020-01-08;""quarta"";""07:25:00"";""GO"";40;4","9;""VALPARAISO DE GOIAS"";""Sim"";""Falta de Atenção à Condução"";1;""Colisão lateral"";""Com Vítimas Feridas"";""Pleno dia"";""Decrescente"";""Céu Claro"";""Dupla"";""Reta"";""Sim"";466734;""Motoneta"";""YAMAHA/NEO AT115"";2011;""Condutor"";""Lesões Leves"";37;""Feminino"";0;1;0;0;-16",085241;-47,"986752;""SR-DF"";""UOP01/DF"";"""""
"261450;584235;2020-01-08;""quarta"";""07:25:00"";""GO"";40;4","9;""VALPARAISO DE GOIAS"";""Sim"";""Falta de Atenção à Condução"";1;""Colisão lateral"";""Com Vítimas Feridas"";""Pleno dia"";""Decrescente"";""Céu Claro"";""Dupla"";""Reta"";""Sim"";466733;""Automóvel"";""FIAT/UNO ATTRACTIVE 1.0"";2014;""Condutor"";""Ileso"";40;""Feminino"";1;0;0;0;-16",085241;-47,"986752;""SR-DF"";""UOP01/DF"";"""""
"261451;582067;2020-01-08;""quarta"";""07:30:00"";""PB"";230;19;""JOAO PESSOA"";""Sim"";""Objeto estático sobre o leito carroçável"";1;""Colisão com objeto estático"";""Com Vítimas Feridas"";""Pleno dia"";""Decrescente"";""Céu Claro"";""Dupla"";""Reta"";""Não"";466494;""Motocicleta"";""HONDA/CG 160 START"";2019;""Passageiro"";""Lesões Leves"";47;""Feminino"";0;1;0;0;-7",1281;-34,"8466;""SR-PB"";""DEL14/1"";""UOP01/PB""",
"261451;582063;2020-01-08;""quarta"";""07:30:00"";""PB"";230;19;""JOAO PESSOA"";""Sim"";""Objeto estático sobre o leito carroçável"";1;""Colisão com objeto estático"";""Com Vítimas Feridas"";""Pleno dia"";""Decrescente"";""Céu Claro"";""Dupla"";""Reta"";""Não"";466494;""Motocicleta"";""HONDA/CG 160 START"";2019;""Condutor"";""Lesões Leves"";46;""Masculino"";0;1;0;0;-7",1281;-34,"8466;""SR-PB"";""DEL14/1"";""UOP01/PB""",
"261452;585568;2020-01-08;""quarta"";""02:40:00"";""BA"";101;398;""IBIRAPITANGA"";""Sim"";""Agressão Externa"";1;""Saída de leito carroçável"";""Sem Vítimas"";""Plena Noite"";""Decrescente"";""Céu Claro"";""Simples"";""Curva"";""Não"";466428;""Automóvel"";""VW/GOL 1.0L MC4"";2018;""Condutor"";""Ileso"";51;""Masculino"";1;0;0;0;-14",07899378;-39,"38422488;""SR-BA"";""DEL10/5"";""UOP03/BA""",
"261454;582222;2020-01-08;""quarta"";""08:00:00"";""SC"";101;214;""PALHOCA"";""Sim"";""Falta de Atenção à Condução"";2;""Tombamento"";""Com Vítimas Feridas"";""Pleno dia"";""Decrescente"";""Nublado"";""Dupla"";""Reta"";""Sim"";466615;""Automóvel"";"""";NA;""Condutor"";""Ileso"";NA;""Ignorado"";1;0;0;0;-27",64443;-48,"67057;""SR-SC"";""DEL8/1"";""UOP02/SC""",
"261454;582221;2020-01-08;""quarta"";""08:00:00"";""SC"";101;214;""PALHOCA"";""Sim"";""Falta de Atenção à Condução"";2;""Tombamento"";""Com Vítimas Feridas"";""Pleno dia"";""Decrescente"";""Nublado"";""Dupla"";""Reta"";""Sim"";466426;""Motocicleta"";""HONDA/CG 150 TITAN ESD"";2008;""Passageiro"";""Lesões Leves"";32;""Feminino"";0;1;0;0;-27",64443;-48,"67057;""SR-SC"";""DEL8/1"";""UOP02/SC""",
"261454;582220;2020-01-08;""quarta"";""08:00:00"";""SC"";101;214;""PALHOCA"";""Sim"";""Falta de Atenção à Condução"";2;""Tombamento"";""Com Vítimas Feridas"";""Pleno dia"";""Decrescente"";""Nublado"";""Dupla"";""Reta"";""Sim"";466426;""Motocicleta"";""HONDA/CG 150 TITAN ESD"";2008;""Condutor"";""Lesões Leves"";35;""Masculino"";0;1;0;0;-27",64443;-48,"67057;""SR-SC"";""DEL8/1"";""UOP02/SC""",
"261454;582222;2020-01-08;""quarta"";""08:00:00"";""SC"";101;214;""PALHOCA"";""Sim"";""Falta de Atenção à Condução"";1;""Colisão lateral"";""Com Vítimas Feridas"";""Pleno dia"";""Decrescente"";""Nublado"";""Dupla"";""Reta"";""Sim"";466615;""Automóvel"";"""";NA;""Condutor"";""Ileso"";NA;""Ignorado"";1;0;0;0;-27",64443;-48,"67057;""SR-SC"";""DEL8/1"";""UOP02/SC""",
"261454;582221;2020-01-08;""quarta"";""08:00:00"";""SC"";101;214;""PALHOCA"";""Sim"";""Falta de Atenção à Condução"";1;""Colisão lateral"";""Com Vítimas Feridas"";""Pleno dia"";""Decrescente"";""Nublado"";""Dupla"";""Reta"";""Sim"";466426;""Motocicleta"";""HONDA/CG 150 TITAN ESD"";2008;""Passageiro"";""Lesões Leves"";32;""Feminino"";0;1;0;0;-27",64443;-48,"67057;""SR-SC"";""DEL8/1"";""UOP02/SC""",
"261454;582220;2020-01-08;""quarta"";""08:00:00"";""SC"";101;214;""PALHOCA"";""Sim"";""Falta de Atenção à Condução"";1;""Colisão lateral"";""Com Vítimas Feridas"";""Pleno dia"";""Decrescente"";""Nublado"";""Dupla"";""Reta"";""Sim"";466426;""Motocicleta"";""HONDA/CG 150 TITAN ESD"";2008;""Condutor"";""Lesões Leves"";35;""Masculino"";0;1;0;0;-27",64443;-48,"67057;""SR-SC"";""DEL8/1"";""UOP02/SC""",
"261455;582445;2020-01-08;""quarta"";""07:45:00"";""SP"";153;61","8;""SAO JOSE DO RIO PRETO"";""Sim"";""Não guardar distância de segurança"";1;""Colisão traseira"";""Com Vítimas Feridas"";""Pleno dia"";""Crescente"";""Sol"";""Dupla"";""Desvio Temporário"";""Sim"";466488;""Motocicleta"";""HONDA/CG150 FAN ESDI"";2014;""Condutor"";""Lesões Graves"";28;""Masculino"";0;0;1;0;-20",80502876;-49,"35574909;""SR-SP"";""DEL6/9"";""UOP01/SP"""
"261455;582444;2020-01-08;""quarta"";""07:45:00"";""SP"";153;61","8;""SAO JOSE DO RIO PRETO"";""Sim"";""Não guardar distância de segurança"";1;""Colisão traseira"";""Com Vítimas Feridas"";""Pleno dia"";""Crescente"";""Sol"";""Dupla"";""Desvio Temporário"";""Sim"";466488;""Motocicleta"";""HONDA/CG150 FAN ESDI"";2014;""Passageiro"";""Lesões Leves"";28;""Masculino"";0;1;0;0;-20",80502876;-49,"35574909;""SR-SP"";""DEL6/9"";""UOP01/SP"""
"261455;582446;2020-01-08;""quarta"";""07:45:00"";""SP"";153;61","8;""SAO JOSE DO RIO PRETO"";""Sim"";""Não guardar distância de segurança"";1;""Colisão traseira"";""Com Vítimas Feridas"";""Pleno dia"";""Crescente"";""Sol"";""Dupla"";""Desvio Temporário"";""Sim"";466487;""Motocicleta"";""HONDA/CG 150 TITAN EX"";2014;""Condutor"";""Lesões Graves"";25;""Masculino"";0;0;1;0;-20",80502876;-49,"35574909;""SR-SP"";""DEL6/9"";""UOP01/SP"""
"261455;582084;2020-01-08;""quarta"";""07:45:00"";""SP"";153;61","8;""SAO JOSE DO RIO PRETO"";""Sim"";""Não guardar distância de segurança"";1;""Colisão traseira"";""Com Vítimas Feridas"";""Pleno dia"";""Crescente"";""Sol"";""Dupla"";""Desvio Temporário"";""Sim"";466486;""Automóvel"";""FIAT/UNO MILLE WAY ECON"";2011;""Condutor"";""Ileso"";26;""Feminino"";1;0;0;0;-20",80502876;-49,"35574909;""SR-SP"";""DEL6/9"";""UOP01/SP"""
"261456;581999;2020-01-08;""quarta"";""08:00:00"";""PR"";376;135;""NOVA ESPERANCA"";""Sim"";""Desobediência às normas de trânsito pelo pedestre"";1;""Atropelamento de Pedestre"";""Com Vítimas Feridas"";""Plena Noite"";""Decrescente"";""Nublado"";""Dupla"";""Reta"";""Sim"";466460;""Caminhão-trator"";""IVECO/STRALIS 600S44T"";2018;""Pedestre"";""Lesões Graves"";64;""Masculino"";0;0;1;0;-23",19376465;-52,"20397621;""SR-PR"";""DEL7/7"";""UOP05/PR""",
"261456;581994;2020-01-08;""quarta"";""08:00:00"";""PR"";376;135;""NOVA ESPERANCA"";""Sim"";""Desobediência às normas de trânsito pelo pedestre"";1;""Atropelamento de Pedestre"";""Com Vítimas Feridas"";""Plena Noite"";""Decrescente"";""Nublado"";""Dupla"";""Reta"";""Sim"";466460;""Caminhão-trator"";""IVECO/STRALIS 600S44T"";2018;""Condutor"";""Ileso"";22;""Masculino"";1;0;0;0;-23",19376465;-52,"20397621;""SR-PR"";""DEL7/7"";""UOP05/PR""",
"261456;581999;2020-01-08;""quarta"";""08:00:00"";""PR"";376;135;""NOVA ESPERANCA"";""Sim"";""Desobediência às normas de trânsito pelo pedestre"";1;""Atropelamento de Pedestre"";""Com Vítimas Feridas"";""Plena Noite"";""Decrescente"";""Nublado"";""Dupla"";""Reta"";""Sim"";466463;""Semireboque"";""SR/LIBRELATO CACAENCR 3E"";2016;""Pedestre"";""Lesões Graves"";64;""Masculino"";0;0;1;0;-23",19376465;-52,"20397621;""SR-PR"";""DEL7/7"";""UOP05/PR""",
"261457;582654;2020-01-08;""quarta"";""07:00:00"";""RS"";158;565","5;""SANTANA DO LIVRAMENTO"";""Sim"";""Falta de Atenção à Condução"";1;""Colisão lateral"";""Sem Vítimas"";""Pleno dia"";""Decrescente"";""Céu Claro"";""Simples"";""Interseção de vias"";""Sim"";466435;""Automóvel"";""FIAT/UNO MILLE WAY ECON"";2012;""Condutor"";""Ileso"";45;""Masculino"";1;0;0;0;-30",868536;-55,"50789;""SR-RS"";""DEL9/11"";""UOP01/RS"""
"261457;582650;2020-01-08;""quarta"";""07:00:00"";""RS"";158;565","5;""SANTANA DO LIVRAMENTO"";""Sim"";""Falta de Atenção à Condução"";1;""Colisão lateral"";""Sem Vítimas"";""Pleno dia"";""Decrescente"";""Céu Claro"";""Simples"";""Interseção de vias"";""Sim"";466434;""Automóvel"";""FIAT/PALIO WEEKEND"";1997;""Condutor"";""Ileso"";60;""Masculino"";1;0;0;0;-30",868536;-55,"50789;""SR-RS"";""DEL9/11"";""UOP01/RS"""
"261458;582480;2020-01-08;""quarta"";""07:15:00"";""MS"";463;1","8;""DOURADOS"";""Sim"";""Ingestão de Álcool"";1;""Colisão traseira"";""Com Vítimas Feridas"";""Pleno dia"";""Crescente"";""Sol"";""Simples"";""Reta"";""Sim"";466462;""Automóvel"";""FIAT/PALIO FIRE FLEX"";2005;""Passageiro"";""Lesões Leves"";NA;""Masculino"";0;1;0;0;-22",259064;-54,"8137;""SR-MS"";""DEL3/4"";""UOP01/MS"""
"261458;582478;2020-01-08;""quarta"";""07:15:00"";""MS"";463;1","8;""DOURADOS"";""Sim"";""Ingestão de Álcool"";1;""Colisão traseira"";""Com Vítimas Feridas"";""Pleno dia"";""Crescente"";""Sol"";""Simples"";""Reta"";""Sim"";466462;""Automóvel"";""FIAT/PALIO FIRE FLEX"";2005;""Condutor"";""Ileso"";31;""Masculino"";1;0;0;0;-22",259064;-54,"8137;""SR-MS"";""DEL3/4"";""UOP01/MS"""
"261458;582477;2020-01-08;""quarta"";""07:15:00"";""MS"";463;1","8;""DOURADOS"";""Sim"";""Ingestão de Álcool"";1;""Colisão traseira"";""Com Vítimas Feridas"";""Pleno dia"";""Crescente"";""Sol"";""Simples"";""Reta"";""Sim"";466461;""Caminhonete"";""I/FORD RANGER LTD 13P"";2011;""Passageiro"";""Ileso"";33;""Feminino"";1;0;0;0;-22",259064;-54,"8137;""SR-MS"";""DEL3/4"";""UOP01/MS"""
"261458;582476;2020-01-08;""quarta"";""07:15:00"";""MS"";463;1","8;""DOURADOS"";""Sim"";""Ingestão de Álcool"";1;""Colisão traseira"";""Com Vítimas Feridas"";""Pleno dia"";""Crescente"";""Sol"";""Simples"";""Reta"";""Sim"";466461;""Caminhonete"";""I/FORD RANGER LTD 13P"";2011;""Passageiro"";""Ileso"";31;""Feminino"";1;0;0;0;-22",259064;-54,"8137;""SR-MS"";""DEL3/4"";""UOP01/MS"""
"261458;582475;2020-01-08;""quarta"";""07:15:00"";""MS"";463;1","8;""DOURADOS"";""Sim"";""Ingestão de Álcool"";1;""Colisão traseira"";""Com Vítimas Feridas"";""Pleno dia"";""Crescente"";""Sol"";""Simples"";""Reta"";""Sim"";466461;""Caminhonete"";""I/FORD RANGER LTD 13P"";2011;""Passageiro"";""Ileso"";49;""Feminino"";1;0;0;0;-22",259064;-54,"8137;""SR-MS"";""DEL3/4"";""UOP01/MS"""
"261458;582474;2020-01-08;""quarta"";""07:15:00"";""MS"";463;1","8;""DOURADOS"";""Sim"";""Ingestão de Álcool"";1;""Colisão traseira"";""Com Vítimas Feridas"";""Pleno dia"";""Crescente"";""Sol"";""Simples"";""Reta"";""Sim"";466461;""Caminhonete"";""I/FORD RANGER LTD 13P"";2011;""Passageiro"";""Ileso"";52;""Feminino"";1;0;0;0;-22",259064;-54,"8137;""SR-MS"";""DEL3/4"";""UOP01/MS"""
"261458;582473;2020-01-08;""quarta"";""07:15:00"";""MS"";463;1","8;""DOURADOS"";""Sim"";""Ingestão de Álcool"";1;""Colisão traseira"";""Com Vítimas Feridas"";""Pleno dia"";""Crescente"";""Sol"";""Simples"";""Reta"";""Sim"";466461;""Caminhonete"";""I/FORD RANGER LTD 13P"";2011;""Condutor"";""Ileso"";36;""Masculino"";1;0;0;0;-22",259064;-54,"8137;""SR-MS"";""DEL3/4"";""UOP01/MS"""
"261459;585970;2020-01-08;""quarta"";""08:00:00"";""PE"";104;66","8;""CARUARU"";""Sim"";""Não guardar distância de segurança"";1;""Colisão traseira"";""Com Vítimas Feridas"";""Pleno dia"";""Crescente"";""Céu Claro"";""Dupla"";""Reta"";""Sim"";466450;""Motoneta"";""HONDA/BIZ 125 ES"";2012;""Condutor"";""Lesões Leves"";31;""Masculino"";0;1;0;0;-8",29384148;-35,"98637223;""SR-PE"";""DEL11/2"";""UOP01/PE"""
"261459;585969;2020-01-08;""quarta"";""08:00:00"";""PE"";104;66","8;""CARUARU"";""Sim"";""Não guardar distância de segurança"";1;""Colisão traseira"";""Com Vítimas Feridas"";""Pleno dia"";""Crescente"";""Céu Claro"";""Dupla"";""Reta"";""Sim"";466449;""Automóvel"";""FIAT/PALIO SPORTING 1.6"";2015;""Condutor"";""Ileso"";54;""Masculino"";1;0;0;0;-8",29384148;-35,"98637223;""SR-PE"";""DEL11/2"";""UOP01/PE"""
"261459;585970;2020-01-08;""quarta"";""08:00:00"";""PE"";104;66","8;""CARUARU"";""Sim"";""Não guardar distância de segurança"";2;""Tombamento"";""Com Vítimas Feridas"";""Pleno dia"";""Crescente"";""Céu Claro"";""Dupla"";""Reta"";""Sim"";466450;""Motoneta"";""HONDA/BIZ 125 ES"";2012;""Condutor"";""Lesões Leves"";31;""Masculino"";0;1;0;0;-8",29384148;-35,"98637223;""SR-PE"";""DEL11/2"";""UOP01/PE"""
"261459;585969;2020-01-08;""quarta"";""08:00:00"";""PE"";104;66","8;""CARUARU"";""Sim"";""Não guardar distância de segurança"";2;""Tombamento"";""Com Vítimas Feridas"";""Pleno dia"";""Crescente"";""Céu Claro"";""Dupla"";""Reta"";""Sim"";466449;""Automóvel"";""FIAT/PALIO SPORTING 1.6"";2015;""Condutor"";""Ileso"";54;""Masculino"";1;0;0;0;-8",29384148;-35,"98637223;""SR-PE"";""DEL11/2"";""UOP01/PE"""
"261460;583581;2020-01-08;""quarta"";""06:40:00"";""SC"";282;33","1;""AGUAS MORNAS"";""Sim"";""Velocidade Incompatível"";1;""Saída de leito carroçável"";""Com Vítimas Feridas"";""Pleno dia"";""Decrescente"";""Chuva"";""Simples"";""Curva"";""Não"";467516;""Utilitário"";""I/TOYOTA HILUXSW4 SRV4X4"";2009;""Passageiro"";""Lesões Leves"";40;""Feminino"";0;1;0;0;-27",70561581;-48,"80999207;""SR-SC"";""DEL8/1"";""UOP03/SC"""
"261460;583580;2020-01-08;""quarta"";""06:40:00"";""SC"";282;33","1;""AGUAS MORNAS"";""Sim"";""Velocidade Incompatível"";1;""Saída de leito carroçável"";""Com Vítimas Feridas"";""Pleno dia"";""Decrescente"";""Chuva"";""Simples"";""Curva"";""Não"";467516;""Utilitário"";""I/TOYOTA HILUXSW4 SRV4X4"";2009;""Condutor"";""Ileso"";54;""Masculino"";1;0;0;0;-27",70561581;-48,"80999207;""SR-SC"";""DEL8/1"";""UOP03/SC"""
"261461;582375;2020-01-08;""quarta"";""08:00:00"";""RS"";293;2;""PELOTAS"";""Sim"";""Falta de Atenção à Condução"";1;""Colisão transversal"";""Com Vítimas Feridas"";""Pleno dia"";""Crescente"";""Céu Claro"";""Simples"";""Reta"";""Sim"";466505;""Motocicleta"";""HONDA/CG150 TITAN MIX KS"";2009;""Condutor"";""Lesões Leves"";31;""Masculino"";0;1;0;0;-31",750426;-52,"35999499;""SR-RS"";""DEL9/7"";""UOP01/RS""",
"261461;582374;2020-01-08;""quarta"";""08:00:00"";""RS"";293;2;""PELOTAS"";""Sim"";""Falta de Atenção à Condução"";1;""Colisão transversal"";""Com Vítimas Feridas"";""Pleno dia"";""Crescente"";""Céu Claro"";""Simples"";""Reta"";""Sim"";466504;""Caminhonete"";""FIAT/STRADA WORKING"";2015;""Condutor"";""Ileso"";30;""Ignorado"";1;0;0;0;-31",750426;-52,"35999499;""SR-RS"";""DEL9/7"";""UOP01/RS""",
"261463;582017;2020-01-08;""quarta"";""08:30:00"";""ES"";262;1","5;""CARIACICA"";""Sim"";""Desobediência às normas de trânsito pelo condutor"";2;""Queda de ocupante de veículo"";""Com Vítimas Feridas"";""Pleno dia"";""Decrescente"";""Sol"";""Dupla"";""Reta"";""Sim"";466476;""Motocicleta"";"""";NA;""Condutor"";""Não Informado"";NA;""Não Informado"";0;0;0;0;-20",32955204;-40,"35492602;""SR-ES"";""DEL12/1"";""UOP01/ES"""
"261463;582014;2020-01-08;""quarta"";""08:30:00"";""ES"";262;1","5;""CARIACICA"";""Sim"";""Desobediência às normas de trânsito pelo condutor"";2;""Queda de ocupante de veículo"";""Com Vítimas Feridas"";""Pleno dia"";""Decrescente"";""Sol"";""Dupla"";""Reta"";""Sim"";466475;""Motocicleta"";""HONDA/CG150 START"";2015;""Condutor"";""Lesões Leves"";44;""Masculino"";0;1;0;0;-20",32955204;-40,"35492602;""SR-ES"";""DEL12/1"";""UOP01/ES"""
"261463;582016;2020-01-08;""quarta"";""08:30:00"";""ES"";262;1","5;""CARIACICA"";""Sim"";""Desobediência às normas de trânsito pelo condutor"";2;""Queda de ocupante de veículo"";""Com Vítimas Feridas"";""Pleno dia"";""Decrescente"";""Sol"";""Dupla"";""Reta"";""Sim"";466475;""Motocicleta"";""HONDA/CG150 START"";2015;""Passageiro"";""Lesões Leves"";38;""Feminino"";0;1;0;0;-20",32955204;-40,"35492602;""SR-ES"";""DEL12/1"";""UOP01/ES"""
"261463;582017;2020-01-08;""quarta"";""08:30:00"";""ES"";262;1","5;""CARIACICA"";""Sim"";""Desobediência às normas de trânsito pelo condutor"";1;""Colisão lateral"";""Com Vítimas Feridas"";""Pleno dia"";""Decrescente"";""Sol"";""Dupla"";""Reta"";""Sim"";466476;""Motocicleta"";"""";NA;""Condutor"";""Não Informado"";NA;""Não Informado"";0;0;0;0;-20",32955204;-40,"35492602;""SR-ES"";""DEL12/1"";""UOP01/ES"""
"261463;582014;2020-01-08;""quarta"";""08:30:00"";""ES"";262;1","5;""CARIACICA"";""Sim"";""Desobediência às normas de trânsito pelo condutor"";1;""Colisão lateral"";""Com Vítimas Feridas"";""Pleno dia"";""Decrescente"";""Sol"";""Dupla"";""Reta"";""Sim"";466475;""Motocicleta"";""HONDA/CG150 START"";2015;""Condutor"";""Lesões Leves"";44;""Masculino"";0;1;0;0;-20",32955204;-40,"35492602;""SR-ES"";""DEL12/1"";""UOP01/ES"""
"261463;582016;2020-01-08;""quarta"";""08:30:00"";""ES"";262;1","5;""CARIACICA"";""Sim"";""Desobediência às normas de trânsito pelo condutor"";1;""Colisão lateral"";""Com Vítimas Feridas"";""Pleno dia"";""Decrescente"";""Sol"";""Dupla"";""Reta"";""Sim"";466475;""Motocicleta"";""HONDA/CG150 START"";2015;""Passageiro"";""Lesões Leves"";38;""Feminino"";0;1;0;0;-20",32955204;-40,"35492602;""SR-ES"";""DEL12/1"";""UOP01/ES"""
"261464;582261;2020-01-08;""quarta"";""08:05:00"";""SC"";101;131;""CAMBORIU"";""Sim"";""Desobediência às normas de trânsito pelo condutor"";1;""Colisão lateral"";""Sem Vítimas"";""Pleno dia"";""Crescente"";""Sol"";""Simples"";""Interseção de vias"";""Não"";466517;""Automóvel"";""HONDA/CIVIC LX"";1999;""Pedestre"";""Ileso"";67;""Masculino"";1;0;0;0;-27",0157238;-48,"61192763;""SR-SC"";""DEL8/4"";""UOP03/SC""",
"261464;582260;2020-01-08;""quarta"";""08:05:00"";""SC"";101;131;""CAMBORIU"";""Sim"";""Desobediência às normas de trânsito pelo condutor"";1;""Colisão lateral"";""Sem Vítimas"";""Pleno dia"";""Crescente"";""Sol"";""Simples"";""Interseção de vias"";""Não"";466517;""Automóvel"";""HONDA/CIVIC LX"";1999;""Condutor"";""Ileso"";69;""Masculino"";1;0;0;0;-27",0157238;-48,"61192763;""SR-SC"";""DEL8/4"";""UOP03/SC""",