"id;""pesid"";""data_inversa"";""dia_semana"";""horario"";""uf"";""br"";""km"";""municipio"";""causa_principal"";""causa_acidente"";""ordem_tipo_acidente"";""tipo_acidente"";""classificacao_acidente"";""fase_dia"";""sentido_via"";""condicao_metereologica"";""tipo_pista"";""tracado_via"";""uso_solo"";""id_veiculo"";""tipo_veiculo"";""marca"";""ano_fabricacao_veiculo"";""tipo_envolvido"";""estado_fisico"";""idade"";""sexo"";""ilesos"";""feridos_leves"";""feridos_graves"";""mortos"";""latitude"";""longitude"";""regional"";""delegacia"";""uop""",,,
"261464;582261;2020-01-08;""quarta"";""08:05:00"";""SC"";101;131;""CAMBORIU"";""Sim"";""Desobediência às normas de trânsito pelo condutor"";1;""Colisão lateral"";""Sem Vítimas"";""Pleno dia"";""Crescente"";""Sol"";""Simples"";""Interseção de vias"";""Não"";466516;""Automóvel"";""FIAT/PUNTO ESSENCE 1.6"";2013;""Pedestre"";""Ileso"";67;""Masculino"";1;0;0;0;-27",0157238;-48,"61192763;""SR-SC"";""DEL8/4"";""UOP03/SC""",
"261464;582160;2020-01-08;""quarta"";""08:05:00"";""SC"";101;131;""CAMBORIU"";""Sim"";""Desobediência às normas de trânsito pelo condutor"";1;""Colisão lateral"";""Sem Vítimas"";""Pleno dia"";""Crescente"";""Sol"";""Simples"";""Interseção de vias"";""Não"";466516;""Automóvel"";""FIAT/PUNTO ESSENCE 1.6"";2013;""Condutor"";""Ileso"";40;""Feminino"";1;0;0;0;-27",0157238;-48,"61192763;""SR-SC"";""DEL8/4"";""UOP03/SC""",
"261465;582021;2020-01-08;""quarta"";""08:10:00"";""SP"";116;4;""GUARULHOS"";""Sim"";""Não guardar distância de segurança"";2;""Queda de ocupante de veículo"";""Com Vítimas Feridas"";""Pleno dia"";""Crescente"";""Nublado"";""Dupla"";""Reta"";""Sim"";466455;""Motocicleta"";""HONDA/NXR 160 BROS"";2018;""Condutor"";""Lesões Leves"";27;""Masculino"";0;1;0;0;-23",463257;-46,"53373;""SR-SP"";""DEL6/1"";""UOP01/SP""",
"261465;582085;2020-01-08;""quarta"";""08:10:00"";""SP"";116;4;""GUARULHOS"";""Sim"";""Não guardar distância de segurança"";2;""Queda de ocupante de veículo"";""Com Vítimas Feridas"";""Pleno dia"";""Crescente"";""Nublado"";""Dupla"";""Reta"";""Sim"";466456;""Automóvel"";""RENAULT/SANDERO AUTH 10"";2015;""Condutor"";""Ileso"";34;""Masculino"";1;0;0;0;-23",463257;-46,"53373;""SR-SP"";""DEL6/1"";""UOP01/SP""",
"261465;582021;2020-01-08;""quarta"";""08:10:00"";""SP"";116;4;""GUARULHOS"";""Sim"";""Não guardar distância de segurança"";3;""Tombamento"";""Com Vítimas Feridas"";""Pleno dia"";""Crescente"";""Nublado"";""Dupla"";""Reta"";""Sim"";466455;""Motocicleta"";""HONDA/NXR 160 BROS"";2018;""Condutor"";""Lesões Leves"";27;""Masculino"";0;1;0;0;-23",463257;-46,"53373;""SR-SP"";""DEL6/1"";""UOP01/SP""",
"261465;582085;2020-01-08;""quarta"";""08:10:00"";""SP"";116;4;""GUARULHOS"";""Sim"";""Não guardar distância de segurança"";3;""Tombamento"";""Com Vítimas Feridas"";""Pleno dia"";""Crescente"";""Nublado"";""Dupla"";""Reta"";""Sim"";466456;""Automóvel"";""RENAULT/SANDERO AUTH 10"";2015;""Condutor"";""Ileso"";34;""Masculino"";1;0;0;0;-23",463257;-46,"53373;""SR-SP"";""DEL6/1"";""UOP01/SP""",
"261465;582021;2020-01-08;""quarta"";""08:10:00"";""SP"";116;4;""GUARULHOS"";""Sim"";""Não guardar distância de segurança"";1;""Colisão traseira"";""Com Vítimas Feridas"";""Pleno dia"";""Crescente"";""Nublado"";""Dupla"";""Reta"";""Sim"";466455;""Motocicleta"";""HONDA/NXR 160 BROS"";2018;""Condutor"";""Lesões Leves"";27;""Masculino"";0;1;0;0;-23",463257;-46,"53373;""SR-SP"";""DEL6/1"";""UOP01/SP""",
"261465;582085;2020-01-08;""quarta"";""08:10:00"";""SP"";116;4;""GUARULHOS"";""Sim"";""Não guardar distância de segurança"";1;""Colisão traseira"";""Com Vítimas Feridas"";""Pleno dia"";""Crescente"";""Nublado"";""Dupla"";""Reta"";""Sim"";466456;""Automóvel"";""RENAULT/SANDERO AUTH 10"";2015;""Condutor"";""Ileso"";34;""Masculino"";1;0;0;0;-23",463257;-46,"53373;""SR-SP"";""DEL6/1"";""UOP01/SP""",
"261466;NA;2020-01-08;""quarta"";""08:30:00"";""PE"";101;128;""ESCADA"";""Sim"";""Falta de Atenção à Condução"";1;""Tombamento"";""Com Vítimas Feridas"";""Pleno dia"";""Decrescente"";""Céu Claro"";""Dupla"";""Reta"";""Sim"";466651;""Semireboque"";""SR/GUERRA AG GR"";2006;""Não Informado"";""Não Informado"";NA;""Não Informado"";0;0;0;0;-8",37986492;-35,"24406405;""SR-PE"";""DEL11/1"";""UOP03/PE""",
"261466;586558;2020-01-08;""quarta"";""08:30:00"";""PE"";101;128;""ESCADA"";""Sim"";""Falta de Atenção à Condução"";1;""Tombamento"";""Com Vítimas Feridas"";""Pleno dia"";""Decrescente"";""Céu Claro"";""Dupla"";""Reta"";""Sim"";466448;""Caminhão-trator"";""SCANIA/R124 GA4X2NZ 400"";2004;""Condutor"";""Ileso"";47;""Masculino"";1;0;0;0;-8",37986492;-35,"24406405;""SR-PE"";""DEL11/1"";""UOP03/PE""",
"261466;586557;2020-01-08;""quarta"";""08:30:00"";""PE"";101;128;""ESCADA"";""Sim"";""Falta de Atenção à Condução"";1;""Tombamento"";""Com Vítimas Feridas"";""Pleno dia"";""Decrescente"";""Céu Claro"";""Dupla"";""Reta"";""Sim"";466447;""Motocicleta"";""HONDA/POP 110I"";2018;""Condutor"";""Lesões Graves"";25;""Masculino"";0;0;1;0;-8",37986492;-35,"24406405;""SR-PE"";""DEL11/1"";""UOP03/PE""",
"261466;NA;2020-01-08;""quarta"";""08:30:00"";""PE"";101;128;""ESCADA"";""Sim"";""Falta de Atenção à Condução"";2;""Queda de ocupante de veículo"";""Com Vítimas Feridas"";""Pleno dia"";""Decrescente"";""Céu Claro"";""Dupla"";""Reta"";""Sim"";466651;""Semireboque"";""SR/GUERRA AG GR"";2006;""Não Informado"";""Não Informado"";NA;""Não Informado"";0;0;0;0;-8",37986492;-35,"24406405;""SR-PE"";""DEL11/1"";""UOP03/PE""",
"261466;586558;2020-01-08;""quarta"";""08:30:00"";""PE"";101;128;""ESCADA"";""Sim"";""Falta de Atenção à Condução"";2;""Queda de ocupante de veículo"";""Com Vítimas Feridas"";""Pleno dia"";""Decrescente"";""Céu Claro"";""Dupla"";""Reta"";""Sim"";466448;""Caminhão-trator"";""SCANIA/R124 GA4X2NZ 400"";2004;""Condutor"";""Ileso"";47;""Masculino"";1;0;0;0;-8",37986492;-35,"24406405;""SR-PE"";""DEL11/1"";""UOP03/PE""",
"261466;586557;2020-01-08;""quarta"";""08:30:00"";""PE"";101;128;""ESCADA"";""Sim"";""Falta de Atenção à Condução"";2;""Queda de ocupante de veículo"";""Com Vítimas Feridas"";""Pleno dia"";""Decrescente"";""Céu Claro"";""Dupla"";""Reta"";""Sim"";466447;""Motocicleta"";""HONDA/POP 110I"";2018;""Condutor"";""Lesões Graves"";25;""Masculino"";0;0;1;0;-8",37986492;-35,"24406405;""SR-PE"";""DEL11/1"";""UOP03/PE""",
"261467;581949;2020-01-05;""domingo"";""16:10:00"";""BA"";101;735","4;""ITABELA"";""Sim"";""Pista Escorregadia"";1;""Tombamento"";""Com Vítimas Feridas"";""Pleno dia"";""Decrescente"";""Sol"";""Simples"";""Não Informado"";""Não"";466442;""Motoneta"";""HONDA/BIZ 125 ES"";2014;""Condutor"";""Lesões Graves"";44;""Masculino"";0;0;1;0;-16",53221495;-39,"56588745;""SR-BA"";""DEL10/9"";""UOP01/BA"""
"261468;583973;2020-01-08;""quarta"";""03:30:00"";""CE"";20;381;""CAUCAIA"";""Sim"";""Falta de Atenção à Condução"";2;""Colisão com objeto estático"";""Sem Vítimas"";""Plena Noite"";""Crescente"";""Céu Claro"";""Simples"";""Reta"";""Sim"";466742;""Caminhão"";""VOLVO/VM 270 6X2R"";2014;""Condutor"";""Ileso"";28;""Masculino"";1;0;0;0;-3",90875326;-38,"84596961;""SR-CE"";""DEL16/1"";""UOP01/CE""",
"261468;583973;2020-01-08;""quarta"";""03:30:00"";""CE"";20;381;""CAUCAIA"";""Sim"";""Falta de Atenção à Condução"";1;""Saída de leito carroçável"";""Sem Vítimas"";""Plena Noite"";""Crescente"";""Céu Claro"";""Simples"";""Reta"";""Sim"";466742;""Caminhão"";""VOLVO/VM 270 6X2R"";2014;""Condutor"";""Ileso"";28;""Masculino"";1;0;0;0;-3",90875326;-38,"84596961;""SR-CE"";""DEL16/1"";""UOP01/CE""",
"261470;583561;2020-01-08;""quarta"";""08:45:00"";""DF"";70;19;""BRASILIA"";""Sim"";""Velocidade Incompatível"";2;""Saída de leito carroçável"";""Com Vítimas Feridas"";""Pleno dia"";""Crescente"";""Céu Claro"";""Dupla"";""Desvio Temporário"";""Não"";466459;""Automóvel"";""I/FIAT SIENA EL FLEX"";2010;""Condutor"";""Lesões Leves"";32;""Masculino"";0;1;0;0;-15",78728023;-48,"22824508;""SR-DF"";""UOP06/DF"";""""",
"261470;583557;2020-01-08;""quarta"";""08:45:00"";""DF"";70;19;""BRASILIA"";""Sim"";""Velocidade Incompatível"";2;""Saída de leito carroçável"";""Com Vítimas Feridas"";""Pleno dia"";""Crescente"";""Céu Claro"";""Dupla"";""Desvio Temporário"";""Não"";466458;""Automóvel"";""VW/NOVO GOL CL MCV"";2016;""Condutor"";""Lesões Leves"";24;""Masculino"";0;1;0;0;-15",78728023;-48,"22824508;""SR-DF"";""UOP06/DF"";""""",
"261470;583561;2020-01-08;""quarta"";""08:45:00"";""DF"";70;19;""BRASILIA"";""Sim"";""Velocidade Incompatível"";3;""Capotamento"";""Com Vítimas Feridas"";""Pleno dia"";""Crescente"";""Céu Claro"";""Dupla"";""Desvio Temporário"";""Não"";466459;""Automóvel"";""I/FIAT SIENA EL FLEX"";2010;""Condutor"";""Lesões Leves"";32;""Masculino"";0;1;0;0;-15",78728023;-48,"22824508;""SR-DF"";""UOP06/DF"";""""",
"261470;583557;2020-01-08;""quarta"";""08:45:00"";""DF"";70;19;""BRASILIA"";""Sim"";""Velocidade Incompatível"";3;""Capotamento"";""Com Vítimas Feridas"";""Pleno dia"";""Crescente"";""Céu Claro"";""Dupla"";""Desvio Temporário"";""Não"";466458;""Automóvel"";""VW/NOVO GOL CL MCV"";2016;""Condutor"";""Lesões Leves"";24;""Masculino"";0;1;0;0;-15",78728023;-48,"22824508;""SR-DF"";""UOP06/DF"";""""",
"261470;583561;2020-01-08;""quarta"";""08:45:00"";""DF"";70;19;""BRASILIA"";""Sim"";""Velocidade Incompatível"";1;""Colisão traseira"";""Com Vítimas Feridas"";""Pleno dia"";""Crescente"";""Céu Claro"";""Dupla"";""Desvio Temporário"";""Não"";466459;""Automóvel"";""I/FIAT SIENA EL FLEX"";2010;""Condutor"";""Lesões Leves"";32;""Masculino"";0;1;0;0;-15",78728023;-48,"22824508;""SR-DF"";""UOP06/DF"";""""",
"261470;583557;2020-01-08;""quarta"";""08:45:00"";""DF"";70;19;""BRASILIA"";""Sim"";""Velocidade Incompatível"";1;""Colisão traseira"";""Com Vítimas Feridas"";""Pleno dia"";""Crescente"";""Céu Claro"";""Dupla"";""Desvio Temporário"";""Não"";466458;""Automóvel"";""VW/NOVO GOL CL MCV"";2016;""Condutor"";""Lesões Leves"";24;""Masculino"";0;1;0;0;-15",78728023;-48,"22824508;""SR-DF"";""UOP06/DF"";""""",
"261472;583493;2020-01-08;""quarta"";""03:40:00"";""MG"";116;23;""CACHOEIRA DE PAJEU"";""Sim"";""Falta de Atenção do Pedestre"";1;""Atropelamento de Pedestre"";""Com Vítimas Fatais"";""Plena Noite"";""Decrescente"";""Céu Claro"";""Simples"";""Reta"";""Não"";466444;""Outros"";"""";NA;""Pedestre"";""Óbito"";23;""Masculino"";0;0;0;1;-15",85763677;-41,"41930126;""SR-BA"";""DEL10/8"";""UOP03/BA""",
"261472;583492;2020-01-08;""quarta"";""03:40:00"";""MG"";116;23;""CACHOEIRA DE PAJEU"";""Sim"";""Falta de Atenção do Pedestre"";1;""Atropelamento de Pedestre"";""Com Vítimas Fatais"";""Plena Noite"";""Decrescente"";""Céu Claro"";""Simples"";""Reta"";""Não"";466444;""Outros"";"""";NA;""Condutor"";""Ileso"";NA;""Ignorado"";1;0;0;0;-15",85763677;-41,"41930126;""SR-BA"";""DEL10/8"";""UOP03/BA""",
"261473;582188;2020-01-08;""quarta"";""08:00:00"";""SC"";101;136","1;""BALNEARIO CAMBORIU"";""Não"";""Não guardar distância de segurança"";1;""Colisão transversal"";""Com Vítimas Feridas"";""Pleno dia"";""Decrescente"";""Nublado"";""Dupla"";""Reta"";""Sim"";466490;""Camioneta"";""FORD/ECOSPORT TITNAT 2.0"";2018;""Testemunha"";""Não Informado"";NA;""Não Informado"";0;0;0;0;-27",008113;-48,"617245;""SR-SC"";""DEL8/4"";""UOP03/SC"""
"261473;582176;2020-01-08;""quarta"";""08:00:00"";""SC"";101;136","1;""BALNEARIO CAMBORIU"";""Não"";""Não guardar distância de segurança"";1;""Colisão transversal"";""Com Vítimas Feridas"";""Pleno dia"";""Decrescente"";""Nublado"";""Dupla"";""Reta"";""Sim"";466490;""Camioneta"";""FORD/ECOSPORT TITNAT 2.0"";2018;""Condutor"";""Ileso"";33;""Masculino"";1;0;0;0;-27",008113;-48,"617245;""SR-SC"";""DEL8/4"";""UOP03/SC"""
"261473;582164;2020-01-08;""quarta"";""08:00:00"";""SC"";101;136","1;""BALNEARIO CAMBORIU"";""Não"";""Não guardar distância de segurança"";1;""Colisão transversal"";""Com Vítimas Feridas"";""Pleno dia"";""Decrescente"";""Nublado"";""Dupla"";""Reta"";""Sim"";466489;""Motocicleta"";""HONDA/CG 150 TITAN KS"";2008;""Condutor"";""Lesões Leves"";22;""Masculino"";0;1;0;0;-27",008113;-48,"617245;""SR-SC"";""DEL8/4"";""UOP03/SC"""
"261473;582188;2020-01-08;""quarta"";""08:00:00"";""SC"";101;136","1;""BALNEARIO CAMBORIU"";""Não"";""Não guardar distância de segurança"";1;""Colisão transversal"";""Com Vítimas Feridas"";""Pleno dia"";""Decrescente"";""Nublado"";""Dupla"";""Reta"";""Sim"";466489;""Motocicleta"";""HONDA/CG 150 TITAN KS"";2008;""Testemunha"";""Não Informado"";NA;""Não Informado"";0;0;0;0;-27",008113;-48,"617245;""SR-SC"";""DEL8/4"";""UOP03/SC"""
"261473;582167;2020-01-08;""quarta"";""08:00:00"";""SC"";101;136","1;""BALNEARIO CAMBORIU"";""Não"";""Não guardar distância de segurança"";1;""Colisão transversal"";""Com Vítimas Feridas"";""Pleno dia"";""Decrescente"";""Nublado"";""Dupla"";""Reta"";""Sim"";466489;""Motocicleta"";""HONDA/CG 150 TITAN KS"";2008;""Passageiro"";""Lesões Graves"";2;""Masculino"";0;0;1;0;-27",008113;-48,"617245;""SR-SC"";""DEL8/4"";""UOP03/SC"""
"261473;582165;2020-01-08;""quarta"";""08:00:00"";""SC"";101;136","1;""BALNEARIO CAMBORIU"";""Não"";""Não guardar distância de segurança"";1;""Colisão transversal"";""Com Vítimas Feridas"";""Pleno dia"";""Decrescente"";""Nublado"";""Dupla"";""Reta"";""Sim"";466489;""Motocicleta"";""HONDA/CG 150 TITAN KS"";2008;""Passageiro"";""Lesões Graves"";22;""Feminino"";0;0;1;0;-27",008113;-48,"617245;""SR-SC"";""DEL8/4"";""UOP03/SC"""
"261473;582188;2020-01-08;""quarta"";""08:00:00"";""SC"";101;136","1;""BALNEARIO CAMBORIU"";""Não"";""Não guardar distância de segurança"";2;""Queda de ocupante de veículo"";""Com Vítimas Feridas"";""Pleno dia"";""Decrescente"";""Nublado"";""Dupla"";""Reta"";""Sim"";466490;""Camioneta"";""FORD/ECOSPORT TITNAT 2.0"";2018;""Testemunha"";""Não Informado"";NA;""Não Informado"";0;0;0;0;-27",008113;-48,"617245;""SR-SC"";""DEL8/4"";""UOP03/SC"""
"261473;582176;2020-01-08;""quarta"";""08:00:00"";""SC"";101;136","1;""BALNEARIO CAMBORIU"";""Não"";""Não guardar distância de segurança"";2;""Queda de ocupante de veículo"";""Com Vítimas Feridas"";""Pleno dia"";""Decrescente"";""Nublado"";""Dupla"";""Reta"";""Sim"";466490;""Camioneta"";""FORD/ECOSPORT TITNAT 2.0"";2018;""Condutor"";""Ileso"";33;""Masculino"";1;0;0;0;-27",008113;-48,"617245;""SR-SC"";""DEL8/4"";""UOP03/SC"""
"261473;582164;2020-01-08;""quarta"";""08:00:00"";""SC"";101;136","1;""BALNEARIO CAMBORIU"";""Não"";""Não guardar distância de segurança"";2;""Queda de ocupante de veículo"";""Com Vítimas Feridas"";""Pleno dia"";""Decrescente"";""Nublado"";""Dupla"";""Reta"";""Sim"";466489;""Motocicleta"";""HONDA/CG 150 TITAN KS"";2008;""Condutor"";""Lesões Leves"";22;""Masculino"";0;1;0;0;-27",008113;-48,"617245;""SR-SC"";""DEL8/4"";""UOP03/SC"""
"261473;582188;2020-01-08;""quarta"";""08:00:00"";""SC"";101;136","1;""BALNEARIO CAMBORIU"";""Não"";""Não guardar distância de segurança"";2;""Queda de ocupante de veículo"";""Com Vítimas Feridas"";""Pleno dia"";""Decrescente"";""Nublado"";""Dupla"";""Reta"";""Sim"";466489;""Motocicleta"";""HONDA/CG 150 TITAN KS"";2008;""Testemunha"";""Não Informado"";NA;""Não Informado"";0;0;0;0;-27",008113;-48,"617245;""SR-SC"";""DEL8/4"";""UOP03/SC"""
"261473;582167;2020-01-08;""quarta"";""08:00:00"";""SC"";101;136","1;""BALNEARIO CAMBORIU"";""Não"";""Não guardar distância de segurança"";2;""Queda de ocupante de veículo"";""Com Vítimas Feridas"";""Pleno dia"";""Decrescente"";""Nublado"";""Dupla"";""Reta"";""Sim"";466489;""Motocicleta"";""HONDA/CG 150 TITAN KS"";2008;""Passageiro"";""Lesões Graves"";2;""Masculino"";0;0;1;0;-27",008113;-48,"617245;""SR-SC"";""DEL8/4"";""UOP03/SC"""
"261473;582165;2020-01-08;""quarta"";""08:00:00"";""SC"";101;136","1;""BALNEARIO CAMBORIU"";""Não"";""Não guardar distância de segurança"";2;""Queda de ocupante de veículo"";""Com Vítimas Feridas"";""Pleno dia"";""Decrescente"";""Nublado"";""Dupla"";""Reta"";""Sim"";466489;""Motocicleta"";""HONDA/CG 150 TITAN KS"";2008;""Passageiro"";""Lesões Graves"";22;""Feminino"";0;0;1;0;-27",008113;-48,"617245;""SR-SC"";""DEL8/4"";""UOP03/SC"""
"261473;582188;2020-01-08;""quarta"";""08:00:00"";""SC"";101;136","1;""BALNEARIO CAMBORIU"";""Sim"";""Desobediência às normas de trânsito pelo condutor"";1;""Colisão transversal"";""Com Vítimas Feridas"";""Pleno dia"";""Decrescente"";""Nublado"";""Dupla"";""Reta"";""Sim"";466490;""Camioneta"";""FORD/ECOSPORT TITNAT 2.0"";2018;""Testemunha"";""Não Informado"";NA;""Não Informado"";0;0;0;0;-27",008113;-48,"617245;""SR-SC"";""DEL8/4"";""UOP03/SC"""
"261473;582176;2020-01-08;""quarta"";""08:00:00"";""SC"";101;136","1;""BALNEARIO CAMBORIU"";""Sim"";""Desobediência às normas de trânsito pelo condutor"";1;""Colisão transversal"";""Com Vítimas Feridas"";""Pleno dia"";""Decrescente"";""Nublado"";""Dupla"";""Reta"";""Sim"";466490;""Camioneta"";""FORD/ECOSPORT TITNAT 2.0"";2018;""Condutor"";""Ileso"";33;""Masculino"";1;0;0;0;-27",008113;-48,"617245;""SR-SC"";""DEL8/4"";""UOP03/SC"""
"261473;582164;2020-01-08;""quarta"";""08:00:00"";""SC"";101;136","1;""BALNEARIO CAMBORIU"";""Sim"";""Desobediência às normas de trânsito pelo condutor"";1;""Colisão transversal"";""Com Vítimas Feridas"";""Pleno dia"";""Decrescente"";""Nublado"";""Dupla"";""Reta"";""Sim"";466489;""Motocicleta"";""HONDA/CG 150 TITAN KS"";2008;""Condutor"";""Lesões Leves"";22;""Masculino"";0;1;0;0;-27",008113;-48,"617245;""SR-SC"";""DEL8/4"";""UOP03/SC"""
"261473;582188;2020-01-08;""quarta"";""08:00:00"";""SC"";101;136","1;""BALNEARIO CAMBORIU"";""Sim"";""Desobediência às normas de trânsito pelo condutor"";1;""Colisão transversal"";""Com Vítimas Feridas"";""Pleno dia"";""Decrescente"";""Nublado"";""Dupla"";""Reta"";""Sim"";466489;""Motocicleta"";""HONDA/CG 150 TITAN KS"";2008;""Testemunha"";""Não Informado"";NA;""Não Informado"";0;0;0;0;-27",008113;-48,"617245;""SR-SC"";""DEL8/4"";""UOP03/SC"""
"261473;582167;2020-01-08;""quarta"";""08:00:00"";""SC"";101;136","1;""BALNEARIO CAMBORIU"";""Sim"";""Desobediência às normas de trânsito pelo condutor"";1;""Colisão transversal"";""Com Vítimas Feridas"";""Pleno dia"";""Decrescente"";""Nublado"";""Dupla"";""Reta"";""Sim"";466489;""Motocicleta"";""HONDA/CG 150 TITAN KS"";2008;""Passageiro"";""Lesões Graves"";2;""Masculino"";0;0;1;0;-27",008113;-48,"617245;""SR-SC"";""DEL8/4"";""UOP03/SC"""
"261473;582165;2020-01-08;""quarta"";""08:00:00"";""SC"";101;136","1;""BALNEARIO CAMBORIU"";""Sim"";""Desobediência às normas de trânsito pelo condutor"";1;""Colisão transversal"";""Com Vítimas Feridas"";""Pleno dia"";""Decrescente"";""Nublado"";""Dupla"";""Reta"";""Sim"";466489;""Motocicleta"";""HONDA/CG 150 TITAN KS"";2008;""Passageiro"";""Lesões Graves"";22;""Feminino"";0;0;1;0;-27",008113;-48,"617245;""SR-SC"";""DEL8/4"";""UOP03/SC"""
"261473;582188;2020-01-08;""quarta"";""08:00:00"";""SC"";101;136","1;""BALNEARIO CAMBORIU"";""Sim"";""Desobediência às normas de trânsito pelo condutor"";2;""Queda de ocupante de veículo"";""Com Vítimas Feridas"";""Pleno dia"";""Decrescente"";""Nublado"";""Dupla"";""Reta"";""Sim"";466490;""Camioneta"";""FORD/ECOSPORT TITNAT 2.0"";2018;""Testemunha"";""Não Informado"";NA;""Não Informado"";0;0;0;0;-27",008113;-48,"617245;""SR-SC"";""DEL8/4"";""UOP03/SC"""
"261473;582176;2020-01-08;""quarta"";""08:00:00"";""SC"";101;136","1;""BALNEARIO CAMBORIU"";""Sim"";""Desobediência às normas de trânsito pelo condutor"";2;""Queda de ocupante de veículo"";""Com Vítimas Feridas"";""Pleno dia"";""Decrescente"";""Nublado"";""Dupla"";""Reta"";""Sim"";466490;""Camioneta"";""FORD/ECOSPORT TITNAT 2.0"";2018;""Condutor"";""Ileso"";33;""Masculino"";1;0;0;0;-27",008113;-48,"617245;""SR-SC"";""DEL8/4"";""UOP03/SC"""
"261473;582164;2020-01-08;""quarta"";""08:00:00"";""SC"";101;136","1;""BALNEARIO CAMBORIU"";""Sim"";""Desobediência às normas de trânsito pelo condutor"";2;""Queda de ocupante de veículo"";""Com Vítimas Feridas"";""Pleno dia"";""Decrescente"";""Nublado"";""Dupla"";""Reta"";""Sim"";466489;""Motocicleta"";""HONDA/CG 150 TITAN KS"";2008;""Condutor"";""Lesões Leves"";22;""Masculino"";0;1;0;0;-27",008113;-48,"617245;""SR-SC"";""DEL8/4"";""UOP03/SC"""
"261473;582188;2020-01-08;""quarta"";""08:00:00"";""SC"";101;136","1;""BALNEARIO CAMBORIU"";""Sim"";""Desobediência às normas de trânsito pelo condutor"";2;""Queda de ocupante de veículo"";""Com Vítimas Feridas"";""Pleno dia"";""Decrescente"";""Nublado"";""Dupla"";""Reta"";""Sim"";466489;""Motocicleta"";""HONDA/CG 150 TITAN KS"";2008;""Testemunha"";""Não Informado"";NA;""Não Informado"";0;0;0;0;-27",008113;-48,"617245;""SR-SC"";""DEL8/4"";""UOP03/SC"""
"261473;582167;2020-01-08;""quarta"";""08:00:00"";""SC"";101;136","1;""BALNEARIO CAMBORIU"";""Sim"";""Desobediência às normas de trânsito pelo condutor"";2;""Queda de ocupante de veículo"";""Com Vítimas Feridas"";""Pleno dia"";""Decrescente"";""Nublado"";""Dupla"";""Reta"";""Sim"";466489;""Motocicleta"";""HONDA/CG 150 TITAN KS"";2008;""Passageiro"";""Lesões Graves"";2;""Masculino"";0;0;1;0;-27",008113;-48,"617245;""SR-SC"";""DEL8/4"";""UOP03/SC"""
"261473;582165;2020-01-08;""quarta"";""08:00:00"";""SC"";101;136","1;""BALNEARIO CAMBORIU"";""Sim"";""Desobediência às normas de trânsito pelo condutor"";2;""Queda de ocupante de veículo"";""Com Vítimas Feridas"";""Pleno dia"";""Decrescente"";""Nublado"";""Dupla"";""Reta"";""Sim"";466489;""Motocicleta"";""HONDA/CG 150 TITAN KS"";2008;""Passageiro"";""Lesões Graves"";22;""Feminino"";0;0;1;0;-27",008113;-48,"617245;""SR-SC"";""DEL8/4"";""UOP03/SC"""
"261473;582188;2020-01-08;""quarta"";""08:00:00"";""SC"";101;136","1;""BALNEARIO CAMBORIU"";""Não"";""Falta de Atenção à Condução"";1;""Colisão transversal"";""Com Vítimas Feridas"";""Pleno dia"";""Decrescente"";""Nublado"";""Dupla"";""Reta"";""Sim"";466490;""Camioneta"";""FORD/ECOSPORT TITNAT 2.0"";2018;""Testemunha"";""Não Informado"";NA;""Não Informado"";0;0;0;0;-27",008113;-48,"617245;""SR-SC"";""DEL8/4"";""UOP03/SC"""
"261473;582176;2020-01-08;""quarta"";""08:00:00"";""SC"";101;136","1;""BALNEARIO CAMBORIU"";""Não"";""Falta de Atenção à Condução"";1;""Colisão transversal"";""Com Vítimas Feridas"";""Pleno dia"";""Decrescente"";""Nublado"";""Dupla"";""Reta"";""Sim"";466490;""Camioneta"";""FORD/ECOSPORT TITNAT 2.0"";2018;""Condutor"";""Ileso"";33;""Masculino"";1;0;0;0;-27",008113;-48,"617245;""SR-SC"";""DEL8/4"";""UOP03/SC"""
"261473;582164;2020-01-08;""quarta"";""08:00:00"";""SC"";101;136","1;""BALNEARIO CAMBORIU"";""Não"";""Falta de Atenção à Condução"";1;""Colisão transversal"";""Com Vítimas Feridas"";""Pleno dia"";""Decrescente"";""Nublado"";""Dupla"";""Reta"";""Sim"";466489;""Motocicleta"";""HONDA/CG 150 TITAN KS"";2008;""Condutor"";""Lesões Leves"";22;""Masculino"";0;1;0;0;-27",008113;-48,"617245;""SR-SC"";""DEL8/4"";""UOP03/SC"""
"261473;582188;2020-01-08;""quarta"";""08:00:00"";""SC"";101;136","1;""BALNEARIO CAMBORIU"";""Não"";""Falta de Atenção à Condução"";1;""Colisão transversal"";""Com Vítimas Feridas"";""Pleno dia"";""Decrescente"";""Nublado"";""Dupla"";""Reta"";""Sim"";466489;""Motocicleta"";""HONDA/CG 150 TITAN KS"";2008;""Testemunha"";""Não Informado"";NA;""Não Informado"";0;0;0;0;-27",008113;-48,"617245;""SR-SC"";""DEL8/4"";""UOP03/SC"""