"id;""pesid"";""data_inversa"";""dia_semana"";""horario"";""uf"";""br"";""km"";""municipio"";""causa_principal"";""causa_acidente"";""ordem_tipo_acidente"";""tipo_acidente"";""classificacao_acidente"";""fase_dia"";""sentido_via"";""condicao_metereologica"";""tipo_pista"";""tracado_via"";""uso_solo"";""id_veiculo"";""tipo_veiculo"";""marca"";""ano_fabricacao_veiculo"";""tipo_envolvido"";""estado_fisico"";""idade"";""sexo"";""ilesos"";""feridos_leves"";""feridos_graves"";""mortos"";""latitude"";""longitude"";""regional"";""delegacia"";""uop""",,,
"261473;582167;2020-01-08;""quarta"";""08:00:00"";""SC"";101;136","1;""BALNEARIO CAMBORIU"";""Não"";""Falta de Atenção à Condução"";1;""Colisão transversal"";""Com Vítimas Feridas"";""Pleno dia"";""Decrescente"";""Nublado"";""Dupla"";""Reta"";""Sim"";466489;""Motocicleta"";""HONDA/CG 150 TITAN KS"";2008;""Passageiro"";""Lesões Graves"";2;""Masculino"";0;0;1;0;-27",008113;-48,"617245;""SR-SC"";""DEL8/4"";""UOP03/SC"""
"261473;582165;2020-01-08;""quarta"";""08:00:00"";""SC"";101;136","1;""BALNEARIO CAMBORIU"";""Não"";""Falta de Atenção à Condução"";1;""Colisão transversal"";""Com Vítimas Feridas"";""Pleno dia"";""Decrescente"";""Nublado"";""Dupla"";""Reta"";""Sim"";466489;""Motocicleta"";""HONDA/CG 150 TITAN KS"";2008;""Passageiro"";""Lesões Graves"";22;""Feminino"";0;0;1;0;-27",008113;-48,"617245;""SR-SC"";""DEL8/4"";""UOP03/SC"""
"261473;582188;2020-01-08;""quarta"";""08:00:00"";""SC"";101;136","1;""BALNEARIO CAMBORIU"";""Não"";""Falta de Atenção à Condução"";2;""Queda de ocupante de veículo"";""Com Vítimas Feridas"";""Pleno dia"";""Decrescente"";""Nublado"";""Dupla"";""Reta"";""Sim"";466490;""Camioneta"";""FORD/ECOSPORT TITNAT 2.0"";2018;""Testemunha"";""Não Informado"";NA;""Não Informado"";0;0;0;0;-27",008113;-48,"617245;""SR-SC"";""DEL8/4"";""UOP03/SC"""
"261473;582176;2020-01-08;""quarta"";""08:00:00"";""SC"";101;136","1;""BALNEARIO CAMBORIU"";""Não"";""Falta de Atenção à Condução"";2;""Queda de ocupante de veículo"";""Com Vítimas Feridas"";""Pleno dia"";""Decrescente"";""Nublado"";""Dupla"";""Reta"";""Sim"";466490;""Camioneta"";""FORD/ECOSPORT TITNAT 2.0"";2018;""Condutor"";""Ileso"";33;""Masculino"";1;0;0;0;-27",008113;-48,"617245;""SR-SC"";""DEL8/4"";""UOP03/SC"""
"261473;582164;2020-01-08;""quarta"";""08:00:00"";""SC"";101;136","1;""BALNEARIO CAMBORIU"";""Não"";""Falta de Atenção à Condução"";2;""Queda de ocupante de veículo"";""Com Vítimas Feridas"";""Pleno dia"";""Decrescente"";""Nublado"";""Dupla"";""Reta"";""Sim"";466489;""Motocicleta"";""HONDA/CG 150 TITAN KS"";2008;""Condutor"";""Lesões Leves"";22;""Masculino"";0;1;0;0;-27",008113;-48,"617245;""SR-SC"";""DEL8/4"";""UOP03/SC"""
"261473;582188;2020-01-08;""quarta"";""08:00:00"";""SC"";101;136","1;""BALNEARIO CAMBORIU"";""Não"";""Falta de Atenção à Condução"";2;""Queda de ocupante de veículo"";""Com Vítimas Feridas"";""Pleno dia"";""Decrescente"";""Nublado"";""Dupla"";""Reta"";""Sim"";466489;""Motocicleta"";""HONDA/CG 150 TITAN KS"";2008;""Testemunha"";""Não Informado"";NA;""Não Informado"";0;0;0;0;-27",008113;-48,"617245;""SR-SC"";""DEL8/4"";""UOP03/SC"""
"261473;582167;2020-01-08;""quarta"";""08:00:00"";""SC"";101;136","1;""BALNEARIO CAMBORIU"";""Não"";""Falta de Atenção à Condução"";2;""Queda de ocupante de veículo"";""Com Vítimas Feridas"";""Pleno dia"";""Decrescente"";""Nublado"";""Dupla"";""Reta"";""Sim"";466489;""Motocicleta"";""HONDA/CG 150 TITAN KS"";2008;""Passageiro"";""Lesões Graves"";2;""Masculino"";0;0;1;0;-27",008113;-48,"617245;""SR-SC"";""DEL8/4"";""UOP03/SC"""
"261473;582165;2020-01-08;""quarta"";""08:00:00"";""SC"";101;136","1;""BALNEARIO CAMBORIU"";""Não"";""Falta de Atenção à Condução"";2;""Queda de ocupante de veículo"";""Com Vítimas Feridas"";""Pleno dia"";""Decrescente"";""Nublado"";""Dupla"";""Reta"";""Sim"";466489;""Motocicleta"";""HONDA/CG 150 TITAN KS"";2008;""Passageiro"";""Lesões Graves"";22;""Feminino"";0;0;1;0;-27",008113;-48,"617245;""SR-SC"";""DEL8/4"";""UOP03/SC"""
"261474;582197;2020-01-08;""quarta"";""09:00:00"";""SP"";116;18","3;""LAVRINHAS"";""Sim"";""Avarias e/ou desgaste excessivo no pneu"";1;""Tombamento"";""Com Vítimas Feridas"";""Pleno dia"";""Crescente"";""Nublado"";""Dupla"";""Reta"";""Não"";466453;""Motocicleta"";""HONDA/NX 350 SAHARA"";1994;""Condutor"";""Lesões Leves"";29;""Masculino"";0;1;0;0;-22",5584158;-44,"85667011;""SR-SP"";""DEL6/8"";""UOP01/SP"""
"261475;582393;2020-01-08;""quarta"";""08:40:00"";""SC"";101;200","8;""SAO JOSE"";""Sim"";""Desobediência às normas de trânsito pelo condutor"";1;""Queda de ocupante de veículo"";""Com Vítimas Feridas"";""Pleno dia"";""Crescente"";""Nublado"";""Dupla"";""Reta"";""Não"";466698;""Automóvel"";""RENAULT/SANDERO EXPR 16"";2016;""Condutor"";""Ileso"";40;""Feminino"";1;0;0;0;-27",54836599;-48,"61977975;""SR-SC"";""DEL8/1"";""UOP01/SC"""
"261475;582143;2020-01-08;""quarta"";""08:40:00"";""SC"";101;200","8;""SAO JOSE"";""Sim"";""Desobediência às normas de trânsito pelo condutor"";1;""Queda de ocupante de veículo"";""Com Vítimas Feridas"";""Pleno dia"";""Crescente"";""Nublado"";""Dupla"";""Reta"";""Não"";466543;""Motocicleta"";""HONDA/CG 125 FAN KS"";2014;""Condutor"";""Lesões Leves"";24;""Masculino"";0;1;0;0;-27",54836599;-48,"61977975;""SR-SC"";""DEL8/1"";""UOP01/SC"""
"261476;582462;2020-01-08;""quarta"";""09:05:00"";""SC"";101;206","9;""SAO JOSE"";""Sim"";""Desobediência às normas de trânsito pelo condutor"";2;""Colisão com objeto estático"";""Com Vítimas Feridas"";""Pleno dia"";""Crescente"";""Nublado"";""Múltipla"";""Não Informado"";""Sim"";466751;""Automóvel"";""FIAT/UNO WAY 1.0"";2010;""Condutor"";""Lesões Leves"";32;""Feminino"";0;1;0;0;-27",59912476;-48,"6220926;""SR-SC"";""DEL8/1"";""UOP01/SC"""
"261476;582460;2020-01-08;""quarta"";""09:05:00"";""SC"";101;206","9;""SAO JOSE"";""Sim"";""Desobediência às normas de trânsito pelo condutor"";2;""Colisão com objeto estático"";""Com Vítimas Feridas"";""Pleno dia"";""Crescente"";""Nublado"";""Múltipla"";""Não Informado"";""Sim"";466750;""Automóvel"";""I/FIAT CRONOS DRIVE 1.3"";2018;""Condutor"";""Lesões Leves"";61;""Masculino"";0;1;0;0;-27",59912476;-48,"6220926;""SR-SC"";""DEL8/1"";""UOP01/SC"""
"261476;582462;2020-01-08;""quarta"";""09:05:00"";""SC"";101;206","9;""SAO JOSE"";""Sim"";""Desobediência às normas de trânsito pelo condutor"";3;""Saída de leito carroçável"";""Com Vítimas Feridas"";""Pleno dia"";""Crescente"";""Nublado"";""Múltipla"";""Não Informado"";""Sim"";466751;""Automóvel"";""FIAT/UNO WAY 1.0"";2010;""Condutor"";""Lesões Leves"";32;""Feminino"";0;1;0;0;-27",59912476;-48,"6220926;""SR-SC"";""DEL8/1"";""UOP01/SC"""
"261476;582460;2020-01-08;""quarta"";""09:05:00"";""SC"";101;206","9;""SAO JOSE"";""Sim"";""Desobediência às normas de trânsito pelo condutor"";3;""Saída de leito carroçável"";""Com Vítimas Feridas"";""Pleno dia"";""Crescente"";""Nublado"";""Múltipla"";""Não Informado"";""Sim"";466750;""Automóvel"";""I/FIAT CRONOS DRIVE 1.3"";2018;""Condutor"";""Lesões Leves"";61;""Masculino"";0;1;0;0;-27",59912476;-48,"6220926;""SR-SC"";""DEL8/1"";""UOP01/SC"""
"261476;582462;2020-01-08;""quarta"";""09:05:00"";""SC"";101;206","9;""SAO JOSE"";""Sim"";""Desobediência às normas de trânsito pelo condutor"";1;""Colisão transversal"";""Com Vítimas Feridas"";""Pleno dia"";""Crescente"";""Nublado"";""Múltipla"";""Não Informado"";""Sim"";466751;""Automóvel"";""FIAT/UNO WAY 1.0"";2010;""Condutor"";""Lesões Leves"";32;""Feminino"";0;1;0;0;-27",59912476;-48,"6220926;""SR-SC"";""DEL8/1"";""UOP01/SC"""
"261476;582460;2020-01-08;""quarta"";""09:05:00"";""SC"";101;206","9;""SAO JOSE"";""Sim"";""Desobediência às normas de trânsito pelo condutor"";1;""Colisão transversal"";""Com Vítimas Feridas"";""Pleno dia"";""Crescente"";""Nublado"";""Múltipla"";""Não Informado"";""Sim"";466750;""Automóvel"";""I/FIAT CRONOS DRIVE 1.3"";2018;""Condutor"";""Lesões Leves"";61;""Masculino"";0;1;0;0;-27",59912476;-48,"6220926;""SR-SC"";""DEL8/1"";""UOP01/SC"""
"261476;582462;2020-01-08;""quarta"";""09:05:00"";""SC"";101;206","9;""SAO JOSE"";""Não"";""Falta de Atenção à Condução"";2;""Colisão com objeto estático"";""Com Vítimas Feridas"";""Pleno dia"";""Crescente"";""Nublado"";""Múltipla"";""Não Informado"";""Sim"";466751;""Automóvel"";""FIAT/UNO WAY 1.0"";2010;""Condutor"";""Lesões Leves"";32;""Feminino"";0;1;0;0;-27",59912476;-48,"6220926;""SR-SC"";""DEL8/1"";""UOP01/SC"""
"261476;582460;2020-01-08;""quarta"";""09:05:00"";""SC"";101;206","9;""SAO JOSE"";""Não"";""Falta de Atenção à Condução"";2;""Colisão com objeto estático"";""Com Vítimas Feridas"";""Pleno dia"";""Crescente"";""Nublado"";""Múltipla"";""Não Informado"";""Sim"";466750;""Automóvel"";""I/FIAT CRONOS DRIVE 1.3"";2018;""Condutor"";""Lesões Leves"";61;""Masculino"";0;1;0;0;-27",59912476;-48,"6220926;""SR-SC"";""DEL8/1"";""UOP01/SC"""
"261476;582462;2020-01-08;""quarta"";""09:05:00"";""SC"";101;206","9;""SAO JOSE"";""Não"";""Falta de Atenção à Condução"";3;""Saída de leito carroçável"";""Com Vítimas Feridas"";""Pleno dia"";""Crescente"";""Nublado"";""Múltipla"";""Não Informado"";""Sim"";466751;""Automóvel"";""FIAT/UNO WAY 1.0"";2010;""Condutor"";""Lesões Leves"";32;""Feminino"";0;1;0;0;-27",59912476;-48,"6220926;""SR-SC"";""DEL8/1"";""UOP01/SC"""
"261476;582460;2020-01-08;""quarta"";""09:05:00"";""SC"";101;206","9;""SAO JOSE"";""Não"";""Falta de Atenção à Condução"";3;""Saída de leito carroçável"";""Com Vítimas Feridas"";""Pleno dia"";""Crescente"";""Nublado"";""Múltipla"";""Não Informado"";""Sim"";466750;""Automóvel"";""I/FIAT CRONOS DRIVE 1.3"";2018;""Condutor"";""Lesões Leves"";61;""Masculino"";0;1;0;0;-27",59912476;-48,"6220926;""SR-SC"";""DEL8/1"";""UOP01/SC"""
"261476;582462;2020-01-08;""quarta"";""09:05:00"";""SC"";101;206","9;""SAO JOSE"";""Não"";""Falta de Atenção à Condução"";1;""Colisão transversal"";""Com Vítimas Feridas"";""Pleno dia"";""Crescente"";""Nublado"";""Múltipla"";""Não Informado"";""Sim"";466751;""Automóvel"";""FIAT/UNO WAY 1.0"";2010;""Condutor"";""Lesões Leves"";32;""Feminino"";0;1;0;0;-27",59912476;-48,"6220926;""SR-SC"";""DEL8/1"";""UOP01/SC"""
"261476;582460;2020-01-08;""quarta"";""09:05:00"";""SC"";101;206","9;""SAO JOSE"";""Não"";""Falta de Atenção à Condução"";1;""Colisão transversal"";""Com Vítimas Feridas"";""Pleno dia"";""Crescente"";""Nublado"";""Múltipla"";""Não Informado"";""Sim"";466750;""Automóvel"";""I/FIAT CRONOS DRIVE 1.3"";2018;""Condutor"";""Lesões Leves"";61;""Masculino"";0;1;0;0;-27",59912476;-48,"6220926;""SR-SC"";""DEL8/1"";""UOP01/SC"""
"261477;582029;2020-01-08;""quarta"";""05:30:00"";""GO"";20;67;""FORMOSA"";""Sim"";""Falta de Atenção à Condução"";1;""Atropelamento de Animal"";""Sem Vítimas"";""Amanhecer"";""Decrescente"";""Céu Claro"";""Simples"";""Reta"";""Não"";466451;""Caminhonete"";""FIAT/STRADA WORKING CD"";2012;""Passageiro"";""Ileso"";19;""Feminino"";1;0;0;0;-15",195777;-47,"152126;""SR-DF"";""UOP01/DEL02/DF"";""""",
"261477;582027;2020-01-08;""quarta"";""05:30:00"";""GO"";20;67;""FORMOSA"";""Sim"";""Falta de Atenção à Condução"";1;""Atropelamento de Animal"";""Sem Vítimas"";""Amanhecer"";""Decrescente"";""Céu Claro"";""Simples"";""Reta"";""Não"";466451;""Caminhonete"";""FIAT/STRADA WORKING CD"";2012;""Passageiro"";""Ileso"";NA;""Masculino"";1;0;0;0;-15",195777;-47,"152126;""SR-DF"";""UOP01/DEL02/DF"";""""",
"261477;582006;2020-01-08;""quarta"";""05:30:00"";""GO"";20;67;""FORMOSA"";""Sim"";""Falta de Atenção à Condução"";1;""Atropelamento de Animal"";""Sem Vítimas"";""Amanhecer"";""Decrescente"";""Céu Claro"";""Simples"";""Reta"";""Não"";466451;""Caminhonete"";""FIAT/STRADA WORKING CD"";2012;""Condutor"";""Ileso"";34;""Feminino"";1;0;0;0;-15",195777;-47,"152126;""SR-DF"";""UOP01/DEL02/DF"";""""",
"261478;582300;2020-01-08;""quarta"";""09:15:00"";""RS"";392;67;""PELOTAS"";""Não"";""Falta de Atenção à Condução"";1;""Colisão transversal"";""Sem Vítimas"";""Pleno dia"";""Crescente"";""Sol"";""Simples"";""Interseção de vias"";""Sim"";466502;""Automóvel"";""FORD/ESCORT 1.0 HOBBY"";1994;""Condutor"";""Ileso"";65;""Masculino"";1;0;0;0;-31",75709532;-52,"39980728;""SR-RS"";""DEL9/7"";""UOP01/RS""",
"261478;582337;2020-01-08;""quarta"";""09:15:00"";""RS"";392;67;""PELOTAS"";""Não"";""Falta de Atenção à Condução"";1;""Colisão transversal"";""Sem Vítimas"";""Pleno dia"";""Crescente"";""Sol"";""Simples"";""Interseção de vias"";""Sim"";466501;""Automóvel"";""GM/CLASSIC LIFE"";2008;""Passageiro"";""Ileso"";37;""Feminino"";1;0;0;0;-31",75709532;-52,"39980728;""SR-RS"";""DEL9/7"";""UOP01/RS""",
"261478;582333;2020-01-08;""quarta"";""09:15:00"";""RS"";392;67;""PELOTAS"";""Não"";""Falta de Atenção à Condução"";1;""Colisão transversal"";""Sem Vítimas"";""Pleno dia"";""Crescente"";""Sol"";""Simples"";""Interseção de vias"";""Sim"";466501;""Automóvel"";""GM/CLASSIC LIFE"";2008;""Passageiro"";""Ileso"";42;""Masculino"";1;0;0;0;-31",75709532;-52,"39980728;""SR-RS"";""DEL9/7"";""UOP01/RS""",
"261478;582298;2020-01-08;""quarta"";""09:15:00"";""RS"";392;67;""PELOTAS"";""Não"";""Falta de Atenção à Condução"";1;""Colisão transversal"";""Sem Vítimas"";""Pleno dia"";""Crescente"";""Sol"";""Simples"";""Interseção de vias"";""Sim"";466501;""Automóvel"";""GM/CLASSIC LIFE"";2008;""Condutor"";""Ileso"";36;""Masculino"";1;0;0;0;-31",75709532;-52,"39980728;""SR-RS"";""DEL9/7"";""UOP01/RS""",
"261478;582300;2020-01-08;""quarta"";""09:15:00"";""RS"";392;67;""PELOTAS"";""Sim"";""Desobediência às normas de trânsito pelo condutor"";1;""Colisão transversal"";""Sem Vítimas"";""Pleno dia"";""Crescente"";""Sol"";""Simples"";""Interseção de vias"";""Sim"";466502;""Automóvel"";""FORD/ESCORT 1.0 HOBBY"";1994;""Condutor"";""Ileso"";65;""Masculino"";1;0;0;0;-31",75709532;-52,"39980728;""SR-RS"";""DEL9/7"";""UOP01/RS""",
"261478;582337;2020-01-08;""quarta"";""09:15:00"";""RS"";392;67;""PELOTAS"";""Sim"";""Desobediência às normas de trânsito pelo condutor"";1;""Colisão transversal"";""Sem Vítimas"";""Pleno dia"";""Crescente"";""Sol"";""Simples"";""Interseção de vias"";""Sim"";466501;""Automóvel"";""GM/CLASSIC LIFE"";2008;""Passageiro"";""Ileso"";37;""Feminino"";1;0;0;0;-31",75709532;-52,"39980728;""SR-RS"";""DEL9/7"";""UOP01/RS""",
"261478;582333;2020-01-08;""quarta"";""09:15:00"";""RS"";392;67;""PELOTAS"";""Sim"";""Desobediência às normas de trânsito pelo condutor"";1;""Colisão transversal"";""Sem Vítimas"";""Pleno dia"";""Crescente"";""Sol"";""Simples"";""Interseção de vias"";""Sim"";466501;""Automóvel"";""GM/CLASSIC LIFE"";2008;""Passageiro"";""Ileso"";42;""Masculino"";1;0;0;0;-31",75709532;-52,"39980728;""SR-RS"";""DEL9/7"";""UOP01/RS""",
"261478;582298;2020-01-08;""quarta"";""09:15:00"";""RS"";392;67;""PELOTAS"";""Sim"";""Desobediência às normas de trânsito pelo condutor"";1;""Colisão transversal"";""Sem Vítimas"";""Pleno dia"";""Crescente"";""Sol"";""Simples"";""Interseção de vias"";""Sim"";466501;""Automóvel"";""GM/CLASSIC LIFE"";2008;""Condutor"";""Ileso"";36;""Masculino"";1;0;0;0;-31",75709532;-52,"39980728;""SR-RS"";""DEL9/7"";""UOP01/RS""",
"261479;582061;2020-01-08;""quarta"";""09:25:00"";""MG"";381;482","3;""BETIM"";""Sim"";""Não guardar distância de segurança"";1;""Queda de ocupante de veículo"";""Com Vítimas Feridas"";""Pleno dia"";""Crescente"";""Nublado"";""Dupla"";""Reta"";""Sim"";466498;""Motocicleta"";""HONDA/CG 160 FAN"";2018;""Condutor"";""Lesões Leves"";24;""Masculino"";0;1;0;0;-19",955532;-44,"097209;""SR-MG"";""DEL4/1"";""UOP03/MG"""
"261480;582431;2020-01-08;""quarta"";""09:00:00"";""RO"";429;42;""PRESIDENTE MEDICI"";""Sim"";""Desobediência às normas de trânsito pelo condutor"";1;""Colisão traseira"";""Com Vítimas Feridas"";""Pleno dia"";""Decrescente"";""Céu Claro"";""Simples"";""Curva"";""Não"";466534;""Motocicleta"";""HONDA/CG 160 START"";2017;""Condutor"";""Lesões Graves"";62;""Masculino"";0;0;1;0;-11",19945896;-61,"910614;""SR-RO"";""DEL21/2"";""UOP03/RO""",
"261480;582430;2020-01-08;""quarta"";""09:00:00"";""RO"";429;42;""PRESIDENTE MEDICI"";""Sim"";""Desobediência às normas de trânsito pelo condutor"";1;""Colisão traseira"";""Com Vítimas Feridas"";""Pleno dia"";""Decrescente"";""Céu Claro"";""Simples"";""Curva"";""Não"";466533;""Caminhonete"";""FORD/F1000 SS"";1984;""Condutor"";""Ileso"";53;""Masculino"";1;0;0;0;-11",19945896;-61,"910614;""SR-RO"";""DEL21/2"";""UOP03/RO""",
"261481;584295;2020-01-08;""quarta"";""08:40:00"";""RO"";364;185","7;""PIMENTA BUENO"";""Sim"";""Ingestão de Álcool"";3;""Tombamento"";""Com Vítimas Feridas"";""Pleno dia"";""Decrescente"";""Sol"";""Simples"";""Curva"";""Não"";466549;""Motocicleta"";""HONDA/CB 300R"";2009;""Condutor"";""Lesões Graves"";55;""Masculino"";0;0;1;0;-11",745548;-61,"110068;""SR-RO"";""DEL21/2"";""UOP02/RO"""
"261481;584296;2020-01-08;""quarta"";""08:40:00"";""RO"";364;185","7;""PIMENTA BUENO"";""Sim"";""Ingestão de Álcool"";3;""Tombamento"";""Com Vítimas Feridas"";""Pleno dia"";""Decrescente"";""Sol"";""Simples"";""Curva"";""Não"";466549;""Motocicleta"";""HONDA/CB 300R"";2009;""Testemunha"";""Não Informado"";NA;""Não Informado"";0;0;0;0;-11",745548;-61,"110068;""SR-RO"";""DEL21/2"";""UOP02/RO"""
"261481;584295;2020-01-08;""quarta"";""08:40:00"";""RO"";364;185","7;""PIMENTA BUENO"";""Sim"";""Ingestão de Álcool"";2;""Colisão com objeto estático"";""Com Vítimas Feridas"";""Pleno dia"";""Decrescente"";""Sol"";""Simples"";""Curva"";""Não"";466549;""Motocicleta"";""HONDA/CB 300R"";2009;""Condutor"";""Lesões Graves"";55;""Masculino"";0;0;1;0;-11",745548;-61,"110068;""SR-RO"";""DEL21/2"";""UOP02/RO"""
"261481;584296;2020-01-08;""quarta"";""08:40:00"";""RO"";364;185","7;""PIMENTA BUENO"";""Sim"";""Ingestão de Álcool"";2;""Colisão com objeto estático"";""Com Vítimas Feridas"";""Pleno dia"";""Decrescente"";""Sol"";""Simples"";""Curva"";""Não"";466549;""Motocicleta"";""HONDA/CB 300R"";2009;""Testemunha"";""Não Informado"";NA;""Não Informado"";0;0;0;0;-11",745548;-61,"110068;""SR-RO"";""DEL21/2"";""UOP02/RO"""
"261481;584295;2020-01-08;""quarta"";""08:40:00"";""RO"";364;185","7;""PIMENTA BUENO"";""Sim"";""Ingestão de Álcool"";1;""Saída de leito carroçável"";""Com Vítimas Feridas"";""Pleno dia"";""Decrescente"";""Sol"";""Simples"";""Curva"";""Não"";466549;""Motocicleta"";""HONDA/CB 300R"";2009;""Condutor"";""Lesões Graves"";55;""Masculino"";0;0;1;0;-11",745548;-61,"110068;""SR-RO"";""DEL21/2"";""UOP02/RO"""
"261481;584296;2020-01-08;""quarta"";""08:40:00"";""RO"";364;185","7;""PIMENTA BUENO"";""Sim"";""Ingestão de Álcool"";1;""Saída de leito carroçável"";""Com Vítimas Feridas"";""Pleno dia"";""Decrescente"";""Sol"";""Simples"";""Curva"";""Não"";466549;""Motocicleta"";""HONDA/CB 300R"";2009;""Testemunha"";""Não Informado"";NA;""Não Informado"";0;0;0;0;-11",745548;-61,"110068;""SR-RO"";""DEL21/2"";""UOP02/RO"""
"261481;584295;2020-01-08;""quarta"";""08:40:00"";""RO"";364;185","7;""PIMENTA BUENO"";""Não"";""Velocidade Incompatível"";3;""Tombamento"";""Com Vítimas Feridas"";""Pleno dia"";""Decrescente"";""Sol"";""Simples"";""Curva"";""Não"";466549;""Motocicleta"";""HONDA/CB 300R"";2009;""Condutor"";""Lesões Graves"";55;""Masculino"";0;0;1;0;-11",745548;-61,"110068;""SR-RO"";""DEL21/2"";""UOP02/RO"""
"261481;584296;2020-01-08;""quarta"";""08:40:00"";""RO"";364;185","7;""PIMENTA BUENO"";""Não"";""Velocidade Incompatível"";3;""Tombamento"";""Com Vítimas Feridas"";""Pleno dia"";""Decrescente"";""Sol"";""Simples"";""Curva"";""Não"";466549;""Motocicleta"";""HONDA/CB 300R"";2009;""Testemunha"";""Não Informado"";NA;""Não Informado"";0;0;0;0;-11",745548;-61,"110068;""SR-RO"";""DEL21/2"";""UOP02/RO"""
"261481;584295;2020-01-08;""quarta"";""08:40:00"";""RO"";364;185","7;""PIMENTA BUENO"";""Não"";""Velocidade Incompatível"";2;""Colisão com objeto estático"";""Com Vítimas Feridas"";""Pleno dia"";""Decrescente"";""Sol"";""Simples"";""Curva"";""Não"";466549;""Motocicleta"";""HONDA/CB 300R"";2009;""Condutor"";""Lesões Graves"";55;""Masculino"";0;0;1;0;-11",745548;-61,"110068;""SR-RO"";""DEL21/2"";""UOP02/RO"""
"261481;584296;2020-01-08;""quarta"";""08:40:00"";""RO"";364;185","7;""PIMENTA BUENO"";""Não"";""Velocidade Incompatível"";2;""Colisão com objeto estático"";""Com Vítimas Feridas"";""Pleno dia"";""Decrescente"";""Sol"";""Simples"";""Curva"";""Não"";466549;""Motocicleta"";""HONDA/CB 300R"";2009;""Testemunha"";""Não Informado"";NA;""Não Informado"";0;0;0;0;-11",745548;-61,"110068;""SR-RO"";""DEL21/2"";""UOP02/RO"""
"261481;584295;2020-01-08;""quarta"";""08:40:00"";""RO"";364;185","7;""PIMENTA BUENO"";""Não"";""Velocidade Incompatível"";1;""Saída de leito carroçável"";""Com Vítimas Feridas"";""Pleno dia"";""Decrescente"";""Sol"";""Simples"";""Curva"";""Não"";466549;""Motocicleta"";""HONDA/CB 300R"";2009;""Condutor"";""Lesões Graves"";55;""Masculino"";0;0;1;0;-11",745548;-61,"110068;""SR-RO"";""DEL21/2"";""UOP02/RO"""
"261481;584296;2020-01-08;""quarta"";""08:40:00"";""RO"";364;185","7;""PIMENTA BUENO"";""Não"";""Velocidade Incompatível"";1;""Saída de leito carroçável"";""Com Vítimas Feridas"";""Pleno dia"";""Decrescente"";""Sol"";""Simples"";""Curva"";""Não"";466549;""Motocicleta"";""HONDA/CB 300R"";2009;""Testemunha"";""Não Informado"";NA;""Não Informado"";0;0;0;0;-11",745548;-61,"110068;""SR-RO"";""DEL21/2"";""UOP02/RO"""
"261482;586334;2020-01-08;""quarta"";""09:00:00"";""RO"";319;63;""PORTO VELHO"";""Sim"";""Desobediência às normas de trânsito pelo condutor"";1;""Colisão transversal"";""Com Vítimas Feridas"";""Pleno dia"";""Crescente"";""Céu Claro"";""Dupla"";""Não Informado"";""Sim"";466553;""Automóvel"";""VW/GOL 1.0 GIV"";2008;""Passageiro"";""Lesões Leves"";21;""Masculino"";0;1;0;0;-8",766685;-63,"884052;""SR-RO"";""DEL21/1"";""UOP01/RO""",
"261482;586333;2020-01-08;""quarta"";""09:00:00"";""RO"";319;63;""PORTO VELHO"";""Sim"";""Desobediência às normas de trânsito pelo condutor"";1;""Colisão transversal"";""Com Vítimas Feridas"";""Pleno dia"";""Crescente"";""Céu Claro"";""Dupla"";""Não Informado"";""Sim"";466553;""Automóvel"";""VW/GOL 1.0 GIV"";2008;""Condutor"";""Ileso"";40;""Masculino"";1;0;0;0;-8",766685;-63,"884052;""SR-RO"";""DEL21/1"";""UOP01/RO""",
"261482;586332;2020-01-08;""quarta"";""09:00:00"";""RO"";319;63;""PORTO VELHO"";""Sim"";""Desobediência às normas de trânsito pelo condutor"";1;""Colisão transversal"";""Com Vítimas Feridas"";""Pleno dia"";""Crescente"";""Céu Claro"";""Dupla"";""Não Informado"";""Sim"";466552;""Caminhonete"";""I/VW AMAROK V6 EXTR AC4"";2019;""Condutor"";""Ileso"";69;""Masculino"";1;0;0;0;-8",766685;-63,"884052;""SR-RO"";""DEL21/1"";""UOP01/RO""",
"261483;582018;2020-01-08;""quarta"";""10:30:00"";""RS"";101;35;""TRES CACHOEIRAS"";""Sim"";""Falta de Atenção à Condução"";1;""Colisão transversal"";""Com Vítimas Feridas"";""Pleno dia"";""Decrescente"";""Céu Claro"";""Dupla"";""Não Informado"";""Não"";466472;""Caminhonete"";""VW/NOVA SAVEIRO CS"";2013;""Condutor"";""Ileso"";25;""Masculino"";1;0;0;0;-29",51719812;-49,"99124485;""SR-RS"";""DEL9/3"";""UOP02/RS""",
"261483;582011;2020-01-08;""quarta"";""10:30:00"";""RS"";101;35;""TRES CACHOEIRAS"";""Sim"";""Falta de Atenção à Condução"";1;""Colisão transversal"";""Com Vítimas Feridas"";""Pleno dia"";""Decrescente"";""Céu Claro"";""Dupla"";""Não Informado"";""Não"";466471;""Automóvel"";""RENAULT/SANDERO AUT1016V"";2010;""Condutor"";""Lesões Leves"";31;""Masculino"";0;1;0;0;-29",51719812;-49,"99124485;""SR-RS"";""DEL9/3"";""UOP02/RS""",