"id;""pesid"";""data_inversa"";""dia_semana"";""horario"";""uf"";""br"";""km"";""municipio"";""causa_principal"";""causa_acidente"";""ordem_tipo_acidente"";""tipo_acidente"";""classificacao_acidente"";""fase_dia"";""sentido_via"";""condicao_metereologica"";""tipo_pista"";""tracado_via"";""uso_solo"";""id_veiculo"";""tipo_veiculo"";""marca"";""ano_fabricacao_veiculo"";""tipo_envolvido"";""estado_fisico"";""idade"";""sexo"";""ilesos"";""feridos_leves"";""feridos_graves"";""mortos"";""latitude"";""longitude"";""regional"";""delegacia"";""uop""",,,
"261485;582412;2020-01-08;""quarta"";""10:10:00"";""RS"";116;518;""PELOTAS"";""Sim"";""Falta de Atenção à Condução"";1;""Colisão traseira"";""Com Vítimas Feridas"";""Pleno dia"";""Crescente"";""Céu Claro"";""Dupla"";""Reta"";""Sim"";466506;""Bicicleta"";"""";NA;""Condutor"";""Lesões Leves"";21;""Masculino"";0;1;0;0;-31",68674126;-52,"34793373;""SR-RS"";""DEL9/7"";""UOP01/RS""",
"261485;NA;2020-01-08;""quarta"";""10:10:00"";""RS"";116;518;""PELOTAS"";""Sim"";""Falta de Atenção à Condução"";1;""Colisão traseira"";""Com Vítimas Feridas"";""Pleno dia"";""Crescente"";""Céu Claro"";""Dupla"";""Reta"";""Sim"";466719;""Semireboque"";""SR/GUERRA AG CS"";2010;""Não Informado"";""Não Informado"";NA;""Não Informado"";0;0;0;0;-31",68674126;-52,"34793373;""SR-RS"";""DEL9/7"";""UOP01/RS""",
"261485;582413;2020-01-08;""quarta"";""10:10:00"";""RS"";116;518;""PELOTAS"";""Sim"";""Falta de Atenção à Condução"";1;""Colisão traseira"";""Com Vítimas Feridas"";""Pleno dia"";""Crescente"";""Céu Claro"";""Dupla"";""Reta"";""Sim"";466507;""Caminhão-trator"";""SCANIA/R124 GA4X2NZ 420"";2005;""Condutor"";""Ileso"";35;""Masculino"";1;0;0;0;-31",68674126;-52,"34793373;""SR-RS"";""DEL9/7"";""UOP01/RS""",
"261486;582056;2020-01-08;""quarta"";""10:15:00"";""PR"";476;124;""CURITIBA"";""Sim"";""Falta de Atenção à Condução"";1;""Colisão lateral"";""Com Vítimas Feridas"";""Pleno dia"";""Crescente"";""Céu Claro"";""Dupla"";""Reta"";""Sim"";466474;""Automóvel"";""FORD/FIESTA 16SE"";2018;""Condutor"";""Ileso"";50;""Feminino"";1;0;0;0;-25",39942818;-49,"21574961;""SR-PR"";""DEL7/1"";""UOP06/PR""",
"261486;582055;2020-01-08;""quarta"";""10:15:00"";""PR"";476;124;""CURITIBA"";""Sim"";""Falta de Atenção à Condução"";1;""Colisão lateral"";""Com Vítimas Feridas"";""Pleno dia"";""Crescente"";""Céu Claro"";""Dupla"";""Reta"";""Sim"";466473;""Motocicleta"";""YAMAHA/YBR125 FACTOR ED"";2014;""Condutor"";""Lesões Leves"";44;""Masculino"";0;1;0;0;-25",39942818;-49,"21574961;""SR-PR"";""DEL7/1"";""UOP06/PR""",
"261486;582056;2020-01-08;""quarta"";""10:15:00"";""PR"";476;124;""CURITIBA"";""Sim"";""Falta de Atenção à Condução"";2;""Queda de ocupante de veículo"";""Com Vítimas Feridas"";""Pleno dia"";""Crescente"";""Céu Claro"";""Dupla"";""Reta"";""Sim"";466474;""Automóvel"";""FORD/FIESTA 16SE"";2018;""Condutor"";""Ileso"";50;""Feminino"";1;0;0;0;-25",39942818;-49,"21574961;""SR-PR"";""DEL7/1"";""UOP06/PR""",
"261486;582055;2020-01-08;""quarta"";""10:15:00"";""PR"";476;124;""CURITIBA"";""Sim"";""Falta de Atenção à Condução"";2;""Queda de ocupante de veículo"";""Com Vítimas Feridas"";""Pleno dia"";""Crescente"";""Céu Claro"";""Dupla"";""Reta"";""Sim"";466473;""Motocicleta"";""YAMAHA/YBR125 FACTOR ED"";2014;""Condutor"";""Lesões Leves"";44;""Masculino"";0;1;0;0;-25",39942818;-49,"21574961;""SR-PR"";""DEL7/1"";""UOP06/PR""",
"261487;582065;2020-01-08;""quarta"";""10:50:00"";""ES"";101;266;""SERRA"";""Sim"";""Falta de Atenção à Condução"";1;""Colisão traseira"";""Com Vítimas Feridas"";""Pleno dia"";""Decrescente"";""Céu Claro"";""Múltipla"";""Reta"";""Sim"";466495;""Caminhonete"";""VW/SAVEIRO CL 1.8"";1995;""Condutor"";""Ileso"";32;""Masculino"";1;0;0;0;-20",190199;-40,"26828891;""SR-ES"";""DEL12/2"";""UOP01/ES""",
"261487;582068;2020-01-08;""quarta"";""10:50:00"";""ES"";101;266;""SERRA"";""Sim"";""Falta de Atenção à Condução"";1;""Colisão traseira"";""Com Vítimas Feridas"";""Pleno dia"";""Decrescente"";""Céu Claro"";""Múltipla"";""Reta"";""Sim"";466496;""Motocicleta"";""YAMAHA/YS150 FAZER SED"";2019;""Condutor"";""Lesões Leves"";35;""Masculino"";0;1;0;0;-20",190199;-40,"26828891;""SR-ES"";""DEL12/2"";""UOP01/ES""",
"261488;582003;2020-01-02;""quinta"";""13:50:00"";""SP"";116;86","3;""PINDAMONHANGABA"";""Sim"";""Não guardar distância de segurança"";1;""Colisão traseira"";""Com Vítimas Feridas"";""Pleno dia"";""Crescente"";""Nublado"";""Múltipla"";""Reta"";""Não"";466468;""Automóvel"";""TOYOTA/COROLLA GLI18 CVT"";2016;""Passageiro"";""Lesões Leves"";52;""Feminino"";0;1;0;0;-22",92639476;-45,"35307511;""SR-SP"";""DEL6"";""UOP01/SP"""
"261488;582002;2020-01-02;""quinta"";""13:50:00"";""SP"";116;86","3;""PINDAMONHANGABA"";""Sim"";""Não guardar distância de segurança"";1;""Colisão traseira"";""Com Vítimas Feridas"";""Pleno dia"";""Crescente"";""Nublado"";""Múltipla"";""Reta"";""Não"";466468;""Automóvel"";""TOYOTA/COROLLA GLI18 CVT"";2016;""Condutor"";""Ileso"";56;""Masculino"";1;0;0;0;-22",92639476;-45,"35307511;""SR-SP"";""DEL6"";""UOP01/SP"""
"261488;582001;2020-01-02;""quinta"";""13:50:00"";""SP"";116;86","3;""PINDAMONHANGABA"";""Sim"";""Não guardar distância de segurança"";1;""Colisão traseira"";""Com Vítimas Feridas"";""Pleno dia"";""Crescente"";""Nublado"";""Múltipla"";""Reta"";""Não"";466467;""Automóvel"";""I/CHEV CRUZE LT HB AT"";2017;""Condutor"";""Ileso"";64;""Masculino"";1;0;0;0;-22",92639476;-45,"35307511;""SR-SP"";""DEL6"";""UOP01/SP"""
"261489;582406;2020-01-08;""quarta"";""10:50:00"";""SC"";101;208","5;""SAO JOSE"";""Sim"";""Não guardar distância de segurança"";1;""Colisão lateral"";""Com Vítimas Feridas"";""Pleno dia"";""Decrescente"";""Nublado"";""Múltipla"";""Reta"";""Não"";466576;""Automóvel"";""CHEVROLET/CELTA 1.0L LT"";2012;""Condutor"";""Ileso"";23;""Feminino"";1;0;0;0;-27",60327979;-48,"63201818;""SR-SC"";""DEL8/1"";""UOP01/SC"""
"261489;582405;2020-01-08;""quarta"";""10:50:00"";""SC"";101;208","5;""SAO JOSE"";""Sim"";""Não guardar distância de segurança"";1;""Colisão lateral"";""Com Vítimas Feridas"";""Pleno dia"";""Decrescente"";""Nublado"";""Múltipla"";""Reta"";""Não"";466575;""Motocicleta"";""HONDA/CG 160 FAN"";2018;""Condutor"";""Lesões Leves"";45;""Masculino"";0;1;0;0;-27",60327979;-48,"63201818;""SR-SC"";""DEL8/1"";""UOP01/SC"""
"261490;582052;2020-01-08;""quarta"";""11:10:00"";""SP"";101;50;""UBATUBA"";""Sim"";""Falta de Atenção à Condução"";1;""Colisão traseira"";""Com Vítimas Feridas"";""Pleno dia"";""Crescente"";""Céu Claro"";""Simples"";""Reta"";""Sim"";466492;""Automóvel"";""HONDA/CITY EXL CVT"";2014;""Condutor"";""Ileso"";32;""Masculino"";1;0;0;0;-23",45108139;-45,"07673264;""SR-SP"";""DEL6"";""UOP03/SP""",
"261490;582051;2020-01-08;""quarta"";""11:10:00"";""SP"";101;50;""UBATUBA"";""Sim"";""Falta de Atenção à Condução"";1;""Colisão traseira"";""Com Vítimas Feridas"";""Pleno dia"";""Crescente"";""Céu Claro"";""Simples"";""Reta"";""Sim"";466491;""Motocicleta"";""HONDA/CG 125 FAN KS"";2010;""Condutor"";""Lesões Leves"";23;""Feminino"";0;1;0;0;-23",45108139;-45,"07673264;""SR-SP"";""DEL6"";""UOP03/SP""",
"261491;583895;2020-01-08;""quarta"";""10:45:00"";""GO"";153;461","2;""GOIANAPOLIS"";""Sim"";""Avarias e/ou desgaste excessivo no pneu"";1;""Tombamento"";""Com Vítimas Feridas"";""Pleno dia"";""Decrescente"";""Céu Claro"";""Dupla"";""Reta"";""Não"";466499;""Caminhonete"";""HYUNDAI/HR HDB"";2013;""Condutor"";""Lesões Leves"";30;""Masculino"";0;1;0;0;-16",449057;-49,"027664;""SR-GO"";""DEL1/1"";""UOP01/GO"""
"261492;582101;2020-01-08;""quarta"";""10:50:00"";""RJ"";116;167","4;""RIO DE JANEIRO"";""Sim"";""Não guardar distância de segurança"";3;""Queda de ocupante de veículo"";""Com Vítimas Feridas"";""Pleno dia"";""Decrescente"";""Sol"";""Múltipla"";""Reta"";""Sim"";466512;""Motocicleta"";""YAMAHA/YBR125 FACTOR K1"";2014;""Condutor"";""Lesões Leves"";29;""Masculino"";0;1;0;0;-22",81803977;-43,"30787252;""SR-RJ"";""DEL5/1"";""UOP02/RJ"""
"261492;582097;2020-01-08;""quarta"";""10:50:00"";""RJ"";116;167","4;""RIO DE JANEIRO"";""Sim"";""Não guardar distância de segurança"";3;""Queda de ocupante de veículo"";""Com Vítimas Feridas"";""Pleno dia"";""Decrescente"";""Sol"";""Múltipla"";""Reta"";""Sim"";466511;""Automóvel"";""FIAT/PALIO FIRE FLEX"";2006;""Condutor"";""Ileso"";33;""Feminino"";1;0;0;0;-22",81803977;-43,"30787252;""SR-RJ"";""DEL5/1"";""UOP02/RJ"""
"261492;582101;2020-01-08;""quarta"";""10:50:00"";""RJ"";116;167","4;""RIO DE JANEIRO"";""Sim"";""Não guardar distância de segurança"";2;""Tombamento"";""Com Vítimas Feridas"";""Pleno dia"";""Decrescente"";""Sol"";""Múltipla"";""Reta"";""Sim"";466512;""Motocicleta"";""YAMAHA/YBR125 FACTOR K1"";2014;""Condutor"";""Lesões Leves"";29;""Masculino"";0;1;0;0;-22",81803977;-43,"30787252;""SR-RJ"";""DEL5/1"";""UOP02/RJ"""
"261492;582097;2020-01-08;""quarta"";""10:50:00"";""RJ"";116;167","4;""RIO DE JANEIRO"";""Sim"";""Não guardar distância de segurança"";2;""Tombamento"";""Com Vítimas Feridas"";""Pleno dia"";""Decrescente"";""Sol"";""Múltipla"";""Reta"";""Sim"";466511;""Automóvel"";""FIAT/PALIO FIRE FLEX"";2006;""Condutor"";""Ileso"";33;""Feminino"";1;0;0;0;-22",81803977;-43,"30787252;""SR-RJ"";""DEL5/1"";""UOP02/RJ"""
"261492;582101;2020-01-08;""quarta"";""10:50:00"";""RJ"";116;167","4;""RIO DE JANEIRO"";""Sim"";""Não guardar distância de segurança"";1;""Colisão traseira"";""Com Vítimas Feridas"";""Pleno dia"";""Decrescente"";""Sol"";""Múltipla"";""Reta"";""Sim"";466512;""Motocicleta"";""YAMAHA/YBR125 FACTOR K1"";2014;""Condutor"";""Lesões Leves"";29;""Masculino"";0;1;0;0;-22",81803977;-43,"30787252;""SR-RJ"";""DEL5/1"";""UOP02/RJ"""
"261492;582097;2020-01-08;""quarta"";""10:50:00"";""RJ"";116;167","4;""RIO DE JANEIRO"";""Sim"";""Não guardar distância de segurança"";1;""Colisão traseira"";""Com Vítimas Feridas"";""Pleno dia"";""Decrescente"";""Sol"";""Múltipla"";""Reta"";""Sim"";466511;""Automóvel"";""FIAT/PALIO FIRE FLEX"";2006;""Condutor"";""Ileso"";33;""Feminino"";1;0;0;0;-22",81803977;-43,"30787252;""SR-RJ"";""DEL5/1"";""UOP02/RJ"""
"261493;582026;2020-01-08;""quarta"";""04:30:00"";""MT"";NA;NA;""SANTO ANTONIO DO LEVERGER"";""Sim"";""Falta de Atenção à Condução"";1;""Colisão com objeto estático"";""Sem Vítimas"";""Plena Noite"";""Não Informado"";""Céu Claro"";""Múltipla"";""Reta"";""Não"";466477;""Caminhonete"";""MMC/L200 TRITON SPT GL"";2018;""Condutor"";""Ileso"";30;""Masculino"";1;0;0;0;-15",70200126;-55,"827522;""SR-MT"";""DEL2/1"";""UOP01/MT""",
"261493;582149;2020-01-08;""quarta"";""04:30:00"";""MT"";NA;NA;""SANTO ANTONIO DO LEVERGER"";""Sim"";""Falta de Atenção à Condução"";1;""Colisão com objeto estático"";""Sem Vítimas"";""Plena Noite"";""Não Informado"";""Céu Claro"";""Múltipla"";""Reta"";""Não"";466477;""Caminhonete"";""MMC/L200 TRITON SPT GL"";2018;""Testemunha"";""Não Informado"";NA;""Não Informado"";0;0;0;0;-15",70200126;-55,"827522;""SR-MT"";""DEL2/1"";""UOP01/MT""",
"261494;582144;2020-01-08;""quarta"";""11:50:00"";""ES"";262;105","9;""VENDA NOVA DO IMIGRANTE"";""Não"";""Falta de Atenção à Condução"";1;""Colisão transversal"";""Com Vítimas Feridas"";""Pleno dia"";""Decrescente"";""Sol"";""Simples"";""Não Informado"";""Sim"";466529;""Automóvel"";""FIAT/PUNTO ATTRACTIVE"";2012;""Condutor"";""Ileso"";57;""Feminino"";1;0;0;0;-20",32624656;-41,"13598921;""SR-ES"";""DEL12/1"";""UOP02/ES"""
"261494;582132;2020-01-08;""quarta"";""11:50:00"";""ES"";262;105","9;""VENDA NOVA DO IMIGRANTE"";""Não"";""Falta de Atenção à Condução"";1;""Colisão transversal"";""Com Vítimas Feridas"";""Pleno dia"";""Decrescente"";""Sol"";""Simples"";""Não Informado"";""Sim"";466524;""Motocicleta"";""HONDA/CG 160 START"";2018;""Condutor"";""Lesões Leves"";24;""Masculino"";0;1;0;0;-20",32624656;-41,"13598921;""SR-ES"";""DEL12/1"";""UOP02/ES"""
"261494;582144;2020-01-08;""quarta"";""11:50:00"";""ES"";262;105","9;""VENDA NOVA DO IMIGRANTE"";""Sim"";""Desobediência às normas de trânsito pelo condutor"";1;""Colisão transversal"";""Com Vítimas Feridas"";""Pleno dia"";""Decrescente"";""Sol"";""Simples"";""Não Informado"";""Sim"";466529;""Automóvel"";""FIAT/PUNTO ATTRACTIVE"";2012;""Condutor"";""Ileso"";57;""Feminino"";1;0;0;0;-20",32624656;-41,"13598921;""SR-ES"";""DEL12/1"";""UOP02/ES"""
"261494;582132;2020-01-08;""quarta"";""11:50:00"";""ES"";262;105","9;""VENDA NOVA DO IMIGRANTE"";""Sim"";""Desobediência às normas de trânsito pelo condutor"";1;""Colisão transversal"";""Com Vítimas Feridas"";""Pleno dia"";""Decrescente"";""Sol"";""Simples"";""Não Informado"";""Sim"";466524;""Motocicleta"";""HONDA/CG 160 START"";2018;""Condutor"";""Lesões Leves"";24;""Masculino"";0;1;0;0;-20",32624656;-41,"13598921;""SR-ES"";""DEL12/1"";""UOP02/ES"""
"261495;582054;2020-01-08;""quarta"";""07:00:00"";""SC"";280;93","7;""CORUPA"";""Sim"";""Desobediência às normas de trânsito pelo condutor"";1;""Colisão traseira"";""Com Vítimas Feridas"";""Amanhecer"";""Crescente"";""Nevoeiro/Neblina"";""Simples"";""Reta"";""Não"";466481;""Caminhão"";""VW/17.280 CRM 4X2"";2017;""Condutor"";""Ileso"";30;""Masculino"";1;0;0;0;-26",38472876;-49,"30877566;""SR-SC"";""DEL8/6"";""UOP03/SC"""
"261495;582053;2020-01-08;""quarta"";""07:00:00"";""SC"";280;93","7;""CORUPA"";""Sim"";""Desobediência às normas de trânsito pelo condutor"";1;""Colisão traseira"";""Com Vítimas Feridas"";""Amanhecer"";""Crescente"";""Nevoeiro/Neblina"";""Simples"";""Reta"";""Não"";466480;""Caminhonete"";""FORD/COURIER 1.6 L"";2004;""Condutor"";""Lesões Leves"";63;""Masculino"";0;1;0;0;-26",38472876;-49,"30877566;""SR-SC"";""DEL8/6"";""UOP03/SC"""
"261495;582054;2020-01-08;""quarta"";""07:00:00"";""SC"";280;93","7;""CORUPA"";""Sim"";""Desobediência às normas de trânsito pelo condutor"";2;""Saída de leito carroçável"";""Com Vítimas Feridas"";""Amanhecer"";""Crescente"";""Nevoeiro/Neblina"";""Simples"";""Reta"";""Não"";466481;""Caminhão"";""VW/17.280 CRM 4X2"";2017;""Condutor"";""Ileso"";30;""Masculino"";1;0;0;0;-26",38472876;-49,"30877566;""SR-SC"";""DEL8/6"";""UOP03/SC"""
"261495;582053;2020-01-08;""quarta"";""07:00:00"";""SC"";280;93","7;""CORUPA"";""Sim"";""Desobediência às normas de trânsito pelo condutor"";2;""Saída de leito carroçável"";""Com Vítimas Feridas"";""Amanhecer"";""Crescente"";""Nevoeiro/Neblina"";""Simples"";""Reta"";""Não"";466480;""Caminhonete"";""FORD/COURIER 1.6 L"";2004;""Condutor"";""Lesões Leves"";63;""Masculino"";0;1;0;0;-26",38472876;-49,"30877566;""SR-SC"";""DEL8/6"";""UOP03/SC"""
"261496;582042;2020-01-08;""quarta"";""11:30:00"";""SC"";101;341;""TUBARAO"";""Sim"";""Falta de Atenção à Condução"";1;""Colisão traseira"";""Com Vítimas Feridas"";""Pleno dia"";""Crescente"";""Nublado"";""Simples"";""Reta"";""Sim"";466485;""Motocicleta"";""YAMAHA/FACTOR YBR125 K"";2011;""Condutor"";""Lesões Leves"";52;""Masculino"";0;1;0;0;-28",501444;-49,"04690399;""SR-SC"";""DEL8/2"";""UOP01/SC""",
"261496;582039;2020-01-08;""quarta"";""11:30:00"";""SC"";101;341;""TUBARAO"";""Sim"";""Falta de Atenção à Condução"";1;""Colisão traseira"";""Com Vítimas Feridas"";""Pleno dia"";""Crescente"";""Nublado"";""Simples"";""Reta"";""Sim"";466484;""Automóvel"";""FORD/KA SE 1.5 SD B"";2018;""Condutor"";""Ileso"";43;""Feminino"";1;0;0;0;-28",501444;-49,"04690399;""SR-SC"";""DEL8/2"";""UOP01/SC""",
"261497;582117;2020-01-08;""quarta"";""12:00:00"";""MG"";381;584;""CARMOPOLIS DE MINAS"";""Sim"";""Falta de Atenção à Condução"";1;""Colisão traseira"";""Sem Vítimas"";""Pleno dia"";""Decrescente"";""Chuva"";""Dupla"";""Curva"";""Não"";466525;""Camioneta"";""FORD/ECOSPORT XLT 1.6L"";2003;""Condutor"";""Ileso"";45;""Masculino"";1;0;0;0;-20",52949002;-44,"63874994;""SR-MG"";""DEL4/4"";""UOP01/MG""",
"261497;582121;2020-01-08;""quarta"";""12:00:00"";""MG"";381;584;""CARMOPOLIS DE MINAS"";""Sim"";""Falta de Atenção à Condução"";1;""Colisão traseira"";""Sem Vítimas"";""Pleno dia"";""Decrescente"";""Chuva"";""Dupla"";""Curva"";""Não"";466530;""Automóvel"";""FIAT/PALIO FIRE FLEX"";2008;""Condutor"";""Ileso"";27;""Masculino"";1;0;0;0;-20",52949002;-44,"63874994;""SR-MG"";""DEL4/4"";""UOP01/MG""",
"261497;582118;2020-01-08;""quarta"";""12:00:00"";""MG"";381;584;""CARMOPOLIS DE MINAS"";""Sim"";""Falta de Atenção à Condução"";1;""Colisão traseira"";""Sem Vítimas"";""Pleno dia"";""Decrescente"";""Chuva"";""Dupla"";""Curva"";""Não"";466528;""Automóvel"";""I/FORD FIESTA SE"";2011;""Condutor"";""Ileso"";36;""Feminino"";1;0;0;0;-20",52949002;-44,"63874994;""SR-MG"";""DEL4/4"";""UOP01/MG""",
"261498;582349;2020-01-08;""quarta"";""12:02:00"";""GO"";60;29","3;""ALEXANIA"";""Sim"";""Avarias e/ou desgaste excessivo no pneu"";1;""Saída de leito carroçável"";""Com Vítimas Fatais"";""Pleno dia"";""Decrescente"";""Chuva"";""Dupla"";""Não Informado"";""Não"";466647;""Automóvel"";""VW/GOL 1.0"";2011;""Passageiro"";""Lesões Graves"";60;""Feminino"";0;0;1;0;-16",0980826;-48,"4790504;""SR-DF"";""UOP03/DF"";"""""
"261498;582347;2020-01-08;""quarta"";""12:02:00"";""GO"";60;29","3;""ALEXANIA"";""Sim"";""Avarias e/ou desgaste excessivo no pneu"";1;""Saída de leito carroçável"";""Com Vítimas Fatais"";""Pleno dia"";""Decrescente"";""Chuva"";""Dupla"";""Não Informado"";""Não"";466647;""Automóvel"";""VW/GOL 1.0"";2011;""Passageiro"";""Lesões Leves"";26;""Masculino"";0;1;0;0;-16",0980826;-48,"4790504;""SR-DF"";""UOP03/DF"";"""""
"261498;582346;2020-01-08;""quarta"";""12:02:00"";""GO"";60;29","3;""ALEXANIA"";""Sim"";""Avarias e/ou desgaste excessivo no pneu"";1;""Saída de leito carroçável"";""Com Vítimas Fatais"";""Pleno dia"";""Decrescente"";""Chuva"";""Dupla"";""Não Informado"";""Não"";466647;""Automóvel"";""VW/GOL 1.0"";2011;""Passageiro"";""Lesões Leves"";20;""Feminino"";0;1;0;0;-16",0980826;-48,"4790504;""SR-DF"";""UOP03/DF"";"""""
"261498;582344;2020-01-08;""quarta"";""12:02:00"";""GO"";60;29","3;""ALEXANIA"";""Sim"";""Avarias e/ou desgaste excessivo no pneu"";1;""Saída de leito carroçável"";""Com Vítimas Fatais"";""Pleno dia"";""Decrescente"";""Chuva"";""Dupla"";""Não Informado"";""Não"";466647;""Automóvel"";""VW/GOL 1.0"";2011;""Condutor"";""Lesões Leves"";27;""Feminino"";0;1;0;0;-16",0980826;-48,"4790504;""SR-DF"";""UOP03/DF"";"""""
"261498;582287;2020-01-08;""quarta"";""12:02:00"";""GO"";60;29","3;""ALEXANIA"";""Sim"";""Avarias e/ou desgaste excessivo no pneu"";1;""Saída de leito carroçável"";""Com Vítimas Fatais"";""Pleno dia"";""Decrescente"";""Chuva"";""Dupla"";""Não Informado"";""Não"";466647;""Automóvel"";""VW/GOL 1.0"";2011;""Passageiro"";""Óbito"";74;""Feminino"";0;0;0;1;-16",0980826;-48,"4790504;""SR-DF"";""UOP03/DF"";"""""
"261498;582349;2020-01-08;""quarta"";""12:02:00"";""GO"";60;29","3;""ALEXANIA"";""Sim"";""Avarias e/ou desgaste excessivo no pneu"";2;""Capotamento"";""Com Vítimas Fatais"";""Pleno dia"";""Decrescente"";""Chuva"";""Dupla"";""Não Informado"";""Não"";466647;""Automóvel"";""VW/GOL 1.0"";2011;""Passageiro"";""Lesões Graves"";60;""Feminino"";0;0;1;0;-16",0980826;-48,"4790504;""SR-DF"";""UOP03/DF"";"""""
"261498;582347;2020-01-08;""quarta"";""12:02:00"";""GO"";60;29","3;""ALEXANIA"";""Sim"";""Avarias e/ou desgaste excessivo no pneu"";2;""Capotamento"";""Com Vítimas Fatais"";""Pleno dia"";""Decrescente"";""Chuva"";""Dupla"";""Não Informado"";""Não"";466647;""Automóvel"";""VW/GOL 1.0"";2011;""Passageiro"";""Lesões Leves"";26;""Masculino"";0;1;0;0;-16",0980826;-48,"4790504;""SR-DF"";""UOP03/DF"";"""""
"261498;582346;2020-01-08;""quarta"";""12:02:00"";""GO"";60;29","3;""ALEXANIA"";""Sim"";""Avarias e/ou desgaste excessivo no pneu"";2;""Capotamento"";""Com Vítimas Fatais"";""Pleno dia"";""Decrescente"";""Chuva"";""Dupla"";""Não Informado"";""Não"";466647;""Automóvel"";""VW/GOL 1.0"";2011;""Passageiro"";""Lesões Leves"";20;""Feminino"";0;1;0;0;-16",0980826;-48,"4790504;""SR-DF"";""UOP03/DF"";"""""
"261498;582344;2020-01-08;""quarta"";""12:02:00"";""GO"";60;29","3;""ALEXANIA"";""Sim"";""Avarias e/ou desgaste excessivo no pneu"";2;""Capotamento"";""Com Vítimas Fatais"";""Pleno dia"";""Decrescente"";""Chuva"";""Dupla"";""Não Informado"";""Não"";466647;""Automóvel"";""VW/GOL 1.0"";2011;""Condutor"";""Lesões Leves"";27;""Feminino"";0;1;0;0;-16",0980826;-48,"4790504;""SR-DF"";""UOP03/DF"";"""""
"261498;582287;2020-01-08;""quarta"";""12:02:00"";""GO"";60;29","3;""ALEXANIA"";""Sim"";""Avarias e/ou desgaste excessivo no pneu"";2;""Capotamento"";""Com Vítimas Fatais"";""Pleno dia"";""Decrescente"";""Chuva"";""Dupla"";""Não Informado"";""Não"";466647;""Automóvel"";""VW/GOL 1.0"";2011;""Passageiro"";""Óbito"";74;""Feminino"";0;0;0;1;-16",0980826;-48,"4790504;""SR-DF"";""UOP03/DF"";"""""
"261499;582161;2020-01-08;""quarta"";""11:50:00"";""RN"";427;0","4;""CURRAIS NOVOS"";""Sim"";""Condutor Dormindo"";2;""Colisão lateral"";""Com Vítimas Feridas"";""Pleno dia"";""Decrescente"";""Céu Claro"";""Simples"";""Curva"";""Não"";466541;""Motocicleta"";""YAMAHA/YBR150 FACTOR ED"";2018;""Passageiro"";""Lesões Graves"";62;""Feminino"";0;0;1;0;-6",2612467;-36,"518078;""SR-RN"";""DEL15/3"";""UOP01/RN"""
"261499;582159;2020-01-08;""quarta"";""11:50:00"";""RN"";427;0","4;""CURRAIS NOVOS"";""Sim"";""Condutor Dormindo"";2;""Colisão lateral"";""Com Vítimas Feridas"";""Pleno dia"";""Decrescente"";""Céu Claro"";""Simples"";""Curva"";""Não"";466541;""Motocicleta"";""YAMAHA/YBR150 FACTOR ED"";2018;""Condutor"";""Ileso"";37;""Masculino"";1;0;0;0;-6",2612467;-36,"518078;""SR-RN"";""DEL15/3"";""UOP01/RN"""
"261499;582162;2020-01-08;""quarta"";""11:50:00"";""RN"";427;0","4;""CURRAIS NOVOS"";""Sim"";""Condutor Dormindo"";2;""Colisão lateral"";""Com Vítimas Feridas"";""Pleno dia"";""Decrescente"";""Céu Claro"";""Simples"";""Curva"";""Não"";466542;""Motoneta"";""YAMAHA/T115 CRYPTON ED"";2013;""Condutor"";""Lesões Graves"";50;""Masculino"";0;0;1;0;-6",2612467;-36,"518078;""SR-RN"";""DEL15/3"";""UOP01/RN"""
"261499;582157;2020-01-08;""quarta"";""11:50:00"";""RN"";427;0","4;""CURRAIS NOVOS"";""Sim"";""Condutor Dormindo"";2;""Colisão lateral"";""Com Vítimas Feridas"";""Pleno dia"";""Decrescente"";""Céu Claro"";""Simples"";""Curva"";""Não"";466540;""Automóvel"";""FORD/KA FLEX"";2012;""Condutor"";""Ileso"";71;""Masculino"";1;0;0;0;-6",2612467;-36,"518078;""SR-RN"";""DEL15/3"";""UOP01/RN"""
"261499;582161;2020-01-08;""quarta"";""11:50:00"";""RN"";427;0","4;""CURRAIS NOVOS"";""Sim"";""Condutor Dormindo"";1;""Colisão frontal"";""Com Vítimas Feridas"";""Pleno dia"";""Decrescente"";""Céu Claro"";""Simples"";""Curva"";""Não"";466541;""Motocicleta"";""YAMAHA/YBR150 FACTOR ED"";2018;""Passageiro"";""Lesões Graves"";62;""Feminino"";0;0;1;0;-6",2612467;-36,"518078;""SR-RN"";""DEL15/3"";""UOP01/RN"""
"261499;582159;2020-01-08;""quarta"";""11:50:00"";""RN"";427;0","4;""CURRAIS NOVOS"";""Sim"";""Condutor Dormindo"";1;""Colisão frontal"";""Com Vítimas Feridas"";""Pleno dia"";""Decrescente"";""Céu Claro"";""Simples"";""Curva"";""Não"";466541;""Motocicleta"";""YAMAHA/YBR150 FACTOR ED"";2018;""Condutor"";""Ileso"";37;""Masculino"";1;0;0;0;-6",2612467;-36,"518078;""SR-RN"";""DEL15/3"";""UOP01/RN"""
"261499;582162;2020-01-08;""quarta"";""11:50:00"";""RN"";427;0","4;""CURRAIS NOVOS"";""Sim"";""Condutor Dormindo"";1;""Colisão frontal"";""Com Vítimas Feridas"";""Pleno dia"";""Decrescente"";""Céu Claro"";""Simples"";""Curva"";""Não"";466542;""Motoneta"";""YAMAHA/T115 CRYPTON ED"";2013;""Condutor"";""Lesões Graves"";50;""Masculino"";0;0;1;0;-6",2612467;-36,"518078;""SR-RN"";""DEL15/3"";""UOP01/RN"""