"id;""pesid"";""data_inversa"";""dia_semana"";""horario"";""uf"";""br"";""km"";""municipio"";""causa_principal"";""causa_acidente"";""ordem_tipo_acidente"";""tipo_acidente"";""classificacao_acidente"";""fase_dia"";""sentido_via"";""condicao_metereologica"";""tipo_pista"";""tracado_via"";""uso_solo"";""id_veiculo"";""tipo_veiculo"";""marca"";""ano_fabricacao_veiculo"";""tipo_envolvido"";""estado_fisico"";""idade"";""sexo"";""ilesos"";""feridos_leves"";""feridos_graves"";""mortos"";""latitude"";""longitude"";""regional"";""delegacia"";""uop""",,,
"261499;582157;2020-01-08;""quarta"";""11:50:00"";""RN"";427;0","4;""CURRAIS NOVOS"";""Sim"";""Condutor Dormindo"";1;""Colisão frontal"";""Com Vítimas Feridas"";""Pleno dia"";""Decrescente"";""Céu Claro"";""Simples"";""Curva"";""Não"";466540;""Automóvel"";""FORD/KA FLEX"";2012;""Condutor"";""Ileso"";71;""Masculino"";1;0;0;0;-6",2612467;-36,"518078;""SR-RN"";""DEL15/3"";""UOP01/RN"""
"261501;584004;2020-01-08;""quarta"";""12:45:00"";""PR"";376;177;""MARINGA"";""Sim"";""Falta de Atenção à Condução"";1;""Colisão com objeto estático"";""Com Vítimas Feridas"";""Pleno dia"";""Decrescente"";""Céu Claro"";""Dupla"";""Retorno Regulamentado"";""Sim"";466539;""Motocicleta"";""HONDA/CG 125 TITAN"";1998;""Passageiro"";""Lesões Leves"";19;""Feminino"";0;1;0;0;-23",41595855;-51,"92226484;""SR-PR"";""DEL7/7"";""UOP04/PR""",
"261501;584003;2020-01-08;""quarta"";""12:45:00"";""PR"";376;177;""MARINGA"";""Sim"";""Falta de Atenção à Condução"";1;""Colisão com objeto estático"";""Com Vítimas Feridas"";""Pleno dia"";""Decrescente"";""Céu Claro"";""Dupla"";""Retorno Regulamentado"";""Sim"";466539;""Motocicleta"";""HONDA/CG 125 TITAN"";1998;""Testemunha"";""Não Informado"";NA;""Não Informado"";0;0;0;0;-23",41595855;-51,"92226484;""SR-PR"";""DEL7/7"";""UOP04/PR""",
"261501;584001;2020-01-08;""quarta"";""12:45:00"";""PR"";376;177;""MARINGA"";""Sim"";""Falta de Atenção à Condução"";1;""Colisão com objeto estático"";""Com Vítimas Feridas"";""Pleno dia"";""Decrescente"";""Céu Claro"";""Dupla"";""Retorno Regulamentado"";""Sim"";466539;""Motocicleta"";""HONDA/CG 125 TITAN"";1998;""Condutor"";""Lesões Graves"";22;""Masculino"";0;0;1;0;-23",41595855;-51,"92226484;""SR-PR"";""DEL7/7"";""UOP04/PR""",
"261501;584003;2020-01-08;""quarta"";""12:45:00"";""PR"";376;177;""MARINGA"";""Sim"";""Falta de Atenção à Condução"";1;""Colisão com objeto estático"";""Com Vítimas Feridas"";""Pleno dia"";""Decrescente"";""Céu Claro"";""Dupla"";""Retorno Regulamentado"";""Sim"";466538;""Automóvel"";""CHEVROLET/ONIX 10MT JOYE"";2019;""Testemunha"";""Não Informado"";NA;""Não Informado"";0;0;0;0;-23",41595855;-51,"92226484;""SR-PR"";""DEL7/7"";""UOP04/PR""",
"261501;582147;2020-01-08;""quarta"";""12:45:00"";""PR"";376;177;""MARINGA"";""Sim"";""Falta de Atenção à Condução"";1;""Colisão com objeto estático"";""Com Vítimas Feridas"";""Pleno dia"";""Decrescente"";""Céu Claro"";""Dupla"";""Retorno Regulamentado"";""Sim"";466538;""Automóvel"";""CHEVROLET/ONIX 10MT JOYE"";2019;""Condutor"";""Ileso"";22;""Masculino"";1;0;0;0;-23",41595855;-51,"92226484;""SR-PR"";""DEL7/7"";""UOP04/PR""",
"261502;582123;2020-01-08;""quarta"";""12:30:00"";""RN"";101;146","9;""GOIANINHA"";""Sim"";""Falta de Atenção à Condução"";2;""Tombamento"";""Com Vítimas Feridas"";""Pleno dia"";""Decrescente"";""Céu Claro"";""Dupla"";""Reta"";""Sim"";466532;""Automóvel"";""HYUNDAI/HB20S 1.6A PREM"";2019;""Condutor"";""Ileso"";21;""Masculino"";1;0;0;0;-6",26436607;-35,"21052903;""SR-RN"";""DEL15/1"";""UOP01/RN"""
"261502;582122;2020-01-08;""quarta"";""12:30:00"";""RN"";101;146","9;""GOIANINHA"";""Sim"";""Falta de Atenção à Condução"";2;""Tombamento"";""Com Vítimas Feridas"";""Pleno dia"";""Decrescente"";""Céu Claro"";""Dupla"";""Reta"";""Sim"";466531;""Motocicleta"";""HONDA/CG 160 FAN"";2019;""Condutor"";""Lesões Leves"";25;""Masculino"";0;1;0;0;-6",26436607;-35,"21052903;""SR-RN"";""DEL15/1"";""UOP01/RN"""
"261502;582123;2020-01-08;""quarta"";""12:30:00"";""RN"";101;146","9;""GOIANINHA"";""Sim"";""Falta de Atenção à Condução"";1;""Colisão frontal"";""Com Vítimas Feridas"";""Pleno dia"";""Decrescente"";""Céu Claro"";""Dupla"";""Reta"";""Sim"";466532;""Automóvel"";""HYUNDAI/HB20S 1.6A PREM"";2019;""Condutor"";""Ileso"";21;""Masculino"";1;0;0;0;-6",26436607;-35,"21052903;""SR-RN"";""DEL15/1"";""UOP01/RN"""
"261502;582122;2020-01-08;""quarta"";""12:30:00"";""RN"";101;146","9;""GOIANINHA"";""Sim"";""Falta de Atenção à Condução"";1;""Colisão frontal"";""Com Vítimas Feridas"";""Pleno dia"";""Decrescente"";""Céu Claro"";""Dupla"";""Reta"";""Sim"";466531;""Motocicleta"";""HONDA/CG 160 FAN"";2019;""Condutor"";""Lesões Leves"";25;""Masculino"";0;1;0;0;-6",26436607;-35,"21052903;""SR-RN"";""DEL15/1"";""UOP01/RN"""
"261503;587000;2020-01-08;""quarta"";""13:00:00"";""PI"";343;188;""PIRIPIRI"";""Sim"";""Falta de Atenção à Condução"";1;""Colisão lateral"";""Com Vítimas Feridas"";""Pleno dia"";""Decrescente"";""Céu Claro"";""Simples"";""Curva"";""Sim"";466613;""Camioneta"";""JEEP/COMPASS LIMITED F"";2016;""Condutor"";""Ileso"";46;""Masculino"";1;0;0;0;-4",30723;-41,"770481;""SR-PI"";""DEL17/2"";""UOP01/PI""",
"261503;587011;2020-01-08;""quarta"";""13:00:00"";""PI"";343;188;""PIRIPIRI"";""Sim"";""Falta de Atenção à Condução"";1;""Colisão lateral"";""Com Vítimas Feridas"";""Pleno dia"";""Decrescente"";""Céu Claro"";""Simples"";""Curva"";""Sim"";466614;""Bicicleta"";""MONARK/"";NA;""Condutor"";""Lesões Leves"";72;""Masculino"";0;1;0;0;-4",30723;-41,"770481;""SR-PI"";""DEL17/2"";""UOP01/PI""",
"261504;582255;2020-01-08;""quarta"";""13:15:00"";""SC"";101;138;""BALNEARIO CAMBORIU"";""Sim"";""Não guardar distância de segurança"";1;""Colisão lateral"";""Com Vítimas Feridas"";""Pleno dia"";""Decrescente"";""Céu Claro"";""Dupla"";""Reta"";""Sim"";466551;""Motocicleta"";""HONDA/XRE 300 ABS"";2019;""Condutor"";""Lesões Leves"";60;""Masculino"";0;1;0;0;-27",02397426;-48,"60761649;""SR-SC"";""DEL8/4"";""UOP03/SC""",
"261504;582249;2020-01-08;""quarta"";""13:15:00"";""SC"";101;138;""BALNEARIO CAMBORIU"";""Sim"";""Não guardar distância de segurança"";1;""Colisão lateral"";""Com Vítimas Feridas"";""Pleno dia"";""Decrescente"";""Céu Claro"";""Dupla"";""Reta"";""Sim"";466550;""Automóvel"";""I/FORD FOCUS 2.0L HC"";2015;""Condutor"";""Ileso"";58;""Masculino"";1;0;0;0;-27",02397426;-48,"60761649;""SR-SC"";""DEL8/4"";""UOP03/SC""",
"261505;582273;2020-01-08;""quarta"";""13:15:00"";""PI"";343;84;""CAXINGO"";""Sim"";""Velocidade Incompatível"";1;""Saída de leito carroçável"";""Com Vítimas Feridas"";""Pleno dia"";""Decrescente"";""Nublado"";""Simples"";""Curva"";""Não"";466527;""Utilitário"";""CHEV/TRAILBLAZER LTZ AD4"";2013;""Passageiro"";""Ileso"";120;""Masculino"";1;0;0;0;-3",451051;-41,"745277;""SR-PI"";""DEL17/5"";""UOP01/PI""",
"261505;582272;2020-01-08;""quarta"";""13:15:00"";""PI"";343;84;""CAXINGO"";""Sim"";""Velocidade Incompatível"";1;""Saída de leito carroçável"";""Com Vítimas Feridas"";""Pleno dia"";""Decrescente"";""Nublado"";""Simples"";""Curva"";""Não"";466527;""Utilitário"";""CHEV/TRAILBLAZER LTZ AD4"";2013;""Passageiro"";""Lesões Leves"";120;""Feminino"";0;1;0;0;-3",451051;-41,"745277;""SR-PI"";""DEL17/5"";""UOP01/PI""",
"261505;582276;2020-01-08;""quarta"";""13:15:00"";""PI"";343;84;""CAXINGO"";""Sim"";""Velocidade Incompatível"";1;""Saída de leito carroçável"";""Com Vítimas Feridas"";""Pleno dia"";""Decrescente"";""Nublado"";""Simples"";""Curva"";""Não"";466527;""Utilitário"";""CHEV/TRAILBLAZER LTZ AD4"";2013;""Passageiro"";""Lesões Leves"";120;""Feminino"";0;1;0;0;-3",451051;-41,"745277;""SR-PI"";""DEL17/5"";""UOP01/PI""",
"261505;582113;2020-01-08;""quarta"";""13:15:00"";""PI"";343;84;""CAXINGO"";""Sim"";""Velocidade Incompatível"";1;""Saída de leito carroçável"";""Com Vítimas Feridas"";""Pleno dia"";""Decrescente"";""Nublado"";""Simples"";""Curva"";""Não"";466527;""Utilitário"";""CHEV/TRAILBLAZER LTZ AD4"";2013;""Condutor"";""Lesões Leves"";27;""Masculino"";0;1;0;0;-3",451051;-41,"745277;""SR-PI"";""DEL17/5"";""UOP01/PI""",
"261507;582086;2020-01-08;""quarta"";""13:00:00"";""RJ"";40;21;""TRES RIOS"";""Sim"";""Fenômenos da Natureza"";1;""Danos eventuais"";""Sem Vítimas"";""Pleno dia"";""Decrescente"";""Vento"";""Dupla"";""Reta"";""Sim"";466503;""Caminhão"";""M.BENZ/ATEGO 2425"";2011;""Condutor"";""Ileso"";31;""Masculino"";1;0;0;0;-22",11423526;-43,"15858581;""SR-RJ"";""DEL5/6"";""UOP01/RJ""",
"261508;582139;2020-01-08;""quarta"";""13:05:00"";""DF"";20;54;""BRASILIA"";""Sim"";""Fenômenos da Natureza"";1;""Saída de leito carroçável"";""Com Vítimas Feridas"";""Pleno dia"";""Crescente"";""Chuva"";""Dupla"";""Reta"";""Não"";466537;""Automóvel"";""HONDA/CIVIC EX CVT"";2017;""Condutor"";""Lesões Leves"";25;""Feminino"";0;1;0;0;-15",578154;-47,"384861;""SR-DF"";""UOP01/DEL02/DF"";""""",
"261509;582184;2020-01-08;""quarta"";""13:15:00"";""PB"";230;19","3;""JOAO PESSOA"";""Não"";""Desobediência às normas de trânsito pelo condutor"";1;""Colisão lateral"";""Sem Vítimas"";""Pleno dia"";""Decrescente"";""Nublado"";""Dupla"";""Desvio Temporário"";""Sim"";466513;""Caminhão-trator"";""VOLVO/FH 520 6X4T"";2010;""Condutor"";""Não Informado"";NA;""Não Informado"";0;0;0;0;-7",1281;-34,"8466;""SR-PB"";""DEL14/1"";""UOP01/PB"""
"261509;582185;2020-01-08;""quarta"";""13:15:00"";""PB"";230;19","3;""JOAO PESSOA"";""Não"";""Desobediência às normas de trânsito pelo condutor"";1;""Colisão lateral"";""Sem Vítimas"";""Pleno dia"";""Decrescente"";""Nublado"";""Dupla"";""Desvio Temporário"";""Sim"";466514;""Automóvel"";""VW/VIRTUS MF"";2019;""Condutor"";""Ileso"";38;""Masculino"";1;0;0;0;-7",1281;-34,"8466;""SR-PB"";""DEL14/1"";""UOP01/PB"""
"261509;NA;2020-01-08;""quarta"";""13:15:00"";""PB"";230;19","3;""JOAO PESSOA"";""Não"";""Desobediência às normas de trânsito pelo condutor"";1;""Colisão lateral"";""Sem Vítimas"";""Pleno dia"";""Decrescente"";""Nublado"";""Dupla"";""Desvio Temporário"";""Sim"";466574;""Semireboque"";""REB/FACCHINI-IR RER GR"";2001;""Não Informado"";""Não Informado"";NA;""Não Informado"";0;0;0;0;-7",1281;-34,"8466;""SR-PB"";""DEL14/1"";""UOP01/PB"""
"261509;NA;2020-01-08;""quarta"";""13:15:00"";""PB"";230;19","3;""JOAO PESSOA"";""Não"";""Desobediência às normas de trânsito pelo condutor"";1;""Colisão lateral"";""Sem Vítimas"";""Pleno dia"";""Decrescente"";""Nublado"";""Dupla"";""Desvio Temporário"";""Sim"";466572;""Semireboque"";""REB/FACCHINI-IR RER GR"";2001;""Não Informado"";""Não Informado"";NA;""Não Informado"";0;0;0;0;-7",1281;-34,"8466;""SR-PB"";""DEL14/1"";""UOP01/PB"""
"261509;582184;2020-01-08;""quarta"";""13:15:00"";""PB"";230;19","3;""JOAO PESSOA"";""Sim"";""Falta de Atenção à Condução"";1;""Colisão lateral"";""Sem Vítimas"";""Pleno dia"";""Decrescente"";""Nublado"";""Dupla"";""Desvio Temporário"";""Sim"";466513;""Caminhão-trator"";""VOLVO/FH 520 6X4T"";2010;""Condutor"";""Não Informado"";NA;""Não Informado"";0;0;0;0;-7",1281;-34,"8466;""SR-PB"";""DEL14/1"";""UOP01/PB"""
"261509;582185;2020-01-08;""quarta"";""13:15:00"";""PB"";230;19","3;""JOAO PESSOA"";""Sim"";""Falta de Atenção à Condução"";1;""Colisão lateral"";""Sem Vítimas"";""Pleno dia"";""Decrescente"";""Nublado"";""Dupla"";""Desvio Temporário"";""Sim"";466514;""Automóvel"";""VW/VIRTUS MF"";2019;""Condutor"";""Ileso"";38;""Masculino"";1;0;0;0;-7",1281;-34,"8466;""SR-PB"";""DEL14/1"";""UOP01/PB"""
"261509;NA;2020-01-08;""quarta"";""13:15:00"";""PB"";230;19","3;""JOAO PESSOA"";""Sim"";""Falta de Atenção à Condução"";1;""Colisão lateral"";""Sem Vítimas"";""Pleno dia"";""Decrescente"";""Nublado"";""Dupla"";""Desvio Temporário"";""Sim"";466574;""Semireboque"";""REB/FACCHINI-IR RER GR"";2001;""Não Informado"";""Não Informado"";NA;""Não Informado"";0;0;0;0;-7",1281;-34,"8466;""SR-PB"";""DEL14/1"";""UOP01/PB"""
"261509;NA;2020-01-08;""quarta"";""13:15:00"";""PB"";230;19","3;""JOAO PESSOA"";""Sim"";""Falta de Atenção à Condução"";1;""Colisão lateral"";""Sem Vítimas"";""Pleno dia"";""Decrescente"";""Nublado"";""Dupla"";""Desvio Temporário"";""Sim"";466572;""Semireboque"";""REB/FACCHINI-IR RER GR"";2001;""Não Informado"";""Não Informado"";NA;""Não Informado"";0;0;0;0;-7",1281;-34,"8466;""SR-PB"";""DEL14/1"";""UOP01/PB"""
"261510;584154;2020-01-08;""quarta"";""11:40:00"";""RR"";174;546;""BOA VISTA"";""Sim"";""Defeito Mecânico no Veículo"";1;""Incêndio"";""Sem Vítimas"";""Pleno dia"";""Decrescente"";""Céu Claro"";""Simples"";""Reta"";""Não"";466573;""Ônibus"";""AGRALE/MPOLO SEN MIDI ON"";2008;""Passageiro"";""Ileso"";42;""Masculino"";1;0;0;0;3",140153;-60,"832764;""SR-RR"";""UOP01/RR"";""""",
"261510;584152;2020-01-08;""quarta"";""11:40:00"";""RR"";174;546;""BOA VISTA"";""Sim"";""Defeito Mecânico no Veículo"";1;""Incêndio"";""Sem Vítimas"";""Pleno dia"";""Decrescente"";""Céu Claro"";""Simples"";""Reta"";""Não"";466573;""Ônibus"";""AGRALE/MPOLO SEN MIDI ON"";2008;""Condutor"";""Ileso"";47;""Masculino"";1;0;0;0;3",140153;-60,"832764;""SR-RR"";""UOP01/RR"";""""",
"261511;585660;2020-01-08;""quarta"";""06:40:00"";""MA"";222;262","6;""ARARI"";""Sim"";""Falta de Atenção à Condução"";1;""Colisão lateral"";""Com Vítimas Feridas"";""Amanhecer"";""Crescente"";""Nublado"";""Simples"";""Reta"";""Não"";469068;""Outros"";"""";NA;""Condutor"";""Não Informado"";NA;""Não Informado"";0;0;0;0;-3",57371589;-44,"58787511;""SR-MA"";""DEL18/1"";""UOP02/MA"""
"261511;585658;2020-01-08;""quarta"";""06:40:00"";""MA"";222;262","6;""ARARI"";""Sim"";""Falta de Atenção à Condução"";1;""Colisão lateral"";""Com Vítimas Feridas"";""Amanhecer"";""Crescente"";""Nublado"";""Simples"";""Reta"";""Não"";466510;""Motocicleta"";""HONDA/NXR150 BROS ESD"";2014;""Passageiro"";""Lesões Graves"";36;""Feminino"";0;0;1;0;-3",57371589;-44,"58787511;""SR-MA"";""DEL18/1"";""UOP02/MA"""
"261511;585655;2020-01-08;""quarta"";""06:40:00"";""MA"";222;262","6;""ARARI"";""Sim"";""Falta de Atenção à Condução"";1;""Colisão lateral"";""Com Vítimas Feridas"";""Amanhecer"";""Crescente"";""Nublado"";""Simples"";""Reta"";""Não"";466510;""Motocicleta"";""HONDA/NXR150 BROS ESD"";2014;""Condutor"";""Lesões Graves"";69;""Masculino"";0;0;1;0;-3",57371589;-44,"58787511;""SR-MA"";""DEL18/1"";""UOP02/MA"""
"261511;585660;2020-01-08;""quarta"";""06:40:00"";""MA"";222;262","6;""ARARI"";""Sim"";""Falta de Atenção à Condução"";2;""Tombamento"";""Com Vítimas Feridas"";""Amanhecer"";""Crescente"";""Nublado"";""Simples"";""Reta"";""Não"";469068;""Outros"";"""";NA;""Condutor"";""Não Informado"";NA;""Não Informado"";0;0;0;0;-3",57371589;-44,"58787511;""SR-MA"";""DEL18/1"";""UOP02/MA"""
"261511;585658;2020-01-08;""quarta"";""06:40:00"";""MA"";222;262","6;""ARARI"";""Sim"";""Falta de Atenção à Condução"";2;""Tombamento"";""Com Vítimas Feridas"";""Amanhecer"";""Crescente"";""Nublado"";""Simples"";""Reta"";""Não"";466510;""Motocicleta"";""HONDA/NXR150 BROS ESD"";2014;""Passageiro"";""Lesões Graves"";36;""Feminino"";0;0;1;0;-3",57371589;-44,"58787511;""SR-MA"";""DEL18/1"";""UOP02/MA"""
"261511;585655;2020-01-08;""quarta"";""06:40:00"";""MA"";222;262","6;""ARARI"";""Sim"";""Falta de Atenção à Condução"";2;""Tombamento"";""Com Vítimas Feridas"";""Amanhecer"";""Crescente"";""Nublado"";""Simples"";""Reta"";""Não"";466510;""Motocicleta"";""HONDA/NXR150 BROS ESD"";2014;""Condutor"";""Lesões Graves"";69;""Masculino"";0;0;1;0;-3",57371589;-44,"58787511;""SR-MA"";""DEL18/1"";""UOP02/MA"""
"261511;585660;2020-01-08;""quarta"";""06:40:00"";""MA"";222;262","6;""ARARI"";""Sim"";""Falta de Atenção à Condução"";3;""Queda de ocupante de veículo"";""Com Vítimas Feridas"";""Amanhecer"";""Crescente"";""Nublado"";""Simples"";""Reta"";""Não"";469068;""Outros"";"""";NA;""Condutor"";""Não Informado"";NA;""Não Informado"";0;0;0;0;-3",57371589;-44,"58787511;""SR-MA"";""DEL18/1"";""UOP02/MA"""
"261511;585658;2020-01-08;""quarta"";""06:40:00"";""MA"";222;262","6;""ARARI"";""Sim"";""Falta de Atenção à Condução"";3;""Queda de ocupante de veículo"";""Com Vítimas Feridas"";""Amanhecer"";""Crescente"";""Nublado"";""Simples"";""Reta"";""Não"";466510;""Motocicleta"";""HONDA/NXR150 BROS ESD"";2014;""Passageiro"";""Lesões Graves"";36;""Feminino"";0;0;1;0;-3",57371589;-44,"58787511;""SR-MA"";""DEL18/1"";""UOP02/MA"""
"261511;585655;2020-01-08;""quarta"";""06:40:00"";""MA"";222;262","6;""ARARI"";""Sim"";""Falta de Atenção à Condução"";3;""Queda de ocupante de veículo"";""Com Vítimas Feridas"";""Amanhecer"";""Crescente"";""Nublado"";""Simples"";""Reta"";""Não"";466510;""Motocicleta"";""HONDA/NXR150 BROS ESD"";2014;""Condutor"";""Lesões Graves"";69;""Masculino"";0;0;1;0;-3",57371589;-44,"58787511;""SR-MA"";""DEL18/1"";""UOP02/MA"""
"261512;586229;2020-01-08;""quarta"";""12:40:00"";""CE"";222;2;""FORTALEZA"";""Sim"";""Não guardar distância de segurança"";1;""Queda de ocupante de veículo"";""Com Vítimas Feridas"";""Pleno dia"";""Decrescente"";""Céu Claro"";""Múltipla"";""Reta"";""Sim"";466747;""Motocicleta"";""HONDA/NXR160 BROS ESDD"";2016;""Condutor"";""Lesões Leves"";38;""Masculino"";0;1;0;0;-3",73911117;-38,"58687498;""SR-CE"";""DEL16/1"";""UOP01/CE""",
"261512;586228;2020-01-08;""quarta"";""12:40:00"";""CE"";222;2;""FORTALEZA"";""Sim"";""Não guardar distância de segurança"";1;""Queda de ocupante de veículo"";""Com Vítimas Feridas"";""Pleno dia"";""Decrescente"";""Céu Claro"";""Múltipla"";""Reta"";""Sim"";466746;""Automóvel"";""CHEV/ONIX PLUS JOY"";2019;""Condutor"";""Ileso"";29;""Masculino"";1;0;0;0;-3",73911117;-38,"58687498;""SR-CE"";""DEL16/1"";""UOP01/CE""",
"261512;586229;2020-01-08;""quarta"";""12:40:00"";""CE"";222;2;""FORTALEZA"";""Sim"";""Não guardar distância de segurança"";2;""Tombamento"";""Com Vítimas Feridas"";""Pleno dia"";""Decrescente"";""Céu Claro"";""Múltipla"";""Reta"";""Sim"";466747;""Motocicleta"";""HONDA/NXR160 BROS ESDD"";2016;""Condutor"";""Lesões Leves"";38;""Masculino"";0;1;0;0;-3",73911117;-38,"58687498;""SR-CE"";""DEL16/1"";""UOP01/CE""",
"261512;586228;2020-01-08;""quarta"";""12:40:00"";""CE"";222;2;""FORTALEZA"";""Sim"";""Não guardar distância de segurança"";2;""Tombamento"";""Com Vítimas Feridas"";""Pleno dia"";""Decrescente"";""Céu Claro"";""Múltipla"";""Reta"";""Sim"";466746;""Automóvel"";""CHEV/ONIX PLUS JOY"";2019;""Condutor"";""Ileso"";29;""Masculino"";1;0;0;0;-3",73911117;-38,"58687498;""SR-CE"";""DEL16/1"";""UOP01/CE""",
"261512;586229;2020-01-08;""quarta"";""12:40:00"";""CE"";222;2;""FORTALEZA"";""Sim"";""Não guardar distância de segurança"";3;""Colisão com objeto estático"";""Com Vítimas Feridas"";""Pleno dia"";""Decrescente"";""Céu Claro"";""Múltipla"";""Reta"";""Sim"";466747;""Motocicleta"";""HONDA/NXR160 BROS ESDD"";2016;""Condutor"";""Lesões Leves"";38;""Masculino"";0;1;0;0;-3",73911117;-38,"58687498;""SR-CE"";""DEL16/1"";""UOP01/CE""",
"261512;586228;2020-01-08;""quarta"";""12:40:00"";""CE"";222;2;""FORTALEZA"";""Sim"";""Não guardar distância de segurança"";3;""Colisão com objeto estático"";""Com Vítimas Feridas"";""Pleno dia"";""Decrescente"";""Céu Claro"";""Múltipla"";""Reta"";""Sim"";466746;""Automóvel"";""CHEV/ONIX PLUS JOY"";2019;""Condutor"";""Ileso"";29;""Masculino"";1;0;0;0;-3",73911117;-38,"58687498;""SR-CE"";""DEL16/1"";""UOP01/CE""",
"261513;582345;2020-01-08;""quarta"";""11:10:00"";""RS"";116;150;""CAXIAS DO SUL"";""Não"";""Não guardar distância de segurança"";1;""Atropelamento de Pedestre"";""Com Vítimas Feridas"";""Pleno dia"";""Decrescente"";""Sol"";""Dupla"";""Reta"";""Sim"";466643;""Motocicleta"";""HONDA/CG 125 CARGO KS"";2011;""Pedestre"";""Lesões Leves"";65;""Masculino"";0;1;0;0;-29",16875387;-51,"15844846;""SR-RS"";""DEL9/5"";""UOP01/RS""",
"261513;582313;2020-01-08;""quarta"";""11:10:00"";""RS"";116;150;""CAXIAS DO SUL"";""Não"";""Não guardar distância de segurança"";1;""Atropelamento de Pedestre"";""Com Vítimas Feridas"";""Pleno dia"";""Decrescente"";""Sol"";""Dupla"";""Reta"";""Sim"";466643;""Motocicleta"";""HONDA/CG 125 CARGO KS"";2011;""Condutor"";""Lesões Leves"";33;""Masculino"";0;1;0;0;-29",16875387;-51,"15844846;""SR-RS"";""DEL9/5"";""UOP01/RS""",
"261513;582345;2020-01-08;""quarta"";""11:10:00"";""RS"";116;150;""CAXIAS DO SUL"";""Sim"";""Desobediência às normas de trânsito pelo pedestre"";1;""Atropelamento de Pedestre"";""Com Vítimas Feridas"";""Pleno dia"";""Decrescente"";""Sol"";""Dupla"";""Reta"";""Sim"";466643;""Motocicleta"";""HONDA/CG 125 CARGO KS"";2011;""Pedestre"";""Lesões Leves"";65;""Masculino"";0;1;0;0;-29",16875387;-51,"15844846;""SR-RS"";""DEL9/5"";""UOP01/RS""",
"261513;582313;2020-01-08;""quarta"";""11:10:00"";""RS"";116;150;""CAXIAS DO SUL"";""Sim"";""Desobediência às normas de trânsito pelo pedestre"";1;""Atropelamento de Pedestre"";""Com Vítimas Feridas"";""Pleno dia"";""Decrescente"";""Sol"";""Dupla"";""Reta"";""Sim"";466643;""Motocicleta"";""HONDA/CG 125 CARGO KS"";2011;""Condutor"";""Lesões Leves"";33;""Masculino"";0;1;0;0;-29",16875387;-51,"15844846;""SR-RS"";""DEL9/5"";""UOP01/RS""",
"261515;582264;2020-01-08;""quarta"";""14:20:00"";""MG"";40;558","8;""NOVA LIMA"";""Sim"";""Defeito Mecânico no Veículo"";1;""Saída de leito carroçável"";""Com Vítimas Feridas"";""Pleno dia"";""Crescente"";""Chuva"";""Dupla"";""Reta"";""Sim"";466563;""Automóvel"";""VW/VOYAGE 1.0"";2010;""Condutor"";""Lesões Leves"";41;""Masculino"";0;1;0;0;-20",11082646;-43,"97221642;""SR-MG"";""DEL4/1"";""UOP02/MG"""
"261515;NA;2020-01-08;""quarta"";""14:20:00"";""MG"";40;558","8;""NOVA LIMA"";""Sim"";""Defeito Mecânico no Veículo"";1;""Saída de leito carroçável"";""Com Vítimas Feridas"";""Pleno dia"";""Crescente"";""Chuva"";""Dupla"";""Reta"";""Sim"";466634;""Semireboque"";""SR/RANDON SR CA"";2014;""Não Informado"";""Não Informado"";NA;""Não Informado"";0;0;0;0;-20",11082646;-43,"97221642;""SR-MG"";""DEL4/1"";""UOP02/MG"""
"261515;NA;2020-01-08;""quarta"";""14:20:00"";""MG"";40;558","8;""NOVA LIMA"";""Sim"";""Defeito Mecânico no Veículo"";1;""Saída de leito carroçável"";""Com Vítimas Feridas"";""Pleno dia"";""Crescente"";""Chuva"";""Dupla"";""Reta"";""Sim"";466637;""Semireboque"";""SR/RANDON SR CA"";2014;""Não Informado"";""Não Informado"";NA;""Não Informado"";0;0;0;0;-20",11082646;-43,"97221642;""SR-MG"";""DEL4/1"";""UOP02/MG"""
"261515;582268;2020-01-08;""quarta"";""14:20:00"";""MG"";40;558","8;""NOVA LIMA"";""Sim"";""Defeito Mecânico no Veículo"";1;""Saída de leito carroçável"";""Com Vítimas Feridas"";""Pleno dia"";""Crescente"";""Chuva"";""Dupla"";""Reta"";""Sim"";466564;""Caminhão-trator"";""M.BENZ/ACTROS 2651S6X4"";2019;""Condutor"";""Ileso"";65;""Masculino"";1;0;0;0;-20",11082646;-43,"97221642;""SR-MG"";""DEL4/1"";""UOP02/MG"""
"261515;582264;2020-01-08;""quarta"";""14:20:00"";""MG"";40;558","8;""NOVA LIMA"";""Sim"";""Defeito Mecânico no Veículo"";2;""Colisão transversal"";""Com Vítimas Feridas"";""Pleno dia"";""Crescente"";""Chuva"";""Dupla"";""Reta"";""Sim"";466563;""Automóvel"";""VW/VOYAGE 1.0"";2010;""Condutor"";""Lesões Leves"";41;""Masculino"";0;1;0;0;-20",11082646;-43,"97221642;""SR-MG"";""DEL4/1"";""UOP02/MG"""