"id;""pesid"";""data_inversa"";""dia_semana"";""horario"";""uf"";""br"";""km"";""municipio"";""causa_principal"";""causa_acidente"";""ordem_tipo_acidente"";""tipo_acidente"";""classificacao_acidente"";""fase_dia"";""sentido_via"";""condicao_metereologica"";""tipo_pista"";""tracado_via"";""uso_solo"";""id_veiculo"";""tipo_veiculo"";""marca"";""ano_fabricacao_veiculo"";""tipo_envolvido"";""estado_fisico"";""idade"";""sexo"";""ilesos"";""feridos_leves"";""feridos_graves"";""mortos"";""latitude"";""longitude"";""regional"";""delegacia"";""uop""",,,
"261530;582187;2020-01-08;""quarta"";""15:15:00"";""RS"";386;344","8;""LAJEADO"";""Sim"";""Desobediência às normas de trânsito pelo condutor"";1;""Colisão transversal"";""Com Vítimas Feridas"";""Pleno dia"";""Decrescente"";""Céu Claro"";""Simples"";""Interseção de vias"";""Sim"";466578;""Automóvel"";""HYUNDAI/HB20 1.0M COMFOR"";2017;""Condutor"";""Ileso"";38;""Masculino"";1;0;0;0;-29",439268;-51,"993633;""SR-RS"";""DEL9/4"";""UOP01/RS"""
"261530;582179;2020-01-08;""quarta"";""15:15:00"";""RS"";386;344","8;""LAJEADO"";""Sim"";""Desobediência às normas de trânsito pelo condutor"";1;""Colisão transversal"";""Com Vítimas Feridas"";""Pleno dia"";""Decrescente"";""Céu Claro"";""Simples"";""Interseção de vias"";""Sim"";466580;""Motocicleta"";""YAMAHA/YBR150 FACTOR ED"";2018;""Condutor"";""Lesões Leves"";44;""Masculino"";0;1;0;0;-29",439268;-51,"993633;""SR-RS"";""DEL9/4"";""UOP01/RS"""
"261531;582211;2020-01-08;""quarta"";""14:00:00"";""MS"";163;462;""CAMPO GRANDE"";""Sim"";""Falta de Atenção à Condução"";1;""Tombamento"";""Com Vítimas Feridas"";""Pleno dia"";""Crescente"";""Céu Claro"";""Simples"";""Reta"";""Não"";466594;""Motoneta"";""HONDA/BIZ 125 ES"";2011;""Passageiro"";""Lesões Leves"";15;""Feminino"";0;1;0;0;-20",62069293;-54,"5742707;""SR-MS"";""DEL3/1"";""UOP01/MS""",
"261531;582202;2020-01-08;""quarta"";""14:00:00"";""MS"";163;462;""CAMPO GRANDE"";""Sim"";""Falta de Atenção à Condução"";1;""Tombamento"";""Com Vítimas Feridas"";""Pleno dia"";""Crescente"";""Céu Claro"";""Simples"";""Reta"";""Não"";466594;""Motoneta"";""HONDA/BIZ 125 ES"";2011;""Condutor"";""Lesões Leves"";35;""Feminino"";0;1;0;0;-20",62069293;-54,"5742707;""SR-MS"";""DEL3/1"";""UOP01/MS""",
"261531;582211;2020-01-08;""quarta"";""14:00:00"";""MS"";163;462;""CAMPO GRANDE"";""Sim"";""Falta de Atenção à Condução"";2;""Queda de ocupante de veículo"";""Com Vítimas Feridas"";""Pleno dia"";""Crescente"";""Céu Claro"";""Simples"";""Reta"";""Não"";466594;""Motoneta"";""HONDA/BIZ 125 ES"";2011;""Passageiro"";""Lesões Leves"";15;""Feminino"";0;1;0;0;-20",62069293;-54,"5742707;""SR-MS"";""DEL3/1"";""UOP01/MS""",
"261531;582202;2020-01-08;""quarta"";""14:00:00"";""MS"";163;462;""CAMPO GRANDE"";""Sim"";""Falta de Atenção à Condução"";2;""Queda de ocupante de veículo"";""Com Vítimas Feridas"";""Pleno dia"";""Crescente"";""Céu Claro"";""Simples"";""Reta"";""Não"";466594;""Motoneta"";""HONDA/BIZ 125 ES"";2011;""Condutor"";""Lesões Leves"";35;""Feminino"";0;1;0;0;-20",62069293;-54,"5742707;""SR-MS"";""DEL3/1"";""UOP01/MS""",
"261532;586196;2020-01-08;""quarta"";""15:00:00"";""MG"";40;526;""CONTAGEM"";""Sim"";""Falta de Atenção à Condução"";1;""Colisão lateral"";""Com Vítimas Feridas"";""Pleno dia"";""Crescente"";""Céu Claro"";""Simples"";""Reta"";""Sim"";466559;""Caminhonete"";""MMC/L200 TRITON 3.2 D"";2011;""Condutor"";""Ileso"";50;""Masculino"";1;0;0;0;-19",89255399;-44,"04985478;""SR-MG"";""DEL4/1"";""UOP02/MG""",
"261532;586191;2020-01-08;""quarta"";""15:00:00"";""MG"";40;526;""CONTAGEM"";""Sim"";""Falta de Atenção à Condução"";1;""Colisão lateral"";""Com Vítimas Feridas"";""Pleno dia"";""Crescente"";""Céu Claro"";""Simples"";""Reta"";""Sim"";466558;""Motocicleta"";""HONDA/CG150 FAN ESDI"";2012;""Condutor"";""Lesões Leves"";35;""Feminino"";0;1;0;0;-19",89255399;-44,"04985478;""SR-MG"";""DEL4/1"";""UOP02/MG""",
"261532;586196;2020-01-08;""quarta"";""15:00:00"";""MG"";40;526;""CONTAGEM"";""Sim"";""Falta de Atenção à Condução"";2;""Queda de ocupante de veículo"";""Com Vítimas Feridas"";""Pleno dia"";""Crescente"";""Céu Claro"";""Simples"";""Reta"";""Sim"";466559;""Caminhonete"";""MMC/L200 TRITON 3.2 D"";2011;""Condutor"";""Ileso"";50;""Masculino"";1;0;0;0;-19",89255399;-44,"04985478;""SR-MG"";""DEL4/1"";""UOP02/MG""",
"261532;586191;2020-01-08;""quarta"";""15:00:00"";""MG"";40;526;""CONTAGEM"";""Sim"";""Falta de Atenção à Condução"";2;""Queda de ocupante de veículo"";""Com Vítimas Feridas"";""Pleno dia"";""Crescente"";""Céu Claro"";""Simples"";""Reta"";""Sim"";466558;""Motocicleta"";""HONDA/CG150 FAN ESDI"";2012;""Condutor"";""Lesões Leves"";35;""Feminino"";0;1;0;0;-19",89255399;-44,"04985478;""SR-MG"";""DEL4/1"";""UOP02/MG""",
"261532;586196;2020-01-08;""quarta"";""15:00:00"";""MG"";40;526;""CONTAGEM"";""Não"";""Não guardar distância de segurança"";1;""Colisão lateral"";""Com Vítimas Feridas"";""Pleno dia"";""Crescente"";""Céu Claro"";""Simples"";""Reta"";""Sim"";466559;""Caminhonete"";""MMC/L200 TRITON 3.2 D"";2011;""Condutor"";""Ileso"";50;""Masculino"";1;0;0;0;-19",89255399;-44,"04985478;""SR-MG"";""DEL4/1"";""UOP02/MG""",
"261532;586191;2020-01-08;""quarta"";""15:00:00"";""MG"";40;526;""CONTAGEM"";""Não"";""Não guardar distância de segurança"";1;""Colisão lateral"";""Com Vítimas Feridas"";""Pleno dia"";""Crescente"";""Céu Claro"";""Simples"";""Reta"";""Sim"";466558;""Motocicleta"";""HONDA/CG150 FAN ESDI"";2012;""Condutor"";""Lesões Leves"";35;""Feminino"";0;1;0;0;-19",89255399;-44,"04985478;""SR-MG"";""DEL4/1"";""UOP02/MG""",
"261532;586196;2020-01-08;""quarta"";""15:00:00"";""MG"";40;526;""CONTAGEM"";""Não"";""Não guardar distância de segurança"";2;""Queda de ocupante de veículo"";""Com Vítimas Feridas"";""Pleno dia"";""Crescente"";""Céu Claro"";""Simples"";""Reta"";""Sim"";466559;""Caminhonete"";""MMC/L200 TRITON 3.2 D"";2011;""Condutor"";""Ileso"";50;""Masculino"";1;0;0;0;-19",89255399;-44,"04985478;""SR-MG"";""DEL4/1"";""UOP02/MG""",
"261532;586191;2020-01-08;""quarta"";""15:00:00"";""MG"";40;526;""CONTAGEM"";""Não"";""Não guardar distância de segurança"";2;""Queda de ocupante de veículo"";""Com Vítimas Feridas"";""Pleno dia"";""Crescente"";""Céu Claro"";""Simples"";""Reta"";""Sim"";466558;""Motocicleta"";""HONDA/CG150 FAN ESDI"";2012;""Condutor"";""Lesões Leves"";35;""Feminino"";0;1;0;0;-19",89255399;-44,"04985478;""SR-MG"";""DEL4/1"";""UOP02/MG""",
"261533;582218;2020-01-08;""quarta"";""14:10:00"";""MS"";163;615","5;""SAO GABRIEL DO OESTE"";""Sim"";""Falta de Atenção à Condução"";1;""Colisão transversal"";""Com Vítimas Feridas"";""Pleno dia"";""Crescente"";""Nublado"";""Simples"";""Reta"";""Sim"";466598;""Motocicleta"";""YAMAHA/YS150 FAZER ED"";2014;""Condutor"";""Lesões Leves"";27;""Masculino"";0;1;0;0;-19",39850778;-54,"56579964;""SR-MS"";""DEL3/6"";""UOP02/MS"""
"261533;582216;2020-01-08;""quarta"";""14:10:00"";""MS"";163;615","5;""SAO GABRIEL DO OESTE"";""Sim"";""Falta de Atenção à Condução"";1;""Colisão transversal"";""Com Vítimas Feridas"";""Pleno dia"";""Crescente"";""Nublado"";""Simples"";""Reta"";""Sim"";466597;""Motocicleta"";""HONDA/CB 300R"";2009;""Condutor"";""Lesões Leves"";29;""Feminino"";0;1;0;0;-19",39850778;-54,"56579964;""SR-MS"";""DEL3/6"";""UOP02/MS"""
"261533;582218;2020-01-08;""quarta"";""14:10:00"";""MS"";163;615","5;""SAO GABRIEL DO OESTE"";""Sim"";""Falta de Atenção à Condução"";2;""Tombamento"";""Com Vítimas Feridas"";""Pleno dia"";""Crescente"";""Nublado"";""Simples"";""Reta"";""Sim"";466598;""Motocicleta"";""YAMAHA/YS150 FAZER ED"";2014;""Condutor"";""Lesões Leves"";27;""Masculino"";0;1;0;0;-19",39850778;-54,"56579964;""SR-MS"";""DEL3/6"";""UOP02/MS"""
"261533;582216;2020-01-08;""quarta"";""14:10:00"";""MS"";163;615","5;""SAO GABRIEL DO OESTE"";""Sim"";""Falta de Atenção à Condução"";2;""Tombamento"";""Com Vítimas Feridas"";""Pleno dia"";""Crescente"";""Nublado"";""Simples"";""Reta"";""Sim"";466597;""Motocicleta"";""HONDA/CB 300R"";2009;""Condutor"";""Lesões Leves"";29;""Feminino"";0;1;0;0;-19",39850778;-54,"56579964;""SR-MS"";""DEL3/6"";""UOP02/MS"""
"261534;582411;2020-01-08;""quarta"";""15:50:00"";""ES"";101;288","4;""CARIACICA"";""Sim"";""Falta de Atenção à Condução"";1;""Queda de ocupante de veículo"";""Com Vítimas Feridas"";""Pleno dia"";""Crescente"";""Sol"";""Dupla"";""Reta"";""Sim"";466642;""Caminhão"";""M.BENZ/L 1113"";1972;""Condutor"";""Ileso"";50;""Masculino"";1;0;0;0;-20",27160351;-40,"39091743;""SR-ES"";""DEL12/1"";""UOP01/ES"""
"261534;582408;2020-01-08;""quarta"";""15:50:00"";""ES"";101;288","4;""CARIACICA"";""Sim"";""Falta de Atenção à Condução"";1;""Queda de ocupante de veículo"";""Com Vítimas Feridas"";""Pleno dia"";""Crescente"";""Sol"";""Dupla"";""Reta"";""Sim"";466641;""Motocicleta"";""HONDA/CBR 600F"";2014;""Passageiro"";""Lesões Leves"";37;""Feminino"";0;1;0;0;-20",27160351;-40,"39091743;""SR-ES"";""DEL12/1"";""UOP01/ES"""
"261534;582407;2020-01-08;""quarta"";""15:50:00"";""ES"";101;288","4;""CARIACICA"";""Sim"";""Falta de Atenção à Condução"";1;""Queda de ocupante de veículo"";""Com Vítimas Feridas"";""Pleno dia"";""Crescente"";""Sol"";""Dupla"";""Reta"";""Sim"";466641;""Motocicleta"";""HONDA/CBR 600F"";2014;""Condutor"";""Lesões Leves"";44;""Masculino"";0;1;0;0;-20",27160351;-40,"39091743;""SR-ES"";""DEL12/1"";""UOP01/ES"""
"261535;582416;2020-01-08;""quarta"";""15:30:00"";""MG"";251;472","4;""FRANCISCO SA"";""Sim"";""Velocidade Incompatível"";1;""Saída de leito carroçável"";""Com Vítimas Feridas"";""Pleno dia"";""Crescente"";""Chuva"";""Simples"";""Não Informado"";""Não"";466678;""Motocicleta"";""HONDA/CG 150 TITAN EX"";2014;""Condutor"";""Lesões Leves"";30;""Masculino"";0;1;0;0;-16",4669101;-43,"43947986;""SR-MG"";""DEL4/12"";""UOP01/MG"""
"261535;582416;2020-01-08;""quarta"";""15:30:00"";""MG"";251;472","4;""FRANCISCO SA"";""Sim"";""Velocidade Incompatível"";4;""Colisão com objeto estático"";""Com Vítimas Feridas"";""Pleno dia"";""Crescente"";""Chuva"";""Simples"";""Não Informado"";""Não"";466678;""Motocicleta"";""HONDA/CG 150 TITAN EX"";2014;""Condutor"";""Lesões Leves"";30;""Masculino"";0;1;0;0;-16",4669101;-43,"43947986;""SR-MG"";""DEL4/12"";""UOP01/MG"""
"261535;582416;2020-01-08;""quarta"";""15:30:00"";""MG"";251;472","4;""FRANCISCO SA"";""Sim"";""Velocidade Incompatível"";2;""Tombamento"";""Com Vítimas Feridas"";""Pleno dia"";""Crescente"";""Chuva"";""Simples"";""Não Informado"";""Não"";466678;""Motocicleta"";""HONDA/CG 150 TITAN EX"";2014;""Condutor"";""Lesões Leves"";30;""Masculino"";0;1;0;0;-16",4669101;-43,"43947986;""SR-MG"";""DEL4/12"";""UOP01/MG"""
"261535;582416;2020-01-08;""quarta"";""15:30:00"";""MG"";251;472","4;""FRANCISCO SA"";""Sim"";""Velocidade Incompatível"";3;""Queda de ocupante de veículo"";""Com Vítimas Feridas"";""Pleno dia"";""Crescente"";""Chuva"";""Simples"";""Não Informado"";""Não"";466678;""Motocicleta"";""HONDA/CG 150 TITAN EX"";2014;""Condutor"";""Lesões Leves"";30;""Masculino"";0;1;0;0;-16",4669101;-43,"43947986;""SR-MG"";""DEL4/12"";""UOP01/MG"""
"261537;582174;2020-01-08;""quarta"";""14:15:00"";""MT"";163;713;""SORRISO"";""Sim"";""Pista Escorregadia"";1;""Saída de leito carroçável"";""Com Vítimas Feridas"";""Pleno dia"";""Crescente"";""Chuva"";""Simples"";""Reta"";""Não"";466557;""Automóvel"";""CHEVROLET/ONIX 1.0MT LT"";2015;""Passageiro"";""Lesões Leves"";21;""Feminino"";0;1;0;0;-12",97937504;-55,"8785939;""SR-MT"";""DEL2/6"";""UOP01/MT""",
"261537;582173;2020-01-08;""quarta"";""14:15:00"";""MT"";163;713;""SORRISO"";""Sim"";""Pista Escorregadia"";1;""Saída de leito carroçável"";""Com Vítimas Feridas"";""Pleno dia"";""Crescente"";""Chuva"";""Simples"";""Reta"";""Não"";466557;""Automóvel"";""CHEVROLET/ONIX 1.0MT LT"";2015;""Condutor"";""Ileso"";25;""Masculino"";1;0;0;0;-12",97937504;-55,"8785939;""SR-MT"";""DEL2/6"";""UOP01/MT""",
"261538;582201;2020-01-08;""quarta"";""15:30:00"";""DF"";60;2","3;""BRASILIA"";""Sim"";""Desobediência às normas de trânsito pelo condutor"";1;""Colisão traseira"";""Com Vítimas Feridas"";""Pleno dia"";""Crescente"";""Céu Claro"";""Dupla"";""Reta"";""Sim"";466587;""Automóvel"";""FIAT/UNO MILLE EX"";1999;""Condutor"";""Ileso"";60;""Masculino"";1;0;0;0;-15",887383;-48,"077988;""SR-DF"";""UOP03/DF"";"""""
"261538;582196;2020-01-08;""quarta"";""15:30:00"";""DF"";60;2","3;""BRASILIA"";""Sim"";""Desobediência às normas de trânsito pelo condutor"";1;""Colisão traseira"";""Com Vítimas Feridas"";""Pleno dia"";""Crescente"";""Céu Claro"";""Dupla"";""Reta"";""Sim"";466586;""Motocicleta"";""YAMAHA/YBR150 FACTOR ED"";2017;""Condutor"";""Lesões Leves"";32;""Masculino"";0;1;0;0;-15",887383;-48,"077988;""SR-DF"";""UOP03/DF"";"""""
"261538;582201;2020-01-08;""quarta"";""15:30:00"";""DF"";60;2","3;""BRASILIA"";""Não"";""Ingestão de Álcool"";1;""Colisão traseira"";""Com Vítimas Feridas"";""Pleno dia"";""Crescente"";""Céu Claro"";""Dupla"";""Reta"";""Sim"";466587;""Automóvel"";""FIAT/UNO MILLE EX"";1999;""Condutor"";""Ileso"";60;""Masculino"";1;0;0;0;-15",887383;-48,"077988;""SR-DF"";""UOP03/DF"";"""""
"261538;582196;2020-01-08;""quarta"";""15:30:00"";""DF"";60;2","3;""BRASILIA"";""Não"";""Ingestão de Álcool"";1;""Colisão traseira"";""Com Vítimas Feridas"";""Pleno dia"";""Crescente"";""Céu Claro"";""Dupla"";""Reta"";""Sim"";466586;""Motocicleta"";""YAMAHA/YBR150 FACTOR ED"";2017;""Condutor"";""Lesões Leves"";32;""Masculino"";0;1;0;0;-15",887383;-48,"077988;""SR-DF"";""UOP03/DF"";"""""
"261539;NA;2020-01-08;""quarta"";""14:50:00"";""SC"";101;25;""JOINVILLE"";""Sim"";""Falta de Atenção à Condução"";1;""Colisão com objeto estático"";""Sem Vítimas"";""Pleno dia"";""Crescente"";""Nublado"";""Simples"";""Reta"";""Sim"";466579;""Semireboque"";""SE/RANDON SR SL"";2009;""Não Informado"";""Não Informado"";NA;""Não Informado"";0;0;0;0;-26",1834739;-48,"9105912;""SR-SC"";""DEL8/3"";""UOP01/SC""",
"261539;582170;2020-01-08;""quarta"";""14:50:00"";""SC"";101;25;""JOINVILLE"";""Sim"";""Falta de Atenção à Condução"";1;""Colisão com objeto estático"";""Sem Vítimas"";""Pleno dia"";""Crescente"";""Nublado"";""Simples"";""Reta"";""Sim"";466562;""Caminhão-trator"";""M.BENZ/ATRON 1635 S"";2012;""Condutor"";""Ileso"";41;""Masculino"";1;0;0;0;-26",1834739;-48,"9105912;""SR-SC"";""DEL8/3"";""UOP01/SC""",
"261541;582229;2020-01-08;""quarta"";""16:00:00"";""PI"";343;338","1;""TERESINA"";""Não"";""Ingestão de Álcool"";2;""Tombamento"";""Com Vítimas Feridas"";""Pleno dia"";""Crescente"";""Céu Claro"";""Dupla"";""Não Informado"";""Sim"";466596;""Motocicleta"";""HONDA/XRE 300 ABS"";2018;""Condutor"";""Lesões Graves"";42;""Masculino"";0;0;1;0;-5",063362;-42,"722912;""SR-PI"";""DEL17/1"";""UOP01/PI"""
"261541;582228;2020-01-08;""quarta"";""16:00:00"";""PI"";343;338","1;""TERESINA"";""Não"";""Ingestão de Álcool"";2;""Tombamento"";""Com Vítimas Feridas"";""Pleno dia"";""Crescente"";""Céu Claro"";""Dupla"";""Não Informado"";""Sim"";466595;""Caminhonete"";""FIAT/STRADA WORKING CD"";2014;""Condutor"";""Ileso"";47;""Masculino"";1;0;0;0;-5",063362;-42,"722912;""SR-PI"";""DEL17/1"";""UOP01/PI"""
"261541;582229;2020-01-08;""quarta"";""16:00:00"";""PI"";343;338","1;""TERESINA"";""Não"";""Ingestão de Álcool"";1;""Colisão lateral"";""Com Vítimas Feridas"";""Pleno dia"";""Crescente"";""Céu Claro"";""Dupla"";""Não Informado"";""Sim"";466596;""Motocicleta"";""HONDA/XRE 300 ABS"";2018;""Condutor"";""Lesões Graves"";42;""Masculino"";0;0;1;0;-5",063362;-42,"722912;""SR-PI"";""DEL17/1"";""UOP01/PI"""
"261541;582228;2020-01-08;""quarta"";""16:00:00"";""PI"";343;338","1;""TERESINA"";""Não"";""Ingestão de Álcool"";1;""Colisão lateral"";""Com Vítimas Feridas"";""Pleno dia"";""Crescente"";""Céu Claro"";""Dupla"";""Não Informado"";""Sim"";466595;""Caminhonete"";""FIAT/STRADA WORKING CD"";2014;""Condutor"";""Ileso"";47;""Masculino"";1;0;0;0;-5",063362;-42,"722912;""SR-PI"";""DEL17/1"";""UOP01/PI"""
"261541;582229;2020-01-08;""quarta"";""16:00:00"";""PI"";343;338","1;""TERESINA"";""Sim"";""Desobediência às normas de trânsito pelo condutor"";2;""Tombamento"";""Com Vítimas Feridas"";""Pleno dia"";""Crescente"";""Céu Claro"";""Dupla"";""Não Informado"";""Sim"";466596;""Motocicleta"";""HONDA/XRE 300 ABS"";2018;""Condutor"";""Lesões Graves"";42;""Masculino"";0;0;1;0;-5",063362;-42,"722912;""SR-PI"";""DEL17/1"";""UOP01/PI"""
"261541;582228;2020-01-08;""quarta"";""16:00:00"";""PI"";343;338","1;""TERESINA"";""Sim"";""Desobediência às normas de trânsito pelo condutor"";2;""Tombamento"";""Com Vítimas Feridas"";""Pleno dia"";""Crescente"";""Céu Claro"";""Dupla"";""Não Informado"";""Sim"";466595;""Caminhonete"";""FIAT/STRADA WORKING CD"";2014;""Condutor"";""Ileso"";47;""Masculino"";1;0;0;0;-5",063362;-42,"722912;""SR-PI"";""DEL17/1"";""UOP01/PI"""
"261541;582229;2020-01-08;""quarta"";""16:00:00"";""PI"";343;338","1;""TERESINA"";""Sim"";""Desobediência às normas de trânsito pelo condutor"";1;""Colisão lateral"";""Com Vítimas Feridas"";""Pleno dia"";""Crescente"";""Céu Claro"";""Dupla"";""Não Informado"";""Sim"";466596;""Motocicleta"";""HONDA/XRE 300 ABS"";2018;""Condutor"";""Lesões Graves"";42;""Masculino"";0;0;1;0;-5",063362;-42,"722912;""SR-PI"";""DEL17/1"";""UOP01/PI"""
"261541;582228;2020-01-08;""quarta"";""16:00:00"";""PI"";343;338","1;""TERESINA"";""Sim"";""Desobediência às normas de trânsito pelo condutor"";1;""Colisão lateral"";""Com Vítimas Feridas"";""Pleno dia"";""Crescente"";""Céu Claro"";""Dupla"";""Não Informado"";""Sim"";466595;""Caminhonete"";""FIAT/STRADA WORKING CD"";2014;""Condutor"";""Ileso"";47;""Masculino"";1;0;0;0;-5",063362;-42,"722912;""SR-PI"";""DEL17/1"";""UOP01/PI"""
"261541;582229;2020-01-08;""quarta"";""16:00:00"";""PI"";343;338","1;""TERESINA"";""Não"";""Falta de Atenção à Condução"";2;""Tombamento"";""Com Vítimas Feridas"";""Pleno dia"";""Crescente"";""Céu Claro"";""Dupla"";""Não Informado"";""Sim"";466596;""Motocicleta"";""HONDA/XRE 300 ABS"";2018;""Condutor"";""Lesões Graves"";42;""Masculino"";0;0;1;0;-5",063362;-42,"722912;""SR-PI"";""DEL17/1"";""UOP01/PI"""
"261541;582228;2020-01-08;""quarta"";""16:00:00"";""PI"";343;338","1;""TERESINA"";""Não"";""Falta de Atenção à Condução"";2;""Tombamento"";""Com Vítimas Feridas"";""Pleno dia"";""Crescente"";""Céu Claro"";""Dupla"";""Não Informado"";""Sim"";466595;""Caminhonete"";""FIAT/STRADA WORKING CD"";2014;""Condutor"";""Ileso"";47;""Masculino"";1;0;0;0;-5",063362;-42,"722912;""SR-PI"";""DEL17/1"";""UOP01/PI"""
"261541;582229;2020-01-08;""quarta"";""16:00:00"";""PI"";343;338","1;""TERESINA"";""Não"";""Falta de Atenção à Condução"";1;""Colisão lateral"";""Com Vítimas Feridas"";""Pleno dia"";""Crescente"";""Céu Claro"";""Dupla"";""Não Informado"";""Sim"";466596;""Motocicleta"";""HONDA/XRE 300 ABS"";2018;""Condutor"";""Lesões Graves"";42;""Masculino"";0;0;1;0;-5",063362;-42,"722912;""SR-PI"";""DEL17/1"";""UOP01/PI"""
"261541;582228;2020-01-08;""quarta"";""16:00:00"";""PI"";343;338","1;""TERESINA"";""Não"";""Falta de Atenção à Condução"";1;""Colisão lateral"";""Com Vítimas Feridas"";""Pleno dia"";""Crescente"";""Céu Claro"";""Dupla"";""Não Informado"";""Sim"";466595;""Caminhonete"";""FIAT/STRADA WORKING CD"";2014;""Condutor"";""Ileso"";47;""Masculino"";1;0;0;0;-5",063362;-42,"722912;""SR-PI"";""DEL17/1"";""UOP01/PI"""
"261542;582306;2020-01-08;""quarta"";""15:05:00"";""RS"";116;220;""DOIS IRMAOS"";""Sim"";""Falta de Atenção à Condução"";1;""Colisão lateral"";""Com Vítimas Feridas"";""Pleno dia"";""Decrescente"";""Céu Claro"";""Simples"";""Reta"";""Não"";466622;""Camioneta"";""RENAULT/DUSTER 16 E CVT"";2018;""Condutor"";""Ileso"";64;""Feminino"";1;0;0;0;-29",56492079;-51,"09188829;""SR-RS"";""DEL9/1"";""UOP02/RS""",
"261542;582311;2020-01-08;""quarta"";""15:05:00"";""RS"";116;220;""DOIS IRMAOS"";""Sim"";""Falta de Atenção à Condução"";1;""Colisão lateral"";""Com Vítimas Feridas"";""Pleno dia"";""Decrescente"";""Céu Claro"";""Simples"";""Reta"";""Não"";466633;""Motocicleta"";""HONDA/CG 150 TITAN KS"";2005;""Passageiro"";""Lesões Leves"";61;""Feminino"";0;1;0;0;-29",56492079;-51,"09188829;""SR-RS"";""DEL9/1"";""UOP02/RS""",
"261542;582309;2020-01-08;""quarta"";""15:05:00"";""RS"";116;220;""DOIS IRMAOS"";""Sim"";""Falta de Atenção à Condução"";1;""Colisão lateral"";""Com Vítimas Feridas"";""Pleno dia"";""Decrescente"";""Céu Claro"";""Simples"";""Reta"";""Não"";466633;""Motocicleta"";""HONDA/CG 150 TITAN KS"";2005;""Condutor"";""Ileso"";47;""Masculino"";1;0;0;0;-29",56492079;-51,"09188829;""SR-RS"";""DEL9/1"";""UOP02/RS""",
"261543;582237;2020-01-08;""quarta"";""16:35:00"";""SP"";116;42","9;""CACHOEIRA PAULISTA"";""Sim"";""Avarias e/ou desgaste excessivo no pneu"";2;""Queda de ocupante de veículo"";""Com Vítimas Feridas"";""Pleno dia"";""Crescente"";""Chuva"";""Dupla"";""Reta"";""Não"";466603;""Motocicleta"";""HONDA/CG 125 TITAN"";1998;""Condutor"";""Lesões Leves"";36;""Masculino"";0;1;0;0;-22",69182132;-45,"02240378;""SR-SP"";""DEL6/8"";""UOP01/SP"""
"261543;582240;2020-01-08;""quarta"";""16:35:00"";""SP"";116;42","9;""CACHOEIRA PAULISTA"";""Sim"";""Avarias e/ou desgaste excessivo no pneu"";2;""Queda de ocupante de veículo"";""Com Vítimas Feridas"";""Pleno dia"";""Crescente"";""Chuva"";""Dupla"";""Reta"";""Não"";466606;""Caminhonete"";""FIAT/STRADA WORKING"";2012;""Condutor"";""Ileso"";35;""Masculino"";1;0;0;0;-22",69182132;-45,"02240378;""SR-SP"";""DEL6/8"";""UOP01/SP"""
"261543;582237;2020-01-08;""quarta"";""16:35:00"";""SP"";116;42","9;""CACHOEIRA PAULISTA"";""Sim"";""Avarias e/ou desgaste excessivo no pneu"";1;""Tombamento"";""Com Vítimas Feridas"";""Pleno dia"";""Crescente"";""Chuva"";""Dupla"";""Reta"";""Não"";466603;""Motocicleta"";""HONDA/CG 125 TITAN"";1998;""Condutor"";""Lesões Leves"";36;""Masculino"";0;1;0;0;-22",69182132;-45,"02240378;""SR-SP"";""DEL6/8"";""UOP01/SP"""
"261543;582240;2020-01-08;""quarta"";""16:35:00"";""SP"";116;42","9;""CACHOEIRA PAULISTA"";""Sim"";""Avarias e/ou desgaste excessivo no pneu"";1;""Tombamento"";""Com Vítimas Feridas"";""Pleno dia"";""Crescente"";""Chuva"";""Dupla"";""Reta"";""Não"";466606;""Caminhonete"";""FIAT/STRADA WORKING"";2012;""Condutor"";""Ileso"";35;""Masculino"";1;0;0;0;-22",69182132;-45,"02240378;""SR-SP"";""DEL6/8"";""UOP01/SP"""
"261543;582237;2020-01-08;""quarta"";""16:35:00"";""SP"";116;42","9;""CACHOEIRA PAULISTA"";""Sim"";""Avarias e/ou desgaste excessivo no pneu"";3;""Colisão transversal"";""Com Vítimas Feridas"";""Pleno dia"";""Crescente"";""Chuva"";""Dupla"";""Reta"";""Não"";466603;""Motocicleta"";""HONDA/CG 125 TITAN"";1998;""Condutor"";""Lesões Leves"";36;""Masculino"";0;1;0;0;-22",69182132;-45,"02240378;""SR-SP"";""DEL6/8"";""UOP01/SP"""
"261543;582240;2020-01-08;""quarta"";""16:35:00"";""SP"";116;42","9;""CACHOEIRA PAULISTA"";""Sim"";""Avarias e/ou desgaste excessivo no pneu"";3;""Colisão transversal"";""Com Vítimas Feridas"";""Pleno dia"";""Crescente"";""Chuva"";""Dupla"";""Reta"";""Não"";466606;""Caminhonete"";""FIAT/STRADA WORKING"";2012;""Condutor"";""Ileso"";35;""Masculino"";1;0;0;0;-22",69182132;-45,"02240378;""SR-SP"";""DEL6/8"";""UOP01/SP"""
"261543;582237;2020-01-08;""quarta"";""16:35:00"";""SP"";116;42","9;""CACHOEIRA PAULISTA"";""Não"";""Falta de Atenção à Condução"";2;""Queda de ocupante de veículo"";""Com Vítimas Feridas"";""Pleno dia"";""Crescente"";""Chuva"";""Dupla"";""Reta"";""Não"";466603;""Motocicleta"";""HONDA/CG 125 TITAN"";1998;""Condutor"";""Lesões Leves"";36;""Masculino"";0;1;0;0;-22",69182132;-45,"02240378;""SR-SP"";""DEL6/8"";""UOP01/SP"""