"id;""pesid"";""data_inversa"";""dia_semana"";""horario"";""uf"";""br"";""km"";""municipio"";""causa_principal"";""causa_acidente"";""ordem_tipo_acidente"";""tipo_acidente"";""classificacao_acidente"";""fase_dia"";""sentido_via"";""condicao_metereologica"";""tipo_pista"";""tracado_via"";""uso_solo"";""id_veiculo"";""tipo_veiculo"";""marca"";""ano_fabricacao_veiculo"";""tipo_envolvido"";""estado_fisico"";""idade"";""sexo"";""ilesos"";""feridos_leves"";""feridos_graves"";""mortos"";""latitude"";""longitude"";""regional"";""delegacia"";""uop""",,,
"261543;582240;2020-01-08;""quarta"";""16:35:00"";""SP"";116;42","9;""CACHOEIRA PAULISTA"";""Não"";""Falta de Atenção à Condução"";2;""Queda de ocupante de veículo"";""Com Vítimas Feridas"";""Pleno dia"";""Crescente"";""Chuva"";""Dupla"";""Reta"";""Não"";466606;""Caminhonete"";""FIAT/STRADA WORKING"";2012;""Condutor"";""Ileso"";35;""Masculino"";1;0;0;0;-22",69182132;-45,"02240378;""SR-SP"";""DEL6/8"";""UOP01/SP"""
"261543;582237;2020-01-08;""quarta"";""16:35:00"";""SP"";116;42","9;""CACHOEIRA PAULISTA"";""Não"";""Falta de Atenção à Condução"";1;""Tombamento"";""Com Vítimas Feridas"";""Pleno dia"";""Crescente"";""Chuva"";""Dupla"";""Reta"";""Não"";466603;""Motocicleta"";""HONDA/CG 125 TITAN"";1998;""Condutor"";""Lesões Leves"";36;""Masculino"";0;1;0;0;-22",69182132;-45,"02240378;""SR-SP"";""DEL6/8"";""UOP01/SP"""
"261543;582240;2020-01-08;""quarta"";""16:35:00"";""SP"";116;42","9;""CACHOEIRA PAULISTA"";""Não"";""Falta de Atenção à Condução"";1;""Tombamento"";""Com Vítimas Feridas"";""Pleno dia"";""Crescente"";""Chuva"";""Dupla"";""Reta"";""Não"";466606;""Caminhonete"";""FIAT/STRADA WORKING"";2012;""Condutor"";""Ileso"";35;""Masculino"";1;0;0;0;-22",69182132;-45,"02240378;""SR-SP"";""DEL6/8"";""UOP01/SP"""
"261543;582237;2020-01-08;""quarta"";""16:35:00"";""SP"";116;42","9;""CACHOEIRA PAULISTA"";""Não"";""Falta de Atenção à Condução"";3;""Colisão transversal"";""Com Vítimas Feridas"";""Pleno dia"";""Crescente"";""Chuva"";""Dupla"";""Reta"";""Não"";466603;""Motocicleta"";""HONDA/CG 125 TITAN"";1998;""Condutor"";""Lesões Leves"";36;""Masculino"";0;1;0;0;-22",69182132;-45,"02240378;""SR-SP"";""DEL6/8"";""UOP01/SP"""
"261543;582240;2020-01-08;""quarta"";""16:35:00"";""SP"";116;42","9;""CACHOEIRA PAULISTA"";""Não"";""Falta de Atenção à Condução"";3;""Colisão transversal"";""Com Vítimas Feridas"";""Pleno dia"";""Crescente"";""Chuva"";""Dupla"";""Reta"";""Não"";466606;""Caminhonete"";""FIAT/STRADA WORKING"";2012;""Condutor"";""Ileso"";35;""Masculino"";1;0;0;0;-22",69182132;-45,"02240378;""SR-SP"";""DEL6/8"";""UOP01/SP"""
"261543;582237;2020-01-08;""quarta"";""16:35:00"";""SP"";116;42","9;""CACHOEIRA PAULISTA"";""Não"";""Fenômenos da Natureza"";2;""Queda de ocupante de veículo"";""Com Vítimas Feridas"";""Pleno dia"";""Crescente"";""Chuva"";""Dupla"";""Reta"";""Não"";466603;""Motocicleta"";""HONDA/CG 125 TITAN"";1998;""Condutor"";""Lesões Leves"";36;""Masculino"";0;1;0;0;-22",69182132;-45,"02240378;""SR-SP"";""DEL6/8"";""UOP01/SP"""
"261543;582240;2020-01-08;""quarta"";""16:35:00"";""SP"";116;42","9;""CACHOEIRA PAULISTA"";""Não"";""Fenômenos da Natureza"";2;""Queda de ocupante de veículo"";""Com Vítimas Feridas"";""Pleno dia"";""Crescente"";""Chuva"";""Dupla"";""Reta"";""Não"";466606;""Caminhonete"";""FIAT/STRADA WORKING"";2012;""Condutor"";""Ileso"";35;""Masculino"";1;0;0;0;-22",69182132;-45,"02240378;""SR-SP"";""DEL6/8"";""UOP01/SP"""
"261543;582237;2020-01-08;""quarta"";""16:35:00"";""SP"";116;42","9;""CACHOEIRA PAULISTA"";""Não"";""Fenômenos da Natureza"";1;""Tombamento"";""Com Vítimas Feridas"";""Pleno dia"";""Crescente"";""Chuva"";""Dupla"";""Reta"";""Não"";466603;""Motocicleta"";""HONDA/CG 125 TITAN"";1998;""Condutor"";""Lesões Leves"";36;""Masculino"";0;1;0;0;-22",69182132;-45,"02240378;""SR-SP"";""DEL6/8"";""UOP01/SP"""
"261543;582240;2020-01-08;""quarta"";""16:35:00"";""SP"";116;42","9;""CACHOEIRA PAULISTA"";""Não"";""Fenômenos da Natureza"";1;""Tombamento"";""Com Vítimas Feridas"";""Pleno dia"";""Crescente"";""Chuva"";""Dupla"";""Reta"";""Não"";466606;""Caminhonete"";""FIAT/STRADA WORKING"";2012;""Condutor"";""Ileso"";35;""Masculino"";1;0;0;0;-22",69182132;-45,"02240378;""SR-SP"";""DEL6/8"";""UOP01/SP"""
"261543;582237;2020-01-08;""quarta"";""16:35:00"";""SP"";116;42","9;""CACHOEIRA PAULISTA"";""Não"";""Fenômenos da Natureza"";3;""Colisão transversal"";""Com Vítimas Feridas"";""Pleno dia"";""Crescente"";""Chuva"";""Dupla"";""Reta"";""Não"";466603;""Motocicleta"";""HONDA/CG 125 TITAN"";1998;""Condutor"";""Lesões Leves"";36;""Masculino"";0;1;0;0;-22",69182132;-45,"02240378;""SR-SP"";""DEL6/8"";""UOP01/SP"""
"261543;582240;2020-01-08;""quarta"";""16:35:00"";""SP"";116;42","9;""CACHOEIRA PAULISTA"";""Não"";""Fenômenos da Natureza"";3;""Colisão transversal"";""Com Vítimas Feridas"";""Pleno dia"";""Crescente"";""Chuva"";""Dupla"";""Reta"";""Não"";466606;""Caminhonete"";""FIAT/STRADA WORKING"";2012;""Condutor"";""Ileso"";35;""Masculino"";1;0;0;0;-22",69182132;-45,"02240378;""SR-SP"";""DEL6/8"";""UOP01/SP"""
"261545;582401;2020-01-08;""quarta"";""16:38:00"";""PR"";376;666;""GUARATUBA"";""Sim"";""Velocidade Incompatível"";1;""Colisão com objeto estático"";""Com Vítimas Fatais"";""Pleno dia"";""Crescente"";""Garoa/Chuvisco"";""Simples"";""Não Informado"";""Não"";466712;""Caminhão"";""VW/24.250 CNC 6X2"";2007;""Condutor"";""Óbito"";38;""Masculino"";0;0;0;1;-25",86756478;-48,"94821167;""SR-PR"";""DEL7/1"";""UOP08/PR""",
"261545;582401;2020-01-08;""quarta"";""16:38:00"";""PR"";376;666;""GUARATUBA"";""Sim"";""Velocidade Incompatível"";4;""Colisão com objeto estático"";""Com Vítimas Fatais"";""Pleno dia"";""Crescente"";""Garoa/Chuvisco"";""Simples"";""Não Informado"";""Não"";466712;""Caminhão"";""VW/24.250 CNC 6X2"";2007;""Condutor"";""Óbito"";38;""Masculino"";0;0;0;1;-25",86756478;-48,"94821167;""SR-PR"";""DEL7/1"";""UOP08/PR""",
"261545;582401;2020-01-08;""quarta"";""16:38:00"";""PR"";376;666;""GUARATUBA"";""Sim"";""Velocidade Incompatível"";3;""Tombamento"";""Com Vítimas Fatais"";""Pleno dia"";""Crescente"";""Garoa/Chuvisco"";""Simples"";""Não Informado"";""Não"";466712;""Caminhão"";""VW/24.250 CNC 6X2"";2007;""Condutor"";""Óbito"";38;""Masculino"";0;0;0;1;-25",86756478;-48,"94821167;""SR-PR"";""DEL7/1"";""UOP08/PR""",
"261545;582401;2020-01-08;""quarta"";""16:38:00"";""PR"";376;666;""GUARATUBA"";""Sim"";""Velocidade Incompatível"";2;""Saída de leito carroçável"";""Com Vítimas Fatais"";""Pleno dia"";""Crescente"";""Garoa/Chuvisco"";""Simples"";""Não Informado"";""Não"";466712;""Caminhão"";""VW/24.250 CNC 6X2"";2007;""Condutor"";""Óbito"";38;""Masculino"";0;0;0;1;-25",86756478;-48,"94821167;""SR-PR"";""DEL7/1"";""UOP08/PR""",
"261545;582401;2020-01-08;""quarta"";""16:38:00"";""PR"";376;666;""GUARATUBA"";""Não"";""Pista Escorregadia"";1;""Colisão com objeto estático"";""Com Vítimas Fatais"";""Pleno dia"";""Crescente"";""Garoa/Chuvisco"";""Simples"";""Não Informado"";""Não"";466712;""Caminhão"";""VW/24.250 CNC 6X2"";2007;""Condutor"";""Óbito"";38;""Masculino"";0;0;0;1;-25",86756478;-48,"94821167;""SR-PR"";""DEL7/1"";""UOP08/PR""",
"261545;582401;2020-01-08;""quarta"";""16:38:00"";""PR"";376;666;""GUARATUBA"";""Não"";""Pista Escorregadia"";4;""Colisão com objeto estático"";""Com Vítimas Fatais"";""Pleno dia"";""Crescente"";""Garoa/Chuvisco"";""Simples"";""Não Informado"";""Não"";466712;""Caminhão"";""VW/24.250 CNC 6X2"";2007;""Condutor"";""Óbito"";38;""Masculino"";0;0;0;1;-25",86756478;-48,"94821167;""SR-PR"";""DEL7/1"";""UOP08/PR""",
"261545;582401;2020-01-08;""quarta"";""16:38:00"";""PR"";376;666;""GUARATUBA"";""Não"";""Pista Escorregadia"";3;""Tombamento"";""Com Vítimas Fatais"";""Pleno dia"";""Crescente"";""Garoa/Chuvisco"";""Simples"";""Não Informado"";""Não"";466712;""Caminhão"";""VW/24.250 CNC 6X2"";2007;""Condutor"";""Óbito"";38;""Masculino"";0;0;0;1;-25",86756478;-48,"94821167;""SR-PR"";""DEL7/1"";""UOP08/PR""",
"261545;582401;2020-01-08;""quarta"";""16:38:00"";""PR"";376;666;""GUARATUBA"";""Não"";""Pista Escorregadia"";2;""Saída de leito carroçável"";""Com Vítimas Fatais"";""Pleno dia"";""Crescente"";""Garoa/Chuvisco"";""Simples"";""Não Informado"";""Não"";466712;""Caminhão"";""VW/24.250 CNC 6X2"";2007;""Condutor"";""Óbito"";38;""Masculino"";0;0;0;1;-25",86756478;-48,"94821167;""SR-PR"";""DEL7/1"";""UOP08/PR""",
"261546;582213;2020-01-08;""quarta"";""16:50:00"";""MG"";381;711","4;""CARMO DA CACHOEIRA"";""Sim"";""Pista Escorregadia"";1;""Capotamento"";""Com Vítimas Feridas"";""Pleno dia"";""Decrescente"";""Chuva"";""Dupla"";""Curva"";""Não"";466588;""Automóvel"";""I/GM CORSA CLASSIC"";2002;""Passageiro"";""Lesões Leves"";43;""Feminino"";0;1;0;0;-21",39313978;-45,"19816009;""SR-MG"";""DEL4/4"";""UOP02/MG"""
"261546;582210;2020-01-08;""quarta"";""16:50:00"";""MG"";381;711","4;""CARMO DA CACHOEIRA"";""Sim"";""Pista Escorregadia"";1;""Capotamento"";""Com Vítimas Feridas"";""Pleno dia"";""Decrescente"";""Chuva"";""Dupla"";""Curva"";""Não"";466588;""Automóvel"";""I/GM CORSA CLASSIC"";2002;""Condutor"";""Lesões Graves"";49;""Masculino"";0;0;1;0;-21",39313978;-45,"19816009;""SR-MG"";""DEL4/4"";""UOP02/MG"""
"261547;582251;2020-01-08;""quarta"";""17:00:00"";""ES"";101;296;""CARIACICA"";""Sim"";""Desobediência às normas de trânsito pelo condutor"";2;""Queda de ocupante de veículo"";""Com Vítimas Feridas"";""Anoitecer"";""Crescente"";""Sol"";""Múltipla"";""Reta"";""Sim"";466629;""Motocicleta"";""HONDA/CG150 FAN ESDI"";2014;""Condutor"";""Lesões Leves"";33;""Masculino"";0;1;0;0;-20",34029997;-40,"40405712;""SR-ES"";""DEL12/1"";""UOP01/ES""",
"261547;582270;2020-01-08;""quarta"";""17:00:00"";""ES"";101;296;""CARIACICA"";""Sim"";""Desobediência às normas de trânsito pelo condutor"";2;""Queda de ocupante de veículo"";""Com Vítimas Feridas"";""Anoitecer"";""Crescente"";""Sol"";""Múltipla"";""Reta"";""Sim"";466628;""Automóvel"";""CHEV/PRISMA 1.4MT LT"";2015;""Condutor"";""Ileso"";51;""Masculino"";1;0;0;0;-20",34029997;-40,"40405712;""SR-ES"";""DEL12/1"";""UOP01/ES""",
"261547;582251;2020-01-08;""quarta"";""17:00:00"";""ES"";101;296;""CARIACICA"";""Sim"";""Desobediência às normas de trânsito pelo condutor"";1;""Colisão lateral"";""Com Vítimas Feridas"";""Anoitecer"";""Crescente"";""Sol"";""Múltipla"";""Reta"";""Sim"";466629;""Motocicleta"";""HONDA/CG150 FAN ESDI"";2014;""Condutor"";""Lesões Leves"";33;""Masculino"";0;1;0;0;-20",34029997;-40,"40405712;""SR-ES"";""DEL12/1"";""UOP01/ES""",
"261547;582270;2020-01-08;""quarta"";""17:00:00"";""ES"";101;296;""CARIACICA"";""Sim"";""Desobediência às normas de trânsito pelo condutor"";1;""Colisão lateral"";""Com Vítimas Feridas"";""Anoitecer"";""Crescente"";""Sol"";""Múltipla"";""Reta"";""Sim"";466628;""Automóvel"";""CHEV/PRISMA 1.4MT LT"";2015;""Condutor"";""Ileso"";51;""Masculino"";1;0;0;0;-20",34029997;-40,"40405712;""SR-ES"";""DEL12/1"";""UOP01/ES""",
"261548;NA;2020-01-08;""quarta"";""14:00:00"";""SC"";116;308","8;""CAPAO ALTO"";""Sim"";""Carga excessiva e/ou mal acondicionada"";1;""Tombamento"";""Com Vítimas Feridas"";""Pleno dia"";""Decrescente"";""Céu Claro"";""Simples"";""Não Informado"";""Não"";466690;""Semireboque"";""SR/MELLO RODOFLEX SRF2E"";2015;""Não Informado"";""Não Informado"";NA;""Não Informado"";0;0;0;0;-28",19713229;-50,"75889587;""SR-SC"";""DEL8/5"";""UOP02/SC"""
"261548;NA;2020-01-08;""quarta"";""14:00:00"";""SC"";116;308","8;""CAPAO ALTO"";""Sim"";""Carga excessiva e/ou mal acondicionada"";1;""Tombamento"";""Com Vítimas Feridas"";""Pleno dia"";""Decrescente"";""Céu Claro"";""Simples"";""Não Informado"";""Não"";466689;""Semireboque"";""SR/MELLO RODOFLEX SRF2E"";2015;""Não Informado"";""Não Informado"";NA;""Não Informado"";0;0;0;0;-28",19713229;-50,"75889587;""SR-SC"";""DEL8/5"";""UOP02/SC"""
"261548;582378;2020-01-08;""quarta"";""14:00:00"";""SC"";116;308","8;""CAPAO ALTO"";""Sim"";""Carga excessiva e/ou mal acondicionada"";1;""Tombamento"";""Com Vítimas Feridas"";""Pleno dia"";""Decrescente"";""Céu Claro"";""Simples"";""Não Informado"";""Não"";466585;""Caminhão-trator"";""M.BENZ/ACTROS 2651S6X4"";2019;""Condutor"";""Lesões Leves"";34;""Masculino"";0;1;0;0;-28",19713229;-50,"75889587;""SR-SC"";""DEL8/5"";""UOP02/SC"""
"261549;582267;2020-01-08;""quarta"";""15:55:00"";""MG"";40;610","9;""CONGONHAS"";""Sim"";""Pista Escorregadia"";1;""Colisão com objeto estático"";""Com Vítimas Feridas"";""Pleno dia"";""Crescente"";""Chuva"";""Simples"";""Curva"";""Sim"";466630;""Automóvel"";""FIAT/UNO WAY 1.4"";2013;""Condutor"";""Lesões Leves"";26;""Masculino"";0;1;0;0;-20",5019758;-43,"83840447;""SR-MG"";""DEL5"";""UOP02/MG"""
"261550;582234;2020-01-08;""quarta"";""16:00:00"";""MT"";364;202","8;""RONDONOPOLIS"";""Sim"";""Falta de Atenção à Condução"";2;""Queda de ocupante de veículo"";""Com Vítimas Feridas"";""Pleno dia"";""Decrescente"";""Chuva"";""Dupla"";""Viaduto"";""Sim"";466620;""Motocicleta"";""HONDA/CG 160 START"";NA;""Condutor"";""Lesões Leves"";35;""Feminino"";0;1;0;0;-16",48347324;-54,"64970354;""SR-MT"";""DEL2/2"";""UOP01/MT"""
"261550;582238;2020-01-08;""quarta"";""16:00:00"";""MT"";364;202","8;""RONDONOPOLIS"";""Sim"";""Falta de Atenção à Condução"";2;""Queda de ocupante de veículo"";""Com Vítimas Feridas"";""Pleno dia"";""Decrescente"";""Chuva"";""Dupla"";""Viaduto"";""Sim"";466620;""Motocicleta"";""HONDA/CG 160 START"";NA;""Passageiro"";""Lesões Leves"";16;""Feminino"";0;1;0;0;-16",48347324;-54,"64970354;""SR-MT"";""DEL2/2"";""UOP01/MT"""
"261550;582234;2020-01-08;""quarta"";""16:00:00"";""MT"";364;202","8;""RONDONOPOLIS"";""Sim"";""Falta de Atenção à Condução"";1;""Tombamento"";""Com Vítimas Feridas"";""Pleno dia"";""Decrescente"";""Chuva"";""Dupla"";""Viaduto"";""Sim"";466620;""Motocicleta"";""HONDA/CG 160 START"";NA;""Condutor"";""Lesões Leves"";35;""Feminino"";0;1;0;0;-16",48347324;-54,"64970354;""SR-MT"";""DEL2/2"";""UOP01/MT"""
"261550;582238;2020-01-08;""quarta"";""16:00:00"";""MT"";364;202","8;""RONDONOPOLIS"";""Sim"";""Falta de Atenção à Condução"";1;""Tombamento"";""Com Vítimas Feridas"";""Pleno dia"";""Decrescente"";""Chuva"";""Dupla"";""Viaduto"";""Sim"";466620;""Motocicleta"";""HONDA/CG 160 START"";NA;""Passageiro"";""Lesões Leves"";16;""Feminino"";0;1;0;0;-16",48347324;-54,"64970354;""SR-MT"";""DEL2/2"";""UOP01/MT"""
"261551;582219;2020-01-08;""quarta"";""16:00:00"";""BA"";101;363","9;""GANDU"";""Sim"";""Velocidade Incompatível"";2;""Tombamento"";""Com Vítimas Feridas"";""Pleno dia"";""Decrescente"";""Céu Claro"";""Simples"";""Curva"";""Não"";466609;""Caminhão-trator"";""SCANIA/G 420 A4X2"";2008;""Condutor"";""Lesões Leves"";44;""Masculino"";0;1;0;0;-13",856841;-39,"49252598;""SR-BA"";""DEL10/5"";""UOP03/BA"""
"261551;NA;2020-01-08;""quarta"";""16:00:00"";""BA"";101;363","9;""GANDU"";""Sim"";""Velocidade Incompatível"";2;""Tombamento"";""Com Vítimas Feridas"";""Pleno dia"";""Decrescente"";""Céu Claro"";""Simples"";""Curva"";""Não"";466612;""Semireboque"";""SR/TWRUSINAS PRANCHA 02E"";2014;""Não Informado"";""Não Informado"";NA;""Não Informado"";0;0;0;0;-13",856841;-39,"49252598;""SR-BA"";""DEL10/5"";""UOP03/BA"""
"261551;582219;2020-01-08;""quarta"";""16:00:00"";""BA"";101;363","9;""GANDU"";""Sim"";""Velocidade Incompatível"";1;""Saída de leito carroçável"";""Com Vítimas Feridas"";""Pleno dia"";""Decrescente"";""Céu Claro"";""Simples"";""Curva"";""Não"";466609;""Caminhão-trator"";""SCANIA/G 420 A4X2"";2008;""Condutor"";""Lesões Leves"";44;""Masculino"";0;1;0;0;-13",856841;-39,"49252598;""SR-BA"";""DEL10/5"";""UOP03/BA"""
"261551;NA;2020-01-08;""quarta"";""16:00:00"";""BA"";101;363","9;""GANDU"";""Sim"";""Velocidade Incompatível"";1;""Saída de leito carroçável"";""Com Vítimas Feridas"";""Pleno dia"";""Decrescente"";""Céu Claro"";""Simples"";""Curva"";""Não"";466612;""Semireboque"";""SR/TWRUSINAS PRANCHA 02E"";2014;""Não Informado"";""Não Informado"";NA;""Não Informado"";0;0;0;0;-13",856841;-39,"49252598;""SR-BA"";""DEL10/5"";""UOP03/BA"""
"261552;582263;2020-01-08;""quarta"";""17:10:00"";""CE"";116;320;""JAGUARIBE"";""Sim"";""Desobediência às normas de trânsito pelo condutor"";1;""Colisão lateral"";""Sem Vítimas"";""Pleno dia"";""Crescente"";""Nublado"";""Simples"";""Não Informado"";""Não"";466607;""Camioneta"";""FORD/ECOSPORT SE 1.5"";2019;""Passageiro"";""Ileso"";41;""Masculino"";1;0;0;0;-5",98931414;-38,"62827301;""SR-CE"";""DEL16/5"";""UOP02/CE""",
"261552;582231;2020-01-08;""quarta"";""17:10:00"";""CE"";116;320;""JAGUARIBE"";""Sim"";""Desobediência às normas de trânsito pelo condutor"";1;""Colisão lateral"";""Sem Vítimas"";""Pleno dia"";""Crescente"";""Nublado"";""Simples"";""Não Informado"";""Não"";466607;""Camioneta"";""FORD/ECOSPORT SE 1.5"";2019;""Condutor"";""Ileso"";35;""Masculino"";1;0;0;0;-5",98931414;-38,"62827301;""SR-CE"";""DEL16/5"";""UOP02/CE""",
"261552;582291;2020-01-08;""quarta"";""17:10:00"";""CE"";116;320;""JAGUARIBE"";""Sim"";""Desobediência às normas de trânsito pelo condutor"";1;""Colisão lateral"";""Sem Vítimas"";""Pleno dia"";""Crescente"";""Nublado"";""Simples"";""Não Informado"";""Não"";466608;""Automóvel"";""FIAT/UNO DRIVE 1.0"";2018;""Passageiro"";""Ileso"";31;""Masculino"";1;0;0;0;-5",98931414;-38,"62827301;""SR-CE"";""DEL16/5"";""UOP02/CE""",
"261552;582289;2020-01-08;""quarta"";""17:10:00"";""CE"";116;320;""JAGUARIBE"";""Sim"";""Desobediência às normas de trânsito pelo condutor"";1;""Colisão lateral"";""Sem Vítimas"";""Pleno dia"";""Crescente"";""Nublado"";""Simples"";""Não Informado"";""Não"";466608;""Automóvel"";""FIAT/UNO DRIVE 1.0"";2018;""Passageiro"";""Ileso"";55;""Feminino"";1;0;0;0;-5",98931414;-38,"62827301;""SR-CE"";""DEL16/5"";""UOP02/CE""",
"261552;582277;2020-01-08;""quarta"";""17:10:00"";""CE"";116;320;""JAGUARIBE"";""Sim"";""Desobediência às normas de trânsito pelo condutor"";1;""Colisão lateral"";""Sem Vítimas"";""Pleno dia"";""Crescente"";""Nublado"";""Simples"";""Não Informado"";""Não"";466608;""Automóvel"";""FIAT/UNO DRIVE 1.0"";2018;""Passageiro"";""Ileso"";52;""Masculino"";1;0;0;0;-5",98931414;-38,"62827301;""SR-CE"";""DEL16/5"";""UOP02/CE""",
"261552;582233;2020-01-08;""quarta"";""17:10:00"";""CE"";116;320;""JAGUARIBE"";""Sim"";""Desobediência às normas de trânsito pelo condutor"";1;""Colisão lateral"";""Sem Vítimas"";""Pleno dia"";""Crescente"";""Nublado"";""Simples"";""Não Informado"";""Não"";466608;""Automóvel"";""FIAT/UNO DRIVE 1.0"";2018;""Condutor"";""Ileso"";27;""Masculino"";1;0;0;0;-5",98931414;-38,"62827301;""SR-CE"";""DEL16/5"";""UOP02/CE""",
"261552;582263;2020-01-08;""quarta"";""17:10:00"";""CE"";116;320;""JAGUARIBE"";""Não"";""Falta de Atenção à Condução"";1;""Colisão lateral"";""Sem Vítimas"";""Pleno dia"";""Crescente"";""Nublado"";""Simples"";""Não Informado"";""Não"";466607;""Camioneta"";""FORD/ECOSPORT SE 1.5"";2019;""Passageiro"";""Ileso"";41;""Masculino"";1;0;0;0;-5",98931414;-38,"62827301;""SR-CE"";""DEL16/5"";""UOP02/CE""",
"261552;582231;2020-01-08;""quarta"";""17:10:00"";""CE"";116;320;""JAGUARIBE"";""Não"";""Falta de Atenção à Condução"";1;""Colisão lateral"";""Sem Vítimas"";""Pleno dia"";""Crescente"";""Nublado"";""Simples"";""Não Informado"";""Não"";466607;""Camioneta"";""FORD/ECOSPORT SE 1.5"";2019;""Condutor"";""Ileso"";35;""Masculino"";1;0;0;0;-5",98931414;-38,"62827301;""SR-CE"";""DEL16/5"";""UOP02/CE""",
"261552;582291;2020-01-08;""quarta"";""17:10:00"";""CE"";116;320;""JAGUARIBE"";""Não"";""Falta de Atenção à Condução"";1;""Colisão lateral"";""Sem Vítimas"";""Pleno dia"";""Crescente"";""Nublado"";""Simples"";""Não Informado"";""Não"";466608;""Automóvel"";""FIAT/UNO DRIVE 1.0"";2018;""Passageiro"";""Ileso"";31;""Masculino"";1;0;0;0;-5",98931414;-38,"62827301;""SR-CE"";""DEL16/5"";""UOP02/CE""",
"261552;582289;2020-01-08;""quarta"";""17:10:00"";""CE"";116;320;""JAGUARIBE"";""Não"";""Falta de Atenção à Condução"";1;""Colisão lateral"";""Sem Vítimas"";""Pleno dia"";""Crescente"";""Nublado"";""Simples"";""Não Informado"";""Não"";466608;""Automóvel"";""FIAT/UNO DRIVE 1.0"";2018;""Passageiro"";""Ileso"";55;""Feminino"";1;0;0;0;-5",98931414;-38,"62827301;""SR-CE"";""DEL16/5"";""UOP02/CE""",
"261552;582277;2020-01-08;""quarta"";""17:10:00"";""CE"";116;320;""JAGUARIBE"";""Não"";""Falta de Atenção à Condução"";1;""Colisão lateral"";""Sem Vítimas"";""Pleno dia"";""Crescente"";""Nublado"";""Simples"";""Não Informado"";""Não"";466608;""Automóvel"";""FIAT/UNO DRIVE 1.0"";2018;""Passageiro"";""Ileso"";52;""Masculino"";1;0;0;0;-5",98931414;-38,"62827301;""SR-CE"";""DEL16/5"";""UOP02/CE""",
"261552;582233;2020-01-08;""quarta"";""17:10:00"";""CE"";116;320;""JAGUARIBE"";""Não"";""Falta de Atenção à Condução"";1;""Colisão lateral"";""Sem Vítimas"";""Pleno dia"";""Crescente"";""Nublado"";""Simples"";""Não Informado"";""Não"";466608;""Automóvel"";""FIAT/UNO DRIVE 1.0"";2018;""Condutor"";""Ileso"";27;""Masculino"";1;0;0;0;-5",98931414;-38,"62827301;""SR-CE"";""DEL16/5"";""UOP02/CE""",
"261553;587794;2020-01-08;""quarta"";""18:00:00"";""MA"";316;564;""CAXIAS"";""Sim"";""Ultrapassagem Indevida"";1;""Colisão lateral"";""Sem Vítimas"";""Anoitecer"";""Decrescente"";""Céu Claro"";""Simples"";""Reta"";""Não"";466671;""Caminhonete"";""FIAT/STRADA WORKING CD"";2014;""Passageiro"";""Ileso"";50;""Feminino"";1;0;0;0;-4",900841;-43,"250313;""SR-MA"";""DEL18/3"";""UOP02/MA""",
"261553;587793;2020-01-08;""quarta"";""18:00:00"";""MA"";316;564;""CAXIAS"";""Sim"";""Ultrapassagem Indevida"";1;""Colisão lateral"";""Sem Vítimas"";""Anoitecer"";""Decrescente"";""Céu Claro"";""Simples"";""Reta"";""Não"";466671;""Caminhonete"";""FIAT/STRADA WORKING CD"";2014;""Passageiro"";""Ileso"";21;""Feminino"";1;0;0;0;-4",900841;-43,"250313;""SR-MA"";""DEL18/3"";""UOP02/MA""",
"261553;587791;2020-01-08;""quarta"";""18:00:00"";""MA"";316;564;""CAXIAS"";""Sim"";""Ultrapassagem Indevida"";1;""Colisão lateral"";""Sem Vítimas"";""Anoitecer"";""Decrescente"";""Céu Claro"";""Simples"";""Reta"";""Não"";466671;""Caminhonete"";""FIAT/STRADA WORKING CD"";2014;""Condutor"";""Ileso"";53;""Masculino"";1;0;0;0;-4",900841;-43,"250313;""SR-MA"";""DEL18/3"";""UOP02/MA""",
"261553;587790;2020-01-08;""quarta"";""18:00:00"";""MA"";316;564;""CAXIAS"";""Sim"";""Ultrapassagem Indevida"";1;""Colisão lateral"";""Sem Vítimas"";""Anoitecer"";""Decrescente"";""Céu Claro"";""Simples"";""Reta"";""Não"";466670;""Automóvel"";""FIAT/ARGO DRIVE 1.3"";2017;""Condutor"";""Ileso"";42;""Masculino"";1;0;0;0;-4",900841;-43,"250313;""SR-MA"";""DEL18/3"";""UOP02/MA""",
"261553;587788;2020-01-08;""quarta"";""18:00:00"";""MA"";316;564;""CAXIAS"";""Sim"";""Ultrapassagem Indevida"";1;""Colisão lateral"";""Sem Vítimas"";""Anoitecer"";""Decrescente"";""Céu Claro"";""Simples"";""Reta"";""Não"";466669;""Caminhão"";""M.BENZ/L 1520"";1988;""Condutor"";""Ileso"";27;""Masculino"";1;0;0;0;-4",900841;-43,"250313;""SR-MA"";""DEL18/3"";""UOP02/MA""",
"261553;587785;2020-01-08;""quarta"";""18:00:00"";""MA"";316;564;""CAXIAS"";""Sim"";""Ultrapassagem Indevida"";1;""Colisão lateral"";""Sem Vítimas"";""Anoitecer"";""Decrescente"";""Céu Claro"";""Simples"";""Reta"";""Não"";466668;""Automóvel"";""FIAT/PALIO FIRE WAY"";2015;""Condutor"";""Ileso"";37;""Masculino"";1;0;0;0;-4",900841;-43,"250313;""SR-MA"";""DEL18/3"";""UOP02/MA""",