"id;""pesid"";""data_inversa"";""dia_semana"";""horario"";""uf"";""br"";""km"";""municipio"";""causa_principal"";""causa_acidente"";""ordem_tipo_acidente"";""tipo_acidente"";""classificacao_acidente"";""fase_dia"";""sentido_via"";""condicao_metereologica"";""tipo_pista"";""tracado_via"";""uso_solo"";""id_veiculo"";""tipo_veiculo"";""marca"";""ano_fabricacao_veiculo"";""tipo_envolvido"";""estado_fisico"";""idade"";""sexo"";""ilesos"";""feridos_leves"";""feridos_graves"";""mortos"";""latitude"";""longitude"";""regional"";""delegacia"";""uop""",,,
"261587;582404;2020-01-08;""quarta"";""21:20:00"";""SE"";101;124","2;""ITAPORANGA DAJUDA"";""Não"";""Velocidade Incompatível"";2;""Capotamento"";""Com Vítimas Feridas"";""Plena Noite"";""Crescente"";""Céu Claro"";""Dupla"";""Viaduto"";""Não"";466713;""Caminhão"";""M.BENZ/L 1620"";1999;""Condutor"";""Lesões Leves"";20;""Masculino"";0;1;0;0;-11",0425097;-37,"3651886;""SR-SE"";""DEL20/2"";""UOP01/SE"""
"261587;582404;2020-01-08;""quarta"";""21:20:00"";""SE"";101;124","2;""ITAPORANGA DAJUDA"";""Não"";""Velocidade Incompatível"";1;""Saída de leito carroçável"";""Com Vítimas Feridas"";""Plena Noite"";""Crescente"";""Céu Claro"";""Dupla"";""Viaduto"";""Não"";466713;""Caminhão"";""M.BENZ/L 1620"";1999;""Condutor"";""Lesões Leves"";20;""Masculino"";0;1;0;0;-11",0425097;-37,"3651886;""SR-SE"";""DEL20/2"";""UOP01/SE"""
"261587;582404;2020-01-08;""quarta"";""21:20:00"";""SE"";101;124","2;""ITAPORANGA DAJUDA"";""Sim"";""Falta de Atenção à Condução"";2;""Capotamento"";""Com Vítimas Feridas"";""Plena Noite"";""Crescente"";""Céu Claro"";""Dupla"";""Viaduto"";""Não"";466713;""Caminhão"";""M.BENZ/L 1620"";1999;""Condutor"";""Lesões Leves"";20;""Masculino"";0;1;0;0;-11",0425097;-37,"3651886;""SR-SE"";""DEL20/2"";""UOP01/SE"""
"261587;582404;2020-01-08;""quarta"";""21:20:00"";""SE"";101;124","2;""ITAPORANGA DAJUDA"";""Sim"";""Falta de Atenção à Condução"";1;""Saída de leito carroçável"";""Com Vítimas Feridas"";""Plena Noite"";""Crescente"";""Céu Claro"";""Dupla"";""Viaduto"";""Não"";466713;""Caminhão"";""M.BENZ/L 1620"";1999;""Condutor"";""Lesões Leves"";20;""Masculino"";0;1;0;0;-11",0425097;-37,"3651886;""SR-SE"";""DEL20/2"";""UOP01/SE"""
"261588;582361;2020-01-08;""quarta"";""20:00:00"";""PR"";277;41","8;""MORRETES"";""Sim"";""Defeito Mecânico no Veículo"";1;""Incêndio"";""Sem Vítimas"";""Plena Noite"";""Crescente"";""Chuva"";""Dupla"";""Curva"";""Não"";466667;""Automóvel"";""GM/VECTRA SEDAN ELITE"";2006;""Condutor"";""Ileso"";38;""Masculino"";1;0;0;0;-25",57183811;-48,"83586205;""SR-PR"";""DEL7/1"";""UOP06/PR"""
"261589;NA;2020-01-08;""quarta"";""13:30:00"";""MG"";116;124","1;""ITAOBIM"";""Sim"";""Velocidade Incompatível"";1;""Tombamento"";""Sem Vítimas"";""Pleno dia"";""Decrescente"";""Sol"";""Simples"";""Curva"";""Não"";466732;""Semireboque"";""SR/RANDON SR CC"";2013;""Não Informado"";""Não Informado"";NA;""Não Informado"";0;0;0;0;-16",62714205;-41,"50269872;""SR-MG"";""DEL4/11"";""UOP02/MG"""
"261589;582426;2020-01-08;""quarta"";""13:30:00"";""MG"";116;124","1;""ITAOBIM"";""Sim"";""Velocidade Incompatível"";1;""Tombamento"";""Sem Vítimas"";""Pleno dia"";""Decrescente"";""Sol"";""Simples"";""Curva"";""Não"";466665;""Caminhão-trator"";""VOLVO/FH 460 6X2T"";2018;""Condutor"";""Ileso"";44;""Masculino"";1;0;0;0;-16",62714205;-41,"50269872;""SR-MG"";""DEL4/11"";""UOP02/MG"""
"261590;585388;2020-01-08;""quarta"";""20:00:00"";""MT"";364;201","5;""RONDONOPOLIS"";""Sim"";""Ingestão de Álcool"";1;""Colisão traseira"";""Com Vítimas Feridas"";""Plena Noite"";""Crescente"";""Céu Claro"";""Dupla"";""Reta"";""Sim"";466699;""Motocicleta"";""HONDA/CG 125 FAN KS"";2013;""Condutor"";""Lesões Leves"";23;""Masculino"";0;1;0;0;-16",491405;-54,"646378;""SR-MT"";""DEL2/2"";""UOP01/MT"""
"261590;585390;2020-01-08;""quarta"";""20:00:00"";""MT"";364;201","5;""RONDONOPOLIS"";""Sim"";""Ingestão de Álcool"";1;""Colisão traseira"";""Com Vítimas Feridas"";""Plena Noite"";""Crescente"";""Céu Claro"";""Dupla"";""Reta"";""Sim"";466700;""Caminhonete"";""CHEVROLET/S10 HC DD4A"";2018;""Condutor"";""Ileso"";55;""Masculino"";1;0;0;0;-16",491405;-54,"646378;""SR-MT"";""DEL2/2"";""UOP01/MT"""
"261591;582360;2020-01-08;""quarta"";""16:30:00"";""RJ"";40;63;""PETROPOLIS"";""Sim"";""Velocidade Incompatível"";1;""Tombamento"";""Com Vítimas Feridas"";""Pleno dia"";""Decrescente"";""Chuva"";""Dupla"";""Curva"";""Sim"";466674;""Caminhão"";""SCANIA/P 310 B8X2"";2013;""Condutor"";""Lesões Leves"";22;""Masculino"";0;1;0;0;-22",41319517;-43,"14970765;""SR-RJ"";""DEL5/6"";""UOP03/RJ""",
"261592;583588;2020-01-08;""quarta"";""21:30:00"";""PE"";101;64","1;""RECIFE"";""Sim"";""Mal Súbito"";1;""Colisão com objeto estático"";""Com Vítimas Feridas"";""Plena Noite"";""Decrescente"";""Céu Claro"";""Dupla"";""Reta"";""Não"";466721;""Automóvel"";""VW/POLO MCA"";2017;""Condutor"";""Lesões Leves"";23;""Feminino"";0;1;0;0;-8",0162921;-34,"94045886;""SR-PE"";""DEL11/1"";""UOP01/PE"""
"261593;582410;2020-01-08;""quarta"";""21:40:00"";""ES"";101;265;""SERRA"";""Sim"";""Falta de Atenção à Condução"";1;""Colisão lateral"";""Com Vítimas Feridas"";""Plena Noite"";""Crescente"";""Céu Claro"";""Dupla"";""Reta"";""Sim"";466716;""Motocicleta"";""HONDA/CG 125 FAN"";2008;""Condutor"";""Lesões Graves"";35;""Masculino"";0;0;1;0;-20",1816849;-40,"26536036;""SR-ES"";""DEL12/2"";""UOP01/ES""",
"261593;582409;2020-01-08;""quarta"";""21:40:00"";""ES"";101;265;""SERRA"";""Sim"";""Falta de Atenção à Condução"";1;""Colisão lateral"";""Com Vítimas Feridas"";""Plena Noite"";""Crescente"";""Céu Claro"";""Dupla"";""Reta"";""Sim"";466715;""Caminhonete"";""FIAT/STRADA WORKING"";2014;""Condutor"";""Ileso"";53;""Feminino"";1;0;0;0;-20",1816849;-40,"26536036;""SR-ES"";""DEL12/2"";""UOP01/ES""",
"261594;582390;2020-01-08;""quarta"";""21:40:00"";""SP"";153;64;""SAO JOSE DO RIO PRETO"";""Sim"";""Objeto estático sobre o leito carroçável"";1;""Tombamento"";""Com Vítimas Feridas"";""Plena Noite"";""Crescente"";""Chuva"";""Dupla"";""Curva"";""Sim"";466691;""Motoneta"";""HONDA/PCX 150 DLX"";2018;""Passageiro"";""Lesões Leves"";28;""Feminino"";0;1;0;0;-20",82919401;-49,"36046325;""SR-SP"";""DEL6/9"";""UOP01/SP""",
"261594;582387;2020-01-08;""quarta"";""21:40:00"";""SP"";153;64;""SAO JOSE DO RIO PRETO"";""Sim"";""Objeto estático sobre o leito carroçável"";1;""Tombamento"";""Com Vítimas Feridas"";""Plena Noite"";""Crescente"";""Chuva"";""Dupla"";""Curva"";""Sim"";466691;""Motoneta"";""HONDA/PCX 150 DLX"";2018;""Condutor"";""Lesões Leves"";22;""Masculino"";0;1;0;0;-20",82919401;-49,"36046325;""SR-SP"";""DEL6/9"";""UOP01/SP""",
"261595;583622;2020-01-08;""quarta"";""22:00:00"";""PE"";101;74","2;""RECIFE"";""Sim"";""Mal Súbito"";1;""Saída de leito carroçável"";""Com Vítimas Feridas"";""Plena Noite"";""Decrescente"";""Céu Claro"";""Dupla"";""Curva"";""Sim"";466720;""Automóvel"";""CHEVROLET/ONIX 1.0MT LT"";2015;""Condutor"";""Lesões Leves"";55;""Masculino"";0;1;0;0;-8",10146485;-34,"94901577;""SR-PE"";""DEL11/1"";""UOP01/PE"""
"261597;582453;2020-01-08;""quarta"";""19:30:00"";""SC"";470;175;""POUSO REDONDO"";""Sim"";""Falta de Atenção à Condução"";1;""Colisão com objeto estático"";""Sem Vítimas"";""Plena Noite"";""Crescente"";""Nublado"";""Simples"";""Reta"";""Sim"";466681;""Caminhão-trator"";"""";NA;""Condutor"";""Ileso"";NA;""Masculino"";1;0;0;0;-27",25649896;-49,"93695974;""SR-SC"";""DEL8/4"";""UOP02/SC""",
"261598;582433;2020-01-08;""quarta"";""21:25:00"";""CE"";116;186","7;""LIMOEIRO DO NORTE"";""Não"";""Falta de Atenção à Condução"";2;""Queda de ocupante de veículo"";""Com Vítimas Feridas"";""Plena Noite"";""Crescente"";""Nublado"";""Simples"";""Reta"";""Não"";466697;""Motocicleta"";"""";NA;""Condutor"";""Lesões Graves"";25;""Masculino"";0;0;1;0;-5",08977412;-38,"1212378;""SR-CE"";""DEL16/3"";""UOP01/CE"""
"261598;582433;2020-01-08;""quarta"";""21:25:00"";""CE"";116;186","7;""LIMOEIRO DO NORTE"";""Não"";""Falta de Atenção à Condução"";1;""Atropelamento de Animal"";""Com Vítimas Feridas"";""Plena Noite"";""Crescente"";""Nublado"";""Simples"";""Reta"";""Não"";466697;""Motocicleta"";"""";NA;""Condutor"";""Lesões Graves"";25;""Masculino"";0;0;1;0;-5",08977412;-38,"1212378;""SR-CE"";""DEL16/3"";""UOP01/CE"""
"261598;582433;2020-01-08;""quarta"";""21:25:00"";""CE"";116;186","7;""LIMOEIRO DO NORTE"";""Não"";""Falta de Atenção à Condução"";3;""Saída de leito carroçável"";""Com Vítimas Feridas"";""Plena Noite"";""Crescente"";""Nublado"";""Simples"";""Reta"";""Não"";466697;""Motocicleta"";"""";NA;""Condutor"";""Lesões Graves"";25;""Masculino"";0;0;1;0;-5",08977412;-38,"1212378;""SR-CE"";""DEL16/3"";""UOP01/CE"""
"261598;582433;2020-01-08;""quarta"";""21:25:00"";""CE"";116;186","7;""LIMOEIRO DO NORTE"";""Sim"";""Animais na Pista"";2;""Queda de ocupante de veículo"";""Com Vítimas Feridas"";""Plena Noite"";""Crescente"";""Nublado"";""Simples"";""Reta"";""Não"";466697;""Motocicleta"";"""";NA;""Condutor"";""Lesões Graves"";25;""Masculino"";0;0;1;0;-5",08977412;-38,"1212378;""SR-CE"";""DEL16/3"";""UOP01/CE"""
"261598;582433;2020-01-08;""quarta"";""21:25:00"";""CE"";116;186","7;""LIMOEIRO DO NORTE"";""Sim"";""Animais na Pista"";1;""Atropelamento de Animal"";""Com Vítimas Feridas"";""Plena Noite"";""Crescente"";""Nublado"";""Simples"";""Reta"";""Não"";466697;""Motocicleta"";"""";NA;""Condutor"";""Lesões Graves"";25;""Masculino"";0;0;1;0;-5",08977412;-38,"1212378;""SR-CE"";""DEL16/3"";""UOP01/CE"""
"261598;582433;2020-01-08;""quarta"";""21:25:00"";""CE"";116;186","7;""LIMOEIRO DO NORTE"";""Sim"";""Animais na Pista"";3;""Saída de leito carroçável"";""Com Vítimas Feridas"";""Plena Noite"";""Crescente"";""Nublado"";""Simples"";""Reta"";""Não"";466697;""Motocicleta"";"""";NA;""Condutor"";""Lesões Graves"";25;""Masculino"";0;0;1;0;-5",08977412;-38,"1212378;""SR-CE"";""DEL16/3"";""UOP01/CE"""
"261600;583954;2020-01-08;""quarta"";""22:15:00"";""SC"";470;0","2;""NAVEGANTES"";""Sim"";""Restrição de Visibilidade"";1;""Atropelamento de Pedestre"";""Com Vítimas Feridas"";""Plena Noite"";""Decrescente"";""Nublado"";""Dupla"";""Reta"";""Não"";466717;""Motoneta"";""HONDA/BIZ 125 ES"";2015;""Pedestre"";""Lesões Leves"";25;""Masculino"";0;1;0;0;-26",88232;-48,"66183;""SR-SC"";""DEL8/4"";""UOP04/SC"""
"261600;583948;2020-01-08;""quarta"";""22:15:00"";""SC"";470;0","2;""NAVEGANTES"";""Sim"";""Restrição de Visibilidade"";1;""Atropelamento de Pedestre"";""Com Vítimas Feridas"";""Plena Noite"";""Decrescente"";""Nublado"";""Dupla"";""Reta"";""Não"";466717;""Motoneta"";""HONDA/BIZ 125 ES"";2015;""Condutor"";""Lesões Leves"";31;""Masculino"";0;1;0;0;-26",88232;-48,"66183;""SR-SC"";""DEL8/4"";""UOP04/SC"""
"261601;582450;2020-01-08;""quarta"";""18:00:00"";""TO"";153;383","6;""RIO DOS BOIS"";""Sim"";""Avarias e/ou desgaste excessivo no pneu"";1;""Tombamento"";""Com Vítimas Feridas"";""Anoitecer"";""Crescente"";""Sol"";""Simples"";""Curva"";""Não"";466748;""Caminhão"";""VW/15.180 CNM"";2006;""Condutor"";""Lesões Leves"";33;""Masculino"";0;1;0;0;-9",26983115;-48,"54848155;""SR-TO"";""UOP03/TO"";"""""
"261602;582397;2020-01-08;""quarta"";""18:30:00"";""PR"";277;137","2;""BALSA NOVA"";""Sim"";""Defeito Mecânico no Veículo"";1;""Incêndio"";""Sem Vítimas"";""Plena Noite"";""Crescente"";""Nublado"";""Dupla"";""Reta"";""Não"";466704;""Automóvel"";""PEUGEOT/207PASSION XS A"";2009;""Condutor"";""Ileso"";39;""Feminino"";1;0;0;0;-25",47428803;-49,"70528662;""SR-PR"";""DEL7/1"";""UOP05/PR"""
"261603;582398;2020-01-08;""quarta"";""19:30:00"";""RS"";290;390;""SANTA MARGARIDA DO SUL"";""Sim"";""Velocidade Incompatível"";1;""Colisão com objeto estático"";""Com Vítimas Feridas"";""Plena Noite"";""Crescente"";""Céu Claro"";""Simples"";""Curva"";""Não"";466706;""Motocicleta"";""HONDA/CB600F HORNET"";2008;""Condutor"";""Lesões Graves"";45;""Masculino"";0;0;1;0;-30",343506;-54,"045925;""SR-RS"";""DEL9/9"";""UOP02/RS""",
"261605;582423;2020-01-08;""quarta"";""23:00:00"";""PR"";116;20;""CAMPINA GRANDE DO SUL"";""Sim"";""Pista Escorregadia"";1;""Saída de leito carroçável"";""Com Vítimas Feridas"";""Plena Noite"";""Crescente"";""Garoa/Chuvisco"";""Dupla"";""Reta"";""Não"";466726;""Automóvel"";""FIAT/SIENA ESSENCE 1.6"";2014;""Passageiro"";""Ileso"";45;""Masculino"";1;0;0;0;-25",10052421;-48,"72981603;""SR-PR"";""DEL7/1"";""UOP02/PR""",
"261605;582422;2020-01-08;""quarta"";""23:00:00"";""PR"";116;20;""CAMPINA GRANDE DO SUL"";""Sim"";""Pista Escorregadia"";1;""Saída de leito carroçável"";""Com Vítimas Feridas"";""Plena Noite"";""Crescente"";""Garoa/Chuvisco"";""Dupla"";""Reta"";""Não"";466726;""Automóvel"";""FIAT/SIENA ESSENCE 1.6"";2014;""Passageiro"";""Lesões Leves"";17;""Feminino"";0;1;0;0;-25",10052421;-48,"72981603;""SR-PR"";""DEL7/1"";""UOP02/PR""",
"261605;582421;2020-01-08;""quarta"";""23:00:00"";""PR"";116;20;""CAMPINA GRANDE DO SUL"";""Sim"";""Pista Escorregadia"";1;""Saída de leito carroçável"";""Com Vítimas Feridas"";""Plena Noite"";""Crescente"";""Garoa/Chuvisco"";""Dupla"";""Reta"";""Não"";466726;""Automóvel"";""FIAT/SIENA ESSENCE 1.6"";2014;""Condutor"";""Lesões Leves"";36;""Feminino"";0;1;0;0;-25",10052421;-48,"72981603;""SR-PR"";""DEL7/1"";""UOP02/PR""",
"261606;584048;2020-01-08;""quarta"";""23:50:00"";""CE"";222;21;""CAUCAIA"";""Sim"";""Falta de Atenção à Condução"";1;""Saída de leito carroçável"";""Sem Vítimas"";""Plena Noite"";""Crescente"";""Céu Claro"";""Simples"";""Rotatória"";""Sim"";466745;""Caminhão"";""SCANIA/P 310 B8X2"";2012;""Condutor"";""Ileso"";30;""Masculino"";1;0;0;0;-3",73715313;-38,"74293507;""SR-CE"";""DEL16/1"";""UOP01/CE""",
"261606;584048;2020-01-08;""quarta"";""23:50:00"";""CE"";222;21;""CAUCAIA"";""Sim"";""Falta de Atenção à Condução"";2;""Derramamento de carga"";""Sem Vítimas"";""Plena Noite"";""Crescente"";""Céu Claro"";""Simples"";""Rotatória"";""Sim"";466745;""Caminhão"";""SCANIA/P 310 B8X2"";2012;""Condutor"";""Ileso"";30;""Masculino"";1;0;0;0;-3",73715313;-38,"74293507;""SR-CE"";""DEL16/1"";""UOP01/CE""",
"261606;584048;2020-01-08;""quarta"";""23:50:00"";""CE"";222;21;""CAUCAIA"";""Não"";""Sinalização da via insuficiente ou inadequada"";1;""Saída de leito carroçável"";""Sem Vítimas"";""Plena Noite"";""Crescente"";""Céu Claro"";""Simples"";""Rotatória"";""Sim"";466745;""Caminhão"";""SCANIA/P 310 B8X2"";2012;""Condutor"";""Ileso"";30;""Masculino"";1;0;0;0;-3",73715313;-38,"74293507;""SR-CE"";""DEL16/1"";""UOP01/CE""",
"261606;584048;2020-01-08;""quarta"";""23:50:00"";""CE"";222;21;""CAUCAIA"";""Não"";""Sinalização da via insuficiente ou inadequada"";2;""Derramamento de carga"";""Sem Vítimas"";""Plena Noite"";""Crescente"";""Céu Claro"";""Simples"";""Rotatória"";""Sim"";466745;""Caminhão"";""SCANIA/P 310 B8X2"";2012;""Condutor"";""Ileso"";30;""Masculino"";1;0;0;0;-3",73715313;-38,"74293507;""SR-CE"";""DEL16/1"";""UOP01/CE""",
"261607;582447;2020-01-09;""quinta"";""00:00:00"";""PR"";369;198","7;""APUCARANA"";""Sim"";""Ingestão de Álcool"";1;""Saída de leito carroçável"";""Com Vítimas Feridas"";""Plena Noite"";""Decrescente"";""Céu Claro"";""Dupla"";""Não Informado"";""Sim"";466728;""Caminhão"";""M.BENZ/L 1214"";1994;""Condutor"";""Lesões Leves"";56;""Masculino"";0;1;0;0;-23",52278396;-51,"44017294;""SR-PR"";""DEL7/7"";""UOP03/PR"""
"261607;582447;2020-01-09;""quinta"";""00:00:00"";""PR"";369;198","7;""APUCARANA"";""Sim"";""Ingestão de Álcool"";2;""Tombamento"";""Com Vítimas Feridas"";""Plena Noite"";""Decrescente"";""Céu Claro"";""Dupla"";""Não Informado"";""Sim"";466728;""Caminhão"";""M.BENZ/L 1214"";1994;""Condutor"";""Lesões Leves"";56;""Masculino"";0;1;0;0;-23",52278396;-51,"44017294;""SR-PR"";""DEL7/7"";""UOP03/PR"""
"261607;582447;2020-01-09;""quinta"";""00:00:00"";""PR"";369;198","7;""APUCARANA"";""Sim"";""Ingestão de Álcool"";3;""Colisão com objeto estático"";""Com Vítimas Feridas"";""Plena Noite"";""Decrescente"";""Céu Claro"";""Dupla"";""Não Informado"";""Sim"";466728;""Caminhão"";""M.BENZ/L 1214"";1994;""Condutor"";""Lesões Leves"";56;""Masculino"";0;1;0;0;-23",52278396;-51,"44017294;""SR-PR"";""DEL7/7"";""UOP03/PR"""
"261609;582441;2020-01-09;""quinta"";""00:15:00"";""RS"";287;251;""SANTA MARIA"";""Sim"";""Falta de Atenção à Condução"";2;""Capotamento"";""Com Vítimas Feridas"";""Plena Noite"";""Crescente"";""Céu Claro"";""Simples"";""Não Informado"";""Sim"";466741;""Automóvel"";""TOYOTA/ETIOS SD XPLUS AT"";2019;""Condutor"";""Lesões Leves"";61;""Feminino"";0;1;0;0;-29",68913392;-53,"87557983;""SR-RS"";""DEL9/9"";""UOP01/RS""",
"261609;582441;2020-01-09;""quinta"";""00:15:00"";""RS"";287;251;""SANTA MARIA"";""Sim"";""Falta de Atenção à Condução"";1;""Colisão com objeto estático"";""Com Vítimas Feridas"";""Plena Noite"";""Crescente"";""Céu Claro"";""Simples"";""Não Informado"";""Sim"";466741;""Automóvel"";""TOYOTA/ETIOS SD XPLUS AT"";2019;""Condutor"";""Lesões Leves"";61;""Feminino"";0;1;0;0;-29",68913392;-53,"87557983;""SR-RS"";""DEL9/9"";""UOP01/RS""",
"261609;582441;2020-01-09;""quinta"";""00:15:00"";""RS"";287;251;""SANTA MARIA"";""Não"";""Sinalização da via insuficiente ou inadequada"";2;""Capotamento"";""Com Vítimas Feridas"";""Plena Noite"";""Crescente"";""Céu Claro"";""Simples"";""Não Informado"";""Sim"";466741;""Automóvel"";""TOYOTA/ETIOS SD XPLUS AT"";2019;""Condutor"";""Lesões Leves"";61;""Feminino"";0;1;0;0;-29",68913392;-53,"87557983;""SR-RS"";""DEL9/9"";""UOP01/RS""",
"261609;582441;2020-01-09;""quinta"";""00:15:00"";""RS"";287;251;""SANTA MARIA"";""Não"";""Sinalização da via insuficiente ou inadequada"";1;""Colisão com objeto estático"";""Com Vítimas Feridas"";""Plena Noite"";""Crescente"";""Céu Claro"";""Simples"";""Não Informado"";""Sim"";466741;""Automóvel"";""TOYOTA/ETIOS SD XPLUS AT"";2019;""Condutor"";""Lesões Leves"";61;""Feminino"";0;1;0;0;-29",68913392;-53,"87557983;""SR-RS"";""DEL9/9"";""UOP01/RS""",
"261609;582441;2020-01-09;""quinta"";""00:15:00"";""RS"";287;251;""SANTA MARIA"";""Não"";""Defeito na Via"";2;""Capotamento"";""Com Vítimas Feridas"";""Plena Noite"";""Crescente"";""Céu Claro"";""Simples"";""Não Informado"";""Sim"";466741;""Automóvel"";""TOYOTA/ETIOS SD XPLUS AT"";2019;""Condutor"";""Lesões Leves"";61;""Feminino"";0;1;0;0;-29",68913392;-53,"87557983;""SR-RS"";""DEL9/9"";""UOP01/RS""",
"261609;582441;2020-01-09;""quinta"";""00:15:00"";""RS"";287;251;""SANTA MARIA"";""Não"";""Defeito na Via"";1;""Colisão com objeto estático"";""Com Vítimas Feridas"";""Plena Noite"";""Crescente"";""Céu Claro"";""Simples"";""Não Informado"";""Sim"";466741;""Automóvel"";""TOYOTA/ETIOS SD XPLUS AT"";2019;""Condutor"";""Lesões Leves"";61;""Feminino"";0;1;0;0;-29",68913392;-53,"87557983;""SR-RS"";""DEL9/9"";""UOP01/RS""",
"261610;582427;2020-01-08;""quarta"";""22:30:00"";""MT"";70;11","4;""BARRA DO GARCAS"";""Sim"";""Animais na Pista"";1;""Atropelamento de Animal"";""Sem Vítimas"";""Plena Noite"";""Crescente"";""Céu Claro"";""Simples"";""Reta"";""Não"";466731;""Caminhão"";""M.BENZ/L 1620"";2008;""Condutor"";""Ileso"";44;""Masculino"";1;0;0;0;-15",87896313;-52,"352928;""SR-MT"";""DEL2/8"";""UOP01/MT"""
"261611;582435;2020-01-08;""quarta"";""16:55:00"";""MG"";116;125;""ITAOBIM"";""Sim"";""Falta de Atenção à Condução"";1;""Colisão traseira"";""Com Vítimas Feridas"";""Pleno dia"";""Decrescente"";""Sol"";""Simples"";""Reta"";""Não"";466730;""Automóvel"";""FIAT/UNO ATTRACTIVE 1.0"";2018;""Condutor"";""Ileso"";40;""Masculino"";1;0;0;0;-16",64444699;-41,"50129709;""SR-MG"";""DEL4/11"";""UOP02/MG""",
"261611;582434;2020-01-08;""quarta"";""16:55:00"";""MG"";116;125;""ITAOBIM"";""Sim"";""Falta de Atenção à Condução"";1;""Colisão traseira"";""Com Vítimas Feridas"";""Pleno dia"";""Decrescente"";""Sol"";""Simples"";""Reta"";""Não"";466729;""Motocicleta"";""JTA-SUZUKI/V-STROM650 XT"";2019;""Condutor"";""Lesões Leves"";56;""Masculino"";0;1;0;0;-16",64444699;-41,"50129709;""SR-MG"";""DEL4/11"";""UOP02/MG""",
"261612;582484;2020-01-09;""quinta"";""01:50:00"";""SP"";116;292","7;""ITAPECERICA DA SERRA"";""Sim"";""Falta de Atenção do Pedestre"";1;""Atropelamento de Pedestre"";""Com Vítimas Fatais"";""Plena Noite"";""Crescente"";""Nublado"";""Dupla"";""Reta"";""Não"";466767;""Caminhão"";""FORD/CARGO 2422 E"";2007;""Pedestre"";""Óbito"";58;""Masculino"";0;0;0;1;-23",74581995;-46,"90003027;""SR-SP"";""DEL6/4"";""UOP01/SP"""
"261612;583063;2020-01-09;""quinta"";""01:50:00"";""SP"";116;292","7;""ITAPECERICA DA SERRA"";""Sim"";""Falta de Atenção do Pedestre"";1;""Atropelamento de Pedestre"";""Com Vítimas Fatais"";""Plena Noite"";""Crescente"";""Nublado"";""Dupla"";""Reta"";""Não"";466767;""Caminhão"";""FORD/CARGO 2422 E"";2007;""Condutor"";""Ileso"";23;""Masculino"";1;0;0;0;-23",74581995;-46,"90003027;""SR-SP"";""DEL6/4"";""UOP01/SP"""
"261613;NA;2020-01-09;""quinta"";""01:50:00"";""PR"";376;652;""TIJUCAS DO SUL"";""Sim"";""Falta de Atenção à Condução"";2;""Colisão com objeto estático"";""Com Vítimas Feridas"";""Plena Noite"";""Crescente"";""Nublado"";""Dupla"";""Curva"";""Não"";466744;""Semireboque"";""SR/RANDON SR CA"";2019;""Não Informado"";""Não Informado"";NA;""Não Informado"";0;0;0;0;-25",8461583;-49,"068884;""SR-PR"";""DEL7/1"";""UOP08/PR""",
"261613;582442;2020-01-09;""quinta"";""01:50:00"";""PR"";376;652;""TIJUCAS DO SUL"";""Sim"";""Falta de Atenção à Condução"";2;""Colisão com objeto estático"";""Com Vítimas Feridas"";""Plena Noite"";""Crescente"";""Nublado"";""Dupla"";""Curva"";""Não"";466739;""Caminhão-trator"";""SCANIA/R 440 A6X2"";2015;""Condutor"";""Lesões Leves"";34;""Masculino"";0;1;0;0;-25",8461583;-49,"068884;""SR-PR"";""DEL7/1"";""UOP08/PR""",
"261613;582443;2020-01-09;""quinta"";""01:50:00"";""PR"";376;652;""TIJUCAS DO SUL"";""Sim"";""Falta de Atenção à Condução"";2;""Colisão com objeto estático"";""Com Vítimas Feridas"";""Plena Noite"";""Crescente"";""Nublado"";""Dupla"";""Curva"";""Não"";466740;""Caminhão-trator"";""DAF/CF85 FTS 410A"";2017;""Condutor"";""Ileso"";46;""Masculino"";1;0;0;0;-25",8461583;-49,"068884;""SR-PR"";""DEL7/1"";""UOP08/PR""",
"261613;NA;2020-01-09;""quinta"";""01:50:00"";""PR"";376;652;""TIJUCAS DO SUL"";""Sim"";""Falta de Atenção à Condução"";2;""Colisão com objeto estático"";""Com Vítimas Feridas"";""Plena Noite"";""Crescente"";""Nublado"";""Dupla"";""Curva"";""Não"";466743;""Semireboque"";""SR/PALMEIRA SRCF 3E"";2018;""Não Informado"";""Não Informado"";NA;""Não Informado"";0;0;0;0;-25",8461583;-49,"068884;""SR-PR"";""DEL7/1"";""UOP08/PR""",
"261613;NA;2020-01-09;""quinta"";""01:50:00"";""PR"";376;652;""TIJUCAS DO SUL"";""Sim"";""Falta de Atenção à Condução"";3;""Colisão traseira"";""Com Vítimas Feridas"";""Plena Noite"";""Crescente"";""Nublado"";""Dupla"";""Curva"";""Não"";466744;""Semireboque"";""SR/RANDON SR CA"";2019;""Não Informado"";""Não Informado"";NA;""Não Informado"";0;0;0;0;-25",8461583;-49,"068884;""SR-PR"";""DEL7/1"";""UOP08/PR""",
"261613;582442;2020-01-09;""quinta"";""01:50:00"";""PR"";376;652;""TIJUCAS DO SUL"";""Sim"";""Falta de Atenção à Condução"";3;""Colisão traseira"";""Com Vítimas Feridas"";""Plena Noite"";""Crescente"";""Nublado"";""Dupla"";""Curva"";""Não"";466739;""Caminhão-trator"";""SCANIA/R 440 A6X2"";2015;""Condutor"";""Lesões Leves"";34;""Masculino"";0;1;0;0;-25",8461583;-49,"068884;""SR-PR"";""DEL7/1"";""UOP08/PR""",