"id;""pesid"";""data_inversa"";""dia_semana"";""horario"";""uf"";""br"";""km"";""municipio"";""causa_principal"";""causa_acidente"";""ordem_tipo_acidente"";""tipo_acidente"";""classificacao_acidente"";""fase_dia"";""sentido_via"";""condicao_metereologica"";""tipo_pista"";""tracado_via"";""uso_solo"";""id_veiculo"";""tipo_veiculo"";""marca"";""ano_fabricacao_veiculo"";""tipo_envolvido"";""estado_fisico"";""idade"";""sexo"";""ilesos"";""feridos_leves"";""feridos_graves"";""mortos"";""latitude"";""longitude"";""regional"";""delegacia"";""uop""",,,
"261613;582443;2020-01-09;""quinta"";""01:50:00"";""PR"";376;652;""TIJUCAS DO SUL"";""Sim"";""Falta de Atenção à Condução"";3;""Colisão traseira"";""Com Vítimas Feridas"";""Plena Noite"";""Crescente"";""Nublado"";""Dupla"";""Curva"";""Não"";466740;""Caminhão-trator"";""DAF/CF85 FTS 410A"";2017;""Condutor"";""Ileso"";46;""Masculino"";1;0;0;0;-25",8461583;-49,"068884;""SR-PR"";""DEL7/1"";""UOP08/PR""",
"261613;NA;2020-01-09;""quinta"";""01:50:00"";""PR"";376;652;""TIJUCAS DO SUL"";""Sim"";""Falta de Atenção à Condução"";3;""Colisão traseira"";""Com Vítimas Feridas"";""Plena Noite"";""Crescente"";""Nublado"";""Dupla"";""Curva"";""Não"";466743;""Semireboque"";""SR/PALMEIRA SRCF 3E"";2018;""Não Informado"";""Não Informado"";NA;""Não Informado"";0;0;0;0;-25",8461583;-49,"068884;""SR-PR"";""DEL7/1"";""UOP08/PR""",
"261613;NA;2020-01-09;""quinta"";""01:50:00"";""PR"";376;652;""TIJUCAS DO SUL"";""Sim"";""Falta de Atenção à Condução"";1;""Tombamento"";""Com Vítimas Feridas"";""Plena Noite"";""Crescente"";""Nublado"";""Dupla"";""Curva"";""Não"";466744;""Semireboque"";""SR/RANDON SR CA"";2019;""Não Informado"";""Não Informado"";NA;""Não Informado"";0;0;0;0;-25",8461583;-49,"068884;""SR-PR"";""DEL7/1"";""UOP08/PR""",
"261613;582442;2020-01-09;""quinta"";""01:50:00"";""PR"";376;652;""TIJUCAS DO SUL"";""Sim"";""Falta de Atenção à Condução"";1;""Tombamento"";""Com Vítimas Feridas"";""Plena Noite"";""Crescente"";""Nublado"";""Dupla"";""Curva"";""Não"";466739;""Caminhão-trator"";""SCANIA/R 440 A6X2"";2015;""Condutor"";""Lesões Leves"";34;""Masculino"";0;1;0;0;-25",8461583;-49,"068884;""SR-PR"";""DEL7/1"";""UOP08/PR""",
"261613;582443;2020-01-09;""quinta"";""01:50:00"";""PR"";376;652;""TIJUCAS DO SUL"";""Sim"";""Falta de Atenção à Condução"";1;""Tombamento"";""Com Vítimas Feridas"";""Plena Noite"";""Crescente"";""Nublado"";""Dupla"";""Curva"";""Não"";466740;""Caminhão-trator"";""DAF/CF85 FTS 410A"";2017;""Condutor"";""Ileso"";46;""Masculino"";1;0;0;0;-25",8461583;-49,"068884;""SR-PR"";""DEL7/1"";""UOP08/PR""",
"261613;NA;2020-01-09;""quinta"";""01:50:00"";""PR"";376;652;""TIJUCAS DO SUL"";""Sim"";""Falta de Atenção à Condução"";1;""Tombamento"";""Com Vítimas Feridas"";""Plena Noite"";""Crescente"";""Nublado"";""Dupla"";""Curva"";""Não"";466743;""Semireboque"";""SR/PALMEIRA SRCF 3E"";2018;""Não Informado"";""Não Informado"";NA;""Não Informado"";0;0;0;0;-25",8461583;-49,"068884;""SR-PR"";""DEL7/1"";""UOP08/PR""",
"261614;584014;2020-01-09;""quinta"";""02:30:00"";""MG"";40;463","9;""SETE LAGOAS"";""Sim"";""Condutor Dormindo"";1;""Colisão traseira"";""Com Vítimas Feridas"";""Plena Noite"";""Decrescente"";""Céu Claro"";""Dupla"";""Não Informado"";""Não"";467920;""Caminhão"";"""";NA;""Condutor"";""Não Informado"";NA;""Não Informado"";0;0;0;0;-19",42224803;-44,"33870213;""SR-MG"";""DEL4/2"";""UOP01/MG"""
"261614;584010;2020-01-09;""quinta"";""02:30:00"";""MG"";40;463","9;""SETE LAGOAS"";""Sim"";""Condutor Dormindo"";1;""Colisão traseira"";""Com Vítimas Feridas"";""Plena Noite"";""Decrescente"";""Céu Claro"";""Dupla"";""Não Informado"";""Não"";466759;""Automóvel"";""FIAT/PALIO ESSENCE 1.6"";2013;""Passageiro"";""Lesões Leves"";59;""Feminino"";0;1;0;0;-19",42224803;-44,"33870213;""SR-MG"";""DEL4/2"";""UOP01/MG"""
"261614;584009;2020-01-09;""quinta"";""02:30:00"";""MG"";40;463","9;""SETE LAGOAS"";""Sim"";""Condutor Dormindo"";1;""Colisão traseira"";""Com Vítimas Feridas"";""Plena Noite"";""Decrescente"";""Céu Claro"";""Dupla"";""Não Informado"";""Não"";466759;""Automóvel"";""FIAT/PALIO ESSENCE 1.6"";2013;""Condutor"";""Ileso"";61;""Masculino"";1;0;0;0;-19",42224803;-44,"33870213;""SR-MG"";""DEL4/2"";""UOP01/MG"""
"261615;582454;2020-01-09;""quinta"";""03:00:00"";""MG"";40;444","9;""PARAOPEBA"";""Sim"";""Carga excessiva e/ou mal acondicionada"";1;""Derramamento de carga"";""Sem Vítimas"";""Plena Noite"";""Crescente"";""Céu Claro"";""Dupla"";""Curva"";""Não"";466749;""Caminhão"";""M.BENZ/L 1620"";2000;""Condutor"";""Ileso"";46;""Masculino"";1;0;0;0;-19",28815;-44,"392;""SR-MG"";""DEL4/2"";""UOP01/MG"""
"261615;582454;2020-01-09;""quinta"";""03:00:00"";""MG"";40;444","9;""PARAOPEBA"";""Não"";""Defeito na Via"";1;""Derramamento de carga"";""Sem Vítimas"";""Plena Noite"";""Crescente"";""Céu Claro"";""Dupla"";""Curva"";""Não"";466749;""Caminhão"";""M.BENZ/L 1620"";2000;""Condutor"";""Ileso"";46;""Masculino"";1;0;0;0;-19",28815;-44,"392;""SR-MG"";""DEL4/2"";""UOP01/MG"""
"261617;582465;2020-01-09;""quinta"";""04:00:00"";""RS"";116;134","8;""CAXIAS DO SUL"";""Sim"";""Condutor Dormindo"";1;""Colisão com objeto estático"";""Com Vítimas Feridas"";""Plena Noite"";""Crescente"";""Céu Claro"";""Simples"";""Não Informado"";""Não"";466753;""Automóvel"";""GM/CELTA 2P LIFE"";2010;""Condutor"";""Lesões Leves"";35;""Feminino"";0;1;0;0;-29",06329012;-51,"09842716;""SR-RS"";""DEL9/5"";""UOP01/RS"""
"261618;584449;2020-01-09;""quinta"";""04:30:00"";""RN"";304;305","2;""PARNAMIRIM"";""Não"";""Fenômenos da Natureza"";1;""Colisão traseira"";""Com Vítimas Feridas"";""Plena Noite"";""Crescente"";""Chuva"";""Dupla"";""Reta"";""Não"";466755;""Ônibus"";""MBENZ/MPOLO PARADISO R"";2013;""Condutor"";""Ileso"";38;""Masculino"";1;0;0;0;-5",8876927;-35,"2721949;""SR-RN"";""DEL15/1"";""UOP02/RN"""
"261618;584452;2020-01-09;""quinta"";""04:30:00"";""RN"";304;305","2;""PARNAMIRIM"";""Não"";""Fenômenos da Natureza"";1;""Colisão traseira"";""Com Vítimas Feridas"";""Plena Noite"";""Crescente"";""Chuva"";""Dupla"";""Reta"";""Não"";468244;""Bicicleta"";"""";NA;""Condutor"";""Lesões Graves"";37;""Masculino"";0;0;1;0;-5",8876927;-35,"2721949;""SR-RN"";""DEL15/1"";""UOP02/RN"""
"261618;584449;2020-01-09;""quinta"";""04:30:00"";""RN"";304;305","2;""PARNAMIRIM"";""Sim"";""Desobediência às normas de trânsito pelo condutor"";1;""Colisão traseira"";""Com Vítimas Feridas"";""Plena Noite"";""Crescente"";""Chuva"";""Dupla"";""Reta"";""Não"";466755;""Ônibus"";""MBENZ/MPOLO PARADISO R"";2013;""Condutor"";""Ileso"";38;""Masculino"";1;0;0;0;-5",8876927;-35,"2721949;""SR-RN"";""DEL15/1"";""UOP02/RN"""
"261618;584452;2020-01-09;""quinta"";""04:30:00"";""RN"";304;305","2;""PARNAMIRIM"";""Sim"";""Desobediência às normas de trânsito pelo condutor"";1;""Colisão traseira"";""Com Vítimas Feridas"";""Plena Noite"";""Crescente"";""Chuva"";""Dupla"";""Reta"";""Não"";468244;""Bicicleta"";"""";NA;""Condutor"";""Lesões Graves"";37;""Masculino"";0;0;1;0;-5",8876927;-35,"2721949;""SR-RN"";""DEL15/1"";""UOP02/RN"""
"261618;584449;2020-01-09;""quinta"";""04:30:00"";""RN"";304;305","2;""PARNAMIRIM"";""Não"";""Falta de Atenção à Condução"";1;""Colisão traseira"";""Com Vítimas Feridas"";""Plena Noite"";""Crescente"";""Chuva"";""Dupla"";""Reta"";""Não"";466755;""Ônibus"";""MBENZ/MPOLO PARADISO R"";2013;""Condutor"";""Ileso"";38;""Masculino"";1;0;0;0;-5",8876927;-35,"2721949;""SR-RN"";""DEL15/1"";""UOP02/RN"""
"261618;584452;2020-01-09;""quinta"";""04:30:00"";""RN"";304;305","2;""PARNAMIRIM"";""Não"";""Falta de Atenção à Condução"";1;""Colisão traseira"";""Com Vítimas Feridas"";""Plena Noite"";""Crescente"";""Chuva"";""Dupla"";""Reta"";""Não"";468244;""Bicicleta"";"""";NA;""Condutor"";""Lesões Graves"";37;""Masculino"";0;0;1;0;-5",8876927;-35,"2721949;""SR-RN"";""DEL15/1"";""UOP02/RN"""
"261619;583953;2020-01-09;""quinta"";""04:10:00"";""GO"";20;21","5;""FORMOSA"";""Sim"";""Velocidade Incompatível"";1;""Tombamento"";""Com Vítimas Feridas"";""Plena Noite"";""Crescente"";""Céu Claro"";""Dupla"";""Interseção de vias"";""Não"";466786;""Ônibus"";""VOLVO/MPOLO VIAGGIO R"";2015;""Passageiro"";""Lesões Leves"";59;""Feminino"";0;1;0;0;-15",548405;-47,"169384;""SR-DF"";""UOP01/DEL02/DF"";"""""
"261619;583966;2020-01-09;""quinta"";""04:10:00"";""GO"";20;21","5;""FORMOSA"";""Sim"";""Velocidade Incompatível"";1;""Tombamento"";""Com Vítimas Feridas"";""Plena Noite"";""Crescente"";""Céu Claro"";""Dupla"";""Interseção de vias"";""Não"";466786;""Ônibus"";""VOLVO/MPOLO VIAGGIO R"";2015;""Passageiro"";""Lesões Leves"";18;""Masculino"";0;1;0;0;-15",548405;-47,"169384;""SR-DF"";""UOP01/DEL02/DF"";"""""
"261619;583965;2020-01-09;""quinta"";""04:10:00"";""GO"";20;21","5;""FORMOSA"";""Sim"";""Velocidade Incompatível"";1;""Tombamento"";""Com Vítimas Feridas"";""Plena Noite"";""Crescente"";""Céu Claro"";""Dupla"";""Interseção de vias"";""Não"";466786;""Ônibus"";""VOLVO/MPOLO VIAGGIO R"";2015;""Passageiro"";""Lesões Leves"";55;""Masculino"";0;1;0;0;-15",548405;-47,"169384;""SR-DF"";""UOP01/DEL02/DF"";"""""
"261619;583963;2020-01-09;""quinta"";""04:10:00"";""GO"";20;21","5;""FORMOSA"";""Sim"";""Velocidade Incompatível"";1;""Tombamento"";""Com Vítimas Feridas"";""Plena Noite"";""Crescente"";""Céu Claro"";""Dupla"";""Interseção de vias"";""Não"";466786;""Ônibus"";""VOLVO/MPOLO VIAGGIO R"";2015;""Passageiro"";""Lesões Leves"";20;""Feminino"";0;1;0;0;-15",548405;-47,"169384;""SR-DF"";""UOP01/DEL02/DF"";"""""
"261619;583960;2020-01-09;""quinta"";""04:10:00"";""GO"";20;21","5;""FORMOSA"";""Sim"";""Velocidade Incompatível"";1;""Tombamento"";""Com Vítimas Feridas"";""Plena Noite"";""Crescente"";""Céu Claro"";""Dupla"";""Interseção de vias"";""Não"";466786;""Ônibus"";""VOLVO/MPOLO VIAGGIO R"";2015;""Passageiro"";""Lesões Leves"";21;""Feminino"";0;1;0;0;-15",548405;-47,"169384;""SR-DF"";""UOP01/DEL02/DF"";"""""
"261619;583957;2020-01-09;""quinta"";""04:10:00"";""GO"";20;21","5;""FORMOSA"";""Sim"";""Velocidade Incompatível"";1;""Tombamento"";""Com Vítimas Feridas"";""Plena Noite"";""Crescente"";""Céu Claro"";""Dupla"";""Interseção de vias"";""Não"";466786;""Ônibus"";""VOLVO/MPOLO VIAGGIO R"";2015;""Passageiro"";""Lesões Leves"";87;""Feminino"";0;1;0;0;-15",548405;-47,"169384;""SR-DF"";""UOP01/DEL02/DF"";"""""
"261619;583955;2020-01-09;""quinta"";""04:10:00"";""GO"";20;21","5;""FORMOSA"";""Sim"";""Velocidade Incompatível"";1;""Tombamento"";""Com Vítimas Feridas"";""Plena Noite"";""Crescente"";""Céu Claro"";""Dupla"";""Interseção de vias"";""Não"";466786;""Ônibus"";""VOLVO/MPOLO VIAGGIO R"";2015;""Passageiro"";""Lesões Leves"";33;""Masculino"";0;1;0;0;-15",548405;-47,"169384;""SR-DF"";""UOP01/DEL02/DF"";"""""
"261619;583951;2020-01-09;""quinta"";""04:10:00"";""GO"";20;21","5;""FORMOSA"";""Sim"";""Velocidade Incompatível"";1;""Tombamento"";""Com Vítimas Feridas"";""Plena Noite"";""Crescente"";""Céu Claro"";""Dupla"";""Interseção de vias"";""Não"";466786;""Ônibus"";""VOLVO/MPOLO VIAGGIO R"";2015;""Passageiro"";""Lesões Leves"";2;""Feminino"";0;1;0;0;-15",548405;-47,"169384;""SR-DF"";""UOP01/DEL02/DF"";"""""
"261619;583947;2020-01-09;""quinta"";""04:10:00"";""GO"";20;21","5;""FORMOSA"";""Sim"";""Velocidade Incompatível"";1;""Tombamento"";""Com Vítimas Feridas"";""Plena Noite"";""Crescente"";""Céu Claro"";""Dupla"";""Interseção de vias"";""Não"";466786;""Ônibus"";""VOLVO/MPOLO VIAGGIO R"";2015;""Condutor"";""Ileso"";36;""Masculino"";1;0;0;0;-15",548405;-47,"169384;""SR-DF"";""UOP01/DEL02/DF"";"""""
"261620;582468;2020-01-09;""quinta"";""05:50:00"";""SC"";101;111;""NAVEGANTES"";""Sim"";""Restrição de Visibilidade"";1;""Colisão lateral"";""Com Vítimas Feridas"";""Pleno dia"";""Decrescente"";""Nevoeiro/Neblina"";""Dupla"";""Retorno Regulamentado"";""Não"";466758;""Motocicleta"";""HONDA/NXR 160 BROS"";2015;""Condutor"";""Lesões Leves"";51;""Masculino"";0;1;0;0;-26",83955734;-48,"71418074;""SR-SC"";""DEL8/4"";""UOP04/SC""",
"261620;582467;2020-01-09;""quinta"";""05:50:00"";""SC"";101;111;""NAVEGANTES"";""Sim"";""Restrição de Visibilidade"";1;""Colisão lateral"";""Com Vítimas Feridas"";""Pleno dia"";""Decrescente"";""Nevoeiro/Neblina"";""Dupla"";""Retorno Regulamentado"";""Não"";466757;""Automóvel"";""FIAT/SIENA ELX FLEX"";2005;""Condutor"";""Ileso"";51;""Feminino"";1;0;0;0;-26",83955734;-48,"71418074;""SR-SC"";""DEL8/4"";""UOP04/SC""",
"261621;584018;2020-01-09;""quinta"";""02:10:00"";""SP"";116;499","7;""CAJATI"";""Sim"";""Velocidade Incompatível"";2;""Saída de leito carroçável"";""Com Vítimas Feridas"";""Plena Noite"";""Crescente"";""Chuva"";""Dupla"";""Curva"";""Não"";466761;""Caminhão"";""VW/30.330 CRC 8X2"";2019;""Condutor"";""Lesões Leves"";71;""Masculino"";0;1;0;0;-24",78228753;-48,"17695233;""SR-SP"";""DEL6/5"";""UOP03/SP"""
"261621;584018;2020-01-09;""quinta"";""02:10:00"";""SP"";116;499","7;""CAJATI"";""Sim"";""Velocidade Incompatível"";1;""Colisão com objeto estático"";""Com Vítimas Feridas"";""Plena Noite"";""Crescente"";""Chuva"";""Dupla"";""Curva"";""Não"";466761;""Caminhão"";""VW/30.330 CRC 8X2"";2019;""Condutor"";""Lesões Leves"";71;""Masculino"";0;1;0;0;-24",78228753;-48,"17695233;""SR-SP"";""DEL6/5"";""UOP03/SP"""
"261622;584101;2020-01-09;""quinta"";""06:15:00"";""SC"";101;214","8;""PALHOCA"";""Sim"";""Não guardar distância de segurança"";1;""Colisão traseira"";""Com Vítimas Feridas"";""Pleno dia"";""Decrescente"";""Céu Claro"";""Dupla"";""Reta"";""Sim"";466811;""Utilitário"";""TROLLER/T4 TDI"";2013;""Passageiro"";""Lesões Leves"";21;""Feminino"";0;1;0;0;-27",64443;-48,"67057;""SR-SC"";""DEL8/1"";""UOP02/SC"""
"261622;584100;2020-01-09;""quinta"";""06:15:00"";""SC"";101;214","8;""PALHOCA"";""Sim"";""Não guardar distância de segurança"";1;""Colisão traseira"";""Com Vítimas Feridas"";""Pleno dia"";""Decrescente"";""Céu Claro"";""Dupla"";""Reta"";""Sim"";466811;""Utilitário"";""TROLLER/T4 TDI"";2013;""Passageiro"";""Lesões Leves"";23;""Feminino"";0;1;0;0;-27",64443;-48,"67057;""SR-SC"";""DEL8/1"";""UOP02/SC"""
"261622;584098;2020-01-09;""quinta"";""06:15:00"";""SC"";101;214","8;""PALHOCA"";""Sim"";""Não guardar distância de segurança"";1;""Colisão traseira"";""Com Vítimas Feridas"";""Pleno dia"";""Decrescente"";""Céu Claro"";""Dupla"";""Reta"";""Sim"";466811;""Utilitário"";""TROLLER/T4 TDI"";2013;""Passageiro"";""Lesões Leves"";20;""Feminino"";0;1;0;0;-27",64443;-48,"67057;""SR-SC"";""DEL8/1"";""UOP02/SC"""
"261622;584095;2020-01-09;""quinta"";""06:15:00"";""SC"";101;214","8;""PALHOCA"";""Sim"";""Não guardar distância de segurança"";1;""Colisão traseira"";""Com Vítimas Feridas"";""Pleno dia"";""Decrescente"";""Céu Claro"";""Dupla"";""Reta"";""Sim"";466811;""Utilitário"";""TROLLER/T4 TDI"";2013;""Passageiro"";""Lesões Leves"";36;""Masculino"";0;1;0;0;-27",64443;-48,"67057;""SR-SC"";""DEL8/1"";""UOP02/SC"""
"261622;584094;2020-01-09;""quinta"";""06:15:00"";""SC"";101;214","8;""PALHOCA"";""Sim"";""Não guardar distância de segurança"";1;""Colisão traseira"";""Com Vítimas Feridas"";""Pleno dia"";""Decrescente"";""Céu Claro"";""Dupla"";""Reta"";""Sim"";466811;""Utilitário"";""TROLLER/T4 TDI"";2013;""Passageiro"";""Lesões Leves"";23;""Masculino"";0;1;0;0;-27",64443;-48,"67057;""SR-SC"";""DEL8/1"";""UOP02/SC"""
"261622;584089;2020-01-09;""quinta"";""06:15:00"";""SC"";101;214","8;""PALHOCA"";""Sim"";""Não guardar distância de segurança"";1;""Colisão traseira"";""Com Vítimas Feridas"";""Pleno dia"";""Decrescente"";""Céu Claro"";""Dupla"";""Reta"";""Sim"";466811;""Utilitário"";""TROLLER/T4 TDI"";2013;""Condutor"";""Ileso"";47;""Masculino"";1;0;0;0;-27",64443;-48,"67057;""SR-SC"";""DEL8/1"";""UOP02/SC"""
"261622;584086;2020-01-09;""quinta"";""06:15:00"";""SC"";101;214","8;""PALHOCA"";""Sim"";""Não guardar distância de segurança"";1;""Colisão traseira"";""Com Vítimas Feridas"";""Pleno dia"";""Decrescente"";""Céu Claro"";""Dupla"";""Reta"";""Sim"";466810;""Ônibus"";""VW/MASCA GRANVIA O"";2008;""Condutor"";""Ileso"";44;""Masculino"";1;0;0;0;-27",64443;-48,"67057;""SR-SC"";""DEL8/1"";""UOP02/SC"""
"261623;NA;2020-01-09;""quinta"";""05:10:00"";""MT"";364;351","1;""SANTO ANTONIO DO LEVERGER"";""Sim"";""Falta de Atenção à Condução"";1;""Colisão traseira"";""Sem Vítimas"";""Amanhecer"";""Crescente"";""Céu Claro"";""Dupla"";""Desvio Temporário"";""Não"";467863;""Semireboque"";""SR/LIBRELATO SRPR 3E"";2008;""Não Informado"";""Não Informado"";NA;""Não Informado"";0;0;0;0;-15",8024753;-55,"56540905;""SR-MT"";""DEL2/1"";""UOP01/MT"""
"261623;583941;2020-01-09;""quinta"";""05:10:00"";""MT"";364;351","1;""SANTO ANTONIO DO LEVERGER"";""Sim"";""Falta de Atenção à Condução"";1;""Colisão traseira"";""Sem Vítimas"";""Amanhecer"";""Crescente"";""Céu Claro"";""Dupla"";""Desvio Temporário"";""Não"";466772;""Caminhão-trator"";""VOLVO/FH 460 6X2T"";2012;""Condutor"";""Ileso"";57;""Masculino"";1;0;0;0;-15",8024753;-55,"56540905;""SR-MT"";""DEL2/1"";""UOP01/MT"""
"261623;583940;2020-01-09;""quinta"";""05:10:00"";""MT"";364;351","1;""SANTO ANTONIO DO LEVERGER"";""Sim"";""Falta de Atenção à Condução"";1;""Colisão traseira"";""Sem Vítimas"";""Amanhecer"";""Crescente"";""Céu Claro"";""Dupla"";""Desvio Temporário"";""Não"";466771;""Ônibus"";""MBENZ/MPOLO PARADISO LD"";2015;""Condutor"";""Ileso"";44;""Masculino"";1;0;0;0;-15",8024753;-55,"56540905;""SR-MT"";""DEL2/1"";""UOP01/MT"""
"261624;584059;2020-01-09;""quinta"";""01:00:00"";""MG"";262;360;""BETIM"";""Sim"";""Velocidade Incompatível"";1;""Saída de leito carroçável"";""Sem Vítimas"";""Plena Noite"";""Crescente"";""Céu Claro"";""Dupla"";""Reta"";""Não"";466760;""Caminhonete"";""FIAT/FIORINO 1.0"";1995;""Condutor"";""Não Informado"";NA;""Não Informado"";0;0;0;0;-19",9830204;-44,"20924834;""SR-MG"";""DEL4/1"";""UOP03/MG""",
"261625;583130;2020-01-09;""quinta"";""07:00:00"";""DF"";70;13","7;""BRASILIA"";""Não"";""Falta de Atenção à Condução"";1;""Colisão lateral"";""Com Vítimas Feridas"";""Pleno dia"";""Crescente"";""Sol"";""Dupla"";""Rotatória"";""Não"";466798;""Ônibus"";""M.BENZ/MPOLO TORINO U"";2015;""Condutor"";""Ileso"";52;""Masculino"";1;0;0;0;-15",794558;-48,"166584;""SR-DF"";""UOP06/DF"";"""""
"261625;583120;2020-01-09;""quinta"";""07:00:00"";""DF"";70;13","7;""BRASILIA"";""Não"";""Falta de Atenção à Condução"";1;""Colisão lateral"";""Com Vítimas Feridas"";""Pleno dia"";""Crescente"";""Sol"";""Dupla"";""Rotatória"";""Não"";466797;""Motocicleta"";""HONDA/XR 250 TORNADO"";2002;""Condutor"";""Lesões Leves"";50;""Masculino"";0;1;0;0;-15",794558;-48,"166584;""SR-DF"";""UOP06/DF"";"""""
"261625;583127;2020-01-09;""quinta"";""07:00:00"";""DF"";70;13","7;""BRASILIA"";""Não"";""Falta de Atenção à Condução"";1;""Colisão lateral"";""Com Vítimas Feridas"";""Pleno dia"";""Crescente"";""Sol"";""Dupla"";""Rotatória"";""Não"";466797;""Motocicleta"";""HONDA/XR 250 TORNADO"";2002;""Passageiro"";""Não Informado"";NA;""Não Informado"";0;0;0;0;-15",794558;-48,"166584;""SR-DF"";""UOP06/DF"";"""""
"261625;583130;2020-01-09;""quinta"";""07:00:00"";""DF"";70;13","7;""BRASILIA"";""Não"";""Falta de Atenção à Condução"";2;""Queda de ocupante de veículo"";""Com Vítimas Feridas"";""Pleno dia"";""Crescente"";""Sol"";""Dupla"";""Rotatória"";""Não"";466798;""Ônibus"";""M.BENZ/MPOLO TORINO U"";2015;""Condutor"";""Ileso"";52;""Masculino"";1;0;0;0;-15",794558;-48,"166584;""SR-DF"";""UOP06/DF"";"""""
"261625;583120;2020-01-09;""quinta"";""07:00:00"";""DF"";70;13","7;""BRASILIA"";""Não"";""Falta de Atenção à Condução"";2;""Queda de ocupante de veículo"";""Com Vítimas Feridas"";""Pleno dia"";""Crescente"";""Sol"";""Dupla"";""Rotatória"";""Não"";466797;""Motocicleta"";""HONDA/XR 250 TORNADO"";2002;""Condutor"";""Lesões Leves"";50;""Masculino"";0;1;0;0;-15",794558;-48,"166584;""SR-DF"";""UOP06/DF"";"""""
"261625;583127;2020-01-09;""quinta"";""07:00:00"";""DF"";70;13","7;""BRASILIA"";""Não"";""Falta de Atenção à Condução"";2;""Queda de ocupante de veículo"";""Com Vítimas Feridas"";""Pleno dia"";""Crescente"";""Sol"";""Dupla"";""Rotatória"";""Não"";466797;""Motocicleta"";""HONDA/XR 250 TORNADO"";2002;""Passageiro"";""Não Informado"";NA;""Não Informado"";0;0;0;0;-15",794558;-48,"166584;""SR-DF"";""UOP06/DF"";"""""
"261625;583130;2020-01-09;""quinta"";""07:00:00"";""DF"";70;13","7;""BRASILIA"";""Não"";""Não guardar distância de segurança"";1;""Colisão lateral"";""Com Vítimas Feridas"";""Pleno dia"";""Crescente"";""Sol"";""Dupla"";""Rotatória"";""Não"";466798;""Ônibus"";""M.BENZ/MPOLO TORINO U"";2015;""Condutor"";""Ileso"";52;""Masculino"";1;0;0;0;-15",794558;-48,"166584;""SR-DF"";""UOP06/DF"";"""""
"261625;583120;2020-01-09;""quinta"";""07:00:00"";""DF"";70;13","7;""BRASILIA"";""Não"";""Não guardar distância de segurança"";1;""Colisão lateral"";""Com Vítimas Feridas"";""Pleno dia"";""Crescente"";""Sol"";""Dupla"";""Rotatória"";""Não"";466797;""Motocicleta"";""HONDA/XR 250 TORNADO"";2002;""Condutor"";""Lesões Leves"";50;""Masculino"";0;1;0;0;-15",794558;-48,"166584;""SR-DF"";""UOP06/DF"";"""""
"261625;583127;2020-01-09;""quinta"";""07:00:00"";""DF"";70;13","7;""BRASILIA"";""Não"";""Não guardar distância de segurança"";1;""Colisão lateral"";""Com Vítimas Feridas"";""Pleno dia"";""Crescente"";""Sol"";""Dupla"";""Rotatória"";""Não"";466797;""Motocicleta"";""HONDA/XR 250 TORNADO"";2002;""Passageiro"";""Não Informado"";NA;""Não Informado"";0;0;0;0;-15",794558;-48,"166584;""SR-DF"";""UOP06/DF"";"""""
"261625;583130;2020-01-09;""quinta"";""07:00:00"";""DF"";70;13","7;""BRASILIA"";""Não"";""Não guardar distância de segurança"";2;""Queda de ocupante de veículo"";""Com Vítimas Feridas"";""Pleno dia"";""Crescente"";""Sol"";""Dupla"";""Rotatória"";""Não"";466798;""Ônibus"";""M.BENZ/MPOLO TORINO U"";2015;""Condutor"";""Ileso"";52;""Masculino"";1;0;0;0;-15",794558;-48,"166584;""SR-DF"";""UOP06/DF"";"""""
"261625;583120;2020-01-09;""quinta"";""07:00:00"";""DF"";70;13","7;""BRASILIA"";""Não"";""Não guardar distância de segurança"";2;""Queda de ocupante de veículo"";""Com Vítimas Feridas"";""Pleno dia"";""Crescente"";""Sol"";""Dupla"";""Rotatória"";""Não"";466797;""Motocicleta"";""HONDA/XR 250 TORNADO"";2002;""Condutor"";""Lesões Leves"";50;""Masculino"";0;1;0;0;-15",794558;-48,"166584;""SR-DF"";""UOP06/DF"";"""""
"261625;583127;2020-01-09;""quinta"";""07:00:00"";""DF"";70;13","7;""BRASILIA"";""Não"";""Não guardar distância de segurança"";2;""Queda de ocupante de veículo"";""Com Vítimas Feridas"";""Pleno dia"";""Crescente"";""Sol"";""Dupla"";""Rotatória"";""Não"";466797;""Motocicleta"";""HONDA/XR 250 TORNADO"";2002;""Passageiro"";""Não Informado"";NA;""Não Informado"";0;0;0;0;-15",794558;-48,"166584;""SR-DF"";""UOP06/DF"";"""""
"261625;583130;2020-01-09;""quinta"";""07:00:00"";""DF"";70;13","7;""BRASILIA"";""Sim"";""Ingestão de Álcool"";1;""Colisão lateral"";""Com Vítimas Feridas"";""Pleno dia"";""Crescente"";""Sol"";""Dupla"";""Rotatória"";""Não"";466798;""Ônibus"";""M.BENZ/MPOLO TORINO U"";2015;""Condutor"";""Ileso"";52;""Masculino"";1;0;0;0;-15",794558;-48,"166584;""SR-DF"";""UOP06/DF"";"""""