"id;""pesid"";""data_inversa"";""dia_semana"";""horario"";""uf"";""br"";""km"";""municipio"";""causa_principal"";""causa_acidente"";""ordem_tipo_acidente"";""tipo_acidente"";""classificacao_acidente"";""fase_dia"";""sentido_via"";""condicao_metereologica"";""tipo_pista"";""tracado_via"";""uso_solo"";""id_veiculo"";""tipo_veiculo"";""marca"";""ano_fabricacao_veiculo"";""tipo_envolvido"";""estado_fisico"";""idade"";""sexo"";""ilesos"";""feridos_leves"";""feridos_graves"";""mortos"";""latitude"";""longitude"";""regional"";""delegacia"";""uop""",,,
"261625;583120;2020-01-09;""quinta"";""07:00:00"";""DF"";70;13","7;""BRASILIA"";""Sim"";""Ingestão de Álcool"";1;""Colisão lateral"";""Com Vítimas Feridas"";""Pleno dia"";""Crescente"";""Sol"";""Dupla"";""Rotatória"";""Não"";466797;""Motocicleta"";""HONDA/XR 250 TORNADO"";2002;""Condutor"";""Lesões Leves"";50;""Masculino"";0;1;0;0;-15",794558;-48,"166584;""SR-DF"";""UOP06/DF"";"""""
"261625;583127;2020-01-09;""quinta"";""07:00:00"";""DF"";70;13","7;""BRASILIA"";""Sim"";""Ingestão de Álcool"";1;""Colisão lateral"";""Com Vítimas Feridas"";""Pleno dia"";""Crescente"";""Sol"";""Dupla"";""Rotatória"";""Não"";466797;""Motocicleta"";""HONDA/XR 250 TORNADO"";2002;""Passageiro"";""Não Informado"";NA;""Não Informado"";0;0;0;0;-15",794558;-48,"166584;""SR-DF"";""UOP06/DF"";"""""
"261625;583130;2020-01-09;""quinta"";""07:00:00"";""DF"";70;13","7;""BRASILIA"";""Sim"";""Ingestão de Álcool"";2;""Queda de ocupante de veículo"";""Com Vítimas Feridas"";""Pleno dia"";""Crescente"";""Sol"";""Dupla"";""Rotatória"";""Não"";466798;""Ônibus"";""M.BENZ/MPOLO TORINO U"";2015;""Condutor"";""Ileso"";52;""Masculino"";1;0;0;0;-15",794558;-48,"166584;""SR-DF"";""UOP06/DF"";"""""
"261625;583120;2020-01-09;""quinta"";""07:00:00"";""DF"";70;13","7;""BRASILIA"";""Sim"";""Ingestão de Álcool"";2;""Queda de ocupante de veículo"";""Com Vítimas Feridas"";""Pleno dia"";""Crescente"";""Sol"";""Dupla"";""Rotatória"";""Não"";466797;""Motocicleta"";""HONDA/XR 250 TORNADO"";2002;""Condutor"";""Lesões Leves"";50;""Masculino"";0;1;0;0;-15",794558;-48,"166584;""SR-DF"";""UOP06/DF"";"""""
"261625;583127;2020-01-09;""quinta"";""07:00:00"";""DF"";70;13","7;""BRASILIA"";""Sim"";""Ingestão de Álcool"";2;""Queda de ocupante de veículo"";""Com Vítimas Feridas"";""Pleno dia"";""Crescente"";""Sol"";""Dupla"";""Rotatória"";""Não"";466797;""Motocicleta"";""HONDA/XR 250 TORNADO"";2002;""Passageiro"";""Não Informado"";NA;""Não Informado"";0;0;0;0;-15",794558;-48,"166584;""SR-DF"";""UOP06/DF"";"""""
"261626;582481;2020-01-07;""terça"";""19:00:00"";""RS"";392;310;""SAO SEPE"";""Sim"";""Defeito Mecânico no Veículo"";1;""Saída de leito carroçável"";""Com Vítimas Feridas"";""Anoitecer"";""Decrescente"";""Céu Claro"";""Simples"";""Reta"";""Não"";466765;""Automóvel"";""GM/CHEVETTE"";1986;""Passageiro"";""Lesões Leves"";17;""Feminino"";0;1;0;0;-30",06602096;-53,"65401096;""SR-RS"";""DEL9/9"";""UOP01/RS""",
"261626;582479;2020-01-07;""terça"";""19:00:00"";""RS"";392;310;""SAO SEPE"";""Sim"";""Defeito Mecânico no Veículo"";1;""Saída de leito carroçável"";""Com Vítimas Feridas"";""Anoitecer"";""Decrescente"";""Céu Claro"";""Simples"";""Reta"";""Não"";466765;""Automóvel"";""GM/CHEVETTE"";1986;""Condutor"";""Lesões Leves"";22;""Masculino"";0;1;0;0;-30",06602096;-53,"65401096;""SR-RS"";""DEL9/9"";""UOP01/RS""",
"261627;584791;2020-01-09;""quinta"";""07:00:00"";""SC"";101;212","7;""PALHOCA"";""Sim"";""Desobediência às normas de trânsito pelo condutor"";1;""Colisão traseira"";""Com Vítimas Feridas"";""Pleno dia"";""Decrescente"";""Sol"";""Dupla"";""Reta"";""Sim"";466879;""Automóvel"";"""";NA;""Condutor"";""Ileso"";NA;""Ignorado"";1;0;0;0;-27",62996929;-48,"65903871;""SR-SC"";""DEL8/1"";""UOP02/SC"""
"261627;584790;2020-01-09;""quinta"";""07:00:00"";""SC"";101;212","7;""PALHOCA"";""Sim"";""Desobediência às normas de trânsito pelo condutor"";1;""Colisão traseira"";""Com Vítimas Feridas"";""Pleno dia"";""Decrescente"";""Sol"";""Dupla"";""Reta"";""Sim"";466878;""Motocicleta"";""HONDA/CG 150 TITAN KS"";2004;""Condutor"";""Lesões Graves"";29;""Masculino"";0;0;1;0;-27",62996929;-48,"65903871;""SR-SC"";""DEL8/1"";""UOP02/SC"""
"261628;582710;2020-01-09;""quinta"";""07:15:00"";""MG"";40;467","2;""SETE LAGOAS"";""Sim"";""Falta de Atenção à Condução"";1;""Colisão traseira"";""Com Vítimas Feridas"";""Pleno dia"";""Decrescente"";""Céu Claro"";""Dupla"";""Retorno Regulamentado"";""Não"";466886;""Automóvel"";""FIAT/UNO CS IE"";1995;""Condutor"";""Lesões Leves"";28;""Masculino"";0;1;0;0;-19",45038924;-44,"3166822;""SR-MG"";""DEL4/2"";""UOP01/MG"""
"261628;582712;2020-01-09;""quinta"";""07:15:00"";""MG"";40;467","2;""SETE LAGOAS"";""Sim"";""Falta de Atenção à Condução"";1;""Colisão traseira"";""Com Vítimas Feridas"";""Pleno dia"";""Decrescente"";""Céu Claro"";""Dupla"";""Retorno Regulamentado"";""Não"";466887;""Automóvel"";""FIAT/PALIO FIRE FLEX"";2007;""Passageiro"";""Lesões Leves"";31;""Masculino"";0;1;0;0;-19",45038924;-44,"3166822;""SR-MG"";""DEL4/2"";""UOP01/MG"""
"261628;582717;2020-01-09;""quinta"";""07:15:00"";""MG"";40;467","2;""SETE LAGOAS"";""Sim"";""Falta de Atenção à Condução"";1;""Colisão traseira"";""Com Vítimas Feridas"";""Pleno dia"";""Decrescente"";""Céu Claro"";""Dupla"";""Retorno Regulamentado"";""Não"";466887;""Automóvel"";""FIAT/PALIO FIRE FLEX"";2007;""Passageiro"";""Lesões Leves"";64;""Masculino"";0;1;0;0;-19",45038924;-44,"3166822;""SR-MG"";""DEL4/2"";""UOP01/MG"""
"261628;582711;2020-01-09;""quinta"";""07:15:00"";""MG"";40;467","2;""SETE LAGOAS"";""Sim"";""Falta de Atenção à Condução"";1;""Colisão traseira"";""Com Vítimas Feridas"";""Pleno dia"";""Decrescente"";""Céu Claro"";""Dupla"";""Retorno Regulamentado"";""Não"";466887;""Automóvel"";""FIAT/PALIO FIRE FLEX"";2007;""Condutor"";""Ileso"";31;""Masculino"";1;0;0;0;-19",45038924;-44,"3166822;""SR-MG"";""DEL4/2"";""UOP01/MG"""
"261631;582577;2020-01-09;""quinta"";""07:05:00"";""PE"";101;78","1;""JABOATAO DOS GUARARAPES"";""Sim"";""Não guardar distância de segurança"";1;""Engavetamento"";""Sem Vítimas"";""Pleno dia"";""Decrescente"";""Nublado"";""Dupla"";""Reta"";""Sim"";466785;""Automóvel"";""VW/GOL 1.0L MC4"";2019;""Condutor"";""Ileso"";34;""Masculino"";1;0;0;0;-8",13496499;-34,"94738614;""SR-PE"";""DEL11/1"";""UOP01/PE"""
"261631;582576;2020-01-09;""quinta"";""07:05:00"";""PE"";101;78","1;""JABOATAO DOS GUARARAPES"";""Sim"";""Não guardar distância de segurança"";1;""Engavetamento"";""Sem Vítimas"";""Pleno dia"";""Decrescente"";""Nublado"";""Dupla"";""Reta"";""Sim"";466784;""Caminhonete"";""FIAT/STRADA FIRE FLEX"";2011;""Condutor"";""Ileso"";52;""Masculino"";1;0;0;0;-8",13496499;-34,"94738614;""SR-PE"";""DEL11/1"";""UOP01/PE"""
"261631;582574;2020-01-09;""quinta"";""07:05:00"";""PE"";101;78","1;""JABOATAO DOS GUARARAPES"";""Sim"";""Não guardar distância de segurança"";1;""Engavetamento"";""Sem Vítimas"";""Pleno dia"";""Decrescente"";""Nublado"";""Dupla"";""Reta"";""Sim"";466783;""Automóvel"";""VW/GOL 1.0 GIV"";2011;""Condutor"";""Ileso"";38;""Masculino"";1;0;0;0;-8",13496499;-34,"94738614;""SR-PE"";""DEL11/1"";""UOP01/PE"""
"261631;582572;2020-01-09;""quinta"";""07:05:00"";""PE"";101;78","1;""JABOATAO DOS GUARARAPES"";""Sim"";""Não guardar distância de segurança"";1;""Engavetamento"";""Sem Vítimas"";""Pleno dia"";""Decrescente"";""Nublado"";""Dupla"";""Reta"";""Sim"";466782;""Caminhão"";""VW/8.120 EURO3"";2008;""Passageiro"";""Ileso"";45;""Masculino"";1;0;0;0;-8",13496499;-34,"94738614;""SR-PE"";""DEL11/1"";""UOP01/PE"""
"261631;582571;2020-01-09;""quinta"";""07:05:00"";""PE"";101;78","1;""JABOATAO DOS GUARARAPES"";""Sim"";""Não guardar distância de segurança"";1;""Engavetamento"";""Sem Vítimas"";""Pleno dia"";""Decrescente"";""Nublado"";""Dupla"";""Reta"";""Sim"";466782;""Caminhão"";""VW/8.120 EURO3"";2008;""Condutor"";""Ileso"";34;""Masculino"";1;0;0;0;-8",13496499;-34,"94738614;""SR-PE"";""DEL11/1"";""UOP01/PE"""
"261632;583979;2020-01-09;""quinta"";""06:30:00"";""SC"";280;91;""CORUPA"";""Sim"";""Velocidade Incompatível"";2;""Colisão com objeto estático"";""Com Vítimas Feridas"";""Amanhecer"";""Decrescente"";""Nevoeiro/Neblina"";""Simples"";""Não Informado"";""Não"";466766;""Caminhão"";""M.BENZ/ATEGO 1418"";2008;""Testemunha"";""Não Informado"";NA;""Não Informado"";0;0;0;0;-26",40198057;-49,"29053774;""SR-SC"";""DEL8/6"";""UOP03/SC""",
"261632;583971;2020-01-09;""quinta"";""06:30:00"";""SC"";280;91;""CORUPA"";""Sim"";""Velocidade Incompatível"";2;""Colisão com objeto estático"";""Com Vítimas Feridas"";""Amanhecer"";""Decrescente"";""Nevoeiro/Neblina"";""Simples"";""Não Informado"";""Não"";466766;""Caminhão"";""M.BENZ/ATEGO 1418"";2008;""Condutor"";""Lesões Graves"";36;""Masculino"";0;0;1;0;-26",40198057;-49,"29053774;""SR-SC"";""DEL8/6"";""UOP03/SC""",
"261632;583979;2020-01-09;""quinta"";""06:30:00"";""SC"";280;91;""CORUPA"";""Sim"";""Velocidade Incompatível"";3;""Tombamento"";""Com Vítimas Feridas"";""Amanhecer"";""Decrescente"";""Nevoeiro/Neblina"";""Simples"";""Não Informado"";""Não"";466766;""Caminhão"";""M.BENZ/ATEGO 1418"";2008;""Testemunha"";""Não Informado"";NA;""Não Informado"";0;0;0;0;-26",40198057;-49,"29053774;""SR-SC"";""DEL8/6"";""UOP03/SC""",
"261632;583971;2020-01-09;""quinta"";""06:30:00"";""SC"";280;91;""CORUPA"";""Sim"";""Velocidade Incompatível"";3;""Tombamento"";""Com Vítimas Feridas"";""Amanhecer"";""Decrescente"";""Nevoeiro/Neblina"";""Simples"";""Não Informado"";""Não"";466766;""Caminhão"";""M.BENZ/ATEGO 1418"";2008;""Condutor"";""Lesões Graves"";36;""Masculino"";0;0;1;0;-26",40198057;-49,"29053774;""SR-SC"";""DEL8/6"";""UOP03/SC""",
"261632;583979;2020-01-09;""quinta"";""06:30:00"";""SC"";280;91;""CORUPA"";""Sim"";""Velocidade Incompatível"";1;""Saída de leito carroçável"";""Com Vítimas Feridas"";""Amanhecer"";""Decrescente"";""Nevoeiro/Neblina"";""Simples"";""Não Informado"";""Não"";466766;""Caminhão"";""M.BENZ/ATEGO 1418"";2008;""Testemunha"";""Não Informado"";NA;""Não Informado"";0;0;0;0;-26",40198057;-49,"29053774;""SR-SC"";""DEL8/6"";""UOP03/SC""",
"261632;583971;2020-01-09;""quinta"";""06:30:00"";""SC"";280;91;""CORUPA"";""Sim"";""Velocidade Incompatível"";1;""Saída de leito carroçável"";""Com Vítimas Feridas"";""Amanhecer"";""Decrescente"";""Nevoeiro/Neblina"";""Simples"";""Não Informado"";""Não"";466766;""Caminhão"";""M.BENZ/ATEGO 1418"";2008;""Condutor"";""Lesões Graves"";36;""Masculino"";0;0;1;0;-26",40198057;-49,"29053774;""SR-SC"";""DEL8/6"";""UOP03/SC""",
"261632;583979;2020-01-09;""quinta"";""06:30:00"";""SC"";280;91;""CORUPA"";""Sim"";""Velocidade Incompatível"";4;""Colisão com objeto estático"";""Com Vítimas Feridas"";""Amanhecer"";""Decrescente"";""Nevoeiro/Neblina"";""Simples"";""Não Informado"";""Não"";466766;""Caminhão"";""M.BENZ/ATEGO 1418"";2008;""Testemunha"";""Não Informado"";NA;""Não Informado"";0;0;0;0;-26",40198057;-49,"29053774;""SR-SC"";""DEL8/6"";""UOP03/SC""",
"261632;583971;2020-01-09;""quinta"";""06:30:00"";""SC"";280;91;""CORUPA"";""Sim"";""Velocidade Incompatível"";4;""Colisão com objeto estático"";""Com Vítimas Feridas"";""Amanhecer"";""Decrescente"";""Nevoeiro/Neblina"";""Simples"";""Não Informado"";""Não"";466766;""Caminhão"";""M.BENZ/ATEGO 1418"";2008;""Condutor"";""Lesões Graves"";36;""Masculino"";0;0;1;0;-26",40198057;-49,"29053774;""SR-SC"";""DEL8/6"";""UOP03/SC""",
"261633;584776;2020-01-09;""quinta"";""08:00:00"";""SC"";101;215","7;""PALHOCA"";""Sim"";""Falta de Atenção à Condução"";1;""Colisão traseira"";""Com Vítimas Feridas"";""Pleno dia"";""Decrescente"";""Sol"";""Dupla"";""Não Informado"";""Sim"";468329;""Motocicleta"";""HONDA/CG150 TITAN MIX ES"";2009;""Condutor"";""Lesões Leves"";32;""Masculino"";0;1;0;0;-27",65184843;-48,"67604941;""SR-SC"";""DEL8/1"";""UOP02/SC"""
"261633;584773;2020-01-09;""quinta"";""08:00:00"";""SC"";101;215","7;""PALHOCA"";""Sim"";""Falta de Atenção à Condução"";1;""Colisão traseira"";""Com Vítimas Feridas"";""Pleno dia"";""Decrescente"";""Sol"";""Dupla"";""Não Informado"";""Sim"";466877;""Automóvel"";""HONDA/FIT LXL"";2006;""Condutor"";""Ileso"";36;""Feminino"";1;0;0;0;-27",65184843;-48,"67604941;""SR-SC"";""DEL8/1"";""UOP02/SC"""
"261633;584776;2020-01-09;""quinta"";""08:00:00"";""SC"";101;215","7;""PALHOCA"";""Sim"";""Falta de Atenção à Condução"";2;""Queda de ocupante de veículo"";""Com Vítimas Feridas"";""Pleno dia"";""Decrescente"";""Sol"";""Dupla"";""Não Informado"";""Sim"";468329;""Motocicleta"";""HONDA/CG150 TITAN MIX ES"";2009;""Condutor"";""Lesões Leves"";32;""Masculino"";0;1;0;0;-27",65184843;-48,"67604941;""SR-SC"";""DEL8/1"";""UOP02/SC"""
"261633;584773;2020-01-09;""quinta"";""08:00:00"";""SC"";101;215","7;""PALHOCA"";""Sim"";""Falta de Atenção à Condução"";2;""Queda de ocupante de veículo"";""Com Vítimas Feridas"";""Pleno dia"";""Decrescente"";""Sol"";""Dupla"";""Não Informado"";""Sim"";466877;""Automóvel"";""HONDA/FIT LXL"";2006;""Condutor"";""Ileso"";36;""Feminino"";1;0;0;0;-27",65184843;-48,"67604941;""SR-SC"";""DEL8/1"";""UOP02/SC"""
"261635;582840;2020-01-09;""quinta"";""08:30:00"";""PR"";272;412","4;""JANIOPOLIS"";""Sim"";""Falta de Atenção à Condução"";1;""Colisão traseira"";""Sem Vítimas"";""Pleno dia"";""Decrescente"";""Nublado"";""Simples"";""Reta"";""Não"";466816;""Automóvel"";""FORD/KA SEL 1.5 HA"";2015;""Condutor"";""Ileso"";36;""Feminino"";1;0;0;0;-24",13320209;-52,"79787802;""SR-PR"";""DEL7/4"";""UOP05/PR"""
"261635;582847;2020-01-09;""quinta"";""08:30:00"";""PR"";272;412","4;""JANIOPOLIS"";""Sim"";""Falta de Atenção à Condução"";1;""Colisão traseira"";""Sem Vítimas"";""Pleno dia"";""Decrescente"";""Nublado"";""Simples"";""Reta"";""Não"";466816;""Automóvel"";""FORD/KA SEL 1.5 HA"";2015;""Passageiro"";""Ileso"";NA;""Feminino"";1;0;0;0;-24",13320209;-52,"79787802;""SR-PR"";""DEL7/4"";""UOP05/PR"""
"261635;582845;2020-01-09;""quinta"";""08:30:00"";""PR"";272;412","4;""JANIOPOLIS"";""Sim"";""Falta de Atenção à Condução"";1;""Colisão traseira"";""Sem Vítimas"";""Pleno dia"";""Decrescente"";""Nublado"";""Simples"";""Reta"";""Não"";466816;""Automóvel"";""FORD/KA SEL 1.5 HA"";2015;""Passageiro"";""Ileso"";3;""Masculino"";1;0;0;0;-24",13320209;-52,"79787802;""SR-PR"";""DEL7/4"";""UOP05/PR"""
"261635;582848;2020-01-09;""quinta"";""08:30:00"";""PR"";272;412","4;""JANIOPOLIS"";""Sim"";""Falta de Atenção à Condução"";1;""Colisão traseira"";""Sem Vítimas"";""Pleno dia"";""Decrescente"";""Nublado"";""Simples"";""Reta"";""Não"";466817;""Camioneta"";""RENAULT/DUSTER 20 D 4X2"";2017;""Condutor"";""Ileso"";33;""Masculino"";1;0;0;0;-24",13320209;-52,"79787802;""SR-PR"";""DEL7/4"";""UOP05/PR"""
"261636;584303;2020-01-09;""quinta"";""06:45:00"";""RO"";364;344","5;""JI-PARANA"";""Sim"";""Desobediência às normas de trânsito pelo condutor"";2;""Tombamento"";""Com Vítimas Feridas"";""Pleno dia"";""Decrescente"";""Nublado"";""Múltipla"";""Interseção de vias"";""Sim"";466768;""Motoneta"";""HONDA/BIZ 125 ES"";2007;""Condutor"";""Ileso"";31;""Masculino"";1;0;0;0;-10",87044404;-61,"95783919;""SR-RO"";""DEL21/2"";""UOP01/RO"""
"261636;584304;2020-01-09;""quinta"";""06:45:00"";""RO"";364;344","5;""JI-PARANA"";""Sim"";""Desobediência às normas de trânsito pelo condutor"";2;""Tombamento"";""Com Vítimas Feridas"";""Pleno dia"";""Decrescente"";""Nublado"";""Múltipla"";""Interseção de vias"";""Sim"";466769;""Motocicleta"";""HONDA/CG 150 TITAN ES"";2006;""Condutor"";""Lesões Leves"";47;""Masculino"";0;1;0;0;-10",87044404;-61,"95783919;""SR-RO"";""DEL21/2"";""UOP01/RO"""
"261636;584303;2020-01-09;""quinta"";""06:45:00"";""RO"";364;344","5;""JI-PARANA"";""Sim"";""Desobediência às normas de trânsito pelo condutor"";1;""Colisão transversal"";""Com Vítimas Feridas"";""Pleno dia"";""Decrescente"";""Nublado"";""Múltipla"";""Interseção de vias"";""Sim"";466768;""Motoneta"";""HONDA/BIZ 125 ES"";2007;""Condutor"";""Ileso"";31;""Masculino"";1;0;0;0;-10",87044404;-61,"95783919;""SR-RO"";""DEL21/2"";""UOP01/RO"""
"261636;584304;2020-01-09;""quinta"";""06:45:00"";""RO"";364;344","5;""JI-PARANA"";""Sim"";""Desobediência às normas de trânsito pelo condutor"";1;""Colisão transversal"";""Com Vítimas Feridas"";""Pleno dia"";""Decrescente"";""Nublado"";""Múltipla"";""Interseção de vias"";""Sim"";466769;""Motocicleta"";""HONDA/CG 150 TITAN ES"";2006;""Condutor"";""Lesões Leves"";47;""Masculino"";0;1;0;0;-10",87044404;-61,"95783919;""SR-RO"";""DEL21/2"";""UOP01/RO"""
"261639;582596;2020-01-09;""quinta"";""07:50:00"";""PR"";277;128","9;""BALSA NOVA"";""Sim"";""Falta de Atenção à Condução"";1;""Saída de leito carroçável"";""Com Vítimas Feridas"";""Pleno dia"";""Decrescente"";""Nublado"";""Simples"";""Reta"";""Não"";466770;""Automóvel"";""VW/PARATI CL"";1994;""Condutor"";""Lesões Leves"";51;""Feminino"";0;1;0;0;-25",47323061;-49,"63455677;""SR-PR"";""DEL7/1"";""UOP05/PR"""
"261640;582487;2020-01-09;""quinta"";""08:25:00"";""SC"";101;452","8;""SAO JOAO DO SUL"";""Sim"";""Condutor Dormindo"";1;""Colisão com objeto estático"";""Com Vítimas Feridas"";""Pleno dia"";""Decrescente"";""Céu Claro"";""Dupla"";""Curva"";""Sim"";466773;""Automóvel"";""CHEVROLET/PRISMA 1.4L LT"";2012;""Condutor"";""Lesões Leves"";43;""Feminino"";0;1;0;0;-29",18871193;-49,"75440564;""SR-SC"";""DEL8/2"";""UOP02/SC"""
"261640;582489;2020-01-09;""quinta"";""08:25:00"";""SC"";101;452","8;""SAO JOAO DO SUL"";""Sim"";""Condutor Dormindo"";1;""Colisão com objeto estático"";""Com Vítimas Feridas"";""Pleno dia"";""Decrescente"";""Céu Claro"";""Dupla"";""Curva"";""Sim"";466773;""Automóvel"";""CHEVROLET/PRISMA 1.4L LT"";2012;""Passageiro"";""Lesões Leves"";18;""Feminino"";0;1;0;0;-29",18871193;-49,"75440564;""SR-SC"";""DEL8/2"";""UOP02/SC"""
"261641;582622;2020-01-09;""quinta"";""07:50:00"";""GO"";60;135;""GOIANIA"";""Sim"";""Defeito Mecânico no Veículo"";1;""Queda de ocupante de veículo"";""Com Vítimas Feridas"";""Pleno dia"";""Decrescente"";""Céu Claro"";""Dupla"";""Reta"";""Não"";466838;""Motocicleta"";""HONDA/CG 160 START"";2017;""Condutor"";""Lesões Leves"";42;""Masculino"";0;1;0;0;-16",589;-49,"1945;""SR-GO"";""DEL1/1"";""UOP01/GO""",
"261642;582716;2020-01-09;""quinta"";""07:40:00"";""MG"";381;934","4;""EXTREMA"";""Sim"";""Velocidade Incompatível"";1;""Tombamento"";""Com Vítimas Feridas"";""Pleno dia"";""Decrescente"";""Nublado"";""Dupla"";""Não Informado"";""Não"";466901;""Caminhão-trator"";""M.BENZ/AXOR 2544 S"";2015;""Condutor"";""Lesões Leves"";40;""Masculino"";0;1;0;0;-22",82007572;-46,"29934031;""SR-MG"";""DEL09"";""UOP03/MG"""
"261642;NA;2020-01-09;""quinta"";""07:40:00"";""MG"";381;934","4;""EXTREMA"";""Sim"";""Velocidade Incompatível"";1;""Tombamento"";""Com Vítimas Feridas"";""Pleno dia"";""Decrescente"";""Nublado"";""Dupla"";""Não Informado"";""Não"";466902;""Semireboque"";""REB/ROSSETTI SRBA ST3.25"";2015;""Não Informado"";""Não Informado"";NA;""Não Informado"";0;0;0;0;-22",82007572;-46,"29934031;""SR-MG"";""DEL09"";""UOP03/MG"""
"261642;582716;2020-01-09;""quinta"";""07:40:00"";""MG"";381;934","4;""EXTREMA"";""Sim"";""Velocidade Incompatível"";2;""Derramamento de carga"";""Com Vítimas Feridas"";""Pleno dia"";""Decrescente"";""Nublado"";""Dupla"";""Não Informado"";""Não"";466901;""Caminhão-trator"";""M.BENZ/AXOR 2544 S"";2015;""Condutor"";""Lesões Leves"";40;""Masculino"";0;1;0;0;-22",82007572;-46,"29934031;""SR-MG"";""DEL09"";""UOP03/MG"""
"261642;NA;2020-01-09;""quinta"";""07:40:00"";""MG"";381;934","4;""EXTREMA"";""Sim"";""Velocidade Incompatível"";2;""Derramamento de carga"";""Com Vítimas Feridas"";""Pleno dia"";""Decrescente"";""Nublado"";""Dupla"";""Não Informado"";""Não"";466902;""Semireboque"";""REB/ROSSETTI SRBA ST3.25"";2015;""Não Informado"";""Não Informado"";NA;""Não Informado"";0;0;0;0;-22",82007572;-46,"29934031;""SR-MG"";""DEL09"";""UOP03/MG"""
"261642;582716;2020-01-09;""quinta"";""07:40:00"";""MG"";381;934","4;""EXTREMA"";""Sim"";""Velocidade Incompatível"";3;""Colisão com objeto estático"";""Com Vítimas Feridas"";""Pleno dia"";""Decrescente"";""Nublado"";""Dupla"";""Não Informado"";""Não"";466901;""Caminhão-trator"";""M.BENZ/AXOR 2544 S"";2015;""Condutor"";""Lesões Leves"";40;""Masculino"";0;1;0;0;-22",82007572;-46,"29934031;""SR-MG"";""DEL09"";""UOP03/MG"""
"261642;NA;2020-01-09;""quinta"";""07:40:00"";""MG"";381;934","4;""EXTREMA"";""Sim"";""Velocidade Incompatível"";3;""Colisão com objeto estático"";""Com Vítimas Feridas"";""Pleno dia"";""Decrescente"";""Nublado"";""Dupla"";""Não Informado"";""Não"";466902;""Semireboque"";""REB/ROSSETTI SRBA ST3.25"";2015;""Não Informado"";""Não Informado"";NA;""Não Informado"";0;0;0;0;-22",82007572;-46,"29934031;""SR-MG"";""DEL09"";""UOP03/MG"""
"261647;582600;2020-01-09;""quinta"";""08:50:00"";""RJ"";116;143;""DUQUE DE CAXIAS"";""Sim"";""Falta de Atenção à Condução"";1;""Colisão lateral"";""Com Vítimas Feridas"";""Pleno dia"";""Crescente"";""Céu Claro"";""Dupla"";""Reta"";""Sim"";466808;""Motocicleta"";""HONDA/NXR160 BROS ESDD"";2018;""Condutor"";""Lesões Leves"";39;""Masculino"";0;1;0;0;-22",65237271;-43,"23918118;""SR-RJ"";""DEL5/1"";""UOP01/RJ""",
"261647;582598;2020-01-09;""quinta"";""08:50:00"";""RJ"";116;143;""DUQUE DE CAXIAS"";""Sim"";""Falta de Atenção à Condução"";1;""Colisão lateral"";""Com Vítimas Feridas"";""Pleno dia"";""Crescente"";""Céu Claro"";""Dupla"";""Reta"";""Sim"";466807;""Automóvel"";""CITROEN/C3 GLX 14 FLEX"";2008;""Condutor"";""Ileso"";28;""Masculino"";1;0;0;0;-22",65237271;-43,"23918118;""SR-RJ"";""DEL5/1"";""UOP01/RJ""",
"261647;582733;2020-01-09;""quinta"";""08:50:00"";""RJ"";116;143;""DUQUE DE CAXIAS"";""Sim"";""Falta de Atenção à Condução"";1;""Colisão lateral"";""Com Vítimas Feridas"";""Pleno dia"";""Crescente"";""Céu Claro"";""Dupla"";""Reta"";""Sim"";466807;""Automóvel"";""CITROEN/C3 GLX 14 FLEX"";2008;""Passageiro"";""Ileso"";3;""Masculino"";1;0;0;0;-22",65237271;-43,"23918118;""SR-RJ"";""DEL5/1"";""UOP01/RJ""",
"261647;582732;2020-01-09;""quinta"";""08:50:00"";""RJ"";116;143;""DUQUE DE CAXIAS"";""Sim"";""Falta de Atenção à Condução"";1;""Colisão lateral"";""Com Vítimas Feridas"";""Pleno dia"";""Crescente"";""Céu Claro"";""Dupla"";""Reta"";""Sim"";466807;""Automóvel"";""CITROEN/C3 GLX 14 FLEX"";2008;""Passageiro"";""Ileso"";32;""Feminino"";1;0;0;0;-22",65237271;-43,"23918118;""SR-RJ"";""DEL5/1"";""UOP01/RJ""",
"261647;582727;2020-01-09;""quinta"";""08:50:00"";""RJ"";116;143;""DUQUE DE CAXIAS"";""Sim"";""Falta de Atenção à Condução"";1;""Colisão lateral"";""Com Vítimas Feridas"";""Pleno dia"";""Crescente"";""Céu Claro"";""Dupla"";""Reta"";""Sim"";466807;""Automóvel"";""CITROEN/C3 GLX 14 FLEX"";2008;""Passageiro"";""Ileso"";20;""Feminino"";1;0;0;0;-22",65237271;-43,"23918118;""SR-RJ"";""DEL5/1"";""UOP01/RJ""",
"261648;582567;2020-01-09;""quinta"";""07:00:00"";""RJ"";101;319;""SAO GONCALO"";""Sim"";""Falta de Atenção à Condução"";1;""Colisão lateral"";""Com Vítimas Feridas"";""Pleno dia"";""Crescente"";""Céu Claro"";""Dupla"";""Reta"";""Não"";466790;""Ônibus"";""M.BENZ/MPOLO IDEALE R"";2013;""Condutor"";""Ileso"";49;""Masculino"";1;0;0;0;-22",85411774;-43,"1018014;""SR-RJ"";""UOP01"";""DEL02""",
"261648;582564;2020-01-09;""quinta"";""07:00:00"";""RJ"";101;319;""SAO GONCALO"";""Sim"";""Falta de Atenção à Condução"";1;""Colisão lateral"";""Com Vítimas Feridas"";""Pleno dia"";""Crescente"";""Céu Claro"";""Dupla"";""Reta"";""Não"";466789;""Motocicleta"";""YAMAHA/XTZ150 CROSSER E"";2017;""Condutor"";""Ileso"";47;""Masculino"";1;0;0;0;-22",85411774;-43,"1018014;""SR-RJ"";""UOP01"";""DEL02""",