"id;""pesid"";""data_inversa"";""dia_semana"";""horario"";""uf"";""br"";""km"";""municipio"";""causa_principal"";""causa_acidente"";""ordem_tipo_acidente"";""tipo_acidente"";""classificacao_acidente"";""fase_dia"";""sentido_via"";""condicao_metereologica"";""tipo_pista"";""tracado_via"";""uso_solo"";""id_veiculo"";""tipo_veiculo"";""marca"";""ano_fabricacao_veiculo"";""tipo_envolvido"";""estado_fisico"";""idade"";""sexo"";""ilesos"";""feridos_leves"";""feridos_graves"";""mortos"";""latitude"";""longitude"";""regional"";""delegacia"";""uop""",,,
"261648;582563;2020-01-09;""quinta"";""07:00:00"";""RJ"";101;319;""SAO GONCALO"";""Sim"";""Falta de Atenção à Condução"";1;""Colisão lateral"";""Com Vítimas Feridas"";""Pleno dia"";""Crescente"";""Céu Claro"";""Dupla"";""Reta"";""Não"";466788;""Automóvel"";""I/NISSAN MARCH 10S FLEX"";2011;""Condutor"";""Ileso"";30;""Feminino"";1;0;0;0;-22",85411774;-43,"1018014;""SR-RJ"";""UOP01"";""DEL02""",
"261648;582562;2020-01-09;""quinta"";""07:00:00"";""RJ"";101;319;""SAO GONCALO"";""Sim"";""Falta de Atenção à Condução"";1;""Colisão lateral"";""Com Vítimas Feridas"";""Pleno dia"";""Crescente"";""Céu Claro"";""Dupla"";""Reta"";""Não"";466787;""Motocicleta"";""YAMAHA/XTZ150 CROSSER Z"";2019;""Passageiro"";""Ileso"";24;""Feminino"";1;0;0;0;-22",85411774;-43,"1018014;""SR-RJ"";""UOP01"";""DEL02""",
"261648;582560;2020-01-09;""quinta"";""07:00:00"";""RJ"";101;319;""SAO GONCALO"";""Sim"";""Falta de Atenção à Condução"";1;""Colisão lateral"";""Com Vítimas Feridas"";""Pleno dia"";""Crescente"";""Céu Claro"";""Dupla"";""Reta"";""Não"";466787;""Motocicleta"";""YAMAHA/XTZ150 CROSSER Z"";2019;""Condutor"";""Lesões Leves"";27;""Masculino"";0;1;0;0;-22",85411774;-43,"1018014;""SR-RJ"";""UOP01"";""DEL02""",
"261648;582567;2020-01-09;""quinta"";""07:00:00"";""RJ"";101;319;""SAO GONCALO"";""Sim"";""Falta de Atenção à Condução"";3;""Colisão traseira"";""Com Vítimas Feridas"";""Pleno dia"";""Crescente"";""Céu Claro"";""Dupla"";""Reta"";""Não"";466790;""Ônibus"";""M.BENZ/MPOLO IDEALE R"";2013;""Condutor"";""Ileso"";49;""Masculino"";1;0;0;0;-22",85411774;-43,"1018014;""SR-RJ"";""UOP01"";""DEL02""",
"261648;582564;2020-01-09;""quinta"";""07:00:00"";""RJ"";101;319;""SAO GONCALO"";""Sim"";""Falta de Atenção à Condução"";3;""Colisão traseira"";""Com Vítimas Feridas"";""Pleno dia"";""Crescente"";""Céu Claro"";""Dupla"";""Reta"";""Não"";466789;""Motocicleta"";""YAMAHA/XTZ150 CROSSER E"";2017;""Condutor"";""Ileso"";47;""Masculino"";1;0;0;0;-22",85411774;-43,"1018014;""SR-RJ"";""UOP01"";""DEL02""",
"261648;582563;2020-01-09;""quinta"";""07:00:00"";""RJ"";101;319;""SAO GONCALO"";""Sim"";""Falta de Atenção à Condução"";3;""Colisão traseira"";""Com Vítimas Feridas"";""Pleno dia"";""Crescente"";""Céu Claro"";""Dupla"";""Reta"";""Não"";466788;""Automóvel"";""I/NISSAN MARCH 10S FLEX"";2011;""Condutor"";""Ileso"";30;""Feminino"";1;0;0;0;-22",85411774;-43,"1018014;""SR-RJ"";""UOP01"";""DEL02""",
"261648;582562;2020-01-09;""quinta"";""07:00:00"";""RJ"";101;319;""SAO GONCALO"";""Sim"";""Falta de Atenção à Condução"";3;""Colisão traseira"";""Com Vítimas Feridas"";""Pleno dia"";""Crescente"";""Céu Claro"";""Dupla"";""Reta"";""Não"";466787;""Motocicleta"";""YAMAHA/XTZ150 CROSSER Z"";2019;""Passageiro"";""Ileso"";24;""Feminino"";1;0;0;0;-22",85411774;-43,"1018014;""SR-RJ"";""UOP01"";""DEL02""",
"261648;582560;2020-01-09;""quinta"";""07:00:00"";""RJ"";101;319;""SAO GONCALO"";""Sim"";""Falta de Atenção à Condução"";3;""Colisão traseira"";""Com Vítimas Feridas"";""Pleno dia"";""Crescente"";""Céu Claro"";""Dupla"";""Reta"";""Não"";466787;""Motocicleta"";""YAMAHA/XTZ150 CROSSER Z"";2019;""Condutor"";""Lesões Leves"";27;""Masculino"";0;1;0;0;-22",85411774;-43,"1018014;""SR-RJ"";""UOP01"";""DEL02""",
"261648;582567;2020-01-09;""quinta"";""07:00:00"";""RJ"";101;319;""SAO GONCALO"";""Sim"";""Falta de Atenção à Condução"";2;""Colisão traseira"";""Com Vítimas Feridas"";""Pleno dia"";""Crescente"";""Céu Claro"";""Dupla"";""Reta"";""Não"";466790;""Ônibus"";""M.BENZ/MPOLO IDEALE R"";2013;""Condutor"";""Ileso"";49;""Masculino"";1;0;0;0;-22",85411774;-43,"1018014;""SR-RJ"";""UOP01"";""DEL02""",
"261648;582564;2020-01-09;""quinta"";""07:00:00"";""RJ"";101;319;""SAO GONCALO"";""Sim"";""Falta de Atenção à Condução"";2;""Colisão traseira"";""Com Vítimas Feridas"";""Pleno dia"";""Crescente"";""Céu Claro"";""Dupla"";""Reta"";""Não"";466789;""Motocicleta"";""YAMAHA/XTZ150 CROSSER E"";2017;""Condutor"";""Ileso"";47;""Masculino"";1;0;0;0;-22",85411774;-43,"1018014;""SR-RJ"";""UOP01"";""DEL02""",
"261648;582563;2020-01-09;""quinta"";""07:00:00"";""RJ"";101;319;""SAO GONCALO"";""Sim"";""Falta de Atenção à Condução"";2;""Colisão traseira"";""Com Vítimas Feridas"";""Pleno dia"";""Crescente"";""Céu Claro"";""Dupla"";""Reta"";""Não"";466788;""Automóvel"";""I/NISSAN MARCH 10S FLEX"";2011;""Condutor"";""Ileso"";30;""Feminino"";1;0;0;0;-22",85411774;-43,"1018014;""SR-RJ"";""UOP01"";""DEL02""",
"261648;582562;2020-01-09;""quinta"";""07:00:00"";""RJ"";101;319;""SAO GONCALO"";""Sim"";""Falta de Atenção à Condução"";2;""Colisão traseira"";""Com Vítimas Feridas"";""Pleno dia"";""Crescente"";""Céu Claro"";""Dupla"";""Reta"";""Não"";466787;""Motocicleta"";""YAMAHA/XTZ150 CROSSER Z"";2019;""Passageiro"";""Ileso"";24;""Feminino"";1;0;0;0;-22",85411774;-43,"1018014;""SR-RJ"";""UOP01"";""DEL02""",
"261648;582560;2020-01-09;""quinta"";""07:00:00"";""RJ"";101;319;""SAO GONCALO"";""Sim"";""Falta de Atenção à Condução"";2;""Colisão traseira"";""Com Vítimas Feridas"";""Pleno dia"";""Crescente"";""Céu Claro"";""Dupla"";""Reta"";""Não"";466787;""Motocicleta"";""YAMAHA/XTZ150 CROSSER Z"";2019;""Condutor"";""Lesões Leves"";27;""Masculino"";0;1;0;0;-22",85411774;-43,"1018014;""SR-RJ"";""UOP01"";""DEL02""",
"261649;582652;2020-01-09;""quinta"";""07:20:00"";""MG"";381;412;""NOVA UNIAO"";""Sim"";""Falta de Atenção à Condução"";1;""Colisão lateral"";""Com Vítimas Feridas"";""Pleno dia"";""Decrescente"";""Céu Claro"";""Simples"";""Não Informado"";""Não"";466850;""Caminhão"";""M.BENZ/L 1620"";2009;""Condutor"";""Ileso"";46;""Masculino"";1;0;0;0;-19",74246971;-43,"55529785;""SR-MG"";""DEL4/1"";""UOP01/MG""",
"261649;582648;2020-01-09;""quinta"";""07:20:00"";""MG"";381;412;""NOVA UNIAO"";""Sim"";""Falta de Atenção à Condução"";1;""Colisão lateral"";""Com Vítimas Feridas"";""Pleno dia"";""Decrescente"";""Céu Claro"";""Simples"";""Não Informado"";""Não"";466849;""Motocicleta"";""HONDA/CG150 FAN ESDI"";2013;""Condutor"";""Lesões Graves"";33;""Masculino"";0;0;1;0;-19",74246971;-43,"55529785;""SR-MG"";""DEL4/1"";""UOP01/MG""",
"261649;582652;2020-01-09;""quinta"";""07:20:00"";""MG"";381;412;""NOVA UNIAO"";""Sim"";""Falta de Atenção à Condução"";2;""Queda de ocupante de veículo"";""Com Vítimas Feridas"";""Pleno dia"";""Decrescente"";""Céu Claro"";""Simples"";""Não Informado"";""Não"";466850;""Caminhão"";""M.BENZ/L 1620"";2009;""Condutor"";""Ileso"";46;""Masculino"";1;0;0;0;-19",74246971;-43,"55529785;""SR-MG"";""DEL4/1"";""UOP01/MG""",
"261649;582648;2020-01-09;""quinta"";""07:20:00"";""MG"";381;412;""NOVA UNIAO"";""Sim"";""Falta de Atenção à Condução"";2;""Queda de ocupante de veículo"";""Com Vítimas Feridas"";""Pleno dia"";""Decrescente"";""Céu Claro"";""Simples"";""Não Informado"";""Não"";466849;""Motocicleta"";""HONDA/CG150 FAN ESDI"";2013;""Condutor"";""Lesões Graves"";33;""Masculino"";0;0;1;0;-19",74246971;-43,"55529785;""SR-MG"";""DEL4/1"";""UOP01/MG""",
"261650;582824;2020-01-09;""quinta"";""09:20:00"";""PE"";101;83","8;""JABOATAO DOS GUARARAPES"";""Sim"";""Falta de Atenção à Condução"";1;""Colisão lateral"";""Com Vítimas Feridas"";""Pleno dia"";""Decrescente"";""Céu Claro"";""Simples"";""Reta"";""Sim"";466828;""Motocicleta"";""HONDA/CG 125 FAN KS"";2012;""Condutor"";""Lesões Leves"";36;""Masculino"";0;1;0;0;-8",175172;-34,"942642;""SR-PE"";""DEL11/1"";""UOP03/PE"""
"261650;582823;2020-01-09;""quinta"";""09:20:00"";""PE"";101;83","8;""JABOATAO DOS GUARARAPES"";""Sim"";""Falta de Atenção à Condução"";1;""Colisão lateral"";""Com Vítimas Feridas"";""Pleno dia"";""Decrescente"";""Céu Claro"";""Simples"";""Reta"";""Sim"";466827;""Ônibus"";""M.BENZ/MPOLO IDEALE R"";2013;""Condutor"";""Ileso"";58;""Masculino"";1;0;0;0;-8",175172;-34,"942642;""SR-PE"";""DEL11/1"";""UOP03/PE"""
"261652;583409;2020-01-09;""quinta"";""07:30:00"";""RO"";364;343","8;""JI-PARANA"";""Sim"";""Desobediência às normas de trânsito pelo condutor"";2;""Tombamento"";""Com Vítimas Feridas"";""Pleno dia"";""Crescente"";""Céu Claro"";""Dupla"";""Interseção de vias"";""Sim"";466796;""Motocicleta"";""HONDA/NXR150 BROS ESD"";2006;""Testemunha"";""Não Informado"";NA;""Não Informado"";0;0;0;0;-10",87422178;-61,"95190798;""SR-RO"";""DEL21/2"";""UOP01/RO"""
"261652;583387;2020-01-09;""quinta"";""07:30:00"";""RO"";364;343","8;""JI-PARANA"";""Sim"";""Desobediência às normas de trânsito pelo condutor"";2;""Tombamento"";""Com Vítimas Feridas"";""Pleno dia"";""Crescente"";""Céu Claro"";""Dupla"";""Interseção de vias"";""Sim"";466796;""Motocicleta"";""HONDA/NXR150 BROS ESD"";2006;""Condutor"";""Lesões Leves"";33;""Masculino"";0;1;0;0;-10",87422178;-61,"95190798;""SR-RO"";""DEL21/2"";""UOP01/RO"""
"261652;583409;2020-01-09;""quinta"";""07:30:00"";""RO"";364;343","8;""JI-PARANA"";""Sim"";""Desobediência às normas de trânsito pelo condutor"";2;""Tombamento"";""Com Vítimas Feridas"";""Pleno dia"";""Crescente"";""Céu Claro"";""Dupla"";""Interseção de vias"";""Sim"";467419;""Bicicleta"";"""";NA;""Testemunha"";""Não Informado"";NA;""Não Informado"";0;0;0;0;-10",87422178;-61,"95190798;""SR-RO"";""DEL21/2"";""UOP01/RO"""
"261652;583388;2020-01-09;""quinta"";""07:30:00"";""RO"";364;343","8;""JI-PARANA"";""Sim"";""Desobediência às normas de trânsito pelo condutor"";2;""Tombamento"";""Com Vítimas Feridas"";""Pleno dia"";""Crescente"";""Céu Claro"";""Dupla"";""Interseção de vias"";""Sim"";467419;""Bicicleta"";"""";NA;""Condutor"";""Lesões Graves"";20;""Masculino"";0;0;1;0;-10",87422178;-61,"95190798;""SR-RO"";""DEL21/2"";""UOP01/RO"""
"261652;583409;2020-01-09;""quinta"";""07:30:00"";""RO"";364;343","8;""JI-PARANA"";""Sim"";""Desobediência às normas de trânsito pelo condutor"";1;""Colisão transversal"";""Com Vítimas Feridas"";""Pleno dia"";""Crescente"";""Céu Claro"";""Dupla"";""Interseção de vias"";""Sim"";466796;""Motocicleta"";""HONDA/NXR150 BROS ESD"";2006;""Testemunha"";""Não Informado"";NA;""Não Informado"";0;0;0;0;-10",87422178;-61,"95190798;""SR-RO"";""DEL21/2"";""UOP01/RO"""
"261652;583387;2020-01-09;""quinta"";""07:30:00"";""RO"";364;343","8;""JI-PARANA"";""Sim"";""Desobediência às normas de trânsito pelo condutor"";1;""Colisão transversal"";""Com Vítimas Feridas"";""Pleno dia"";""Crescente"";""Céu Claro"";""Dupla"";""Interseção de vias"";""Sim"";466796;""Motocicleta"";""HONDA/NXR150 BROS ESD"";2006;""Condutor"";""Lesões Leves"";33;""Masculino"";0;1;0;0;-10",87422178;-61,"95190798;""SR-RO"";""DEL21/2"";""UOP01/RO"""
"261652;583409;2020-01-09;""quinta"";""07:30:00"";""RO"";364;343","8;""JI-PARANA"";""Sim"";""Desobediência às normas de trânsito pelo condutor"";1;""Colisão transversal"";""Com Vítimas Feridas"";""Pleno dia"";""Crescente"";""Céu Claro"";""Dupla"";""Interseção de vias"";""Sim"";467419;""Bicicleta"";"""";NA;""Testemunha"";""Não Informado"";NA;""Não Informado"";0;0;0;0;-10",87422178;-61,"95190798;""SR-RO"";""DEL21/2"";""UOP01/RO"""
"261652;583388;2020-01-09;""quinta"";""07:30:00"";""RO"";364;343","8;""JI-PARANA"";""Sim"";""Desobediência às normas de trânsito pelo condutor"";1;""Colisão transversal"";""Com Vítimas Feridas"";""Pleno dia"";""Crescente"";""Céu Claro"";""Dupla"";""Interseção de vias"";""Sim"";467419;""Bicicleta"";"""";NA;""Condutor"";""Lesões Graves"";20;""Masculino"";0;0;1;0;-10",87422178;-61,"95190798;""SR-RO"";""DEL21/2"";""UOP01/RO"""
"261653;582677;2020-01-09;""quinta"";""09:25:00"";""PB"";230;20;""JOAO PESSOA"";""Sim"";""Defeito Mecânico no Veículo"";1;""Colisão traseira"";""Com Vítimas Feridas"";""Pleno dia"";""Decrescente"";""Céu Claro"";""Dupla"";""Reta"";""Sim"";466833;""Automóvel"";""I/HYUNDAI I30 2.0"";2010;""Condutor"";""Ileso"";31;""Masculino"";1;0;0;0;-7",1337;-34,"8544;""SR-PB"";""DEL14/1"";""UOP01/PB""",
"261653;582673;2020-01-09;""quinta"";""09:25:00"";""PB"";230;20;""JOAO PESSOA"";""Sim"";""Defeito Mecânico no Veículo"";1;""Colisão traseira"";""Com Vítimas Feridas"";""Pleno dia"";""Decrescente"";""Céu Claro"";""Dupla"";""Reta"";""Sim"";466832;""Motocicleta"";""JTA/SUZUKI EN125 YES"";2008;""Condutor"";""Lesões Graves"";52;""Masculino"";0;0;1;0;-7",1337;-34,"8544;""SR-PB"";""DEL14/1"";""UOP01/PB""",
"261653;582677;2020-01-09;""quinta"";""09:25:00"";""PB"";230;20;""JOAO PESSOA"";""Não"";""Não guardar distância de segurança"";1;""Colisão traseira"";""Com Vítimas Feridas"";""Pleno dia"";""Decrescente"";""Céu Claro"";""Dupla"";""Reta"";""Sim"";466833;""Automóvel"";""I/HYUNDAI I30 2.0"";2010;""Condutor"";""Ileso"";31;""Masculino"";1;0;0;0;-7",1337;-34,"8544;""SR-PB"";""DEL14/1"";""UOP01/PB""",
"261653;582673;2020-01-09;""quinta"";""09:25:00"";""PB"";230;20;""JOAO PESSOA"";""Não"";""Não guardar distância de segurança"";1;""Colisão traseira"";""Com Vítimas Feridas"";""Pleno dia"";""Decrescente"";""Céu Claro"";""Dupla"";""Reta"";""Sim"";466832;""Motocicleta"";""JTA/SUZUKI EN125 YES"";2008;""Condutor"";""Lesões Graves"";52;""Masculino"";0;0;1;0;-7",1337;-34,"8544;""SR-PB"";""DEL14/1"";""UOP01/PB""",
"261654;582928;2020-01-09;""quinta"";""08:00:00"";""AL"";101;90","5;""RIO LARGO"";""Sim"";""Pista Escorregadia"";2;""Capotamento"";""Com Vítimas Feridas"";""Pleno dia"";""Crescente"";""Céu Claro"";""Dupla"";""Não Informado"";""Não"";466861;""Automóvel"";""I/NISSAN SENTRA 20S FLEX"";2009;""Passageiro"";""Lesões Leves"";NA;""Feminino"";0;1;0;0;-9",49749204;-35,"90291191;""SR-AL"";""DEL13/1"";""UOP01/AL"""
"261654;582927;2020-01-09;""quinta"";""08:00:00"";""AL"";101;90","5;""RIO LARGO"";""Sim"";""Pista Escorregadia"";2;""Capotamento"";""Com Vítimas Feridas"";""Pleno dia"";""Crescente"";""Céu Claro"";""Dupla"";""Não Informado"";""Não"";466861;""Automóvel"";""I/NISSAN SENTRA 20S FLEX"";2009;""Condutor"";""Ileso"";46;""Masculino"";1;0;0;0;-9",49749204;-35,"90291191;""SR-AL"";""DEL13/1"";""UOP01/AL"""
"261654;582926;2020-01-09;""quinta"";""08:00:00"";""AL"";101;90","5;""RIO LARGO"";""Sim"";""Pista Escorregadia"";2;""Capotamento"";""Com Vítimas Feridas"";""Pleno dia"";""Crescente"";""Céu Claro"";""Dupla"";""Não Informado"";""Não"";466860;""Automóvel"";""CHEVROLET/ONIX 1.4MT LT"";2019;""Condutor"";""Lesões Leves"";26;""Masculino"";0;1;0;0;-9",49749204;-35,"90291191;""SR-AL"";""DEL13/1"";""UOP01/AL"""
"261654;582925;2020-01-09;""quinta"";""08:00:00"";""AL"";101;90","5;""RIO LARGO"";""Sim"";""Pista Escorregadia"";2;""Capotamento"";""Com Vítimas Feridas"";""Pleno dia"";""Crescente"";""Céu Claro"";""Dupla"";""Não Informado"";""Não"";466859;""Automóvel"";""FIAT/SIENA FIRE FLEX"";2008;""Condutor"";""Ileso"";44;""Masculino"";1;0;0;0;-9",49749204;-35,"90291191;""SR-AL"";""DEL13/1"";""UOP01/AL"""
"261654;582928;2020-01-09;""quinta"";""08:00:00"";""AL"";101;90","5;""RIO LARGO"";""Sim"";""Pista Escorregadia"";1;""Saída de leito carroçável"";""Com Vítimas Feridas"";""Pleno dia"";""Crescente"";""Céu Claro"";""Dupla"";""Não Informado"";""Não"";466861;""Automóvel"";""I/NISSAN SENTRA 20S FLEX"";2009;""Passageiro"";""Lesões Leves"";NA;""Feminino"";0;1;0;0;-9",49749204;-35,"90291191;""SR-AL"";""DEL13/1"";""UOP01/AL"""
"261654;582927;2020-01-09;""quinta"";""08:00:00"";""AL"";101;90","5;""RIO LARGO"";""Sim"";""Pista Escorregadia"";1;""Saída de leito carroçável"";""Com Vítimas Feridas"";""Pleno dia"";""Crescente"";""Céu Claro"";""Dupla"";""Não Informado"";""Não"";466861;""Automóvel"";""I/NISSAN SENTRA 20S FLEX"";2009;""Condutor"";""Ileso"";46;""Masculino"";1;0;0;0;-9",49749204;-35,"90291191;""SR-AL"";""DEL13/1"";""UOP01/AL"""
"261654;582926;2020-01-09;""quinta"";""08:00:00"";""AL"";101;90","5;""RIO LARGO"";""Sim"";""Pista Escorregadia"";1;""Saída de leito carroçável"";""Com Vítimas Feridas"";""Pleno dia"";""Crescente"";""Céu Claro"";""Dupla"";""Não Informado"";""Não"";466860;""Automóvel"";""CHEVROLET/ONIX 1.4MT LT"";2019;""Condutor"";""Lesões Leves"";26;""Masculino"";0;1;0;0;-9",49749204;-35,"90291191;""SR-AL"";""DEL13/1"";""UOP01/AL"""
"261654;582925;2020-01-09;""quinta"";""08:00:00"";""AL"";101;90","5;""RIO LARGO"";""Sim"";""Pista Escorregadia"";1;""Saída de leito carroçável"";""Com Vítimas Feridas"";""Pleno dia"";""Crescente"";""Céu Claro"";""Dupla"";""Não Informado"";""Não"";466859;""Automóvel"";""FIAT/SIENA FIRE FLEX"";2008;""Condutor"";""Ileso"";44;""Masculino"";1;0;0;0;-9",49749204;-35,"90291191;""SR-AL"";""DEL13/1"";""UOP01/AL"""
"261655;584395;2020-01-09;""quinta"";""10:30:00"";""GO"";153;176;""CAMPINORTE"";""Sim"";""Velocidade Incompatível"";1;""Atropelamento de Pedestre"";""Com Vítimas Feridas"";""Pleno dia"";""Decrescente"";""Céu Claro"";""Simples"";""Reta"";""Sim"";468218;""Bicicleta"";"""";NA;""Condutor"";""Lesões Graves"";86;""Masculino"";0;0;1;0;-14",31039;-49,"148968;""SR-GO"";""DEL1/7"";""UOP01/GO""",
"261655;582629;2020-01-09;""quinta"";""10:30:00"";""GO"";153;176;""CAMPINORTE"";""Sim"";""Velocidade Incompatível"";1;""Atropelamento de Pedestre"";""Com Vítimas Feridas"";""Pleno dia"";""Decrescente"";""Céu Claro"";""Simples"";""Reta"";""Sim"";466834;""Automóvel"";""VW/GOL 1.6 POWER"";2002;""Condutor"";""Ileso"";38;""Masculino"";1;0;0;0;-14",31039;-49,"148968;""SR-GO"";""DEL1/7"";""UOP01/GO""",
"261656;NA;2020-01-09;""quinta"";""10:00:00"";""CE"";116;54;""PACAJUS"";""Sim"";""Velocidade Incompatível"";1;""Capotamento"";""Com Vítimas Feridas"";""Pleno dia"";""Decrescente"";""Céu Claro"";""Dupla"";""Curva"";""Sim"";466915;""Semireboque"";""SR/GUERRA AG FG"";2012;""Não Informado"";""Não Informado"";NA;""Não Informado"";0;0;0;0;-4",19566554;-38,"47123658;""SR-CE"";""DEL16/3"";""UOP02/CE""",
"261656;582738;2020-01-09;""quinta"";""10:00:00"";""CE"";116;54;""PACAJUS"";""Sim"";""Velocidade Incompatível"";1;""Capotamento"";""Com Vítimas Feridas"";""Pleno dia"";""Decrescente"";""Céu Claro"";""Dupla"";""Curva"";""Sim"";466862;""Caminhão-trator"";""SCANIA/P 360 A4X2"";2012;""Passageiro"";""Lesões Graves"";21;""Feminino"";0;0;1;0;-4",19566554;-38,"47123658;""SR-CE"";""DEL16/3"";""UOP02/CE""",
"261656;582737;2020-01-09;""quinta"";""10:00:00"";""CE"";116;54;""PACAJUS"";""Sim"";""Velocidade Incompatível"";1;""Capotamento"";""Com Vítimas Feridas"";""Pleno dia"";""Decrescente"";""Céu Claro"";""Dupla"";""Curva"";""Sim"";466862;""Caminhão-trator"";""SCANIA/P 360 A4X2"";2012;""Passageiro"";""Lesões Graves"";21;""Masculino"";0;0;1;0;-4",19566554;-38,"47123658;""SR-CE"";""DEL16/3"";""UOP02/CE""",
"261656;582754;2020-01-09;""quinta"";""10:00:00"";""CE"";116;54;""PACAJUS"";""Sim"";""Velocidade Incompatível"";1;""Capotamento"";""Com Vítimas Feridas"";""Pleno dia"";""Decrescente"";""Céu Claro"";""Dupla"";""Curva"";""Sim"";466862;""Caminhão-trator"";""SCANIA/P 360 A4X2"";2012;""Passageiro"";""Ileso"";17;""Feminino"";1;0;0;0;-4",19566554;-38,"47123658;""SR-CE"";""DEL16/3"";""UOP02/CE""",
"261656;582667;2020-01-09;""quinta"";""10:00:00"";""CE"";116;54;""PACAJUS"";""Sim"";""Velocidade Incompatível"";1;""Capotamento"";""Com Vítimas Feridas"";""Pleno dia"";""Decrescente"";""Céu Claro"";""Dupla"";""Curva"";""Sim"";466862;""Caminhão-trator"";""SCANIA/P 360 A4X2"";2012;""Condutor"";""Lesões Leves"";26;""Masculino"";0;1;0;0;-4",19566554;-38,"47123658;""SR-CE"";""DEL16/3"";""UOP02/CE""",
"261657;582764;2020-01-09;""quinta"";""10:45:00"";""PR"";376;5","2;""APUCARANA"";""Sim"";""Desobediência às normas de trânsito pelo condutor"";1;""Colisão transversal"";""Sem Vítimas"";""Pleno dia"";""Decrescente"";""Céu Claro"";""Simples"";""Reta"";""Sim"";466806;""Caminhonete"";""VW/NOVA SAVEIRO TL MBVS"";2017;""Condutor"";""Ileso"";59;""Masculino"";1;0;0;0;-23",5513;-51,"461266;""SR-PR"";""DEL7/7"";""UOP03/PR"""
"261657;582762;2020-01-09;""quinta"";""10:45:00"";""PR"";376;5","2;""APUCARANA"";""Sim"";""Desobediência às normas de trânsito pelo condutor"";1;""Colisão transversal"";""Sem Vítimas"";""Pleno dia"";""Decrescente"";""Céu Claro"";""Simples"";""Reta"";""Sim"";466805;""Automóvel"";""FORD/FIESTA 1.6 FLEX"";2012;""Condutor"";""Ileso"";40;""Masculino"";1;0;0;0;-23",5513;-51,"461266;""SR-PR"";""DEL7/7"";""UOP03/PR"""
"261660;582787;2020-01-09;""quinta"";""10:50:00"";""SP"";101;48","5;""UBATUBA"";""Sim"";""Falta de Atenção à Condução"";1;""Colisão traseira"";""Com Vítimas Feridas"";""Pleno dia"";""Crescente"";""Nublado"";""Simples"";""Reta"";""Sim"";466945;""Bicicleta"";"""";NA;""Passageiro"";""Lesões Leves"";3;""Masculino"";0;1;0;0;-23",43696329;-45,"08768768;""SR-SP"";""DEL6"";""UOP03/SP"""
"261660;582783;2020-01-09;""quinta"";""10:50:00"";""SP"";101;48","5;""UBATUBA"";""Sim"";""Falta de Atenção à Condução"";1;""Colisão traseira"";""Com Vítimas Feridas"";""Pleno dia"";""Crescente"";""Nublado"";""Simples"";""Reta"";""Sim"";466945;""Bicicleta"";"""";NA;""Condutor"";""Lesões Leves"";21;""Feminino"";0;1;0;0;-23",43696329;-45,"08768768;""SR-SP"";""DEL6"";""UOP03/SP"""
"261660;582771;2020-01-09;""quinta"";""10:50:00"";""SP"";101;48","5;""UBATUBA"";""Sim"";""Falta de Atenção à Condução"";1;""Colisão traseira"";""Com Vítimas Feridas"";""Pleno dia"";""Crescente"";""Nublado"";""Simples"";""Reta"";""Sim"";466831;""Automóvel"";""HONDA/CIVIC LXS FLEX"";2009;""Condutor"";""Ileso"";41;""Masculino"";1;0;0;0;-23",43696329;-45,"08768768;""SR-SP"";""DEL6"";""UOP03/SP"""
"261660;582769;2020-01-09;""quinta"";""10:50:00"";""SP"";101;48","5;""UBATUBA"";""Sim"";""Falta de Atenção à Condução"";1;""Colisão traseira"";""Com Vítimas Feridas"";""Pleno dia"";""Crescente"";""Nublado"";""Simples"";""Reta"";""Sim"";466830;""Motocicleta"";""HONDA/CG 150 TITAN KS"";2004;""Condutor"";""Ileso"";32;""Masculino"";1;0;0;0;-23",43696329;-45,"08768768;""SR-SP"";""DEL6"";""UOP03/SP"""
"261660;582767;2020-01-09;""quinta"";""10:50:00"";""SP"";101;48","5;""UBATUBA"";""Sim"";""Falta de Atenção à Condução"";1;""Colisão traseira"";""Com Vítimas Feridas"";""Pleno dia"";""Crescente"";""Nublado"";""Simples"";""Reta"";""Sim"";466829;""Caminhão-trator"";""SCANIA/G 380 A4X2"";2010;""Condutor"";""Ileso"";61;""Masculino"";1;0;0;0;-23",43696329;-45,"08768768;""SR-SP"";""DEL6"";""UOP03/SP"""
"261661;582785;2020-01-09;""quinta"";""10:30:00"";""RS"";386;298","8;""POUSO NOVO"";""Sim"";""Falta de Atenção à Condução"";2;""Saída de leito carroçável"";""Com Vítimas Feridas"";""Pleno dia"";""Decrescente"";""Céu Claro"";""Simples"";""Curva"";""Não"";466843;""Automóvel"";""CHEVROLET/CELTA 1.0L LT"";2012;""Passageiro"";""Ileso"";19;""Feminino"";1;0;0;0;-29",149231;-52,"236103;""SR-RS"";""DEL9/4"";""UOP01/RS"""
"261661;582784;2020-01-09;""quinta"";""10:30:00"";""RS"";386;298","8;""POUSO NOVO"";""Sim"";""Falta de Atenção à Condução"";2;""Saída de leito carroçável"";""Com Vítimas Feridas"";""Pleno dia"";""Decrescente"";""Céu Claro"";""Simples"";""Curva"";""Não"";466843;""Automóvel"";""CHEVROLET/CELTA 1.0L LT"";2012;""Passageiro"";""Ileso"";62;""Feminino"";1;0;0;0;-29",149231;-52,"236103;""SR-RS"";""DEL9/4"";""UOP01/RS"""