"id;""pesid"";""data_inversa"";""dia_semana"";""horario"";""uf"";""br"";""km"";""municipio"";""causa_principal"";""causa_acidente"";""ordem_tipo_acidente"";""tipo_acidente"";""classificacao_acidente"";""fase_dia"";""sentido_via"";""condicao_metereologica"";""tipo_pista"";""tracado_via"";""uso_solo"";""id_veiculo"";""tipo_veiculo"";""marca"";""ano_fabricacao_veiculo"";""tipo_envolvido"";""estado_fisico"";""idade"";""sexo"";""ilesos"";""feridos_leves"";""feridos_graves"";""mortos"";""latitude"";""longitude"";""regional"";""delegacia"";""uop""",,,
"261661;582657;2020-01-09;""quinta"";""10:30:00"";""RS"";386;298","8;""POUSO NOVO"";""Sim"";""Falta de Atenção à Condução"";2;""Saída de leito carroçável"";""Com Vítimas Feridas"";""Pleno dia"";""Decrescente"";""Céu Claro"";""Simples"";""Curva"";""Não"";466843;""Automóvel"";""CHEVROLET/CELTA 1.0L LT"";2012;""Condutor"";""Lesões Leves"";65;""Masculino"";0;1;0;0;-29",149231;-52,"236103;""SR-RS"";""DEL9/4"";""UOP01/RS"""
"261661;582662;2020-01-09;""quinta"";""10:30:00"";""RS"";386;298","8;""POUSO NOVO"";""Sim"";""Falta de Atenção à Condução"";2;""Saída de leito carroçável"";""Com Vítimas Feridas"";""Pleno dia"";""Decrescente"";""Céu Claro"";""Simples"";""Curva"";""Não"";466844;""Automóvel"";""CHEVROLET/CRUZE LT HB"";2012;""Passageiro"";""Ileso"";57;""Feminino"";1;0;0;0;-29",149231;-52,"236103;""SR-RS"";""DEL9/4"";""UOP01/RS"""
"261661;582660;2020-01-09;""quinta"";""10:30:00"";""RS"";386;298","8;""POUSO NOVO"";""Sim"";""Falta de Atenção à Condução"";2;""Saída de leito carroçável"";""Com Vítimas Feridas"";""Pleno dia"";""Decrescente"";""Céu Claro"";""Simples"";""Curva"";""Não"";466844;""Automóvel"";""CHEVROLET/CRUZE LT HB"";2012;""Condutor"";""Ileso"";41;""Masculino"";1;0;0;0;-29",149231;-52,"236103;""SR-RS"";""DEL9/4"";""UOP01/RS"""
"261661;582664;2020-01-09;""quinta"";""10:30:00"";""RS"";386;298","8;""POUSO NOVO"";""Sim"";""Falta de Atenção à Condução"";2;""Saída de leito carroçável"";""Com Vítimas Feridas"";""Pleno dia"";""Decrescente"";""Céu Claro"";""Simples"";""Curva"";""Não"";466845;""Automóvel"";""VW/NOVO GOL TL MCV"";2016;""Passageiro"";""Ileso"";31;""Feminino"";1;0;0;0;-29",149231;-52,"236103;""SR-RS"";""DEL9/4"";""UOP01/RS"""
"261661;582663;2020-01-09;""quinta"";""10:30:00"";""RS"";386;298","8;""POUSO NOVO"";""Sim"";""Falta de Atenção à Condução"";2;""Saída de leito carroçável"";""Com Vítimas Feridas"";""Pleno dia"";""Decrescente"";""Céu Claro"";""Simples"";""Curva"";""Não"";466845;""Automóvel"";""VW/NOVO GOL TL MCV"";2016;""Condutor"";""Ileso"";74;""Masculino"";1;0;0;0;-29",149231;-52,"236103;""SR-RS"";""DEL9/4"";""UOP01/RS"""
"261661;582785;2020-01-09;""quinta"";""10:30:00"";""RS"";386;298","8;""POUSO NOVO"";""Sim"";""Falta de Atenção à Condução"";1;""Colisão traseira"";""Com Vítimas Feridas"";""Pleno dia"";""Decrescente"";""Céu Claro"";""Simples"";""Curva"";""Não"";466843;""Automóvel"";""CHEVROLET/CELTA 1.0L LT"";2012;""Passageiro"";""Ileso"";19;""Feminino"";1;0;0;0;-29",149231;-52,"236103;""SR-RS"";""DEL9/4"";""UOP01/RS"""
"261661;582784;2020-01-09;""quinta"";""10:30:00"";""RS"";386;298","8;""POUSO NOVO"";""Sim"";""Falta de Atenção à Condução"";1;""Colisão traseira"";""Com Vítimas Feridas"";""Pleno dia"";""Decrescente"";""Céu Claro"";""Simples"";""Curva"";""Não"";466843;""Automóvel"";""CHEVROLET/CELTA 1.0L LT"";2012;""Passageiro"";""Ileso"";62;""Feminino"";1;0;0;0;-29",149231;-52,"236103;""SR-RS"";""DEL9/4"";""UOP01/RS"""
"261661;582657;2020-01-09;""quinta"";""10:30:00"";""RS"";386;298","8;""POUSO NOVO"";""Sim"";""Falta de Atenção à Condução"";1;""Colisão traseira"";""Com Vítimas Feridas"";""Pleno dia"";""Decrescente"";""Céu Claro"";""Simples"";""Curva"";""Não"";466843;""Automóvel"";""CHEVROLET/CELTA 1.0L LT"";2012;""Condutor"";""Lesões Leves"";65;""Masculino"";0;1;0;0;-29",149231;-52,"236103;""SR-RS"";""DEL9/4"";""UOP01/RS"""
"261661;582662;2020-01-09;""quinta"";""10:30:00"";""RS"";386;298","8;""POUSO NOVO"";""Sim"";""Falta de Atenção à Condução"";1;""Colisão traseira"";""Com Vítimas Feridas"";""Pleno dia"";""Decrescente"";""Céu Claro"";""Simples"";""Curva"";""Não"";466844;""Automóvel"";""CHEVROLET/CRUZE LT HB"";2012;""Passageiro"";""Ileso"";57;""Feminino"";1;0;0;0;-29",149231;-52,"236103;""SR-RS"";""DEL9/4"";""UOP01/RS"""
"261661;582660;2020-01-09;""quinta"";""10:30:00"";""RS"";386;298","8;""POUSO NOVO"";""Sim"";""Falta de Atenção à Condução"";1;""Colisão traseira"";""Com Vítimas Feridas"";""Pleno dia"";""Decrescente"";""Céu Claro"";""Simples"";""Curva"";""Não"";466844;""Automóvel"";""CHEVROLET/CRUZE LT HB"";2012;""Condutor"";""Ileso"";41;""Masculino"";1;0;0;0;-29",149231;-52,"236103;""SR-RS"";""DEL9/4"";""UOP01/RS"""
"261661;582664;2020-01-09;""quinta"";""10:30:00"";""RS"";386;298","8;""POUSO NOVO"";""Sim"";""Falta de Atenção à Condução"";1;""Colisão traseira"";""Com Vítimas Feridas"";""Pleno dia"";""Decrescente"";""Céu Claro"";""Simples"";""Curva"";""Não"";466845;""Automóvel"";""VW/NOVO GOL TL MCV"";2016;""Passageiro"";""Ileso"";31;""Feminino"";1;0;0;0;-29",149231;-52,"236103;""SR-RS"";""DEL9/4"";""UOP01/RS"""
"261661;582663;2020-01-09;""quinta"";""10:30:00"";""RS"";386;298","8;""POUSO NOVO"";""Sim"";""Falta de Atenção à Condução"";1;""Colisão traseira"";""Com Vítimas Feridas"";""Pleno dia"";""Decrescente"";""Céu Claro"";""Simples"";""Curva"";""Não"";466845;""Automóvel"";""VW/NOVO GOL TL MCV"";2016;""Condutor"";""Ileso"";74;""Masculino"";1;0;0;0;-29",149231;-52,"236103;""SR-RS"";""DEL9/4"";""UOP01/RS"""
"261662;582594;2020-01-08;""quarta"";""15:00:00"";""PI"";135;493;""MONTE ALEGRE DO PIAUI"";""Sim"";""Falta de Atenção do Pedestre"";1;""Atropelamento de Pedestre"";""Com Vítimas Feridas"";""Pleno dia"";""Decrescente"";""Ignorado"";""Simples"";""Reta"";""Não"";466803;""Utilitário"";""I/TOYOTA HILUXSW4 SRV4X4"";2014;""Pedestre"";""Lesões Graves"";8;""Feminino"";0;0;1;0;-9",7343459;-45,"20373301;""SR-PI"";""DEL17/3"";""UOP02/PI""",
"261662;582593;2020-01-08;""quarta"";""15:00:00"";""PI"";135;493;""MONTE ALEGRE DO PIAUI"";""Sim"";""Falta de Atenção do Pedestre"";1;""Atropelamento de Pedestre"";""Com Vítimas Feridas"";""Pleno dia"";""Decrescente"";""Ignorado"";""Simples"";""Reta"";""Não"";466803;""Utilitário"";""I/TOYOTA HILUXSW4 SRV4X4"";2014;""Condutor"";""Ileso"";64;""Masculino"";1;0;0;0;-9",7343459;-45,"20373301;""SR-PI"";""DEL17/3"";""UOP02/PI""",
"261663;582670;2020-01-09;""quinta"";""10:45:00"";""GO"";60;94","6;""ANAPOLIS"";""Sim"";""Desobediência às normas de trânsito pelo condutor"";1;""Colisão lateral"";""Com Vítimas Feridas"";""Pleno dia"";""Decrescente"";""Céu Claro"";""Dupla"";""Reta"";""Sim"";466846;""Motocicleta"";""HONDA/CG150 TITAN MIX KS"";2010;""Condutor"";""Lesões Leves"";26;""Feminino"";0;1;0;0;-16",3611;-48,"9328;""SR-GO"";""DEL1/2"";""UOP01/GO"""
"261663;582671;2020-01-09;""quinta"";""10:45:00"";""GO"";60;94","6;""ANAPOLIS"";""Sim"";""Desobediência às normas de trânsito pelo condutor"";1;""Colisão lateral"";""Com Vítimas Feridas"";""Pleno dia"";""Decrescente"";""Céu Claro"";""Dupla"";""Reta"";""Sim"";466876;""Automóvel"";"""";NA;""Condutor"";""Não Informado"";NA;""Não Informado"";0;0;0;0;-16",3611;-48,"9328;""SR-GO"";""DEL1/2"";""UOP01/GO"""
"261663;582670;2020-01-09;""quinta"";""10:45:00"";""GO"";60;94","6;""ANAPOLIS"";""Sim"";""Desobediência às normas de trânsito pelo condutor"";3;""Queda de ocupante de veículo"";""Com Vítimas Feridas"";""Pleno dia"";""Decrescente"";""Céu Claro"";""Dupla"";""Reta"";""Sim"";466846;""Motocicleta"";""HONDA/CG150 TITAN MIX KS"";2010;""Condutor"";""Lesões Leves"";26;""Feminino"";0;1;0;0;-16",3611;-48,"9328;""SR-GO"";""DEL1/2"";""UOP01/GO"""
"261663;582671;2020-01-09;""quinta"";""10:45:00"";""GO"";60;94","6;""ANAPOLIS"";""Sim"";""Desobediência às normas de trânsito pelo condutor"";3;""Queda de ocupante de veículo"";""Com Vítimas Feridas"";""Pleno dia"";""Decrescente"";""Céu Claro"";""Dupla"";""Reta"";""Sim"";466876;""Automóvel"";"""";NA;""Condutor"";""Não Informado"";NA;""Não Informado"";0;0;0;0;-16",3611;-48,"9328;""SR-GO"";""DEL1/2"";""UOP01/GO"""
"261663;582670;2020-01-09;""quinta"";""10:45:00"";""GO"";60;94","6;""ANAPOLIS"";""Sim"";""Desobediência às normas de trânsito pelo condutor"";2;""Tombamento"";""Com Vítimas Feridas"";""Pleno dia"";""Decrescente"";""Céu Claro"";""Dupla"";""Reta"";""Sim"";466846;""Motocicleta"";""HONDA/CG150 TITAN MIX KS"";2010;""Condutor"";""Lesões Leves"";26;""Feminino"";0;1;0;0;-16",3611;-48,"9328;""SR-GO"";""DEL1/2"";""UOP01/GO"""
"261663;582671;2020-01-09;""quinta"";""10:45:00"";""GO"";60;94","6;""ANAPOLIS"";""Sim"";""Desobediência às normas de trânsito pelo condutor"";2;""Tombamento"";""Com Vítimas Feridas"";""Pleno dia"";""Decrescente"";""Céu Claro"";""Dupla"";""Reta"";""Sim"";466876;""Automóvel"";"""";NA;""Condutor"";""Não Informado"";NA;""Não Informado"";0;0;0;0;-16",3611;-48,"9328;""SR-GO"";""DEL1/2"";""UOP01/GO"""
"261664;582642;2020-01-09;""quinta"";""10:28:00"";""SP"";153;53;""SAO JOSE DO RIO PRETO"";""Sim"";""Defeito Mecânico no Veículo"";1;""Colisão com objeto estático"";""Com Vítimas Feridas"";""Pleno dia"";""Crescente"";""Sol"";""Simples"";""Reta"";""Não"";466839;""Motocicleta"";""HONDA/CG150 FAN ESDI"";2014;""Condutor"";""Lesões Leves"";26;""Masculino"";0;1;0;0;-20",73603199;-49,"33803779;""SR-SP"";""DEL6/9"";""UOP01/SP""",
"261664;582642;2020-01-09;""quinta"";""10:28:00"";""SP"";153;53;""SAO JOSE DO RIO PRETO"";""Sim"";""Defeito Mecânico no Veículo"";2;""Queda de ocupante de veículo"";""Com Vítimas Feridas"";""Pleno dia"";""Crescente"";""Sol"";""Simples"";""Reta"";""Não"";466839;""Motocicleta"";""HONDA/CG150 FAN ESDI"";2014;""Condutor"";""Lesões Leves"";26;""Masculino"";0;1;0;0;-20",73603199;-49,"33803779;""SR-SP"";""DEL6/9"";""UOP01/SP""",
"261665;584123;2020-01-09;""quinta"";""11:25:00"";""GO"";364;353","3;""MINEIROS"";""Sim"";""Desobediência às normas de trânsito pelo condutor"";1;""Colisão frontal"";""Com Vítimas Feridas"";""Pleno dia"";""Decrescente"";""Sol"";""Simples"";""Reta"";""Não"";466979;""Automóvel"";""FORD/FIESTA FLEX"";2010;""Condutor"";""Lesões Leves"";55;""Feminino"";0;1;0;0;-17",378428;-52,"932693;""SR-GO"";""DEL1/5"";""UOP01/GO"""
"261665;584122;2020-01-09;""quinta"";""11:25:00"";""GO"";364;353","3;""MINEIROS"";""Sim"";""Desobediência às normas de trânsito pelo condutor"";1;""Colisão frontal"";""Com Vítimas Feridas"";""Pleno dia"";""Decrescente"";""Sol"";""Simples"";""Reta"";""Não"";466978;""Automóvel"";""HYUNDAI/CRETA 16A SMART"";2019;""Passageiro"";""Ileso"";25;""Masculino"";1;0;0;0;-17",378428;-52,"932693;""SR-GO"";""DEL1/5"";""UOP01/GO"""
"261665;584121;2020-01-09;""quinta"";""11:25:00"";""GO"";364;353","3;""MINEIROS"";""Sim"";""Desobediência às normas de trânsito pelo condutor"";1;""Colisão frontal"";""Com Vítimas Feridas"";""Pleno dia"";""Decrescente"";""Sol"";""Simples"";""Reta"";""Não"";466978;""Automóvel"";""HYUNDAI/CRETA 16A SMART"";2019;""Passageiro"";""Lesões Leves"";48;""Feminino"";0;1;0;0;-17",378428;-52,"932693;""SR-GO"";""DEL1/5"";""UOP01/GO"""
"261665;584119;2020-01-09;""quinta"";""11:25:00"";""GO"";364;353","3;""MINEIROS"";""Sim"";""Desobediência às normas de trânsito pelo condutor"";1;""Colisão frontal"";""Com Vítimas Feridas"";""Pleno dia"";""Decrescente"";""Sol"";""Simples"";""Reta"";""Não"";466978;""Automóvel"";""HYUNDAI/CRETA 16A SMART"";2019;""Condutor"";""Lesões Leves"";52;""Masculino"";0;1;0;0;-17",378428;-52,"932693;""SR-GO"";""DEL1/5"";""UOP01/GO"""
"261666;583970;2020-01-09;""quinta"";""11:00:00"";""RS"";116;454","5;""SAO LOURENCO DO SUL"";""Sim"";""Mal Súbito"";1;""Tombamento"";""Com Vítimas Feridas"";""Pleno dia"";""Crescente"";""Céu Claro"";""Dupla"";""Reta"";""Sim"";467000;""Motocicleta"";""HONDA/CG 125 TITAN"";1999;""Condutor"";""Lesões Leves"";54;""Masculino"";0;1;0;0;-31",23241733;-52,"00157404;""SR-RS"";""DEL2"";""UOP03/RS"""
"261667;584397;2020-01-09;""quinta"";""08:20:00"";""BA"";367;34;""PORTO SEGURO"";""Sim"";""Falta de Atenção à Condução"";1;""Colisão transversal"";""Com Vítimas Feridas"";""Pleno dia"";""Decrescente"";""Céu Claro"";""Simples"";""Reta"";""Sim"";468221;""Bicicleta"";"""";NA;""Testemunha"";""Não Informado"";NA;""Não Informado"";0;0;0;0;-16",41415489;-39,"16220395;""SR-BA"";""DEL10/9"";""UOP01/BA""",
"261667;584392;2020-01-09;""quinta"";""08:20:00"";""BA"";367;34;""PORTO SEGURO"";""Sim"";""Falta de Atenção à Condução"";1;""Colisão transversal"";""Com Vítimas Feridas"";""Pleno dia"";""Decrescente"";""Céu Claro"";""Simples"";""Reta"";""Sim"";468221;""Bicicleta"";"""";NA;""Condutor"";""Lesões Graves"";51;""Masculino"";0;0;1;0;-16",41415489;-39,"16220395;""SR-BA"";""DEL10/9"";""UOP01/BA""",
"261667;584397;2020-01-09;""quinta"";""08:20:00"";""BA"";367;34;""PORTO SEGURO"";""Sim"";""Falta de Atenção à Condução"";1;""Colisão transversal"";""Com Vítimas Feridas"";""Pleno dia"";""Decrescente"";""Céu Claro"";""Simples"";""Reta"";""Sim"";466812;""Automóvel"";""CHEV/SPIN 18L AT PREMIER"";2019;""Testemunha"";""Não Informado"";NA;""Não Informado"";0;0;0;0;-16",41415489;-39,"16220395;""SR-BA"";""DEL10/9"";""UOP01/BA""",
"261667;582953;2020-01-09;""quinta"";""08:20:00"";""BA"";367;34;""PORTO SEGURO"";""Sim"";""Falta de Atenção à Condução"";1;""Colisão transversal"";""Com Vítimas Feridas"";""Pleno dia"";""Decrescente"";""Céu Claro"";""Simples"";""Reta"";""Sim"";466812;""Automóvel"";""CHEV/SPIN 18L AT PREMIER"";2019;""Condutor"";""Ileso"";37;""Masculino"";1;0;0;0;-16",41415489;-39,"16220395;""SR-BA"";""DEL10/9"";""UOP01/BA""",
"261668;582656;2020-01-09;""quinta"";""11:35:00"";""SC"";101;194","3;""BIGUACU"";""Não"";""Desobediência às normas de trânsito pelo condutor"";1;""Colisão traseira"";""Com Vítimas Feridas"";""Pleno dia"";""Decrescente"";""Sol"";""Múltipla"";""Interseção de vias"";""Sim"";466854;""Motoneta"";""HONDA/BIZ 125 ES"";2006;""Condutor"";""Ileso"";35;""Masculino"";1;0;0;0;-27",49815117;-48,"65661236;""SR-SC"";""DEL8/1"";""UOP01/SC"""
"261668;582653;2020-01-09;""quinta"";""11:35:00"";""SC"";101;194","3;""BIGUACU"";""Não"";""Desobediência às normas de trânsito pelo condutor"";1;""Colisão traseira"";""Com Vítimas Feridas"";""Pleno dia"";""Decrescente"";""Sol"";""Múltipla"";""Interseção de vias"";""Sim"";466853;""Motocicleta"";""HONDA/CG 125 FAN ES"";2011;""Condutor"";""Lesões Leves"";40;""Masculino"";0;1;0;0;-27",49815117;-48,"65661236;""SR-SC"";""DEL8/1"";""UOP01/SC"""
"261668;582656;2020-01-09;""quinta"";""11:35:00"";""SC"";101;194","3;""BIGUACU"";""Sim"";""Falta de Atenção à Condução"";1;""Colisão traseira"";""Com Vítimas Feridas"";""Pleno dia"";""Decrescente"";""Sol"";""Múltipla"";""Interseção de vias"";""Sim"";466854;""Motoneta"";""HONDA/BIZ 125 ES"";2006;""Condutor"";""Ileso"";35;""Masculino"";1;0;0;0;-27",49815117;-48,"65661236;""SR-SC"";""DEL8/1"";""UOP01/SC"""
"261668;582653;2020-01-09;""quinta"";""11:35:00"";""SC"";101;194","3;""BIGUACU"";""Sim"";""Falta de Atenção à Condução"";1;""Colisão traseira"";""Com Vítimas Feridas"";""Pleno dia"";""Decrescente"";""Sol"";""Múltipla"";""Interseção de vias"";""Sim"";466853;""Motocicleta"";""HONDA/CG 125 FAN ES"";2011;""Condutor"";""Lesões Leves"";40;""Masculino"";0;1;0;0;-27",49815117;-48,"65661236;""SR-SC"";""DEL8/1"";""UOP01/SC"""
"261669;582691;2020-01-09;""quinta"";""11:30:00"";""PR"";376;176","1;""MARINGA"";""Sim"";""Não guardar distância de segurança"";3;""Queda de ocupante de veículo"";""Com Vítimas Feridas"";""Pleno dia"";""Crescente"";""Nublado"";""Dupla"";""Não Informado"";""Sim"";466872;""Automóvel"";""PEUGEOT/208 ACTIVE"";2013;""Condutor"";""Ileso"";30;""Masculino"";1;0;0;0;-23",41269173;-51,"93158327;""SR-PR"";""DEL7/7"";""UOP04/PR"""
"261669;582676;2020-01-09;""quinta"";""11:30:00"";""PR"";376;176","1;""MARINGA"";""Sim"";""Não guardar distância de segurança"";3;""Queda de ocupante de veículo"";""Com Vítimas Feridas"";""Pleno dia"";""Crescente"";""Nublado"";""Dupla"";""Não Informado"";""Sim"";466871;""Motocicleta"";""HONDA/CG 125 FAN KS"";2011;""Condutor"";""Lesões Leves"";29;""Masculino"";0;1;0;0;-23",41269173;-51,"93158327;""SR-PR"";""DEL7/7"";""UOP04/PR"""
"261669;582691;2020-01-09;""quinta"";""11:30:00"";""PR"";376;176","1;""MARINGA"";""Sim"";""Não guardar distância de segurança"";1;""Colisão traseira"";""Com Vítimas Feridas"";""Pleno dia"";""Crescente"";""Nublado"";""Dupla"";""Não Informado"";""Sim"";466872;""Automóvel"";""PEUGEOT/208 ACTIVE"";2013;""Condutor"";""Ileso"";30;""Masculino"";1;0;0;0;-23",41269173;-51,"93158327;""SR-PR"";""DEL7/7"";""UOP04/PR"""
"261669;582676;2020-01-09;""quinta"";""11:30:00"";""PR"";376;176","1;""MARINGA"";""Sim"";""Não guardar distância de segurança"";1;""Colisão traseira"";""Com Vítimas Feridas"";""Pleno dia"";""Crescente"";""Nublado"";""Dupla"";""Não Informado"";""Sim"";466871;""Motocicleta"";""HONDA/CG 125 FAN KS"";2011;""Condutor"";""Lesões Leves"";29;""Masculino"";0;1;0;0;-23",41269173;-51,"93158327;""SR-PR"";""DEL7/7"";""UOP04/PR"""
"261669;582691;2020-01-09;""quinta"";""11:30:00"";""PR"";376;176","1;""MARINGA"";""Sim"";""Não guardar distância de segurança"";2;""Tombamento"";""Com Vítimas Feridas"";""Pleno dia"";""Crescente"";""Nublado"";""Dupla"";""Não Informado"";""Sim"";466872;""Automóvel"";""PEUGEOT/208 ACTIVE"";2013;""Condutor"";""Ileso"";30;""Masculino"";1;0;0;0;-23",41269173;-51,"93158327;""SR-PR"";""DEL7/7"";""UOP04/PR"""
"261669;582676;2020-01-09;""quinta"";""11:30:00"";""PR"";376;176","1;""MARINGA"";""Sim"";""Não guardar distância de segurança"";2;""Tombamento"";""Com Vítimas Feridas"";""Pleno dia"";""Crescente"";""Nublado"";""Dupla"";""Não Informado"";""Sim"";466871;""Motocicleta"";""HONDA/CG 125 FAN KS"";2011;""Condutor"";""Lesões Leves"";29;""Masculino"";0;1;0;0;-23",41269173;-51,"93158327;""SR-PR"";""DEL7/7"";""UOP04/PR"""
"261670;582674;2020-01-09;""quinta"";""11:55:00"";""PB"";230;502;""CAJAZEIRAS"";""Sim"";""Desobediência às normas de trânsito pelo condutor"";2;""Tombamento"";""Com Vítimas Feridas"";""Pleno dia"";""Crescente"";""Céu Claro"";""Simples"";""Reta"";""Sim"";466858;""Motocicleta"";""HONDA/NXR150 BROS ES"";2006;""Condutor"";""Lesões Graves"";57;""Masculino"";0;0;1;0;-6",8979;-38,"5233;""SR-PB"";""DEL14/3"";""UOP03/PB""",
"261670;582672;2020-01-09;""quinta"";""11:55:00"";""PB"";230;502;""CAJAZEIRAS"";""Sim"";""Desobediência às normas de trânsito pelo condutor"";2;""Tombamento"";""Com Vítimas Feridas"";""Pleno dia"";""Crescente"";""Céu Claro"";""Simples"";""Reta"";""Sim"";466857;""Automóvel"";""VW/POLO MCA"";2019;""Condutor"";""Ileso"";23;""Masculino"";1;0;0;0;-6",8979;-38,"5233;""SR-PB"";""DEL14/3"";""UOP03/PB""",
"261670;582674;2020-01-09;""quinta"";""11:55:00"";""PB"";230;502;""CAJAZEIRAS"";""Sim"";""Desobediência às normas de trânsito pelo condutor"";1;""Colisão transversal"";""Com Vítimas Feridas"";""Pleno dia"";""Crescente"";""Céu Claro"";""Simples"";""Reta"";""Sim"";466858;""Motocicleta"";""HONDA/NXR150 BROS ES"";2006;""Condutor"";""Lesões Graves"";57;""Masculino"";0;0;1;0;-6",8979;-38,"5233;""SR-PB"";""DEL14/3"";""UOP03/PB""",
"261670;582672;2020-01-09;""quinta"";""11:55:00"";""PB"";230;502;""CAJAZEIRAS"";""Sim"";""Desobediência às normas de trânsito pelo condutor"";1;""Colisão transversal"";""Com Vítimas Feridas"";""Pleno dia"";""Crescente"";""Céu Claro"";""Simples"";""Reta"";""Sim"";466857;""Automóvel"";""VW/POLO MCA"";2019;""Condutor"";""Ileso"";23;""Masculino"";1;0;0;0;-6",8979;-38,"5233;""SR-PB"";""DEL14/3"";""UOP03/PB""",
"261670;582674;2020-01-09;""quinta"";""11:55:00"";""PB"";230;502;""CAJAZEIRAS"";""Sim"";""Desobediência às normas de trânsito pelo condutor"";3;""Queda de ocupante de veículo"";""Com Vítimas Feridas"";""Pleno dia"";""Crescente"";""Céu Claro"";""Simples"";""Reta"";""Sim"";466858;""Motocicleta"";""HONDA/NXR150 BROS ES"";2006;""Condutor"";""Lesões Graves"";57;""Masculino"";0;0;1;0;-6",8979;-38,"5233;""SR-PB"";""DEL14/3"";""UOP03/PB""",
"261670;582672;2020-01-09;""quinta"";""11:55:00"";""PB"";230;502;""CAJAZEIRAS"";""Sim"";""Desobediência às normas de trânsito pelo condutor"";3;""Queda de ocupante de veículo"";""Com Vítimas Feridas"";""Pleno dia"";""Crescente"";""Céu Claro"";""Simples"";""Reta"";""Sim"";466857;""Automóvel"";""VW/POLO MCA"";2019;""Condutor"";""Ileso"";23;""Masculino"";1;0;0;0;-6",8979;-38,"5233;""SR-PB"";""DEL14/3"";""UOP03/PB""",
"261671;583555;2020-01-09;""quinta"";""11:45:00"";""SP"";101;47;""UBATUBA"";""Sim"";""Falta de Atenção à Condução"";1;""Colisão lateral"";""Com Vítimas Feridas"";""Pleno dia"";""Decrescente"";""Sol"";""Simples"";""Reta"";""Sim"";466826;""Motocicleta"";""JTA/SUZUKI EN125 YES"";2008;""Condutor"";""Lesões Leves"";25;""Masculino"";0;1;0;0;-23",429897;-45,"082436;""SR-SP"";""DEL6"";""UOP03/SP""",
"261671;583545;2020-01-09;""quinta"";""11:45:00"";""SP"";101;47;""UBATUBA"";""Sim"";""Falta de Atenção à Condução"";1;""Colisão lateral"";""Com Vítimas Feridas"";""Pleno dia"";""Decrescente"";""Sol"";""Simples"";""Reta"";""Sim"";466825;""Automóvel"";""VW/NOVO GOL 1.6"";2013;""Passageiro"";""Ileso"";30;""Feminino"";1;0;0;0;-23",429897;-45,"082436;""SR-SP"";""DEL6"";""UOP03/SP""",
"261671;583543;2020-01-09;""quinta"";""11:45:00"";""SP"";101;47;""UBATUBA"";""Sim"";""Falta de Atenção à Condução"";1;""Colisão lateral"";""Com Vítimas Feridas"";""Pleno dia"";""Decrescente"";""Sol"";""Simples"";""Reta"";""Sim"";466825;""Automóvel"";""VW/NOVO GOL 1.6"";2013;""Passageiro"";""Ileso"";12;""Feminino"";1;0;0;0;-23",429897;-45,"082436;""SR-SP"";""DEL6"";""UOP03/SP""",
"261671;582615;2020-01-09;""quinta"";""11:45:00"";""SP"";101;47;""UBATUBA"";""Sim"";""Falta de Atenção à Condução"";1;""Colisão lateral"";""Com Vítimas Feridas"";""Pleno dia"";""Decrescente"";""Sol"";""Simples"";""Reta"";""Sim"";466825;""Automóvel"";""VW/NOVO GOL 1.6"";2013;""Condutor"";""Ileso"";44;""Feminino"";1;0;0;0;-23",429897;-45,"082436;""SR-SP"";""DEL6"";""UOP03/SP""",
"261672;582921;2020-01-09;""quinta"";""11:30:00"";""RN"";101;107;""PARNAMIRIM"";""Sim"";""Defeito Mecânico no Veículo"";1;""Colisão com objeto estático"";""Sem Vítimas"";""Pleno dia"";""Decrescente"";""Nublado"";""Dupla"";""Reta"";""Sim"";466852;""Caminhão"";""M.BENZ/L 1113"";1979;""Condutor"";""Ileso"";40;""Masculino"";1;0;0;0;-5",91920796;-35,"26412409;""SR-RN"";""DEL15/1"";""UOP01/RN""",
"261673;582669;2020-01-09;""quinta"";""11:00:00"";""RS"";101;7","3;""TORRES"";""Sim"";""Falta de Atenção à Condução"";1;""Colisão traseira"";""Com Vítimas Feridas"";""Pleno dia"";""Crescente"";""Sol"";""Dupla"";""Reta"";""Sim"";466866;""Camioneta"";""GM/S10 DE LUXE 2.5 D 4X4"";1998;""Condutor"";""Ileso"";42;""Masculino"";1;0;0;0;-29",35399189;-49,"8004501;""SR-RS"";""DEL9/3"";""UOP02/RS"""
"261673;582775;2020-01-09;""quinta"";""11:00:00"";""RS"";101;7","3;""TORRES"";""Sim"";""Falta de Atenção à Condução"";1;""Colisão traseira"";""Com Vítimas Feridas"";""Pleno dia"";""Crescente"";""Sol"";""Dupla"";""Reta"";""Sim"";466865;""Motoneta"";""HONDA/CBX 250 TWISTER"";2013;""Passageiro"";""Lesões Leves"";32;""Masculino"";0;1;0;0;-29",35399189;-49,"8004501;""SR-RS"";""DEL9/3"";""UOP02/RS"""