"id;""pesid"";""data_inversa"";""dia_semana"";""horario"";""uf"";""br"";""km"";""municipio"";""causa_principal"";""causa_acidente"";""ordem_tipo_acidente"";""tipo_acidente"";""classificacao_acidente"";""fase_dia"";""sentido_via"";""condicao_metereologica"";""tipo_pista"";""tracado_via"";""uso_solo"";""id_veiculo"";""tipo_veiculo"";""marca"";""ano_fabricacao_veiculo"";""tipo_envolvido"";""estado_fisico"";""idade"";""sexo"";""ilesos"";""feridos_leves"";""feridos_graves"";""mortos"";""latitude"";""longitude"";""regional"";""delegacia"";""uop""",,,
"261673;582770;2020-01-09;""quinta"";""11:00:00"";""RS"";101;7","3;""TORRES"";""Sim"";""Falta de Atenção à Condução"";1;""Colisão traseira"";""Com Vítimas Feridas"";""Pleno dia"";""Crescente"";""Sol"";""Dupla"";""Reta"";""Sim"";466865;""Motoneta"";""HONDA/CBX 250 TWISTER"";2013;""Condutor"";""Lesões Leves"";25;""Masculino"";0;1;0;0;-29",35399189;-49,"8004501;""SR-RS"";""DEL9/3"";""UOP02/RS"""
"261675;NA;2020-01-09;""quinta"";""12:20:00"";""TO"";153;473","7;""MIRACEMA DO TOCANTINS"";""Sim"";""Objeto estático sobre o leito carroçável"";1;""Colisão frontal"";""Sem Vítimas"";""Pleno dia"";""Decrescente"";""Garoa/Chuvisco"";""Simples"";""Desvio Temporário"";""Não"";466938;""Semireboque"";""REB/TRUCK GALEGO SR"";2012;""Não Informado"";""Não Informado"";NA;""Não Informado"";0;0;0;0;-10",0192682;-48,"77867485;""SR-TO"";""UOP02/TO"";"""""
"261675;584633;2020-01-09;""quinta"";""12:20:00"";""TO"";153;473","7;""MIRACEMA DO TOCANTINS"";""Sim"";""Objeto estático sobre o leito carroçável"";1;""Colisão frontal"";""Sem Vítimas"";""Pleno dia"";""Decrescente"";""Garoa/Chuvisco"";""Simples"";""Desvio Temporário"";""Não"";466908;""Caminhão-trator"";""SCANIA/G 420 A4X2"";2011;""Condutor"";""Ileso"";28;""Masculino"";1;0;0;0;-10",0192682;-48,"77867485;""SR-TO"";""UOP02/TO"";"""""
"261675;NA;2020-01-09;""quinta"";""12:20:00"";""TO"";153;473","7;""MIRACEMA DO TOCANTINS"";""Sim"";""Objeto estático sobre o leito carroçável"";1;""Colisão frontal"";""Sem Vítimas"";""Pleno dia"";""Decrescente"";""Garoa/Chuvisco"";""Simples"";""Desvio Temporário"";""Não"";466958;""Semireboque"";""SR/NOMA SR2E18RT2 CG"";2007;""Não Informado"";""Não Informado"";NA;""Não Informado"";0;0;0;0;-10",0192682;-48,"77867485;""SR-TO"";""UOP02/TO"";"""""
"261675;584637;2020-01-09;""quinta"";""12:20:00"";""TO"";153;473","7;""MIRACEMA DO TOCANTINS"";""Sim"";""Objeto estático sobre o leito carroçável"";1;""Colisão frontal"";""Sem Vítimas"";""Pleno dia"";""Decrescente"";""Garoa/Chuvisco"";""Simples"";""Desvio Temporário"";""Não"";466935;""Caminhão-trator"";""VOLVO/FH 500 6X4T"";2012;""Condutor"";""Ileso"";44;""Masculino"";1;0;0;0;-10",0192682;-48,"77867485;""SR-TO"";""UOP02/TO"";"""""
"261675;NA;2020-01-09;""quinta"";""12:20:00"";""TO"";153;473","7;""MIRACEMA DO TOCANTINS"";""Sim"";""Objeto estático sobre o leito carroçável"";1;""Colisão frontal"";""Sem Vítimas"";""Pleno dia"";""Decrescente"";""Garoa/Chuvisco"";""Simples"";""Desvio Temporário"";""Não"";466943;""Semireboque"";""SR/RANDON SR CA"";2018;""Não Informado"";""Não Informado"";NA;""Não Informado"";0;0;0;0;-10",0192682;-48,"77867485;""SR-TO"";""UOP02/TO"";"""""
"261675;NA;2020-01-09;""quinta"";""12:20:00"";""TO"";153;473","7;""MIRACEMA DO TOCANTINS"";""Sim"";""Objeto estático sobre o leito carroçável"";1;""Colisão frontal"";""Sem Vítimas"";""Pleno dia"";""Decrescente"";""Garoa/Chuvisco"";""Simples"";""Desvio Temporário"";""Não"";466950;""Semireboque"";""SR/RANDON SR CA"";2018;""Não Informado"";""Não Informado"";NA;""Não Informado"";0;0;0;0;-10",0192682;-48,"77867485;""SR-TO"";""UOP02/TO"";"""""
"261675;584635;2020-01-09;""quinta"";""12:20:00"";""TO"";153;473","7;""MIRACEMA DO TOCANTINS"";""Sim"";""Objeto estático sobre o leito carroçável"";1;""Colisão frontal"";""Sem Vítimas"";""Pleno dia"";""Decrescente"";""Garoa/Chuvisco"";""Simples"";""Desvio Temporário"";""Não"";466909;""Caminhão-trator"";""SCANIA/R450 A6X2"";2018;""Condutor"";""Ileso"";37;""Masculino"";1;0;0;0;-10",0192682;-48,"77867485;""SR-TO"";""UOP02/TO"";"""""
"261675;NA;2020-01-09;""quinta"";""12:20:00"";""TO"";153;473","7;""MIRACEMA DO TOCANTINS"";""Sim"";""Objeto estático sobre o leito carroçável"";1;""Colisão frontal"";""Sem Vítimas"";""Pleno dia"";""Decrescente"";""Garoa/Chuvisco"";""Simples"";""Desvio Temporário"";""Não"";466956;""Semireboque"";""SR/NOMA SR2E18RT1 CG"";2007;""Não Informado"";""Não Informado"";NA;""Não Informado"";0;0;0;0;-10",0192682;-48,"77867485;""SR-TO"";""UOP02/TO"";"""""
"261675;NA;2020-01-09;""quinta"";""12:20:00"";""TO"";153;473","7;""MIRACEMA DO TOCANTINS"";""Não"";""Desobediência às normas de trânsito pelo condutor"";1;""Colisão frontal"";""Sem Vítimas"";""Pleno dia"";""Decrescente"";""Garoa/Chuvisco"";""Simples"";""Desvio Temporário"";""Não"";466938;""Semireboque"";""REB/TRUCK GALEGO SR"";2012;""Não Informado"";""Não Informado"";NA;""Não Informado"";0;0;0;0;-10",0192682;-48,"77867485;""SR-TO"";""UOP02/TO"";"""""
"261675;584633;2020-01-09;""quinta"";""12:20:00"";""TO"";153;473","7;""MIRACEMA DO TOCANTINS"";""Não"";""Desobediência às normas de trânsito pelo condutor"";1;""Colisão frontal"";""Sem Vítimas"";""Pleno dia"";""Decrescente"";""Garoa/Chuvisco"";""Simples"";""Desvio Temporário"";""Não"";466908;""Caminhão-trator"";""SCANIA/G 420 A4X2"";2011;""Condutor"";""Ileso"";28;""Masculino"";1;0;0;0;-10",0192682;-48,"77867485;""SR-TO"";""UOP02/TO"";"""""
"261675;NA;2020-01-09;""quinta"";""12:20:00"";""TO"";153;473","7;""MIRACEMA DO TOCANTINS"";""Não"";""Desobediência às normas de trânsito pelo condutor"";1;""Colisão frontal"";""Sem Vítimas"";""Pleno dia"";""Decrescente"";""Garoa/Chuvisco"";""Simples"";""Desvio Temporário"";""Não"";466958;""Semireboque"";""SR/NOMA SR2E18RT2 CG"";2007;""Não Informado"";""Não Informado"";NA;""Não Informado"";0;0;0;0;-10",0192682;-48,"77867485;""SR-TO"";""UOP02/TO"";"""""
"261675;584637;2020-01-09;""quinta"";""12:20:00"";""TO"";153;473","7;""MIRACEMA DO TOCANTINS"";""Não"";""Desobediência às normas de trânsito pelo condutor"";1;""Colisão frontal"";""Sem Vítimas"";""Pleno dia"";""Decrescente"";""Garoa/Chuvisco"";""Simples"";""Desvio Temporário"";""Não"";466935;""Caminhão-trator"";""VOLVO/FH 500 6X4T"";2012;""Condutor"";""Ileso"";44;""Masculino"";1;0;0;0;-10",0192682;-48,"77867485;""SR-TO"";""UOP02/TO"";"""""
"261675;NA;2020-01-09;""quinta"";""12:20:00"";""TO"";153;473","7;""MIRACEMA DO TOCANTINS"";""Não"";""Desobediência às normas de trânsito pelo condutor"";1;""Colisão frontal"";""Sem Vítimas"";""Pleno dia"";""Decrescente"";""Garoa/Chuvisco"";""Simples"";""Desvio Temporário"";""Não"";466943;""Semireboque"";""SR/RANDON SR CA"";2018;""Não Informado"";""Não Informado"";NA;""Não Informado"";0;0;0;0;-10",0192682;-48,"77867485;""SR-TO"";""UOP02/TO"";"""""
"261675;NA;2020-01-09;""quinta"";""12:20:00"";""TO"";153;473","7;""MIRACEMA DO TOCANTINS"";""Não"";""Desobediência às normas de trânsito pelo condutor"";1;""Colisão frontal"";""Sem Vítimas"";""Pleno dia"";""Decrescente"";""Garoa/Chuvisco"";""Simples"";""Desvio Temporário"";""Não"";466950;""Semireboque"";""SR/RANDON SR CA"";2018;""Não Informado"";""Não Informado"";NA;""Não Informado"";0;0;0;0;-10",0192682;-48,"77867485;""SR-TO"";""UOP02/TO"";"""""
"261675;584635;2020-01-09;""quinta"";""12:20:00"";""TO"";153;473","7;""MIRACEMA DO TOCANTINS"";""Não"";""Desobediência às normas de trânsito pelo condutor"";1;""Colisão frontal"";""Sem Vítimas"";""Pleno dia"";""Decrescente"";""Garoa/Chuvisco"";""Simples"";""Desvio Temporário"";""Não"";466909;""Caminhão-trator"";""SCANIA/R450 A6X2"";2018;""Condutor"";""Ileso"";37;""Masculino"";1;0;0;0;-10",0192682;-48,"77867485;""SR-TO"";""UOP02/TO"";"""""
"261675;NA;2020-01-09;""quinta"";""12:20:00"";""TO"";153;473","7;""MIRACEMA DO TOCANTINS"";""Não"";""Desobediência às normas de trânsito pelo condutor"";1;""Colisão frontal"";""Sem Vítimas"";""Pleno dia"";""Decrescente"";""Garoa/Chuvisco"";""Simples"";""Desvio Temporário"";""Não"";466956;""Semireboque"";""SR/NOMA SR2E18RT1 CG"";2007;""Não Informado"";""Não Informado"";NA;""Não Informado"";0;0;0;0;-10",0192682;-48,"77867485;""SR-TO"";""UOP02/TO"";"""""
"261675;NA;2020-01-09;""quinta"";""12:20:00"";""TO"";153;473","7;""MIRACEMA DO TOCANTINS"";""Não"";""Falta de Atenção à Condução"";1;""Colisão frontal"";""Sem Vítimas"";""Pleno dia"";""Decrescente"";""Garoa/Chuvisco"";""Simples"";""Desvio Temporário"";""Não"";466938;""Semireboque"";""REB/TRUCK GALEGO SR"";2012;""Não Informado"";""Não Informado"";NA;""Não Informado"";0;0;0;0;-10",0192682;-48,"77867485;""SR-TO"";""UOP02/TO"";"""""
"261675;584633;2020-01-09;""quinta"";""12:20:00"";""TO"";153;473","7;""MIRACEMA DO TOCANTINS"";""Não"";""Falta de Atenção à Condução"";1;""Colisão frontal"";""Sem Vítimas"";""Pleno dia"";""Decrescente"";""Garoa/Chuvisco"";""Simples"";""Desvio Temporário"";""Não"";466908;""Caminhão-trator"";""SCANIA/G 420 A4X2"";2011;""Condutor"";""Ileso"";28;""Masculino"";1;0;0;0;-10",0192682;-48,"77867485;""SR-TO"";""UOP02/TO"";"""""
"261675;NA;2020-01-09;""quinta"";""12:20:00"";""TO"";153;473","7;""MIRACEMA DO TOCANTINS"";""Não"";""Falta de Atenção à Condução"";1;""Colisão frontal"";""Sem Vítimas"";""Pleno dia"";""Decrescente"";""Garoa/Chuvisco"";""Simples"";""Desvio Temporário"";""Não"";466958;""Semireboque"";""SR/NOMA SR2E18RT2 CG"";2007;""Não Informado"";""Não Informado"";NA;""Não Informado"";0;0;0;0;-10",0192682;-48,"77867485;""SR-TO"";""UOP02/TO"";"""""
"261675;584637;2020-01-09;""quinta"";""12:20:00"";""TO"";153;473","7;""MIRACEMA DO TOCANTINS"";""Não"";""Falta de Atenção à Condução"";1;""Colisão frontal"";""Sem Vítimas"";""Pleno dia"";""Decrescente"";""Garoa/Chuvisco"";""Simples"";""Desvio Temporário"";""Não"";466935;""Caminhão-trator"";""VOLVO/FH 500 6X4T"";2012;""Condutor"";""Ileso"";44;""Masculino"";1;0;0;0;-10",0192682;-48,"77867485;""SR-TO"";""UOP02/TO"";"""""
"261675;NA;2020-01-09;""quinta"";""12:20:00"";""TO"";153;473","7;""MIRACEMA DO TOCANTINS"";""Não"";""Falta de Atenção à Condução"";1;""Colisão frontal"";""Sem Vítimas"";""Pleno dia"";""Decrescente"";""Garoa/Chuvisco"";""Simples"";""Desvio Temporário"";""Não"";466943;""Semireboque"";""SR/RANDON SR CA"";2018;""Não Informado"";""Não Informado"";NA;""Não Informado"";0;0;0;0;-10",0192682;-48,"77867485;""SR-TO"";""UOP02/TO"";"""""
"261675;NA;2020-01-09;""quinta"";""12:20:00"";""TO"";153;473","7;""MIRACEMA DO TOCANTINS"";""Não"";""Falta de Atenção à Condução"";1;""Colisão frontal"";""Sem Vítimas"";""Pleno dia"";""Decrescente"";""Garoa/Chuvisco"";""Simples"";""Desvio Temporário"";""Não"";466950;""Semireboque"";""SR/RANDON SR CA"";2018;""Não Informado"";""Não Informado"";NA;""Não Informado"";0;0;0;0;-10",0192682;-48,"77867485;""SR-TO"";""UOP02/TO"";"""""
"261675;584635;2020-01-09;""quinta"";""12:20:00"";""TO"";153;473","7;""MIRACEMA DO TOCANTINS"";""Não"";""Falta de Atenção à Condução"";1;""Colisão frontal"";""Sem Vítimas"";""Pleno dia"";""Decrescente"";""Garoa/Chuvisco"";""Simples"";""Desvio Temporário"";""Não"";466909;""Caminhão-trator"";""SCANIA/R450 A6X2"";2018;""Condutor"";""Ileso"";37;""Masculino"";1;0;0;0;-10",0192682;-48,"77867485;""SR-TO"";""UOP02/TO"";"""""
"261675;NA;2020-01-09;""quinta"";""12:20:00"";""TO"";153;473","7;""MIRACEMA DO TOCANTINS"";""Não"";""Falta de Atenção à Condução"";1;""Colisão frontal"";""Sem Vítimas"";""Pleno dia"";""Decrescente"";""Garoa/Chuvisco"";""Simples"";""Desvio Temporário"";""Não"";466956;""Semireboque"";""SR/NOMA SR2E18RT1 CG"";2007;""Não Informado"";""Não Informado"";NA;""Não Informado"";0;0;0;0;-10",0192682;-48,"77867485;""SR-TO"";""UOP02/TO"";"""""
"261677;582621;2020-01-09;""quinta"";""10:50:00"";""MA"";222;671;""ACAILANDIA"";""Sim"";""Ingestão de Álcool"";2;""Tombamento"";""Com Vítimas Feridas"";""Pleno dia"";""Crescente"";""Sol"";""Simples"";""Não Informado"";""Sim"";466823;""Motocicleta"";""HONDA/POP100"";2010;""Condutor"";""Lesões Graves"";46;""Masculino"";0;0;1;0;-4",94785739;-47,"4775672;""SR-MA"";""DEL18/4"";""UOP03/MA""",
"261677;582627;2020-01-09;""quinta"";""10:50:00"";""MA"";222;671;""ACAILANDIA"";""Sim"";""Ingestão de Álcool"";2;""Tombamento"";""Com Vítimas Feridas"";""Pleno dia"";""Crescente"";""Sol"";""Simples"";""Não Informado"";""Sim"";466824;""Caminhonete"";""CHEVROLET/S10 ADV FD2"";2019;""Passageiro"";""Ileso"";55;""Masculino"";1;0;0;0;-4",94785739;-47,"4775672;""SR-MA"";""DEL18/4"";""UOP03/MA""",
"261677;582625;2020-01-09;""quinta"";""10:50:00"";""MA"";222;671;""ACAILANDIA"";""Sim"";""Ingestão de Álcool"";2;""Tombamento"";""Com Vítimas Feridas"";""Pleno dia"";""Crescente"";""Sol"";""Simples"";""Não Informado"";""Sim"";466824;""Caminhonete"";""CHEVROLET/S10 ADV FD2"";2019;""Condutor"";""Ileso"";35;""Masculino"";1;0;0;0;-4",94785739;-47,"4775672;""SR-MA"";""DEL18/4"";""UOP03/MA""",
"261677;582621;2020-01-09;""quinta"";""10:50:00"";""MA"";222;671;""ACAILANDIA"";""Sim"";""Ingestão de Álcool"";1;""Colisão traseira"";""Com Vítimas Feridas"";""Pleno dia"";""Crescente"";""Sol"";""Simples"";""Não Informado"";""Sim"";466823;""Motocicleta"";""HONDA/POP100"";2010;""Condutor"";""Lesões Graves"";46;""Masculino"";0;0;1;0;-4",94785739;-47,"4775672;""SR-MA"";""DEL18/4"";""UOP03/MA""",
"261677;582627;2020-01-09;""quinta"";""10:50:00"";""MA"";222;671;""ACAILANDIA"";""Sim"";""Ingestão de Álcool"";1;""Colisão traseira"";""Com Vítimas Feridas"";""Pleno dia"";""Crescente"";""Sol"";""Simples"";""Não Informado"";""Sim"";466824;""Caminhonete"";""CHEVROLET/S10 ADV FD2"";2019;""Passageiro"";""Ileso"";55;""Masculino"";1;0;0;0;-4",94785739;-47,"4775672;""SR-MA"";""DEL18/4"";""UOP03/MA""",
"261677;582625;2020-01-09;""quinta"";""10:50:00"";""MA"";222;671;""ACAILANDIA"";""Sim"";""Ingestão de Álcool"";1;""Colisão traseira"";""Com Vítimas Feridas"";""Pleno dia"";""Crescente"";""Sol"";""Simples"";""Não Informado"";""Sim"";466824;""Caminhonete"";""CHEVROLET/S10 ADV FD2"";2019;""Condutor"";""Ileso"";35;""Masculino"";1;0;0;0;-4",94785739;-47,"4775672;""SR-MA"";""DEL18/4"";""UOP03/MA""",
"261678;582725;2020-01-09;""quinta"";""12:23:00"";""PR"";116;152;""MANDIRITUBA"";""Sim"";""Não guardar distância de segurança"";1;""Colisão traseira"";""Com Vítimas Feridas"";""Pleno dia"";""Crescente"";""Sol"";""Simples"";""Reta"";""Não"";466897;""Automóvel"";""CHEVROLET/ONIX 1.0MT LT"";2017;""Condutor"";""Ileso"";48;""Masculino"";1;0;0;0;-25",83236296;-49,"33609707;""SR-PR"";""DEL7/1"";""UOP03/PR""",
"261678;582724;2020-01-09;""quinta"";""12:23:00"";""PR"";116;152;""MANDIRITUBA"";""Sim"";""Não guardar distância de segurança"";1;""Colisão traseira"";""Com Vítimas Feridas"";""Pleno dia"";""Crescente"";""Sol"";""Simples"";""Reta"";""Não"";466896;""Motocicleta"";""HONDA/CG 150 FAN ESI"";2010;""Condutor"";""Lesões Leves"";26;""Masculino"";0;1;0;0;-25",83236296;-49,"33609707;""SR-PR"";""DEL7/1"";""UOP03/PR""",
"261679;NA;2020-01-09;""quinta"";""11:15:00"";""MT"";364;264;""SAO PEDRO DA CIPA"";""Sim"";""Ultrapassagem Indevida"";1;""Colisão frontal"";""Com Vítimas Feridas"";""Pleno dia"";""Crescente"";""Céu Claro"";""Simples"";""Reta"";""Não"";468358;""Semireboque"";""SR/RANDON SR CA"";2000;""Não Informado"";""Não Informado"";NA;""Não Informado"";0;0;0;0;-16",01057325;-54,"91344724;""SR-MT"";""DEL2/1"";""UOP02/MT""",
"261679;NA;2020-01-09;""quinta"";""11:15:00"";""MT"";364;264;""SAO PEDRO DA CIPA"";""Sim"";""Ultrapassagem Indevida"";1;""Colisão frontal"";""Com Vítimas Feridas"";""Pleno dia"";""Crescente"";""Céu Claro"";""Simples"";""Reta"";""Não"";468355;""Semireboque"";""SR/RANDON SR CA"";2000;""Não Informado"";""Não Informado"";NA;""Não Informado"";0;0;0;0;-16",01057325;-54,"91344724;""SR-MT"";""DEL2/1"";""UOP02/MT""",
"261679;582624;2020-01-09;""quinta"";""11:15:00"";""MT"";364;264;""SAO PEDRO DA CIPA"";""Sim"";""Ultrapassagem Indevida"";1;""Colisão frontal"";""Com Vítimas Feridas"";""Pleno dia"";""Crescente"";""Céu Claro"";""Simples"";""Reta"";""Não"";466841;""Caminhão-trator"";""SCANIA/T114 GA4X2NZ 360"";1999;""Condutor"";""Lesões Leves"";28;""Masculino"";0;1;0;0;-16",01057325;-54,"91344724;""SR-MT"";""DEL2/1"";""UOP02/MT""",
"261679;582623;2020-01-09;""quinta"";""11:15:00"";""MT"";364;264;""SAO PEDRO DA CIPA"";""Sim"";""Ultrapassagem Indevida"";1;""Colisão frontal"";""Com Vítimas Feridas"";""Pleno dia"";""Crescente"";""Céu Claro"";""Simples"";""Reta"";""Não"";466840;""Caminhonete"";""FIAT/STRADA FIRE FLEX"";2007;""Condutor"";""Lesões Leves"";24;""Masculino"";0;1;0;0;-16",01057325;-54,"91344724;""SR-MT"";""DEL2/1"";""UOP02/MT""",
"261680;587286;2020-01-09;""quinta"";""12:40:00"";""RJ"";101;59;""CAMPOS DOS GOYTACAZES"";""Sim"";""Falta de Atenção à Condução"";1;""Colisão frontal"";""Com Vítimas Feridas"";""Pleno dia"";""Decrescente"";""Céu Claro"";""Simples"";""Reta"";""Sim"";466904;""Automóvel"";""VW/GOL 1.0"";2010;""Condutor"";""Ileso"";31;""Masculino"";1;0;0;0;-21",71366497;-41,"30861915;""SR-RJ"";""DEL5/8"";""UOP01/RJ""",
"261680;587285;2020-01-09;""quinta"";""12:40:00"";""RJ"";101;59;""CAMPOS DOS GOYTACAZES"";""Sim"";""Falta de Atenção à Condução"";1;""Colisão frontal"";""Com Vítimas Feridas"";""Pleno dia"";""Decrescente"";""Céu Claro"";""Simples"";""Reta"";""Sim"";466903;""Motocicleta"";""HONDA/CG 150 TITAN KS"";2008;""Condutor"";""Lesões Leves"";23;""Masculino"";0;1;0;0;-21",71366497;-41,"30861915;""SR-RJ"";""DEL5/8"";""UOP01/RJ""",
"261681;582758;2020-01-09;""quinta"";""10:30:00"";""BA"";101;504","9;""ITABUNA"";""Sim"";""Velocidade Incompatível"";1;""Colisão traseira"";""Com Vítimas Feridas"";""Pleno dia"";""Decrescente"";""Sol"";""Simples"";""Reta"";""Não"";466922;""Automóvel"";""CHEVROLET/COBALT 1.4 LT"";2014;""Condutor"";""Ileso"";50;""Masculino"";1;0;0;0;-14",94042206;-39,"30397277;""SR-BA"";""DEL10/5"";""UOP01/BA"""
"261681;582755;2020-01-09;""quinta"";""10:30:00"";""BA"";101;504","9;""ITABUNA"";""Sim"";""Velocidade Incompatível"";1;""Colisão traseira"";""Com Vítimas Feridas"";""Pleno dia"";""Decrescente"";""Sol"";""Simples"";""Reta"";""Não"";466921;""Motocicleta"";""HONDA/CG 160 FAN ESDI"";2016;""Condutor"";""Lesões Graves"";28;""Masculino"";0;0;1;0;-14",94042206;-39,"30397277;""SR-BA"";""DEL10/5"";""UOP01/BA"""
"261682;582690;2020-01-09;""quinta"";""12:39:00"";""PE"";232;84;""GRAVATA"";""Sim"";""Falta de Atenção à Condução"";2;""Colisão com objeto estático"";""Sem Vítimas"";""Pleno dia"";""Decrescente"";""Sol"";""Dupla"";""Reta"";""Não"";466863;""Automóvel"";""I/VW SPACEFOX TL MBV"";2019;""Condutor"";""Ileso"";34;""Masculino"";1;0;0;0;-8",20652068;-35,"60312748;""SR-PE"";""DEL11/1"";""UOP04/PE""",
"261682;582744;2020-01-09;""quinta"";""12:39:00"";""PE"";232;84;""GRAVATA"";""Sim"";""Falta de Atenção à Condução"";2;""Colisão com objeto estático"";""Sem Vítimas"";""Pleno dia"";""Decrescente"";""Sol"";""Dupla"";""Reta"";""Não"";466863;""Automóvel"";""I/VW SPACEFOX TL MBV"";2019;""Passageiro"";""Ileso"";18;""Masculino"";1;0;0;0;-8",20652068;-35,"60312748;""SR-PE"";""DEL11/1"";""UOP04/PE""",
"261682;582743;2020-01-09;""quinta"";""12:39:00"";""PE"";232;84;""GRAVATA"";""Sim"";""Falta de Atenção à Condução"";2;""Colisão com objeto estático"";""Sem Vítimas"";""Pleno dia"";""Decrescente"";""Sol"";""Dupla"";""Reta"";""Não"";466863;""Automóvel"";""I/VW SPACEFOX TL MBV"";2019;""Passageiro"";""Ileso"";37;""Masculino"";1;0;0;0;-8",20652068;-35,"60312748;""SR-PE"";""DEL11/1"";""UOP04/PE""",
"261682;582742;2020-01-09;""quinta"";""12:39:00"";""PE"";232;84;""GRAVATA"";""Sim"";""Falta de Atenção à Condução"";2;""Colisão com objeto estático"";""Sem Vítimas"";""Pleno dia"";""Decrescente"";""Sol"";""Dupla"";""Reta"";""Não"";466863;""Automóvel"";""I/VW SPACEFOX TL MBV"";2019;""Passageiro"";""Ileso"";40;""Masculino"";1;0;0;0;-8",20652068;-35,"60312748;""SR-PE"";""DEL11/1"";""UOP04/PE""",
"261682;582692;2020-01-09;""quinta"";""12:39:00"";""PE"";232;84;""GRAVATA"";""Sim"";""Falta de Atenção à Condução"";2;""Colisão com objeto estático"";""Sem Vítimas"";""Pleno dia"";""Decrescente"";""Sol"";""Dupla"";""Reta"";""Não"";466863;""Automóvel"";""I/VW SPACEFOX TL MBV"";2019;""Passageiro"";""Ileso"";38;""Masculino"";1;0;0;0;-8",20652068;-35,"60312748;""SR-PE"";""DEL11/1"";""UOP04/PE""",
"261682;584607;2020-01-09;""quinta"";""12:39:00"";""PE"";232;84;""GRAVATA"";""Sim"";""Falta de Atenção à Condução"";2;""Colisão com objeto estático"";""Sem Vítimas"";""Pleno dia"";""Decrescente"";""Sol"";""Dupla"";""Reta"";""Não"";468388;""Automóvel"";""VW/PARATI"";NA;""Condutor"";""Não Informado"";NA;""Não Informado"";0;0;0;0;-8",20652068;-35,"60312748;""SR-PE"";""DEL11/1"";""UOP04/PE""",
"261682;582690;2020-01-09;""quinta"";""12:39:00"";""PE"";232;84;""GRAVATA"";""Sim"";""Falta de Atenção à Condução"";1;""Saída de leito carroçável"";""Sem Vítimas"";""Pleno dia"";""Decrescente"";""Sol"";""Dupla"";""Reta"";""Não"";466863;""Automóvel"";""I/VW SPACEFOX TL MBV"";2019;""Condutor"";""Ileso"";34;""Masculino"";1;0;0;0;-8",20652068;-35,"60312748;""SR-PE"";""DEL11/1"";""UOP04/PE""",
"261682;582744;2020-01-09;""quinta"";""12:39:00"";""PE"";232;84;""GRAVATA"";""Sim"";""Falta de Atenção à Condução"";1;""Saída de leito carroçável"";""Sem Vítimas"";""Pleno dia"";""Decrescente"";""Sol"";""Dupla"";""Reta"";""Não"";466863;""Automóvel"";""I/VW SPACEFOX TL MBV"";2019;""Passageiro"";""Ileso"";18;""Masculino"";1;0;0;0;-8",20652068;-35,"60312748;""SR-PE"";""DEL11/1"";""UOP04/PE""",
"261682;582743;2020-01-09;""quinta"";""12:39:00"";""PE"";232;84;""GRAVATA"";""Sim"";""Falta de Atenção à Condução"";1;""Saída de leito carroçável"";""Sem Vítimas"";""Pleno dia"";""Decrescente"";""Sol"";""Dupla"";""Reta"";""Não"";466863;""Automóvel"";""I/VW SPACEFOX TL MBV"";2019;""Passageiro"";""Ileso"";37;""Masculino"";1;0;0;0;-8",20652068;-35,"60312748;""SR-PE"";""DEL11/1"";""UOP04/PE""",
"261682;582742;2020-01-09;""quinta"";""12:39:00"";""PE"";232;84;""GRAVATA"";""Sim"";""Falta de Atenção à Condução"";1;""Saída de leito carroçável"";""Sem Vítimas"";""Pleno dia"";""Decrescente"";""Sol"";""Dupla"";""Reta"";""Não"";466863;""Automóvel"";""I/VW SPACEFOX TL MBV"";2019;""Passageiro"";""Ileso"";40;""Masculino"";1;0;0;0;-8",20652068;-35,"60312748;""SR-PE"";""DEL11/1"";""UOP04/PE""",
"261682;582692;2020-01-09;""quinta"";""12:39:00"";""PE"";232;84;""GRAVATA"";""Sim"";""Falta de Atenção à Condução"";1;""Saída de leito carroçável"";""Sem Vítimas"";""Pleno dia"";""Decrescente"";""Sol"";""Dupla"";""Reta"";""Não"";466863;""Automóvel"";""I/VW SPACEFOX TL MBV"";2019;""Passageiro"";""Ileso"";38;""Masculino"";1;0;0;0;-8",20652068;-35,"60312748;""SR-PE"";""DEL11/1"";""UOP04/PE""",
"261682;584607;2020-01-09;""quinta"";""12:39:00"";""PE"";232;84;""GRAVATA"";""Sim"";""Falta de Atenção à Condução"";1;""Saída de leito carroçável"";""Sem Vítimas"";""Pleno dia"";""Decrescente"";""Sol"";""Dupla"";""Reta"";""Não"";468388;""Automóvel"";""VW/PARATI"";NA;""Condutor"";""Não Informado"";NA;""Não Informado"";0;0;0;0;-8",20652068;-35,"60312748;""SR-PE"";""DEL11/1"";""UOP04/PE""",
"261685;582721;2020-01-09;""quinta"";""13:20:00"";""PR"";116;131","8;""MANDIRITUBA"";""Sim"";""Falta de Atenção à Condução"";1;""Queda de ocupante de veículo"";""Com Vítimas Feridas"";""Pleno dia"";""Decrescente"";""Sol"";""Simples"";""Viaduto"";""Não"";466905;""Motocicleta"";""HONDA/CG 125 FAN ES"";2012;""Passageiro"";""Lesões Leves"";23;""Feminino"";0;1;0;0;-25",648307;-49,"31251207;""SR-PR"";""DEL7/1"";""UOP03/PR"""