"id;""pesid"";""data_inversa"";""dia_semana"";""horario"";""uf"";""br"";""km"";""municipio"";""causa_principal"";""causa_acidente"";""ordem_tipo_acidente"";""tipo_acidente"";""classificacao_acidente"";""fase_dia"";""sentido_via"";""condicao_metereologica"";""tipo_pista"";""tracado_via"";""uso_solo"";""id_veiculo"";""tipo_veiculo"";""marca"";""ano_fabricacao_veiculo"";""tipo_envolvido"";""estado_fisico"";""idade"";""sexo"";""ilesos"";""feridos_leves"";""feridos_graves"";""mortos"";""latitude"";""longitude"";""regional"";""delegacia"";""uop""",,,
"261693;582757;2020-01-09;""quinta"";""13:50:00"";""MG"";153;33","8;""CANAPOLIS"";""Não"";""Fenômenos da Natureza"";1;""Colisão frontal"";""Com Vítimas Fatais"";""Pleno dia"";""Crescente"";""Chuva"";""Dupla"";""Reta"";""Não"";466930;""Utilitário"";""JEEP/RENEGADE SPORT AT D"";2016;""Passageiro"";""Óbito"";61;""Feminino"";0;0;0;1;-18",707942;-49,"139841;""SR-MG"";""DEL4/15"";""UOP03/MG"""
"261693;582756;2020-01-09;""quinta"";""13:50:00"";""MG"";153;33","8;""CANAPOLIS"";""Não"";""Fenômenos da Natureza"";1;""Colisão frontal"";""Com Vítimas Fatais"";""Pleno dia"";""Crescente"";""Chuva"";""Dupla"";""Reta"";""Não"";466930;""Utilitário"";""JEEP/RENEGADE SPORT AT D"";2016;""Condutor"";""Óbito"";72;""Masculino"";0;0;0;1;-18",707942;-49,"139841;""SR-MG"";""DEL4/15"";""UOP03/MG"""
"261693;582898;2020-01-09;""quinta"";""13:50:00"";""MG"";153;33","8;""CANAPOLIS"";""Sim"";""Velocidade Incompatível"";1;""Colisão frontal"";""Com Vítimas Fatais"";""Pleno dia"";""Crescente"";""Chuva"";""Dupla"";""Reta"";""Não"";466932;""Ônibus"";""M.BENZ/MASCA ROMA R"";2012;""Testemunha"";""Não Informado"";NA;""Não Informado"";0;0;0;0;-18",707942;-49,"139841;""SR-MG"";""DEL4/15"";""UOP03/MG"""
"261693;582888;2020-01-09;""quinta"";""13:50:00"";""MG"";153;33","8;""CANAPOLIS"";""Sim"";""Velocidade Incompatível"";1;""Colisão frontal"";""Com Vítimas Fatais"";""Pleno dia"";""Crescente"";""Chuva"";""Dupla"";""Reta"";""Não"";466932;""Ônibus"";""M.BENZ/MASCA ROMA R"";2012;""Condutor"";""Ileso"";40;""Masculino"";1;0;0;0;-18",707942;-49,"139841;""SR-MG"";""DEL4/15"";""UOP03/MG"""
"261693;582898;2020-01-09;""quinta"";""13:50:00"";""MG"";153;33","8;""CANAPOLIS"";""Sim"";""Velocidade Incompatível"";1;""Colisão frontal"";""Com Vítimas Fatais"";""Pleno dia"";""Crescente"";""Chuva"";""Dupla"";""Reta"";""Não"";466931;""Utilitário"";""I/MMC PAJERO HPE 3.2 D"";2018;""Testemunha"";""Não Informado"";NA;""Não Informado"";0;0;0;0;-18",707942;-49,"139841;""SR-MG"";""DEL4/15"";""UOP03/MG"""
"261693;582886;2020-01-09;""quinta"";""13:50:00"";""MG"";153;33","8;""CANAPOLIS"";""Sim"";""Velocidade Incompatível"";1;""Colisão frontal"";""Com Vítimas Fatais"";""Pleno dia"";""Crescente"";""Chuva"";""Dupla"";""Reta"";""Não"";466931;""Utilitário"";""I/MMC PAJERO HPE 3.2 D"";2018;""Passageiro"";""Lesões Graves"";69;""Feminino"";0;0;1;0;-18",707942;-49,"139841;""SR-MG"";""DEL4/15"";""UOP03/MG"""
"261693;582885;2020-01-09;""quinta"";""13:50:00"";""MG"";153;33","8;""CANAPOLIS"";""Sim"";""Velocidade Incompatível"";1;""Colisão frontal"";""Com Vítimas Fatais"";""Pleno dia"";""Crescente"";""Chuva"";""Dupla"";""Reta"";""Não"";466931;""Utilitário"";""I/MMC PAJERO HPE 3.2 D"";2018;""Condutor"";""Lesões Graves"";62;""Masculino"";0;0;1;0;-18",707942;-49,"139841;""SR-MG"";""DEL4/15"";""UOP03/MG"""
"261693;582898;2020-01-09;""quinta"";""13:50:00"";""MG"";153;33","8;""CANAPOLIS"";""Sim"";""Velocidade Incompatível"";1;""Colisão frontal"";""Com Vítimas Fatais"";""Pleno dia"";""Crescente"";""Chuva"";""Dupla"";""Reta"";""Não"";466930;""Utilitário"";""JEEP/RENEGADE SPORT AT D"";2016;""Testemunha"";""Não Informado"";NA;""Não Informado"";0;0;0;0;-18",707942;-49,"139841;""SR-MG"";""DEL4/15"";""UOP03/MG"""
"261693;582757;2020-01-09;""quinta"";""13:50:00"";""MG"";153;33","8;""CANAPOLIS"";""Sim"";""Velocidade Incompatível"";1;""Colisão frontal"";""Com Vítimas Fatais"";""Pleno dia"";""Crescente"";""Chuva"";""Dupla"";""Reta"";""Não"";466930;""Utilitário"";""JEEP/RENEGADE SPORT AT D"";2016;""Passageiro"";""Óbito"";61;""Feminino"";0;0;0;1;-18",707942;-49,"139841;""SR-MG"";""DEL4/15"";""UOP03/MG"""
"261693;582756;2020-01-09;""quinta"";""13:50:00"";""MG"";153;33","8;""CANAPOLIS"";""Sim"";""Velocidade Incompatível"";1;""Colisão frontal"";""Com Vítimas Fatais"";""Pleno dia"";""Crescente"";""Chuva"";""Dupla"";""Reta"";""Não"";466930;""Utilitário"";""JEEP/RENEGADE SPORT AT D"";2016;""Condutor"";""Óbito"";72;""Masculino"";0;0;0;1;-18",707942;-49,"139841;""SR-MG"";""DEL4/15"";""UOP03/MG"""
"261693;582898;2020-01-09;""quinta"";""13:50:00"";""MG"";153;33","8;""CANAPOLIS"";""Não"";""Pista Escorregadia"";1;""Colisão frontal"";""Com Vítimas Fatais"";""Pleno dia"";""Crescente"";""Chuva"";""Dupla"";""Reta"";""Não"";466932;""Ônibus"";""M.BENZ/MASCA ROMA R"";2012;""Testemunha"";""Não Informado"";NA;""Não Informado"";0;0;0;0;-18",707942;-49,"139841;""SR-MG"";""DEL4/15"";""UOP03/MG"""
"261693;582888;2020-01-09;""quinta"";""13:50:00"";""MG"";153;33","8;""CANAPOLIS"";""Não"";""Pista Escorregadia"";1;""Colisão frontal"";""Com Vítimas Fatais"";""Pleno dia"";""Crescente"";""Chuva"";""Dupla"";""Reta"";""Não"";466932;""Ônibus"";""M.BENZ/MASCA ROMA R"";2012;""Condutor"";""Ileso"";40;""Masculino"";1;0;0;0;-18",707942;-49,"139841;""SR-MG"";""DEL4/15"";""UOP03/MG"""
"261693;582898;2020-01-09;""quinta"";""13:50:00"";""MG"";153;33","8;""CANAPOLIS"";""Não"";""Pista Escorregadia"";1;""Colisão frontal"";""Com Vítimas Fatais"";""Pleno dia"";""Crescente"";""Chuva"";""Dupla"";""Reta"";""Não"";466931;""Utilitário"";""I/MMC PAJERO HPE 3.2 D"";2018;""Testemunha"";""Não Informado"";NA;""Não Informado"";0;0;0;0;-18",707942;-49,"139841;""SR-MG"";""DEL4/15"";""UOP03/MG"""
"261693;582886;2020-01-09;""quinta"";""13:50:00"";""MG"";153;33","8;""CANAPOLIS"";""Não"";""Pista Escorregadia"";1;""Colisão frontal"";""Com Vítimas Fatais"";""Pleno dia"";""Crescente"";""Chuva"";""Dupla"";""Reta"";""Não"";466931;""Utilitário"";""I/MMC PAJERO HPE 3.2 D"";2018;""Passageiro"";""Lesões Graves"";69;""Feminino"";0;0;1;0;-18",707942;-49,"139841;""SR-MG"";""DEL4/15"";""UOP03/MG"""
"261693;582885;2020-01-09;""quinta"";""13:50:00"";""MG"";153;33","8;""CANAPOLIS"";""Não"";""Pista Escorregadia"";1;""Colisão frontal"";""Com Vítimas Fatais"";""Pleno dia"";""Crescente"";""Chuva"";""Dupla"";""Reta"";""Não"";466931;""Utilitário"";""I/MMC PAJERO HPE 3.2 D"";2018;""Condutor"";""Lesões Graves"";62;""Masculino"";0;0;1;0;-18",707942;-49,"139841;""SR-MG"";""DEL4/15"";""UOP03/MG"""
"261693;582898;2020-01-09;""quinta"";""13:50:00"";""MG"";153;33","8;""CANAPOLIS"";""Não"";""Pista Escorregadia"";1;""Colisão frontal"";""Com Vítimas Fatais"";""Pleno dia"";""Crescente"";""Chuva"";""Dupla"";""Reta"";""Não"";466930;""Utilitário"";""JEEP/RENEGADE SPORT AT D"";2016;""Testemunha"";""Não Informado"";NA;""Não Informado"";0;0;0;0;-18",707942;-49,"139841;""SR-MG"";""DEL4/15"";""UOP03/MG"""
"261693;582757;2020-01-09;""quinta"";""13:50:00"";""MG"";153;33","8;""CANAPOLIS"";""Não"";""Pista Escorregadia"";1;""Colisão frontal"";""Com Vítimas Fatais"";""Pleno dia"";""Crescente"";""Chuva"";""Dupla"";""Reta"";""Não"";466930;""Utilitário"";""JEEP/RENEGADE SPORT AT D"";2016;""Passageiro"";""Óbito"";61;""Feminino"";0;0;0;1;-18",707942;-49,"139841;""SR-MG"";""DEL4/15"";""UOP03/MG"""
"261693;582756;2020-01-09;""quinta"";""13:50:00"";""MG"";153;33","8;""CANAPOLIS"";""Não"";""Pista Escorregadia"";1;""Colisão frontal"";""Com Vítimas Fatais"";""Pleno dia"";""Crescente"";""Chuva"";""Dupla"";""Reta"";""Não"";466930;""Utilitário"";""JEEP/RENEGADE SPORT AT D"";2016;""Condutor"";""Óbito"";72;""Masculino"";0;0;0;1;-18",707942;-49,"139841;""SR-MG"";""DEL4/15"";""UOP03/MG"""
"261694;582794;2020-01-09;""quinta"";""13:01:00"";""SC"";282;330","5;""CAMPOS NOVOS"";""Sim"";""Ultrapassagem Indevida"";1;""Tombamento"";""Com Vítimas Feridas"";""Pleno dia"";""Crescente"";""Céu Claro"";""Simples"";""Reta"";""Não"";466957;""Caminhonete"";"""";NA;""Testemunha"";""Não Informado"";NA;""Não Informado"";0;0;0;0;-27",387941;-51,"116081;""SR-SC"";""DEL7"";""UOP08/SC"""
"261694;582791;2020-01-09;""quinta"";""13:01:00"";""SC"";282;330","5;""CAMPOS NOVOS"";""Sim"";""Ultrapassagem Indevida"";1;""Tombamento"";""Com Vítimas Feridas"";""Pleno dia"";""Crescente"";""Céu Claro"";""Simples"";""Reta"";""Não"";466957;""Caminhonete"";"""";NA;""Condutor"";""Não Informado"";NA;""Não Informado"";0;0;0;0;-27",387941;-51,"116081;""SR-SC"";""DEL7"";""UOP08/SC"""
"261694;582794;2020-01-09;""quinta"";""13:01:00"";""SC"";282;330","5;""CAMPOS NOVOS"";""Sim"";""Ultrapassagem Indevida"";1;""Tombamento"";""Com Vítimas Feridas"";""Pleno dia"";""Crescente"";""Céu Claro"";""Simples"";""Reta"";""Não"";466848;""Caminhão"";""M.BENZ/ATEGO 2425"";2011;""Testemunha"";""Não Informado"";NA;""Não Informado"";0;0;0;0;-27",387941;-51,"116081;""SR-SC"";""DEL7"";""UOP08/SC"""
"261694;582792;2020-01-09;""quinta"";""13:01:00"";""SC"";282;330","5;""CAMPOS NOVOS"";""Sim"";""Ultrapassagem Indevida"";1;""Tombamento"";""Com Vítimas Feridas"";""Pleno dia"";""Crescente"";""Céu Claro"";""Simples"";""Reta"";""Não"";466848;""Caminhão"";""M.BENZ/ATEGO 2425"";2011;""Condutor"";""Lesões Leves"";32;""Masculino"";0;1;0;0;-27",387941;-51,"116081;""SR-SC"";""DEL7"";""UOP08/SC"""
"261695;582864;2020-01-09;""quinta"";""10:30:00"";""MG"";381;500;""BETIM"";""Sim"";""Defeito Mecânico no Veículo"";1;""Tombamento"";""Com Vítimas Feridas"";""Pleno dia"";""Crescente"";""Céu Claro"";""Dupla"";""Reta"";""Não"";466856;""Motocicleta"";""HONDA/CG 160 TITAN EX"";2016;""Condutor"";""Lesões Leves"";43;""Masculino"";0;1;0;0;-20",02513493;-44,"23112709;""SR-MG"";""DEL4/1"";""UOP03/MG""",
"261696;582876;2020-01-09;""quinta"";""11:40:00"";""SC"";101;158;""PORTO BELO"";""Sim"";""Desobediência às normas de trânsito pelo condutor"";1;""Colisão lateral"";""Com Vítimas Feridas"";""Pleno dia"";""Crescente"";""Céu Claro"";""Simples"";""Retorno Regulamentado"";""Não"";467014;""Automóvel"";""GM/MERIVA JOY"";2006;""Condutor"";""Ileso"";24;""Masculino"";1;0;0;0;-27",19096301;-48,"61259017;""SR-SC"";""DEL8/4"";""UOP03/SC""",
"261696;582877;2020-01-09;""quinta"";""11:40:00"";""SC"";101;158;""PORTO BELO"";""Sim"";""Desobediência às normas de trânsito pelo condutor"";1;""Colisão lateral"";""Com Vítimas Feridas"";""Pleno dia"";""Crescente"";""Céu Claro"";""Simples"";""Retorno Regulamentado"";""Não"";467015;""Automóvel"";""HYUNDAI/HB20 1.6M 1.6M"";2016;""Condutor"";""Lesões Leves"";83;""Masculino"";0;1;0;0;-27",19096301;-48,"61259017;""SR-SC"";""DEL8/4"";""UOP03/SC""",
"261696;582878;2020-01-09;""quinta"";""11:40:00"";""SC"";101;158;""PORTO BELO"";""Sim"";""Desobediência às normas de trânsito pelo condutor"";1;""Colisão lateral"";""Com Vítimas Feridas"";""Pleno dia"";""Crescente"";""Céu Claro"";""Simples"";""Retorno Regulamentado"";""Não"";467015;""Automóvel"";""HYUNDAI/HB20 1.6M 1.6M"";2016;""Passageiro"";""Lesões Leves"";78;""Feminino"";0;1;0;0;-27",19096301;-48,"61259017;""SR-SC"";""DEL8/4"";""UOP03/SC""",
"261697;586449;2020-01-09;""quinta"";""12:20:00"";""SC"";101;128","8;""ITAJAI"";""Sim"";""Não guardar distância de segurança"";1;""Colisão traseira"";""Com Vítimas Feridas"";""Pleno dia"";""Crescente"";""Sol"";""Dupla"";""Curva"";""Sim"";467106;""Motocicleta"";""HONDA/XRE 300"";2010;""Condutor"";""Lesões Leves"";51;""Masculino"";0;1;0;0;-26",97284292;-48,"68299451;""SR-SC"";""DEL8/4"";""UOP03/SC"""
"261697;586448;2020-01-09;""quinta"";""12:20:00"";""SC"";101;128","8;""ITAJAI"";""Sim"";""Não guardar distância de segurança"";1;""Colisão traseira"";""Com Vítimas Feridas"";""Pleno dia"";""Crescente"";""Sol"";""Dupla"";""Curva"";""Sim"";467105;""Utilitário"";""I/LEXUS RX350 F SPORT"";2016;""Condutor"";""Ileso"";59;""Masculino"";1;0;0;0;-26",97284292;-48,"68299451;""SR-SC"";""DEL8/4"";""UOP03/SC"""
"261698;582703;2020-01-09;""quinta"";""14:00:00"";""SC"";101;208;""SAO JOSE"";""Sim"";""Falta de Atenção à Condução"";1;""Colisão lateral"";""Com Vítimas Feridas"";""Pleno dia"";""Decrescente"";""Céu Claro"";""Múltipla"";""Reta"";""Não"";466892;""Automóvel"";""I/CHEV TRACKER LTZ AT"";2017;""Condutor"";""Ileso"";59;""Masculino"";1;0;0;0;-27",60327979;-48,"63201818;""SR-SC"";""DEL8/1"";""UOP01/SC""",
"261698;582702;2020-01-09;""quinta"";""14:00:00"";""SC"";101;208;""SAO JOSE"";""Sim"";""Falta de Atenção à Condução"";1;""Colisão lateral"";""Com Vítimas Feridas"";""Pleno dia"";""Decrescente"";""Céu Claro"";""Múltipla"";""Reta"";""Não"";466870;""Motocicleta"";""YAMAHA/YBR150 FACTOR ED"";2019;""Condutor"";""Lesões Leves"";22;""Feminino"";0;1;0;0;-27",60327979;-48,"63201818;""SR-SC"";""DEL8/1"";""UOP01/SC""",
"261699;582745;2020-01-09;""quinta"";""14:30:00"";""ES"";101;334;""GUARAPARI"";""Sim"";""Falta de Atenção à Condução"";1;""Colisão traseira"";""Com Vítimas Feridas"";""Pleno dia"";""Decrescente"";""Céu Claro"";""Simples"";""Reta"";""Não"";466919;""Motocicleta"";""HONDA/CB 300R"";2013;""Condutor"";""Lesões Leves"";23;""Masculino"";0;1;0;0;-20",6213791;-40,"52011191;""SR-ES"";""DEL12/3"";""UOP01/ES""",
"261699;582748;2020-01-09;""quinta"";""14:30:00"";""ES"";101;334;""GUARAPARI"";""Sim"";""Falta de Atenção à Condução"";1;""Colisão traseira"";""Com Vítimas Feridas"";""Pleno dia"";""Decrescente"";""Céu Claro"";""Simples"";""Reta"";""Não"";466920;""Automóvel"";"""";NA;""Condutor"";""Não Informado"";NA;""Não Informado"";0;0;0;0;-20",6213791;-40,"52011191;""SR-ES"";""DEL12/3"";""UOP01/ES""",
"261699;582745;2020-01-09;""quinta"";""14:30:00"";""ES"";101;334;""GUARAPARI"";""Sim"";""Falta de Atenção à Condução"";2;""Queda de ocupante de veículo"";""Com Vítimas Feridas"";""Pleno dia"";""Decrescente"";""Céu Claro"";""Simples"";""Reta"";""Não"";466919;""Motocicleta"";""HONDA/CB 300R"";2013;""Condutor"";""Lesões Leves"";23;""Masculino"";0;1;0;0;-20",6213791;-40,"52011191;""SR-ES"";""DEL12/3"";""UOP01/ES""",
"261699;582748;2020-01-09;""quinta"";""14:30:00"";""ES"";101;334;""GUARAPARI"";""Sim"";""Falta de Atenção à Condução"";2;""Queda de ocupante de veículo"";""Com Vítimas Feridas"";""Pleno dia"";""Decrescente"";""Céu Claro"";""Simples"";""Reta"";""Não"";466920;""Automóvel"";"""";NA;""Condutor"";""Não Informado"";NA;""Não Informado"";0;0;0;0;-20",6213791;-40,"52011191;""SR-ES"";""DEL12/3"";""UOP01/ES""",
"261699;582745;2020-01-09;""quinta"";""14:30:00"";""ES"";101;334;""GUARAPARI"";""Não"";""Não guardar distância de segurança"";1;""Colisão traseira"";""Com Vítimas Feridas"";""Pleno dia"";""Decrescente"";""Céu Claro"";""Simples"";""Reta"";""Não"";466919;""Motocicleta"";""HONDA/CB 300R"";2013;""Condutor"";""Lesões Leves"";23;""Masculino"";0;1;0;0;-20",6213791;-40,"52011191;""SR-ES"";""DEL12/3"";""UOP01/ES""",
"261699;582748;2020-01-09;""quinta"";""14:30:00"";""ES"";101;334;""GUARAPARI"";""Não"";""Não guardar distância de segurança"";1;""Colisão traseira"";""Com Vítimas Feridas"";""Pleno dia"";""Decrescente"";""Céu Claro"";""Simples"";""Reta"";""Não"";466920;""Automóvel"";"""";NA;""Condutor"";""Não Informado"";NA;""Não Informado"";0;0;0;0;-20",6213791;-40,"52011191;""SR-ES"";""DEL12/3"";""UOP01/ES""",
"261699;582745;2020-01-09;""quinta"";""14:30:00"";""ES"";101;334;""GUARAPARI"";""Não"";""Não guardar distância de segurança"";2;""Queda de ocupante de veículo"";""Com Vítimas Feridas"";""Pleno dia"";""Decrescente"";""Céu Claro"";""Simples"";""Reta"";""Não"";466919;""Motocicleta"";""HONDA/CB 300R"";2013;""Condutor"";""Lesões Leves"";23;""Masculino"";0;1;0;0;-20",6213791;-40,"52011191;""SR-ES"";""DEL12/3"";""UOP01/ES""",
"261699;582748;2020-01-09;""quinta"";""14:30:00"";""ES"";101;334;""GUARAPARI"";""Não"";""Não guardar distância de segurança"";2;""Queda de ocupante de veículo"";""Com Vítimas Feridas"";""Pleno dia"";""Decrescente"";""Céu Claro"";""Simples"";""Reta"";""Não"";466920;""Automóvel"";"""";NA;""Condutor"";""Não Informado"";NA;""Não Informado"";0;0;0;0;-20",6213791;-40,"52011191;""SR-ES"";""DEL12/3"";""UOP01/ES""",
"261700;583507;2020-01-09;""quinta"";""14:00:00"";""MG"";381;606","6;""OLIVEIRA"";""Sim"";""Condutor Dormindo"";1;""Saída de leito carroçável"";""Com Vítimas Feridas"";""Pleno dia"";""Crescente"";""Sol"";""Dupla"";""Reta"";""Não"";466985;""Automóvel"";""FIAT/IDEA ELX FLEX"";2009;""Passageiro"";""Ileso"";53;""Masculino"";1;0;0;0;-20",67638406;-44,"73850226;""SR-MG"";""DEL4/4"";""UOP01/MG"""
"261700;583511;2020-01-09;""quinta"";""14:00:00"";""MG"";381;606","6;""OLIVEIRA"";""Sim"";""Condutor Dormindo"";1;""Saída de leito carroçável"";""Com Vítimas Feridas"";""Pleno dia"";""Crescente"";""Sol"";""Dupla"";""Reta"";""Não"";466985;""Automóvel"";""FIAT/IDEA ELX FLEX"";2009;""Passageiro"";""Ileso"";10;""Masculino"";1;0;0;0;-20",67638406;-44,"73850226;""SR-MG"";""DEL4/4"";""UOP01/MG"""
"261700;583510;2020-01-09;""quinta"";""14:00:00"";""MG"";381;606","6;""OLIVEIRA"";""Sim"";""Condutor Dormindo"";1;""Saída de leito carroçável"";""Com Vítimas Feridas"";""Pleno dia"";""Crescente"";""Sol"";""Dupla"";""Reta"";""Não"";466985;""Automóvel"";""FIAT/IDEA ELX FLEX"";2009;""Passageiro"";""Lesões Leves"";28;""Feminino"";0;1;0;0;-20",67638406;-44,"73850226;""SR-MG"";""DEL4/4"";""UOP01/MG"""
"261700;583506;2020-01-09;""quinta"";""14:00:00"";""MG"";381;606","6;""OLIVEIRA"";""Sim"";""Condutor Dormindo"";1;""Saída de leito carroçável"";""Com Vítimas Feridas"";""Pleno dia"";""Crescente"";""Sol"";""Dupla"";""Reta"";""Não"";466985;""Automóvel"";""FIAT/IDEA ELX FLEX"";2009;""Condutor"";""Ileso"";31;""Masculino"";1;0;0;0;-20",67638406;-44,"73850226;""SR-MG"";""DEL4/4"";""UOP01/MG"""
"261700;583507;2020-01-09;""quinta"";""14:00:00"";""MG"";381;606","6;""OLIVEIRA"";""Sim"";""Condutor Dormindo"";2;""Colisão com objeto estático"";""Com Vítimas Feridas"";""Pleno dia"";""Crescente"";""Sol"";""Dupla"";""Reta"";""Não"";466985;""Automóvel"";""FIAT/IDEA ELX FLEX"";2009;""Passageiro"";""Ileso"";53;""Masculino"";1;0;0;0;-20",67638406;-44,"73850226;""SR-MG"";""DEL4/4"";""UOP01/MG"""
"261700;583511;2020-01-09;""quinta"";""14:00:00"";""MG"";381;606","6;""OLIVEIRA"";""Sim"";""Condutor Dormindo"";2;""Colisão com objeto estático"";""Com Vítimas Feridas"";""Pleno dia"";""Crescente"";""Sol"";""Dupla"";""Reta"";""Não"";466985;""Automóvel"";""FIAT/IDEA ELX FLEX"";2009;""Passageiro"";""Ileso"";10;""Masculino"";1;0;0;0;-20",67638406;-44,"73850226;""SR-MG"";""DEL4/4"";""UOP01/MG"""
"261700;583510;2020-01-09;""quinta"";""14:00:00"";""MG"";381;606","6;""OLIVEIRA"";""Sim"";""Condutor Dormindo"";2;""Colisão com objeto estático"";""Com Vítimas Feridas"";""Pleno dia"";""Crescente"";""Sol"";""Dupla"";""Reta"";""Não"";466985;""Automóvel"";""FIAT/IDEA ELX FLEX"";2009;""Passageiro"";""Lesões Leves"";28;""Feminino"";0;1;0;0;-20",67638406;-44,"73850226;""SR-MG"";""DEL4/4"";""UOP01/MG"""
"261700;583506;2020-01-09;""quinta"";""14:00:00"";""MG"";381;606","6;""OLIVEIRA"";""Sim"";""Condutor Dormindo"";2;""Colisão com objeto estático"";""Com Vítimas Feridas"";""Pleno dia"";""Crescente"";""Sol"";""Dupla"";""Reta"";""Não"";466985;""Automóvel"";""FIAT/IDEA ELX FLEX"";2009;""Condutor"";""Ileso"";31;""Masculino"";1;0;0;0;-20",67638406;-44,"73850226;""SR-MG"";""DEL4/4"";""UOP01/MG"""
"261701;582954;2020-01-09;""quinta"";""14:00:00"";""PE"";428;187;""PETROLINA"";""Sim"";""Desobediência às normas de trânsito pelo condutor"";1;""Colisão transversal"";""Sem Vítimas"";""Pleno dia"";""Crescente"";""Nublado"";""Simples"";""Reta"";""Sim"";466867;""Automóvel"";""FIAT/DOBLO ATTRACTIV 1.4"";2011;""Condutor"";""Ileso"";54;""Masculino"";1;0;0;0;-9",37092731;-40,"48620701;""SR-PE"";""DEL11/6"";""UOP01/PE""",
"261701;584445;2020-01-09;""quinta"";""14:00:00"";""PE"";428;187;""PETROLINA"";""Sim"";""Desobediência às normas de trânsito pelo condutor"";1;""Colisão transversal"";""Sem Vítimas"";""Pleno dia"";""Crescente"";""Nublado"";""Simples"";""Reta"";""Sim"";466868;""Motocicleta"";"""";NA;""Passageiro"";""Não Informado"";NA;""Não Informado"";0;0;0;0;-9",37092731;-40,"48620701;""SR-PE"";""DEL11/6"";""UOP01/PE""",
"261701;584444;2020-01-09;""quinta"";""14:00:00"";""PE"";428;187;""PETROLINA"";""Sim"";""Desobediência às normas de trânsito pelo condutor"";1;""Colisão transversal"";""Sem Vítimas"";""Pleno dia"";""Crescente"";""Nublado"";""Simples"";""Reta"";""Sim"";466868;""Motocicleta"";"""";NA;""Condutor"";""Não Informado"";NA;""Não Informado"";0;0;0;0;-9",37092731;-40,"48620701;""SR-PE"";""DEL11/6"";""UOP01/PE""",
"261702;582816;2020-01-09;""quinta"";""14:00:00"";""RS"";386;367","5;""FAZENDA VILANOVA"";""Sim"";""Velocidade Incompatível"";1;""Tombamento"";""Com Vítimas Feridas"";""Pleno dia"";""Decrescente"";""Céu Claro"";""Dupla"";""Interseção de vias"";""Não"";466971;""Caminhão"";""M.BENZ/LK 2318"";1995;""Condutor"";""Lesões Leves"";55;""Masculino"";0;1;0;0;-29",58122027;-51,"84070587;""SR-RS"";""DEL9/4"";""UOP02/RS"""
"261702;582816;2020-01-09;""quinta"";""14:00:00"";""RS"";386;367","5;""FAZENDA VILANOVA"";""Não"";""Desobediência às normas de trânsito pelo condutor"";1;""Tombamento"";""Com Vítimas Feridas"";""Pleno dia"";""Decrescente"";""Céu Claro"";""Dupla"";""Interseção de vias"";""Não"";466971;""Caminhão"";""M.BENZ/LK 2318"";1995;""Condutor"";""Lesões Leves"";55;""Masculino"";0;1;0;0;-29",58122027;-51,"84070587;""SR-RS"";""DEL9/4"";""UOP02/RS"""
"261703;582897;2020-01-09;""quinta"";""15:00:00"";""PE"";232;7","7;""RECIFE"";""Sim"";""Falta de Atenção à Condução"";1;""Engavetamento"";""Sem Vítimas"";""Pleno dia"";""Crescente"";""Sol"";""Dupla"";""Reta"";""Sim"";466875;""Automóvel"";""RENAULT/LOGAN EXPR 16 M"";2016;""Condutor"";""Ileso"";25;""Masculino"";1;0;0;0;-8",07333497;-34,"96184301;""SR-PE"";""DEL11/1"";""UOP01/PE"""
"261703;582694;2020-01-09;""quinta"";""15:00:00"";""PE"";232;7","7;""RECIFE"";""Sim"";""Falta de Atenção à Condução"";1;""Engavetamento"";""Sem Vítimas"";""Pleno dia"";""Crescente"";""Sol"";""Dupla"";""Reta"";""Sim"";466874;""Camioneta"";""I/CHEV TRACKER PREMIER"";2017;""Condutor"";""Ileso"";36;""Feminino"";1;0;0;0;-8",07333497;-34,"96184301;""SR-PE"";""DEL11/1"";""UOP01/PE"""
"261703;582693;2020-01-09;""quinta"";""15:00:00"";""PE"";232;7","7;""RECIFE"";""Sim"";""Falta de Atenção à Condução"";1;""Engavetamento"";""Sem Vítimas"";""Pleno dia"";""Crescente"";""Sol"";""Dupla"";""Reta"";""Sim"";466873;""Automóvel"";""VW/NOVO GOL TL MCV"";2018;""Condutor"";""Ileso"";49;""Masculino"";1;0;0;0;-8",07333497;-34,"96184301;""SR-PE"";""DEL11/1"";""UOP01/PE"""
"261704;584297;2020-01-09;""quinta"";""14:00:00"";""MT"";163;117;""RONDONOPOLIS"";""Sim"";""Falta de Atenção à Condução"";1;""Colisão lateral"";""Com Vítimas Feridas"";""Pleno dia"";""Crescente"";""Sol"";""Dupla"";""Não Informado"";""Sim"";468153;""Caminhão-trator"";"""";NA;""Condutor"";""Ileso"";NA;""Masculino"";1;0;0;0;-16",52182818;-54,"65882461;""SR-MT"";""DEL2/2"";""UOP01/MT""",
"261704;583931;2020-01-09;""quinta"";""14:00:00"";""MT"";163;117;""RONDONOPOLIS"";""Sim"";""Falta de Atenção à Condução"";1;""Colisão lateral"";""Com Vítimas Feridas"";""Pleno dia"";""Crescente"";""Sol"";""Dupla"";""Não Informado"";""Sim"";466900;""Motocicleta"";""HONDA/CG 150 FAN ESI"";NA;""Condutor"";""Lesões Leves"";20;""Masculino"";0;1;0;0;-16",52182818;-54,"65882461;""SR-MT"";""DEL2/2"";""UOP01/MT""",