"id;""pesid"";""data_inversa"";""dia_semana"";""horario"";""uf"";""br"";""km"";""municipio"";""causa_principal"";""causa_acidente"";""ordem_tipo_acidente"";""tipo_acidente"";""classificacao_acidente"";""fase_dia"";""sentido_via"";""condicao_metereologica"";""tipo_pista"";""tracado_via"";""uso_solo"";""id_veiculo"";""tipo_veiculo"";""marca"";""ano_fabricacao_veiculo"";""tipo_envolvido"";""estado_fisico"";""idade"";""sexo"";""ilesos"";""feridos_leves"";""feridos_graves"";""mortos"";""latitude"";""longitude"";""regional"";""delegacia"";""uop""",,,
"261728;585544;2020-01-09;""quinta"";""17:20:00"";""CE"";116;468","5;""MILAGRES"";""Sim"";""Avarias e/ou desgaste excessivo no pneu"";2;""Derramamento de carga"";""Com Vítimas Feridas"";""Anoitecer"";""Crescente"";""Céu Claro"";""Simples"";""Não Informado"";""Não"";467010;""Caminhão-trator"";""VOLVO/FH12 380 4X2T"";2004;""Condutor"";""Lesões Leves"";40;""Masculino"";0;1;0;0;-7",2601551;-38,"84419874;""SR-CE"";""DEL16/5"";""UOP03/CE"""
"261730;582766;2020-01-09;""quinta"";""17:50:00"";""RS"";386;48","1;""SEBERI"";""Sim"";""Desobediência às normas de trânsito pelo condutor"";1;""Colisão transversal"";""Com Vítimas Feridas"";""Pleno dia"";""Crescente"";""Céu Claro"";""Simples"";""Reta"";""Não"";466934;""Motoneta"";""HONDA/BIZ 125 ES"";2005;""Condutor"";""Lesões Graves"";32;""Masculino"";0;0;1;0;-27",47322837;-53,"40142965;""SR-RS"";""DEL08"";""UOP02/RS"""
"261730;582768;2020-01-09;""quinta"";""17:50:00"";""RS"";386;48","1;""SEBERI"";""Sim"";""Desobediência às normas de trânsito pelo condutor"";1;""Colisão transversal"";""Com Vítimas Feridas"";""Pleno dia"";""Crescente"";""Céu Claro"";""Simples"";""Reta"";""Não"";466933;""Micro-ônibus"";""VW/KOMBI ESCOLAR"";2004;""Condutor"";""Lesões Leves"";44;""Masculino"";0;1;0;0;-27",47322837;-53,"40142965;""SR-RS"";""DEL08"";""UOP02/RS"""
"261731;582774;2020-01-09;""quinta"";""17:20:00"";""SP"";116;511","8;""CAJATI"";""Sim"";""Pista Escorregadia"";1;""Queda de ocupante de veículo"";""Com Vítimas Feridas"";""Pleno dia"";""Decrescente"";""Garoa/Chuvisco"";""Dupla"";""Curva"";""Não"";466928;""Motocicleta"";""YAMAHA/XTZ250 TENERE"";2012;""Condutor"";""Lesões Leves"";22;""Masculino"";0;1;0;0;-24",83558399;-48,"2223738;""SR-SP"";""DEL6/5"";""UOP03/SP"""
"261731;582780;2020-01-09;""quinta"";""17:20:00"";""SP"";116;511","8;""CAJATI"";""Sim"";""Pista Escorregadia"";1;""Queda de ocupante de veículo"";""Com Vítimas Feridas"";""Pleno dia"";""Decrescente"";""Garoa/Chuvisco"";""Dupla"";""Curva"";""Não"";466929;""Automóvel"";""FORD/FIESTA 1.6 FLEX"";2005;""Condutor"";""Ileso"";61;""Masculino"";1;0;0;0;-24",83558399;-48,"2223738;""SR-SP"";""DEL6/5"";""UOP03/SP"""
"261731;582806;2020-01-09;""quinta"";""17:20:00"";""SP"";116;511","8;""CAJATI"";""Sim"";""Pista Escorregadia"";1;""Queda de ocupante de veículo"";""Com Vítimas Feridas"";""Pleno dia"";""Decrescente"";""Garoa/Chuvisco"";""Dupla"";""Curva"";""Não"";466929;""Automóvel"";""FORD/FIESTA 1.6 FLEX"";2005;""Passageiro"";""Ileso"";92;""Feminino"";1;0;0;0;-24",83558399;-48,"2223738;""SR-SP"";""DEL6/5"";""UOP03/SP"""
"261731;582805;2020-01-09;""quinta"";""17:20:00"";""SP"";116;511","8;""CAJATI"";""Sim"";""Pista Escorregadia"";1;""Queda de ocupante de veículo"";""Com Vítimas Feridas"";""Pleno dia"";""Decrescente"";""Garoa/Chuvisco"";""Dupla"";""Curva"";""Não"";466929;""Automóvel"";""FORD/FIESTA 1.6 FLEX"";2005;""Passageiro"";""Ileso"";29;""Feminino"";1;0;0;0;-24",83558399;-48,"2223738;""SR-SP"";""DEL6/5"";""UOP03/SP"""
"261731;582804;2020-01-09;""quinta"";""17:20:00"";""SP"";116;511","8;""CAJATI"";""Sim"";""Pista Escorregadia"";1;""Queda de ocupante de veículo"";""Com Vítimas Feridas"";""Pleno dia"";""Decrescente"";""Garoa/Chuvisco"";""Dupla"";""Curva"";""Não"";466929;""Automóvel"";""FORD/FIESTA 1.6 FLEX"";2005;""Passageiro"";""Ileso"";50;""Masculino"";1;0;0;0;-24",83558399;-48,"2223738;""SR-SP"";""DEL6/5"";""UOP03/SP"""
"261732;582941;2020-01-09;""quinta"";""18:00:00"";""SC"";101;209;""SAO JOSE"";""Sim"";""Falta de Atenção à Condução"";1;""Colisão traseira"";""Com Vítimas Feridas"";""Pleno dia"";""Decrescente"";""Sol"";""Múltipla"";""Interseção de vias"";""Sim"";466961;""Motocicleta"";""JTA/SUZUKI EN125 YES"";2006;""Condutor"";""Lesões Leves"";42;""Feminino"";0;1;0;0;-27",61000542;-48,"63895057;""SR-SC"";""DEL8/1"";""UOP01/SC""",
"261732;582940;2020-01-09;""quinta"";""18:00:00"";""SC"";101;209;""SAO JOSE"";""Sim"";""Falta de Atenção à Condução"";1;""Colisão traseira"";""Com Vítimas Feridas"";""Pleno dia"";""Decrescente"";""Sol"";""Múltipla"";""Interseção de vias"";""Sim"";466960;""Automóvel"";""FORD/KA SE 1.0 SD B"";2018;""Condutor"";""Ileso"";39;""Masculino"";1;0;0;0;-27",61000542;-48,"63895057;""SR-SC"";""DEL8/1"";""UOP01/SC""",
"261733;582786;2020-01-09;""quinta"";""17:10:00"";""SP"";116;488;""CAJATI"";""Sim"";""Falta de Atenção à Condução"";1;""Colisão com objeto estático"";""Com Vítimas Feridas"";""Pleno dia"";""Crescente"";""Céu Claro"";""Simples"";""Rotatória"";""Sim"";466952;""Automóvel"";""GM/KADETT GL"";1997;""Condutor"";""Lesões Leves"";36;""Masculino"";0;1;0;0;-24",73097634;-48,"09815591;""SR-SP"";""DEL6/5"";""UOP03/SP""",
"261734;582782;2020-01-09;""quinta"";""18:00:00"";""ES"";101;146","7;""LINHARES"";""Sim"";""Desobediência às normas de trânsito pelo condutor"";1;""Colisão transversal"";""Com Vítimas Feridas"";""Pleno dia"";""Decrescente"";""Céu Claro"";""Múltipla"";""Interseção de vias"";""Sim"";466940;""Motocicleta"";""YAMAHA/YBR150 FACTOR ED"";2018;""Condutor"";""Lesões Leves"";37;""Feminino"";0;1;0;0;-19",36990998;-40,"06560718;""SR-ES"";""DEL12/4"";""UOP01/ES"""
"261734;582779;2020-01-09;""quinta"";""18:00:00"";""ES"";101;146","7;""LINHARES"";""Sim"";""Desobediência às normas de trânsito pelo condutor"";1;""Colisão transversal"";""Com Vítimas Feridas"";""Pleno dia"";""Decrescente"";""Céu Claro"";""Múltipla"";""Interseção de vias"";""Sim"";466939;""Automóvel"";""TOYOTA/COROLLA XEI20FLEX"";2018;""Condutor"";""Ileso"";87;""Masculino"";1;0;0;0;-19",36990998;-40,"06560718;""SR-ES"";""DEL12/4"";""UOP01/ES"""
"261735;582781;2020-01-09;""quinta"";""18:10:00"";""PI"";343;341","7;""TERESINA"";""Sim"";""Desobediência às normas de trânsito pelo condutor"";1;""Colisão frontal"";""Com Vítimas Feridas"";""Plena Noite"";""Crescente"";""Céu Claro"";""Dupla"";""Reta"";""Sim"";466942;""Motocicleta"";""I/SHINERAY XY 150 5"";2011;""Condutor"";""Lesões Graves"";44;""Masculino"";0;0;1;0;-5",077812;-42,"744255;""SR-PI"";""DEL17/1"";""UOP01/PI"""
"261735;582778;2020-01-09;""quinta"";""18:10:00"";""PI"";343;341","7;""TERESINA"";""Sim"";""Desobediência às normas de trânsito pelo condutor"";1;""Colisão frontal"";""Com Vítimas Feridas"";""Plena Noite"";""Crescente"";""Céu Claro"";""Dupla"";""Reta"";""Sim"";466941;""Camioneta"";""FORD/ECOSPORT XLS1.6FLEX"";2005;""Condutor"";""Ileso"";61;""Masculino"";1;0;0;0;-5",077812;-42,"744255;""SR-PI"";""DEL17/1"";""UOP01/PI"""
"261735;582781;2020-01-09;""quinta"";""18:10:00"";""PI"";343;341","7;""TERESINA"";""Sim"";""Desobediência às normas de trânsito pelo condutor"";2;""Queda de ocupante de veículo"";""Com Vítimas Feridas"";""Plena Noite"";""Crescente"";""Céu Claro"";""Dupla"";""Reta"";""Sim"";466942;""Motocicleta"";""I/SHINERAY XY 150 5"";2011;""Condutor"";""Lesões Graves"";44;""Masculino"";0;0;1;0;-5",077812;-42,"744255;""SR-PI"";""DEL17/1"";""UOP01/PI"""
"261735;582778;2020-01-09;""quinta"";""18:10:00"";""PI"";343;341","7;""TERESINA"";""Sim"";""Desobediência às normas de trânsito pelo condutor"";2;""Queda de ocupante de veículo"";""Com Vítimas Feridas"";""Plena Noite"";""Crescente"";""Céu Claro"";""Dupla"";""Reta"";""Sim"";466941;""Camioneta"";""FORD/ECOSPORT XLS1.6FLEX"";2005;""Condutor"";""Ileso"";61;""Masculino"";1;0;0;0;-5",077812;-42,"744255;""SR-PI"";""DEL17/1"";""UOP01/PI"""
"261736;584428;2020-01-09;""quinta"";""18:40:00"";""SC"";470;1","8;""NAVEGANTES"";""Sim"";""Desobediência às normas de trânsito pelo condutor"";1;""Colisão lateral"";""Com Vítimas Feridas"";""Anoitecer"";""Crescente"";""Céu Claro"";""Dupla"";""Reta"";""Sim"";466989;""Motocicleta"";""YAMAHA/FACTOR YBR125 ED"";2011;""Condutor"";""Lesões Leves"";36;""Masculino"";0;1;0;0;-26",868551;-48,"674831;""SR-SC"";""DEL8/4"";""UOP04/SC"""
"261736;584427;2020-01-09;""quinta"";""18:40:00"";""SC"";470;1","8;""NAVEGANTES"";""Sim"";""Desobediência às normas de trânsito pelo condutor"";1;""Colisão lateral"";""Com Vítimas Feridas"";""Anoitecer"";""Crescente"";""Céu Claro"";""Dupla"";""Reta"";""Sim"";466988;""Automóvel"";""VW/GOL TL MC S"";2014;""Condutor"";""Ileso"";25;""Masculino"";1;0;0;0;-26",868551;-48,"674831;""SR-SC"";""DEL8/4"";""UOP04/SC"""
"261737;582753;2020-01-09;""quinta"";""16:00:00"";""SP"";116;555;""BARRA DO TURVO"";""Sim"";""Velocidade Incompatível"";1;""Saída de leito carroçável"";""Com Vítimas Fatais"";""Pleno dia"";""Crescente"";""Chuva"";""Dupla"";""Não Informado"";""Não"";466923;""Caminhão"";""M.BENZ/ATEGO 2426"";2018;""Condutor"";""Óbito"";33;""Masculino"";0;0;0;1;-24",97447301;-48,"504597;""SR-SP"";""DEL6/5"";""UOP03/SP""",
"261738;582814;2020-01-09;""quinta"";""18:30:00"";""SE"";101;104","3;""SAO CRISTOVAO"";""Sim"";""Animais na Pista"";1;""Atropelamento de Animal"";""Com Vítimas Feridas"";""Plena Noite"";""Decrescente"";""Céu Claro"";""Dupla"";""Reta"";""Não"";466968;""Motocicleta"";""YAMAHA/FAZER YS250"";2014;""Condutor"";""Lesões Leves"";32;""Masculino"";0;1;0;0;-10",95669127;-37,"22726486;""SR-SE"";""DEL20/2"";""UOP01/SE"""
"261739;582761;2020-01-09;""quinta"";""17:55:00"";""PR"";116;44;""CAMPINA GRANDE DO SUL"";""Sim"";""Pista Escorregadia"";1;""Capotamento"";""Com Vítimas Feridas"";""Pleno dia"";""Crescente"";""Chuva"";""Dupla"";""Curva"";""Não"";466926;""Automóvel"";""CITROEN/C3 GLX 14 FLEX"";2009;""Condutor"";""Lesões Leves"";27;""Feminino"";0;1;0;0;-25",1882321;-48,"88492529;""SR-PR"";""DEL7/1"";""UOP02/PR""",
"261740;582809;2020-01-09;""quinta"";""18:30:00"";""PE"";101;71","7;""RECIFE"";""Sim"";""Ingestão de Álcool"";1;""Atropelamento de Pedestre"";""Com Vítimas Feridas"";""Plena Noite"";""Decrescente"";""Nublado"";""Dupla"";""Reta"";""Sim"";466963;""Automóvel"";""I/RENAULT CLIO EXP1016VH"";2013;""Passageiro"";""Ileso"";48;""Feminino"";1;0;0;0;-8",07663102;-34,"94277871;""SR-PE"";""DEL11/1"";""UOP01/PE"""
"261740;582808;2020-01-09;""quinta"";""18:30:00"";""PE"";101;71","7;""RECIFE"";""Sim"";""Ingestão de Álcool"";1;""Atropelamento de Pedestre"";""Com Vítimas Feridas"";""Plena Noite"";""Decrescente"";""Nublado"";""Dupla"";""Reta"";""Sim"";466963;""Automóvel"";""I/RENAULT CLIO EXP1016VH"";2013;""Condutor"";""Ileso"";52;""Masculino"";1;0;0;0;-8",07663102;-34,"94277871;""SR-PE"";""DEL11/1"";""UOP01/PE"""
"261740;582807;2020-01-09;""quinta"";""18:30:00"";""PE"";101;71","7;""RECIFE"";""Sim"";""Ingestão de Álcool"";1;""Atropelamento de Pedestre"";""Com Vítimas Feridas"";""Plena Noite"";""Decrescente"";""Nublado"";""Dupla"";""Reta"";""Sim"";466963;""Automóvel"";""I/RENAULT CLIO EXP1016VH"";2013;""Pedestre"";""Lesões Graves"";31;""Masculino"";0;0;1;0;-8",07663102;-34,"94277871;""SR-PE"";""DEL11/1"";""UOP01/PE"""
"261741;582811;2020-01-09;""quinta"";""17:30:00"";""PB"";101;34","9;""MAMANGUAPE"";""Não"";""Desobediência às normas de trânsito pelo condutor"";1;""Tombamento"";""Com Vítimas Feridas"";""Anoitecer"";""Decrescente"";""Céu Claro"";""Dupla"";""Reta"";""Não"";466927;""Motocicleta"";""HONDA/NXR 160 BROS"";2016;""Passageiro"";""Lesões Graves"";17;""Feminino"";0;0;1;0;-6",78533891;-35,"13428131;""SR-PB"";""DEL14/1"";""UOP03/PB"""
"261741;582810;2020-01-09;""quinta"";""17:30:00"";""PB"";101;34","9;""MAMANGUAPE"";""Não"";""Desobediência às normas de trânsito pelo condutor"";1;""Tombamento"";""Com Vítimas Feridas"";""Anoitecer"";""Decrescente"";""Céu Claro"";""Dupla"";""Reta"";""Não"";466927;""Motocicleta"";""HONDA/NXR 160 BROS"";2016;""Condutor"";""Lesões Leves"";21;""Masculino"";0;1;0;0;-6",78533891;-35,"13428131;""SR-PB"";""DEL14/1"";""UOP03/PB"""
"261741;582811;2020-01-09;""quinta"";""17:30:00"";""PB"";101;34","9;""MAMANGUAPE"";""Sim"";""Defeito Mecânico no Veículo"";1;""Tombamento"";""Com Vítimas Feridas"";""Anoitecer"";""Decrescente"";""Céu Claro"";""Dupla"";""Reta"";""Não"";466927;""Motocicleta"";""HONDA/NXR 160 BROS"";2016;""Passageiro"";""Lesões Graves"";17;""Feminino"";0;0;1;0;-6",78533891;-35,"13428131;""SR-PB"";""DEL14/1"";""UOP03/PB"""
"261741;582810;2020-01-09;""quinta"";""17:30:00"";""PB"";101;34","9;""MAMANGUAPE"";""Sim"";""Defeito Mecânico no Veículo"";1;""Tombamento"";""Com Vítimas Feridas"";""Anoitecer"";""Decrescente"";""Céu Claro"";""Dupla"";""Reta"";""Não"";466927;""Motocicleta"";""HONDA/NXR 160 BROS"";2016;""Condutor"";""Lesões Leves"";21;""Masculino"";0;1;0;0;-6",78533891;-35,"13428131;""SR-PB"";""DEL14/1"";""UOP03/PB"""
"261742;582933;2020-01-09;""quinta"";""18:23:00"";""SP"";153;56","3;""SAO JOSE DO RIO PRETO"";""Sim"";""Pista Escorregadia"";1;""Tombamento"";""Com Vítimas Feridas"";""Anoitecer"";""Decrescente"";""Chuva"";""Simples"";""Não Informado"";""Sim"";467009;""Motoneta"";""HONDA/BIZ 125 KS"";2007;""Condutor"";""Lesões Leves"";38;""Masculino"";0;1;0;0;-20",7615601;-49,"34622278;""SR-SP"";""DEL6/9"";""UOP01/SP"""
"261743;582834;2020-01-09;""quinta"";""18:10:00"";""CE"";116;6;""FORTALEZA"";""Sim"";""Falta de Atenção à Condução"";1;""Colisão traseira"";""Com Vítimas Feridas"";""Anoitecer"";""Crescente"";""Nublado"";""Dupla"";""Reta"";""Sim"";466984;""Automóvel"";""VW/GOL 1.0"";2010;""Condutor"";""Ileso"";21;""Masculino"";1;0;0;0;-3",802624;-38,"50400499;""SR-CE"";""DEL16/1"";""UOP02/CE""",
"261743;582833;2020-01-09;""quinta"";""18:10:00"";""CE"";116;6;""FORTALEZA"";""Sim"";""Falta de Atenção à Condução"";1;""Colisão traseira"";""Com Vítimas Feridas"";""Anoitecer"";""Crescente"";""Nublado"";""Dupla"";""Reta"";""Sim"";466983;""Automóvel"";""VW/NOVO VOYAGE 1.6 COMF."";2012;""Condutor"";""Lesões Leves"";42;""Feminino"";0;1;0;0;-3",802624;-38,"50400499;""SR-CE"";""DEL16/1"";""UOP02/CE""",
"261744;582826;2020-01-09;""quinta"";""15:50:00"";""MG"";116;691","1;""MURIAE"";""Sim"";""Velocidade Incompatível"";2;""Colisão com objeto estático"";""Com Vítimas Feridas"";""Pleno dia"";""Crescente"";""Chuva"";""Simples"";""Curva"";""Não"";466947;""Caminhonete"";""VW/SAVEIRO 1.6 CS"";2011;""Passageiro"";""Lesões Leves"";40;""Feminino"";0;1;0;0;-21",01179666;-42,"36034524;""SR-MG"";""DEL4/7"";""UOP02/MG"""
"261744;582825;2020-01-09;""quinta"";""15:50:00"";""MG"";116;691","1;""MURIAE"";""Sim"";""Velocidade Incompatível"";2;""Colisão com objeto estático"";""Com Vítimas Feridas"";""Pleno dia"";""Crescente"";""Chuva"";""Simples"";""Curva"";""Não"";466947;""Caminhonete"";""VW/SAVEIRO 1.6 CS"";2011;""Passageiro"";""Lesões Leves"";3;""Feminino"";0;1;0;0;-21",01179666;-42,"36034524;""SR-MG"";""DEL4/7"";""UOP02/MG"""
"261744;582822;2020-01-09;""quinta"";""15:50:00"";""MG"";116;691","1;""MURIAE"";""Sim"";""Velocidade Incompatível"";2;""Colisão com objeto estático"";""Com Vítimas Feridas"";""Pleno dia"";""Crescente"";""Chuva"";""Simples"";""Curva"";""Não"";466947;""Caminhonete"";""VW/SAVEIRO 1.6 CS"";2011;""Condutor"";""Lesões Leves"";61;""Masculino"";0;1;0;0;-21",01179666;-42,"36034524;""SR-MG"";""DEL4/7"";""UOP02/MG"""
"261744;582821;2020-01-09;""quinta"";""15:50:00"";""MG"";116;691","1;""MURIAE"";""Sim"";""Velocidade Incompatível"";2;""Colisão com objeto estático"";""Com Vítimas Feridas"";""Pleno dia"";""Crescente"";""Chuva"";""Simples"";""Curva"";""Não"";466946;""Automóvel"";""GM/CORSA SUPER"";1997;""Passageiro"";""Lesões Leves"";62;""Masculino"";0;1;0;0;-21",01179666;-42,"36034524;""SR-MG"";""DEL4/7"";""UOP02/MG"""
"261744;582820;2020-01-09;""quinta"";""15:50:00"";""MG"";116;691","1;""MURIAE"";""Sim"";""Velocidade Incompatível"";2;""Colisão com objeto estático"";""Com Vítimas Feridas"";""Pleno dia"";""Crescente"";""Chuva"";""Simples"";""Curva"";""Não"";466946;""Automóvel"";""GM/CORSA SUPER"";1997;""Condutor"";""Lesões Leves"";43;""Masculino"";0;1;0;0;-21",01179666;-42,"36034524;""SR-MG"";""DEL4/7"";""UOP02/MG"""
"261744;582826;2020-01-09;""quinta"";""15:50:00"";""MG"";116;691","1;""MURIAE"";""Sim"";""Velocidade Incompatível"";1;""Colisão frontal"";""Com Vítimas Feridas"";""Pleno dia"";""Crescente"";""Chuva"";""Simples"";""Curva"";""Não"";466947;""Caminhonete"";""VW/SAVEIRO 1.6 CS"";2011;""Passageiro"";""Lesões Leves"";40;""Feminino"";0;1;0;0;-21",01179666;-42,"36034524;""SR-MG"";""DEL4/7"";""UOP02/MG"""
"261744;582825;2020-01-09;""quinta"";""15:50:00"";""MG"";116;691","1;""MURIAE"";""Sim"";""Velocidade Incompatível"";1;""Colisão frontal"";""Com Vítimas Feridas"";""Pleno dia"";""Crescente"";""Chuva"";""Simples"";""Curva"";""Não"";466947;""Caminhonete"";""VW/SAVEIRO 1.6 CS"";2011;""Passageiro"";""Lesões Leves"";3;""Feminino"";0;1;0;0;-21",01179666;-42,"36034524;""SR-MG"";""DEL4/7"";""UOP02/MG"""
"261744;582822;2020-01-09;""quinta"";""15:50:00"";""MG"";116;691","1;""MURIAE"";""Sim"";""Velocidade Incompatível"";1;""Colisão frontal"";""Com Vítimas Feridas"";""Pleno dia"";""Crescente"";""Chuva"";""Simples"";""Curva"";""Não"";466947;""Caminhonete"";""VW/SAVEIRO 1.6 CS"";2011;""Condutor"";""Lesões Leves"";61;""Masculino"";0;1;0;0;-21",01179666;-42,"36034524;""SR-MG"";""DEL4/7"";""UOP02/MG"""
"261744;582821;2020-01-09;""quinta"";""15:50:00"";""MG"";116;691","1;""MURIAE"";""Sim"";""Velocidade Incompatível"";1;""Colisão frontal"";""Com Vítimas Feridas"";""Pleno dia"";""Crescente"";""Chuva"";""Simples"";""Curva"";""Não"";466946;""Automóvel"";""GM/CORSA SUPER"";1997;""Passageiro"";""Lesões Leves"";62;""Masculino"";0;1;0;0;-21",01179666;-42,"36034524;""SR-MG"";""DEL4/7"";""UOP02/MG"""
"261744;582820;2020-01-09;""quinta"";""15:50:00"";""MG"";116;691","1;""MURIAE"";""Sim"";""Velocidade Incompatível"";1;""Colisão frontal"";""Com Vítimas Feridas"";""Pleno dia"";""Crescente"";""Chuva"";""Simples"";""Curva"";""Não"";466946;""Automóvel"";""GM/CORSA SUPER"";1997;""Condutor"";""Lesões Leves"";43;""Masculino"";0;1;0;0;-21",01179666;-42,"36034524;""SR-MG"";""DEL4/7"";""UOP02/MG"""
"261745;582951;2020-01-09;""quinta"";""18:00:00"";""MG"";40;460","3;""SETE LAGOAS"";""Sim"";""Fenômenos da Natureza"";1;""Saída de leito carroçável"";""Com Vítimas Feridas"";""Plena Noite"";""Crescente"";""Chuva"";""Dupla"";""Curva"";""Não"";466986;""Automóvel"";""IMP/GM CORSA GL W"";1998;""Condutor"";""Lesões Leves"";30;""Masculino"";0;1;0;0;-19",39770694;-44,"33528916;""SR-MG"";""DEL4/2"";""UOP01/MG"""
"261746;582938;2020-01-09;""quinta"";""18:30:00"";""ES"";101;270;""SERRA"";""Não"";""Desobediência às normas de trânsito pelo condutor"";1;""Atropelamento de Pedestre"";""Com Vítimas Feridas"";""Anoitecer"";""Crescente"";""Céu Claro"";""Dupla"";""Reta"";""Sim"";466980;""Motocicleta"";"""";NA;""Pedestre"";""Lesões Leves"";34;""Feminino"";0;1;0;0;-20",22662056;-40,"27075088;""SR-ES"";""DEL12/2"";""UOP01/ES""",
"261746;582934;2020-01-09;""quinta"";""18:30:00"";""ES"";101;270;""SERRA"";""Não"";""Desobediência às normas de trânsito pelo condutor"";1;""Atropelamento de Pedestre"";""Com Vítimas Feridas"";""Anoitecer"";""Crescente"";""Céu Claro"";""Dupla"";""Reta"";""Sim"";466980;""Motocicleta"";"""";NA;""Condutor"";""Não Informado"";NA;""Não Informado"";0;0;0;0;-20",22662056;-40,"27075088;""SR-ES"";""DEL12/2"";""UOP01/ES""",
"261746;582938;2020-01-09;""quinta"";""18:30:00"";""ES"";101;270;""SERRA"";""Sim"";""Desobediência às normas de trânsito pelo pedestre"";1;""Atropelamento de Pedestre"";""Com Vítimas Feridas"";""Anoitecer"";""Crescente"";""Céu Claro"";""Dupla"";""Reta"";""Sim"";466980;""Motocicleta"";"""";NA;""Pedestre"";""Lesões Leves"";34;""Feminino"";0;1;0;0;-20",22662056;-40,"27075088;""SR-ES"";""DEL12/2"";""UOP01/ES""",
"261746;582934;2020-01-09;""quinta"";""18:30:00"";""ES"";101;270;""SERRA"";""Sim"";""Desobediência às normas de trânsito pelo pedestre"";1;""Atropelamento de Pedestre"";""Com Vítimas Feridas"";""Anoitecer"";""Crescente"";""Céu Claro"";""Dupla"";""Reta"";""Sim"";466980;""Motocicleta"";"""";NA;""Condutor"";""Não Informado"";NA;""Não Informado"";0;0;0;0;-20",22662056;-40,"27075088;""SR-ES"";""DEL12/2"";""UOP01/ES""",
"261747;585861;2020-01-09;""quinta"";""18:00:00"";""PI"";343;624;""FLORIANO"";""Sim"";""Falta de Atenção à Condução"";1;""Saída de leito carroçável"";""Com Vítimas Feridas"";""Pleno dia"";""Crescente"";""Sol"";""Simples"";""Reta"";""Não"";467008;""Automóvel"";""CHEV/PRISMA 1.4MT LTZ"";2017;""Passageiro"";""Ileso"";80;""Masculino"";1;0;0;0;-6",965058;-43,"238613;""SR-PI"";""DEL17/3"";""UOP01/PI""",
"261747;585863;2020-01-09;""quinta"";""18:00:00"";""PI"";343;624;""FLORIANO"";""Sim"";""Falta de Atenção à Condução"";1;""Saída de leito carroçável"";""Com Vítimas Feridas"";""Pleno dia"";""Crescente"";""Sol"";""Simples"";""Reta"";""Não"";467008;""Automóvel"";""CHEV/PRISMA 1.4MT LTZ"";2017;""Passageiro"";""Ileso"";17;""Feminino"";1;0;0;0;-6",965058;-43,"238613;""SR-PI"";""DEL17/3"";""UOP01/PI""",
"261747;585859;2020-01-09;""quinta"";""18:00:00"";""PI"";343;624;""FLORIANO"";""Sim"";""Falta de Atenção à Condução"";1;""Saída de leito carroçável"";""Com Vítimas Feridas"";""Pleno dia"";""Crescente"";""Sol"";""Simples"";""Reta"";""Não"";467008;""Automóvel"";""CHEV/PRISMA 1.4MT LTZ"";2017;""Passageiro"";""Ileso"";45;""Feminino"";1;0;0;0;-6",965058;-43,"238613;""SR-PI"";""DEL17/3"";""UOP01/PI""",
"261747;585853;2020-01-09;""quinta"";""18:00:00"";""PI"";343;624;""FLORIANO"";""Sim"";""Falta de Atenção à Condução"";1;""Saída de leito carroçável"";""Com Vítimas Feridas"";""Pleno dia"";""Crescente"";""Sol"";""Simples"";""Reta"";""Não"";467008;""Automóvel"";""CHEV/PRISMA 1.4MT LTZ"";2017;""Condutor"";""Lesões Leves"";47;""Feminino"";0;1;0;0;-6",965058;-43,"238613;""SR-PI"";""DEL17/3"";""UOP01/PI""",
"261748;584418;2020-01-09;""quinta"";""17:40:00"";""PE"";423;39","5;""CACHOEIRINHA"";""Sim"";""Desobediência às normas de trânsito pelo condutor"";1;""Colisão frontal"";""Com Vítimas Feridas"";""Anoitecer"";""Crescente"";""Céu Claro"";""Simples"";""Reta"";""Sim"";467012;""Motocicleta"";""HONDA/CG 150 FAN ESI"";2012;""Passageiro"";""Lesões Leves"";12;""Masculino"";0;1;0;0;-8",4897115;-36,"23275995;""SR-PE"";""DEL11/3"";""UOP01/PE"""
"261748;584413;2020-01-09;""quinta"";""17:40:00"";""PE"";423;39","5;""CACHOEIRINHA"";""Sim"";""Desobediência às normas de trânsito pelo condutor"";1;""Colisão frontal"";""Com Vítimas Feridas"";""Anoitecer"";""Crescente"";""Céu Claro"";""Simples"";""Reta"";""Sim"";467012;""Motocicleta"";""HONDA/CG 150 FAN ESI"";2012;""Condutor"";""Lesões Graves"";22;""Masculino"";0;0;1;0;-8",4897115;-36,"23275995;""SR-PE"";""DEL11/3"";""UOP01/PE"""
"261748;584412;2020-01-09;""quinta"";""17:40:00"";""PE"";423;39","5;""CACHOEIRINHA"";""Sim"";""Desobediência às normas de trânsito pelo condutor"";1;""Colisão frontal"";""Com Vítimas Feridas"";""Anoitecer"";""Crescente"";""Céu Claro"";""Simples"";""Reta"";""Sim"";467011;""Automóvel"";""FIAT/UNO WAY 1.0"";2011;""Passageiro"";""Ileso"";NA;""Feminino"";1;0;0;0;-8",4897115;-36,"23275995;""SR-PE"";""DEL11/3"";""UOP01/PE"""