"id;""pesid"";""data_inversa"";""dia_semana"";""horario"";""uf"";""br"";""km"";""municipio"";""causa_principal"";""causa_acidente"";""ordem_tipo_acidente"";""tipo_acidente"";""classificacao_acidente"";""fase_dia"";""sentido_via"";""condicao_metereologica"";""tipo_pista"";""tracado_via"";""uso_solo"";""id_veiculo"";""tipo_veiculo"";""marca"";""ano_fabricacao_veiculo"";""tipo_envolvido"";""estado_fisico"";""idade"";""sexo"";""ilesos"";""feridos_leves"";""feridos_graves"";""mortos"";""latitude"";""longitude"";""regional"";""delegacia"";""uop""",,,
"261760;582829;2020-01-09;""quinta"";""20:35:00"";""SP"";101;49;""UBATUBA"";""Sim"";""Não guardar distância de segurança"";1;""Colisão traseira"";""Com Vítimas Feridas"";""Plena Noite"";""Decrescente"";""Céu Claro"";""Simples"";""Reta"";""Sim"";466982;""Automóvel"";""RENAULT/LOGAN EXP 1016V"";2007;""Condutor"";""Ileso"";25;""Feminino"";1;0;0;0;-23",44696711;-45,"08082032;""SR-SP"";""DEL6"";""UOP03/SP""",
"261760;582828;2020-01-09;""quinta"";""20:35:00"";""SP"";101;49;""UBATUBA"";""Sim"";""Não guardar distância de segurança"";1;""Colisão traseira"";""Com Vítimas Feridas"";""Plena Noite"";""Decrescente"";""Céu Claro"";""Simples"";""Reta"";""Sim"";466981;""Motocicleta"";""HONDA/CG 150 TITAN ES"";2004;""Condutor"";""Lesões Leves"";27;""Masculino"";0;1;0;0;-23",44696711;-45,"08082032;""SR-SP"";""DEL6"";""UOP03/SP""",
"261761;586273;2020-01-09;""quinta"";""20:15:00"";""TO"";153;558","5;""FATIMA"";""Sim"";""Falta de Atenção à Condução"";1;""Colisão traseira"";""Com Vítimas Feridas"";""Plena Noite"";""Crescente"";""Céu Claro"";""Simples"";""Reta"";""Não"";467030;""Automóvel"";""VW/NOVO GOL 1.0 CITY"";2014;""Condutor"";""Ileso"";46;""Masculino"";1;0;0;0;-10",74276884;-48,"90260875;""SR-TO"";""UOP02/TO"";"""""
"261761;586277;2020-01-09;""quinta"";""20:15:00"";""TO"";153;558","5;""FATIMA"";""Sim"";""Falta de Atenção à Condução"";1;""Colisão traseira"";""Com Vítimas Feridas"";""Plena Noite"";""Crescente"";""Céu Claro"";""Simples"";""Reta"";""Não"";467031;""Motocicleta"";""HONDA/CG150 TITAN MIX ES"";2009;""Condutor"";""Lesões Graves"";29;""Masculino"";0;0;1;0;-10",74276884;-48,"90260875;""SR-TO"";""UOP02/TO"";"""""
"261763;584779;2020-01-09;""quinta"";""19:00:00"";""PE"";232;27","5;""MORENO"";""Sim"";""Objeto estático sobre o leito carroçável"";1;""Colisão com objeto estático"";""Com Vítimas Feridas"";""Plena Noite"";""Crescente"";""Céu Claro"";""Dupla"";""Reta"";""Não"";467004;""Motocicleta"";""JTA/SUZUKI GSXR750"";2014;""Condutor"";""Lesões Graves"";28;""Masculino"";0;0;1;0;-8",11418416;-35,"12568999;""SR-PE"";""DEL11/1"";""UOP04/PE"""
"261763;584777;2020-01-09;""quinta"";""19:00:00"";""PE"";232;27","5;""MORENO"";""Sim"";""Objeto estático sobre o leito carroçável"";1;""Colisão com objeto estático"";""Com Vítimas Feridas"";""Plena Noite"";""Crescente"";""Céu Claro"";""Dupla"";""Reta"";""Não"";467003;""Motocicleta"";""KAWASAKI/NINJA ZX-6R"";2019;""Condutor"";""Lesões Graves"";30;""Masculino"";0;0;1;0;-8",11418416;-35,"12568999;""SR-PE"";""DEL11/1"";""UOP04/PE"""
"261763;584779;2020-01-09;""quinta"";""19:00:00"";""PE"";232;27","5;""MORENO"";""Sim"";""Objeto estático sobre o leito carroçável"";2;""Tombamento"";""Com Vítimas Feridas"";""Plena Noite"";""Crescente"";""Céu Claro"";""Dupla"";""Reta"";""Não"";467004;""Motocicleta"";""JTA/SUZUKI GSXR750"";2014;""Condutor"";""Lesões Graves"";28;""Masculino"";0;0;1;0;-8",11418416;-35,"12568999;""SR-PE"";""DEL11/1"";""UOP04/PE"""
"261763;584777;2020-01-09;""quinta"";""19:00:00"";""PE"";232;27","5;""MORENO"";""Sim"";""Objeto estático sobre o leito carroçável"";2;""Tombamento"";""Com Vítimas Feridas"";""Plena Noite"";""Crescente"";""Céu Claro"";""Dupla"";""Reta"";""Não"";467003;""Motocicleta"";""KAWASAKI/NINJA ZX-6R"";2019;""Condutor"";""Lesões Graves"";30;""Masculino"";0;0;1;0;-8",11418416;-35,"12568999;""SR-PE"";""DEL11/1"";""UOP04/PE"""
"261764;582818;2020-01-09;""quinta"";""20:14:00"";""MG"";153;194","9;""FRUTAL"";""Sim"";""Ingestão de álcool e/ou substâncias psicoativas pelo pedestre"";1;""Colisão com objeto estático"";""Com Vítimas Feridas"";""Plena Noite"";""Decrescente"";""Chuva"";""Simples"";""Ponte"";""Não"";466974;""Automóvel"";""GM/CELTA 3 PORTAS"";2003;""Condutor"";""Lesões Leves"";44;""Masculino"";0;1;0;0;-19",9622283;-48,"98832279;""SR-MG"";""DEL13"";""UOP02/MG"""
"261765;582961;2020-01-09;""quinta"";""20:15:00"";""GO"";158;270;""JATAI"";""Sim"";""Desobediência às normas de trânsito pelo condutor"";2;""Colisão frontal"";""Com Vítimas Feridas"";""Plena Noite"";""Crescente"";""Céu Claro"";""Simples"";""Interseção de vias"";""Sim"";467024;""Automóvel"";""HYUNDAI/HB20 1.6A PREM"";2017;""Condutor"";""Ileso"";24;""Masculino"";1;0;0;0;-17",87552065;-51,"73078895;""SR-GO"";""DEL1/5"";""UOP01/GO""",
"261765;582959;2020-01-09;""quinta"";""20:15:00"";""GO"";158;270;""JATAI"";""Sim"";""Desobediência às normas de trânsito pelo condutor"";2;""Colisão frontal"";""Com Vítimas Feridas"";""Plena Noite"";""Crescente"";""Céu Claro"";""Simples"";""Interseção de vias"";""Sim"";467023;""Motocicleta"";""HONDA/CB 250F TWISTER"";2015;""Condutor"";""Lesões Leves"";19;""Masculino"";0;1;0;0;-17",87552065;-51,"73078895;""SR-GO"";""DEL1/5"";""UOP01/GO""",
"261765;582956;2020-01-09;""quinta"";""20:15:00"";""GO"";158;270;""JATAI"";""Sim"";""Desobediência às normas de trânsito pelo condutor"";2;""Colisão frontal"";""Com Vítimas Feridas"";""Plena Noite"";""Crescente"";""Céu Claro"";""Simples"";""Interseção de vias"";""Sim"";467022;""Automóvel"";""FIAT/PALIO ELX FLEX"";2005;""Condutor"";""Não Informado"";NA;""Não Informado"";0;0;0;0;-17",87552065;-51,"73078895;""SR-GO"";""DEL1/5"";""UOP01/GO""",
"261765;582961;2020-01-09;""quinta"";""20:15:00"";""GO"";158;270;""JATAI"";""Sim"";""Desobediência às normas de trânsito pelo condutor"";1;""Colisão transversal"";""Com Vítimas Feridas"";""Plena Noite"";""Crescente"";""Céu Claro"";""Simples"";""Interseção de vias"";""Sim"";467024;""Automóvel"";""HYUNDAI/HB20 1.6A PREM"";2017;""Condutor"";""Ileso"";24;""Masculino"";1;0;0;0;-17",87552065;-51,"73078895;""SR-GO"";""DEL1/5"";""UOP01/GO""",
"261765;582959;2020-01-09;""quinta"";""20:15:00"";""GO"";158;270;""JATAI"";""Sim"";""Desobediência às normas de trânsito pelo condutor"";1;""Colisão transversal"";""Com Vítimas Feridas"";""Plena Noite"";""Crescente"";""Céu Claro"";""Simples"";""Interseção de vias"";""Sim"";467023;""Motocicleta"";""HONDA/CB 250F TWISTER"";2015;""Condutor"";""Lesões Leves"";19;""Masculino"";0;1;0;0;-17",87552065;-51,"73078895;""SR-GO"";""DEL1/5"";""UOP01/GO""",
"261765;582956;2020-01-09;""quinta"";""20:15:00"";""GO"";158;270;""JATAI"";""Sim"";""Desobediência às normas de trânsito pelo condutor"";1;""Colisão transversal"";""Com Vítimas Feridas"";""Plena Noite"";""Crescente"";""Céu Claro"";""Simples"";""Interseção de vias"";""Sim"";467022;""Automóvel"";""FIAT/PALIO ELX FLEX"";2005;""Condutor"";""Não Informado"";NA;""Não Informado"";0;0;0;0;-17",87552065;-51,"73078895;""SR-GO"";""DEL1/5"";""UOP01/GO""",
"261766;582881;2020-01-09;""quinta"";""20:50:00"";""DF"";20;4","9;""BRASILIA"";""Sim"";""Ingestão de Álcool"";1;""Saída de leito carroçável"";""Com Vítimas Feridas"";""Plena Noite"";""Crescente"";""Nublado"";""Dupla"";""Reta"";""Sim"";467016;""Automóvel"";""I/NISSAN MARCH 16S FLEX"";2012;""Condutor"";""Lesões Leves"";29;""Masculino"";0;1;0;0;-15",675484;-47,"823761;""SR-DF"";""UOP01/DEL02/DF"";"""""
"261766;582881;2020-01-09;""quinta"";""20:50:00"";""DF"";20;4","9;""BRASILIA"";""Sim"";""Ingestão de Álcool"";2;""Colisão com objeto estático"";""Com Vítimas Feridas"";""Plena Noite"";""Crescente"";""Nublado"";""Dupla"";""Reta"";""Sim"";467016;""Automóvel"";""I/NISSAN MARCH 16S FLEX"";2012;""Condutor"";""Lesões Leves"";29;""Masculino"";0;1;0;0;-15",675484;-47,"823761;""SR-DF"";""UOP01/DEL02/DF"";"""""
"261766;582881;2020-01-09;""quinta"";""20:50:00"";""DF"";20;4","9;""BRASILIA"";""Sim"";""Ingestão de Álcool"";3;""Tombamento"";""Com Vítimas Feridas"";""Plena Noite"";""Crescente"";""Nublado"";""Dupla"";""Reta"";""Sim"";467016;""Automóvel"";""I/NISSAN MARCH 16S FLEX"";2012;""Condutor"";""Lesões Leves"";29;""Masculino"";0;1;0;0;-15",675484;-47,"823761;""SR-DF"";""UOP01/DEL02/DF"";"""""
"261767;582918;2020-01-09;""quinta"";""20:30:00"";""SC"";101;208;""SAO JOSE"";""Sim"";""Defeito Mecânico no Veículo"";1;""Queda de ocupante de veículo"";""Com Vítimas Feridas"";""Plena Noite"";""Crescente"";""Céu Claro"";""Dupla"";""Curva"";""Sim"";467057;""Motocicleta"";""HONDA/CG 125 FAN KS"";2011;""Condutor"";""Lesões Leves"";45;""Masculino"";0;1;0;0;-27",60327979;-48,"63201818;""SR-SC"";""DEL8/1"";""UOP01/SC""",
"261767;582919;2020-01-09;""quinta"";""20:30:00"";""SC"";101;208;""SAO JOSE"";""Sim"";""Defeito Mecânico no Veículo"";1;""Queda de ocupante de veículo"";""Com Vítimas Feridas"";""Plena Noite"";""Crescente"";""Céu Claro"";""Dupla"";""Curva"";""Sim"";467057;""Motocicleta"";""HONDA/CG 125 FAN KS"";2011;""Passageiro"";""Lesões Leves"";42;""Feminino"";0;1;0;0;-27",60327979;-48,"63201818;""SR-SC"";""DEL8/1"";""UOP01/SC""",
"261768;NA;2020-01-09;""quinta"";""16:00:00"";""MS"";163;67","3;""ITAQUIRAI"";""Sim"";""Defeito Mecânico no Veículo"";1;""Incêndio"";""Sem Vítimas"";""Pleno dia"";""Crescente"";""Céu Claro"";""Simples"";""Reta"";""Não"";467051;""Semireboque"";""SR/GUERRA AG GR"";2014;""Não Informado"";""Não Informado"";NA;""Não Informado"";0;0;0;0;-23",57258597;-54,"19598936;""SR-MS"";""DEL3/09"";""UOP02/MS"""
"261768;582900;2020-01-09;""quinta"";""16:00:00"";""MS"";163;67","3;""ITAQUIRAI"";""Sim"";""Defeito Mecânico no Veículo"";1;""Incêndio"";""Sem Vítimas"";""Pleno dia"";""Crescente"";""Céu Claro"";""Simples"";""Reta"";""Não"";466987;""Caminhão-trator"";""SCANIA/P 340 A6X2"";2011;""Condutor"";""Ileso"";64;""Masculino"";1;0;0;0;-23",57258597;-54,"19598936;""SR-MS"";""DEL3/09"";""UOP02/MS"""
"261769;583983;2020-01-09;""quinta"";""20:00:00"";""TO"";NA;NA;""PARAISO DO TOCANTINS"";""Sim"";""Restrição de Visibilidade"";1;""Capotamento"";""Com Vítimas Feridas"";""Plena Noite"";""Não Informado"";""Nublado"";""Dupla"";""Curva"";""Não"";467190;""Caminhonete"";""MMC/L200 TRITON SPT GL"";2018;""Condutor"";""Ileso"";28;""Masculino"";1;0;0;0;-10",15125708;-48,"86780441;""SR-TO"";""UOP02/TO"";""""",
"261769;583992;2020-01-09;""quinta"";""20:00:00"";""TO"";NA;NA;""PARAISO DO TOCANTINS"";""Sim"";""Restrição de Visibilidade"";1;""Capotamento"";""Com Vítimas Feridas"";""Plena Noite"";""Não Informado"";""Nublado"";""Dupla"";""Curva"";""Não"";467190;""Caminhonete"";""MMC/L200 TRITON SPT GL"";2018;""Passageiro"";""Ileso"";38;""Masculino"";1;0;0;0;-10",15125708;-48,"86780441;""SR-TO"";""UOP02/TO"";""""",
"261769;583989;2020-01-09;""quinta"";""20:00:00"";""TO"";NA;NA;""PARAISO DO TOCANTINS"";""Sim"";""Restrição de Visibilidade"";1;""Capotamento"";""Com Vítimas Feridas"";""Plena Noite"";""Não Informado"";""Nublado"";""Dupla"";""Curva"";""Não"";467190;""Caminhonete"";""MMC/L200 TRITON SPT GL"";2018;""Passageiro"";""Lesões Leves"";32;""Masculino"";0;1;0;0;-10",15125708;-48,"86780441;""SR-TO"";""UOP02/TO"";""""",
"261769;583987;2020-01-09;""quinta"";""20:00:00"";""TO"";NA;NA;""PARAISO DO TOCANTINS"";""Sim"";""Restrição de Visibilidade"";1;""Capotamento"";""Com Vítimas Feridas"";""Plena Noite"";""Não Informado"";""Nublado"";""Dupla"";""Curva"";""Não"";467190;""Caminhonete"";""MMC/L200 TRITON SPT GL"";2018;""Passageiro"";""Ileso"";39;""Masculino"";1;0;0;0;-10",15125708;-48,"86780441;""SR-TO"";""UOP02/TO"";""""",
"261770;582866;2020-01-09;""quinta"";""18:45:00"";""CE"";116;163","5;""RUSSAS"";""Sim"";""Desobediência às normas de trânsito pelo condutor"";1;""Colisão frontal"";""Com Vítimas Feridas"";""Plena Noite"";""Crescente"";""Garoa/Chuvisco"";""Simples"";""Reta"";""Não"";466992;""Utilitário"";""I/LR EVOQUE P300 HSE RDY"";2019;""Condutor"";""Ileso"";58;""Masculino"";1;0;0;0;-4",948504;-37,"99279;""SR-CE"";""DEL16/3"";""UOP01/CE"""
"261770;582966;2020-01-09;""quinta"";""18:45:00"";""CE"";116;163","5;""RUSSAS"";""Sim"";""Desobediência às normas de trânsito pelo condutor"";1;""Colisão frontal"";""Com Vítimas Feridas"";""Plena Noite"";""Crescente"";""Garoa/Chuvisco"";""Simples"";""Reta"";""Não"";466993;""Motocicleta"";""HONDA/CG 150 FAN ESI"";2013;""Condutor"";""Lesões Leves"";22;""Masculino"";0;1;0;0;-4",948504;-37,"99279;""SR-CE"";""DEL16/3"";""UOP01/CE"""
"261770;582968;2020-01-09;""quinta"";""18:45:00"";""CE"";116;163","5;""RUSSAS"";""Sim"";""Desobediência às normas de trânsito pelo condutor"";1;""Colisão frontal"";""Com Vítimas Feridas"";""Plena Noite"";""Crescente"";""Garoa/Chuvisco"";""Simples"";""Reta"";""Não"";466993;""Motocicleta"";""HONDA/CG 150 FAN ESI"";2013;""Passageiro"";""Lesões Leves"";15;""Feminino"";0;1;0;0;-4",948504;-37,"99279;""SR-CE"";""DEL16/3"";""UOP01/CE"""
"261770;582866;2020-01-09;""quinta"";""18:45:00"";""CE"";116;163","5;""RUSSAS"";""Não"";""Falta de Atenção à Condução"";1;""Colisão frontal"";""Com Vítimas Feridas"";""Plena Noite"";""Crescente"";""Garoa/Chuvisco"";""Simples"";""Reta"";""Não"";466992;""Utilitário"";""I/LR EVOQUE P300 HSE RDY"";2019;""Condutor"";""Ileso"";58;""Masculino"";1;0;0;0;-4",948504;-37,"99279;""SR-CE"";""DEL16/3"";""UOP01/CE"""
"261770;582966;2020-01-09;""quinta"";""18:45:00"";""CE"";116;163","5;""RUSSAS"";""Não"";""Falta de Atenção à Condução"";1;""Colisão frontal"";""Com Vítimas Feridas"";""Plena Noite"";""Crescente"";""Garoa/Chuvisco"";""Simples"";""Reta"";""Não"";466993;""Motocicleta"";""HONDA/CG 150 FAN ESI"";2013;""Condutor"";""Lesões Leves"";22;""Masculino"";0;1;0;0;-4",948504;-37,"99279;""SR-CE"";""DEL16/3"";""UOP01/CE"""
"261770;582968;2020-01-09;""quinta"";""18:45:00"";""CE"";116;163","5;""RUSSAS"";""Não"";""Falta de Atenção à Condução"";1;""Colisão frontal"";""Com Vítimas Feridas"";""Plena Noite"";""Crescente"";""Garoa/Chuvisco"";""Simples"";""Reta"";""Não"";466993;""Motocicleta"";""HONDA/CG 150 FAN ESI"";2013;""Passageiro"";""Lesões Leves"";15;""Feminino"";0;1;0;0;-4",948504;-37,"99279;""SR-CE"";""DEL16/3"";""UOP01/CE"""
"261771;582915;2020-01-09;""quinta"";""20:30:00"";""RS"";NA;NA;""LAJEADO"";""Sim"";""Restrição de Visibilidade"";1;""Colisão lateral"";""Sem Vítimas"";""Plena Noite"";""Não Informado"";""Chuva"";""Dupla"";""Reta"";""Sim"";467026;""Automóvel"";""CHEV/COBALT 1.8A LTZ ADV"";2014;""Passageiro"";""Ileso"";52;""Masculino"";1;0;0;0;-29",45437362;-51,"96707195;""SR-RS"";""DEL9/4"";""UOP01/RS""",
"261771;582914;2020-01-09;""quinta"";""20:30:00"";""RS"";NA;NA;""LAJEADO"";""Sim"";""Restrição de Visibilidade"";1;""Colisão lateral"";""Sem Vítimas"";""Plena Noite"";""Não Informado"";""Chuva"";""Dupla"";""Reta"";""Sim"";467026;""Automóvel"";""CHEV/COBALT 1.8A LTZ ADV"";2014;""Condutor"";""Ileso"";45;""Masculino"";1;0;0;0;-29",45437362;-51,"96707195;""SR-RS"";""DEL9/4"";""UOP01/RS""",
"261771;582912;2020-01-09;""quinta"";""20:30:00"";""RS"";NA;NA;""LAJEADO"";""Sim"";""Restrição de Visibilidade"";1;""Colisão lateral"";""Sem Vítimas"";""Plena Noite"";""Não Informado"";""Chuva"";""Dupla"";""Reta"";""Sim"";467025;""Automóvel"";""CHEVROLET/CLASSIC LS"";2010;""Passageiro"";""Ileso"";19;""Feminino"";1;0;0;0;-29",45437362;-51,"96707195;""SR-RS"";""DEL9/4"";""UOP01/RS""",
"261771;582890;2020-01-09;""quinta"";""20:30:00"";""RS"";NA;NA;""LAJEADO"";""Sim"";""Restrição de Visibilidade"";1;""Colisão lateral"";""Sem Vítimas"";""Plena Noite"";""Não Informado"";""Chuva"";""Dupla"";""Reta"";""Sim"";467025;""Automóvel"";""CHEVROLET/CLASSIC LS"";2010;""Condutor"";""Ileso"";20;""Feminino"";1;0;0;0;-29",45437362;-51,"96707195;""SR-RS"";""DEL9/4"";""UOP01/RS""",
"261771;582911;2020-01-09;""quinta"";""20:30:00"";""RS"";NA;NA;""LAJEADO"";""Sim"";""Restrição de Visibilidade"";1;""Colisão lateral"";""Sem Vítimas"";""Plena Noite"";""Não Informado"";""Chuva"";""Dupla"";""Reta"";""Sim"";467027;""Automóvel"";""I/CITROEN C4 PALLAS20GLA"";2008;""Passageiro"";""Ileso"";29;""Masculino"";1;0;0;0;-29",45437362;-51,"96707195;""SR-RS"";""DEL9/4"";""UOP01/RS""",
"261771;582910;2020-01-09;""quinta"";""20:30:00"";""RS"";NA;NA;""LAJEADO"";""Sim"";""Restrição de Visibilidade"";1;""Colisão lateral"";""Sem Vítimas"";""Plena Noite"";""Não Informado"";""Chuva"";""Dupla"";""Reta"";""Sim"";467027;""Automóvel"";""I/CITROEN C4 PALLAS20GLA"";2008;""Condutor"";""Ileso"";29;""Masculino"";1;0;0;0;-29",45437362;-51,"96707195;""SR-RS"";""DEL9/4"";""UOP01/RS""",
"261771;582915;2020-01-09;""quinta"";""20:30:00"";""RS"";NA;NA;""LAJEADO"";""Não"";""Pista Escorregadia"";1;""Colisão lateral"";""Sem Vítimas"";""Plena Noite"";""Não Informado"";""Chuva"";""Dupla"";""Reta"";""Sim"";467026;""Automóvel"";""CHEV/COBALT 1.8A LTZ ADV"";2014;""Passageiro"";""Ileso"";52;""Masculino"";1;0;0;0;-29",45437362;-51,"96707195;""SR-RS"";""DEL9/4"";""UOP01/RS""",
"261771;582914;2020-01-09;""quinta"";""20:30:00"";""RS"";NA;NA;""LAJEADO"";""Não"";""Pista Escorregadia"";1;""Colisão lateral"";""Sem Vítimas"";""Plena Noite"";""Não Informado"";""Chuva"";""Dupla"";""Reta"";""Sim"";467026;""Automóvel"";""CHEV/COBALT 1.8A LTZ ADV"";2014;""Condutor"";""Ileso"";45;""Masculino"";1;0;0;0;-29",45437362;-51,"96707195;""SR-RS"";""DEL9/4"";""UOP01/RS""",
"261771;582912;2020-01-09;""quinta"";""20:30:00"";""RS"";NA;NA;""LAJEADO"";""Não"";""Pista Escorregadia"";1;""Colisão lateral"";""Sem Vítimas"";""Plena Noite"";""Não Informado"";""Chuva"";""Dupla"";""Reta"";""Sim"";467025;""Automóvel"";""CHEVROLET/CLASSIC LS"";2010;""Passageiro"";""Ileso"";19;""Feminino"";1;0;0;0;-29",45437362;-51,"96707195;""SR-RS"";""DEL9/4"";""UOP01/RS""",
"261771;582890;2020-01-09;""quinta"";""20:30:00"";""RS"";NA;NA;""LAJEADO"";""Não"";""Pista Escorregadia"";1;""Colisão lateral"";""Sem Vítimas"";""Plena Noite"";""Não Informado"";""Chuva"";""Dupla"";""Reta"";""Sim"";467025;""Automóvel"";""CHEVROLET/CLASSIC LS"";2010;""Condutor"";""Ileso"";20;""Feminino"";1;0;0;0;-29",45437362;-51,"96707195;""SR-RS"";""DEL9/4"";""UOP01/RS""",
"261771;582911;2020-01-09;""quinta"";""20:30:00"";""RS"";NA;NA;""LAJEADO"";""Não"";""Pista Escorregadia"";1;""Colisão lateral"";""Sem Vítimas"";""Plena Noite"";""Não Informado"";""Chuva"";""Dupla"";""Reta"";""Sim"";467027;""Automóvel"";""I/CITROEN C4 PALLAS20GLA"";2008;""Passageiro"";""Ileso"";29;""Masculino"";1;0;0;0;-29",45437362;-51,"96707195;""SR-RS"";""DEL9/4"";""UOP01/RS""",
"261771;582910;2020-01-09;""quinta"";""20:30:00"";""RS"";NA;NA;""LAJEADO"";""Não"";""Pista Escorregadia"";1;""Colisão lateral"";""Sem Vítimas"";""Plena Noite"";""Não Informado"";""Chuva"";""Dupla"";""Reta"";""Sim"";467027;""Automóvel"";""I/CITROEN C4 PALLAS20GLA"";2008;""Condutor"";""Ileso"";29;""Masculino"";1;0;0;0;-29",45437362;-51,"96707195;""SR-RS"";""DEL9/4"";""UOP01/RS""",
"261772;584396;2020-01-09;""quinta"";""21:10:00"";""RS"";471;677;""SANTA VITORIA DO PALMAR"";""Sim"";""Restrição de Visibilidade"";1;""Colisão transversal"";""Com Vítimas Feridas"";""Plena Noite"";""Crescente"";""Garoa/Chuvisco"";""Simples"";""Interseção de vias"";""Não"";468226;""Automóvel"";""CHEVROLET/ONIX 10MT JOYE"";2017;""Condutor"";""Lesões Leves"";50;""Feminino"";0;1;0;0;-33",37798769;-53,"19482982;""SR-RS"";""DEL9/7"";""UOP04/RS""",
"261772;584394;2020-01-09;""quinta"";""21:10:00"";""RS"";471;677;""SANTA VITORIA DO PALMAR"";""Sim"";""Restrição de Visibilidade"";1;""Colisão transversal"";""Com Vítimas Feridas"";""Plena Noite"";""Crescente"";""Garoa/Chuvisco"";""Simples"";""Interseção de vias"";""Não"";467085;""Automóvel"";""I/FORD FOCUS HC FLEX"";2010;""Condutor"";""Ileso"";28;""Masculino"";1;0;0;0;-33",37798769;-53,"19482982;""SR-RS"";""DEL9/7"";""UOP04/RS""",
"261773;582977;2020-01-09;""quinta"";""20:30:00"";""SC"";101;115","8;""ITAJAI"";""Sim"";""Falta de Atenção à Condução"";1;""Colisão traseira"";""Com Vítimas Feridas"";""Plena Noite"";""Decrescente"";""Céu Claro"";""Dupla"";""Reta"";""Sim"";466991;""Motocicleta"";""HONDA/CG 125 TITAN KS"";2003;""Condutor"";""Lesões Leves"";28;""Feminino"";0;1;0;0;-26",87064015;-48,"72954134;""SR-SC"";""DEL8/4"";""UOP04/SC"""
"261773;582970;2020-01-09;""quinta"";""20:30:00"";""SC"";101;115","8;""ITAJAI"";""Sim"";""Falta de Atenção à Condução"";1;""Colisão traseira"";""Com Vítimas Feridas"";""Plena Noite"";""Decrescente"";""Céu Claro"";""Dupla"";""Reta"";""Sim"";466991;""Motocicleta"";""HONDA/CG 125 TITAN KS"";2003;""Passageiro"";""Lesões Graves"";12;""Masculino"";0;0;1;0;-26",87064015;-48,"72954134;""SR-SC"";""DEL8/4"";""UOP04/SC"""
"261773;584454;2020-01-09;""quinta"";""20:30:00"";""SC"";101;115","8;""ITAJAI"";""Sim"";""Falta de Atenção à Condução"";1;""Colisão traseira"";""Com Vítimas Feridas"";""Plena Noite"";""Decrescente"";""Céu Claro"";""Dupla"";""Reta"";""Sim"";467100;""Automóvel"";""FIAT/PALIO FIRE FLEX"";NA;""Condutor"";""Ileso"";NA;""Ignorado"";1;0;0;0;-26",87064015;-48,"72954134;""SR-SC"";""DEL8/4"";""UOP04/SC"""
"261774;584539;2020-01-09;""quinta"";""20:55:00"";""RN"";101;96;""NATAL"";""Sim"";""Desobediência às normas de trânsito pelo condutor"";1;""Colisão transversal"";""Com Vítimas Feridas"";""Plena Noite"";""Decrescente"";""Ignorado"";""Dupla"";""Reta"";""Sim"";467018;""Motocicleta"";""HONDA/CG 150 FAN ESI"";2012;""Passageiro"";""Lesões Leves"";23;""Feminino"";0;1;0;0;-5",84949622;-35,"20890752;""SR-RN"";""DEL15/1"";""UOP01/RN""",
"261774;584536;2020-01-09;""quinta"";""20:55:00"";""RN"";101;96;""NATAL"";""Sim"";""Desobediência às normas de trânsito pelo condutor"";1;""Colisão transversal"";""Com Vítimas Feridas"";""Plena Noite"";""Decrescente"";""Ignorado"";""Dupla"";""Reta"";""Sim"";467018;""Motocicleta"";""HONDA/CG 150 FAN ESI"";2012;""Condutor"";""Ileso"";28;""Masculino"";1;0;0;0;-5",84949622;-35,"20890752;""SR-RN"";""DEL15/1"";""UOP01/RN""",
"261774;584535;2020-01-09;""quinta"";""20:55:00"";""RN"";101;96;""NATAL"";""Sim"";""Desobediência às normas de trânsito pelo condutor"";1;""Colisão transversal"";""Com Vítimas Feridas"";""Plena Noite"";""Decrescente"";""Ignorado"";""Dupla"";""Reta"";""Sim"";467017;""Utilitário"";""JEEP/COMPASS LONGITUDE D"";2019;""Condutor"";""Ileso"";33;""Feminino"";1;0;0;0;-5",84949622;-35,"20890752;""SR-RN"";""DEL15/1"";""UOP01/RN""",
"261775;583566;2020-01-09;""quinta"";""15:25:00"";""MG"";381;302;""ANTONIO DIAS"";""Sim"";""Falta de Atenção à Condução"";1;""Colisão com objeto estático"";""Com Vítimas Feridas"";""Pleno dia"";""Decrescente"";""Céu Claro"";""Dupla"";""Reta"";""Não"";466998;""Caminhonete"";""FIAT/TORO FREEDOM AT9 D4"";2019;""Condutor"";""Lesões Leves"";52;""Masculino"";0;1;0;0;-19",63953089;-42,"89903641;""SR-MG"";""DEL4/3"";""UOP02/MG""",
"261776;NA;2020-01-09;""quinta"";""17:20:00"";""MG"";116;240;""TEOFILO OTONI"";""Sim"";""Agressão Externa"";1;""Tombamento"";""Sem Vítimas"";""Pleno dia"";""Crescente"";""Céu Claro"";""Simples"";""Reta"";""Não"";467019;""Semireboque"";""SR/FACCHINI SRF RT"";2008;""Não Informado"";""Não Informado"";NA;""Não Informado"";0;0;0;0;-17",57022614;-41,"46854576;""SR-MG"";""DEL4/11"";""UOP01/MG""",
"261776;NA;2020-01-09;""quinta"";""17:20:00"";""MG"";116;240;""TEOFILO OTONI"";""Sim"";""Agressão Externa"";1;""Tombamento"";""Sem Vítimas"";""Pleno dia"";""Crescente"";""Céu Claro"";""Simples"";""Reta"";""Não"";467020;""Semireboque"";""SR/FACCHINI SRF RT"";2008;""Não Informado"";""Não Informado"";NA;""Não Informado"";0;0;0;0;-17",57022614;-41,"46854576;""SR-MG"";""DEL4/11"";""UOP01/MG""",