"id;""pesid"";""data_inversa"";""dia_semana"";""horario"";""uf"";""br"";""km"";""municipio"";""causa_principal"";""causa_acidente"";""ordem_tipo_acidente"";""tipo_acidente"";""classificacao_acidente"";""fase_dia"";""sentido_via"";""condicao_metereologica"";""tipo_pista"";""tracado_via"";""uso_solo"";""id_veiculo"";""tipo_veiculo"";""marca"";""ano_fabricacao_veiculo"";""tipo_envolvido"";""estado_fisico"";""idade"";""sexo"";""ilesos"";""feridos_leves"";""feridos_graves"";""mortos"";""latitude"";""longitude"";""regional"";""delegacia"";""uop""",,,
"261818;582939;2020-01-10;""sexta"";""03:50:00"";""SC"";280;51","5;""GUARAMIRIM"";""Sim"";""Falta de Atenção à Condução"";1;""Saída de leito carroçável"";""Com Vítimas Feridas"";""Plena Noite"";""Crescente"";""Céu Claro"";""Simples"";""Reta"";""Sim"";467065;""Motocicleta"";""HONDA/CG 150 SPORT"";2006;""Passageiro"";""Lesões Graves"";27;""Masculino"";0;0;1;0;-26",46538871;-48,"95544449;""SR-SC"";""DEL8/3"";""UOP03/SC"""
"261818;582937;2020-01-10;""sexta"";""03:50:00"";""SC"";280;51","5;""GUARAMIRIM"";""Sim"";""Falta de Atenção à Condução"";1;""Saída de leito carroçável"";""Com Vítimas Feridas"";""Plena Noite"";""Crescente"";""Céu Claro"";""Simples"";""Reta"";""Sim"";467065;""Motocicleta"";""HONDA/CG 150 SPORT"";2006;""Condutor"";""Ileso"";26;""Masculino"";1;0;0;0;-26",46538871;-48,"95544449;""SR-SC"";""DEL8/3"";""UOP03/SC"""
"261818;582939;2020-01-10;""sexta"";""03:50:00"";""SC"";280;51","5;""GUARAMIRIM"";""Sim"";""Falta de Atenção à Condução"";2;""Tombamento"";""Com Vítimas Feridas"";""Plena Noite"";""Crescente"";""Céu Claro"";""Simples"";""Reta"";""Sim"";467065;""Motocicleta"";""HONDA/CG 150 SPORT"";2006;""Passageiro"";""Lesões Graves"";27;""Masculino"";0;0;1;0;-26",46538871;-48,"95544449;""SR-SC"";""DEL8/3"";""UOP03/SC"""
"261818;582937;2020-01-10;""sexta"";""03:50:00"";""SC"";280;51","5;""GUARAMIRIM"";""Sim"";""Falta de Atenção à Condução"";2;""Tombamento"";""Com Vítimas Feridas"";""Plena Noite"";""Crescente"";""Céu Claro"";""Simples"";""Reta"";""Sim"";467065;""Motocicleta"";""HONDA/CG 150 SPORT"";2006;""Condutor"";""Ileso"";26;""Masculino"";1;0;0;0;-26",46538871;-48,"95544449;""SR-SC"";""DEL8/3"";""UOP03/SC"""
"261820;582947;2020-01-10;""sexta"";""04:50:00"";""SP"";116;278;""EMBU DAS ARTES"";""Sim"";""Ingestão de Álcool"";1;""Saída de leito carroçável"";""Sem Vítimas"";""Amanhecer"";""Crescente"";""Ignorado"";""Dupla"";""Reta"";""Sim"";467071;""Camioneta"";""I/LR EVOQUE PURE 5D"";2012;""Condutor"";""Ileso"";62;""Masculino"";1;0;0;0;-23",65508497;-46,"84918605;""SR-SP"";""DEL6/4"";""UOP01/SP""",
"261821;586943;2020-01-09;""quinta"";""13:00:00"";""PA"";230;136;""MARABA"";""Sim"";""Animais na Pista"";1;""Colisão traseira"";""Sem Vítimas"";""Pleno dia"";""Crescente"";""Céu Claro"";""Simples"";""Reta"";""Não"";467208;""Caminhonete"";""RENAULT/MASTER MAR TPRE1"";2017;""Condutor"";""Ileso"";29;""Masculino"";1;0;0;0;-5",34007902;-49,"21659807;""SR-PA"";""DEL19/3"";""UOP01/PA""",
"261821;586933;2020-01-09;""quinta"";""13:00:00"";""PA"";230;136;""MARABA"";""Sim"";""Animais na Pista"";1;""Colisão traseira"";""Sem Vítimas"";""Pleno dia"";""Crescente"";""Céu Claro"";""Simples"";""Reta"";""Não"";467208;""Caminhonete"";""RENAULT/MASTER MAR TPRE1"";2017;""Passageiro"";""Ileso"";27;""Masculino"";1;0;0;0;-5",34007902;-49,"21659807;""SR-PA"";""DEL19/3"";""UOP01/PA""",
"261821;586930;2020-01-09;""quinta"";""13:00:00"";""PA"";230;136;""MARABA"";""Sim"";""Animais na Pista"";1;""Colisão traseira"";""Sem Vítimas"";""Pleno dia"";""Crescente"";""Céu Claro"";""Simples"";""Reta"";""Não"";467207;""Automóvel"";""FIAT/UNO MILLE WAY ECON"";2008;""Condutor"";""Ileso"";60;""Masculino"";1;0;0;0;-5",34007902;-49,"21659807;""SR-PA"";""DEL19/3"";""UOP01/PA""",
"261821;586923;2020-01-09;""quinta"";""13:00:00"";""PA"";230;136;""MARABA"";""Sim"";""Animais na Pista"";1;""Colisão traseira"";""Sem Vítimas"";""Pleno dia"";""Crescente"";""Céu Claro"";""Simples"";""Reta"";""Não"";467206;""Automóvel"";""CHEVROLET/ONIX 1.0MT LT"";2018;""Condutor"";""Ileso"";52;""Masculino"";1;0;0;0;-5",34007902;-49,"21659807;""SR-PA"";""DEL19/3"";""UOP01/PA""",
"261821;586943;2020-01-09;""quinta"";""13:00:00"";""PA"";230;136;""MARABA"";""Sim"";""Animais na Pista"";2;""Saída de leito carroçável"";""Sem Vítimas"";""Pleno dia"";""Crescente"";""Céu Claro"";""Simples"";""Reta"";""Não"";467208;""Caminhonete"";""RENAULT/MASTER MAR TPRE1"";2017;""Condutor"";""Ileso"";29;""Masculino"";1;0;0;0;-5",34007902;-49,"21659807;""SR-PA"";""DEL19/3"";""UOP01/PA""",
"261821;586933;2020-01-09;""quinta"";""13:00:00"";""PA"";230;136;""MARABA"";""Sim"";""Animais na Pista"";2;""Saída de leito carroçável"";""Sem Vítimas"";""Pleno dia"";""Crescente"";""Céu Claro"";""Simples"";""Reta"";""Não"";467208;""Caminhonete"";""RENAULT/MASTER MAR TPRE1"";2017;""Passageiro"";""Ileso"";27;""Masculino"";1;0;0;0;-5",34007902;-49,"21659807;""SR-PA"";""DEL19/3"";""UOP01/PA""",
"261821;586930;2020-01-09;""quinta"";""13:00:00"";""PA"";230;136;""MARABA"";""Sim"";""Animais na Pista"";2;""Saída de leito carroçável"";""Sem Vítimas"";""Pleno dia"";""Crescente"";""Céu Claro"";""Simples"";""Reta"";""Não"";467207;""Automóvel"";""FIAT/UNO MILLE WAY ECON"";2008;""Condutor"";""Ileso"";60;""Masculino"";1;0;0;0;-5",34007902;-49,"21659807;""SR-PA"";""DEL19/3"";""UOP01/PA""",
"261821;586923;2020-01-09;""quinta"";""13:00:00"";""PA"";230;136;""MARABA"";""Sim"";""Animais na Pista"";2;""Saída de leito carroçável"";""Sem Vítimas"";""Pleno dia"";""Crescente"";""Céu Claro"";""Simples"";""Reta"";""Não"";467206;""Automóvel"";""CHEVROLET/ONIX 1.0MT LT"";2018;""Condutor"";""Ileso"";52;""Masculino"";1;0;0;0;-5",34007902;-49,"21659807;""SR-PA"";""DEL19/3"";""UOP01/PA""",
"261821;586943;2020-01-09;""quinta"";""13:00:00"";""PA"";230;136;""MARABA"";""Sim"";""Animais na Pista"";3;""Colisão com objeto estático"";""Sem Vítimas"";""Pleno dia"";""Crescente"";""Céu Claro"";""Simples"";""Reta"";""Não"";467208;""Caminhonete"";""RENAULT/MASTER MAR TPRE1"";2017;""Condutor"";""Ileso"";29;""Masculino"";1;0;0;0;-5",34007902;-49,"21659807;""SR-PA"";""DEL19/3"";""UOP01/PA""",
"261821;586933;2020-01-09;""quinta"";""13:00:00"";""PA"";230;136;""MARABA"";""Sim"";""Animais na Pista"";3;""Colisão com objeto estático"";""Sem Vítimas"";""Pleno dia"";""Crescente"";""Céu Claro"";""Simples"";""Reta"";""Não"";467208;""Caminhonete"";""RENAULT/MASTER MAR TPRE1"";2017;""Passageiro"";""Ileso"";27;""Masculino"";1;0;0;0;-5",34007902;-49,"21659807;""SR-PA"";""DEL19/3"";""UOP01/PA""",
"261821;586930;2020-01-09;""quinta"";""13:00:00"";""PA"";230;136;""MARABA"";""Sim"";""Animais na Pista"";3;""Colisão com objeto estático"";""Sem Vítimas"";""Pleno dia"";""Crescente"";""Céu Claro"";""Simples"";""Reta"";""Não"";467207;""Automóvel"";""FIAT/UNO MILLE WAY ECON"";2008;""Condutor"";""Ileso"";60;""Masculino"";1;0;0;0;-5",34007902;-49,"21659807;""SR-PA"";""DEL19/3"";""UOP01/PA""",
"261821;586923;2020-01-09;""quinta"";""13:00:00"";""PA"";230;136;""MARABA"";""Sim"";""Animais na Pista"";3;""Colisão com objeto estático"";""Sem Vítimas"";""Pleno dia"";""Crescente"";""Céu Claro"";""Simples"";""Reta"";""Não"";467206;""Automóvel"";""CHEVROLET/ONIX 1.0MT LT"";2018;""Condutor"";""Ileso"";52;""Masculino"";1;0;0;0;-5",34007902;-49,"21659807;""SR-PA"";""DEL19/3"";""UOP01/PA""",
"261822;584719;2020-01-10;""sexta"";""05:00:00"";""SP"";153;195","1;""GETULINA"";""Sim"";""Ingestão de Álcool"";2;""Colisão com objeto estático"";""Sem Vítimas"";""Plena Noite"";""Decrescente"";""Nublado"";""Simples"";""Interseção de vias"";""Não"";467090;""Automóvel"";""IMP/VW GOL CL 1.6 MI"";1997;""Condutor"";""Ileso"";18;""Masculino"";1;0;0;0;-21",77632408;-49,"892537;""SR-SP"";""DEL6/07"";""UOP01/SP"""
"261822;584719;2020-01-10;""sexta"";""05:00:00"";""SP"";153;195","1;""GETULINA"";""Sim"";""Ingestão de Álcool"";1;""Saída de leito carroçável"";""Sem Vítimas"";""Plena Noite"";""Decrescente"";""Nublado"";""Simples"";""Interseção de vias"";""Não"";467090;""Automóvel"";""IMP/VW GOL CL 1.6 MI"";1997;""Condutor"";""Ileso"";18;""Masculino"";1;0;0;0;-21",77632408;-49,"892537;""SR-SP"";""DEL6/07"";""UOP01/SP"""
"261823;584367;2020-01-10;""sexta"";""05:30:00"";""GO"";153;504","2;""APARECIDA DE GOIANIA"";""Sim"";""Falta de Atenção à Condução"";2;""Queda de ocupante de veículo"";""Com Vítimas Feridas"";""Amanhecer"";""Decrescente"";""Nublado"";""Dupla"";""Não Informado"";""Sim"";467084;""Motocicleta"";""YAMAHA/YS150 FAZER SED"";2017;""Condutor"";""Lesões Leves"";22;""Masculino"";0;1;0;0;-16",7451;-49,"2408;""SR-GO"";""DEL1/1"";""UOP01/GO"""
"261823;584367;2020-01-10;""sexta"";""05:30:00"";""GO"";153;504","2;""APARECIDA DE GOIANIA"";""Sim"";""Falta de Atenção à Condução"";1;""Colisão traseira"";""Com Vítimas Feridas"";""Amanhecer"";""Decrescente"";""Nublado"";""Dupla"";""Não Informado"";""Sim"";467084;""Motocicleta"";""YAMAHA/YS150 FAZER SED"";2017;""Condutor"";""Lesões Leves"";22;""Masculino"";0;1;0;0;-16",7451;-49,"2408;""SR-GO"";""DEL1/1"";""UOP01/GO"""
"261823;584367;2020-01-10;""sexta"";""05:30:00"";""GO"";153;504","2;""APARECIDA DE GOIANIA"";""Não"";""Não guardar distância de segurança"";2;""Queda de ocupante de veículo"";""Com Vítimas Feridas"";""Amanhecer"";""Decrescente"";""Nublado"";""Dupla"";""Não Informado"";""Sim"";467084;""Motocicleta"";""YAMAHA/YS150 FAZER SED"";2017;""Condutor"";""Lesões Leves"";22;""Masculino"";0;1;0;0;-16",7451;-49,"2408;""SR-GO"";""DEL1/1"";""UOP01/GO"""
"261823;584367;2020-01-10;""sexta"";""05:30:00"";""GO"";153;504","2;""APARECIDA DE GOIANIA"";""Não"";""Não guardar distância de segurança"";1;""Colisão traseira"";""Com Vítimas Feridas"";""Amanhecer"";""Decrescente"";""Nublado"";""Dupla"";""Não Informado"";""Sim"";467084;""Motocicleta"";""YAMAHA/YS150 FAZER SED"";2017;""Condutor"";""Lesões Leves"";22;""Masculino"";0;1;0;0;-16",7451;-49,"2408;""SR-GO"";""DEL1/1"";""UOP01/GO"""
"261824;583209;2020-01-10;""sexta"";""06:10:00"";""GO"";60;247","5;""INDIARA"";""Sim"";""Falta de Atenção à Condução"";1;""Colisão transversal"";""Com Vítimas Fatais"";""Pleno dia"";""Decrescente"";""Céu Claro"";""Dupla"";""Reta"";""Sim"";467238;""Motoneta"";""HONDA/BIZ 125 ES"";2009;""Passageiro"";""Óbito"";22;""Feminino"";0;0;0;1;-17",1092;-49,"9366;""SR-GO"";""DEL1/1"";""UOP02/GO"""
"261824;585063;2020-01-10;""sexta"";""06:10:00"";""GO"";60;247","5;""INDIARA"";""Sim"";""Falta de Atenção à Condução"";1;""Colisão transversal"";""Com Vítimas Fatais"";""Pleno dia"";""Decrescente"";""Céu Claro"";""Dupla"";""Reta"";""Sim"";467238;""Motoneta"";""HONDA/BIZ 125 ES"";2009;""Condutor"";""Óbito"";31;""Feminino"";0;0;0;1;-17",1092;-49,"9366;""SR-GO"";""DEL1/1"";""UOP02/GO"""
"261824;585041;2020-01-10;""sexta"";""06:10:00"";""GO"";60;247","5;""INDIARA"";""Sim"";""Falta de Atenção à Condução"";1;""Colisão transversal"";""Com Vítimas Fatais"";""Pleno dia"";""Decrescente"";""Céu Claro"";""Dupla"";""Reta"";""Sim"";467239;""Ônibus"";""MARCOPOLO/VOLARE DW9 ON"";2014;""Condutor"";""Ileso"";59;""Masculino"";1;0;0;0;-17",1092;-49,"9366;""SR-GO"";""DEL1/1"";""UOP02/GO"""
"261825;585579;2020-01-10;""sexta"";""05:40:00"";""SP"";116;37","9;""CACHOEIRA PAULISTA"";""Sim"";""Falta de Atenção à Condução"";1;""Tombamento"";""Sem Vítimas"";""Amanhecer"";""Crescente"";""Nublado"";""Dupla"";""Curva"";""Não"";467113;""Caminhão"";""M.BENZ/ATEGO 2428"";2011;""Condutor"";""Ileso"";53;""Masculino"";1;0;0;0;-22",66497021;-44,"98430985;""SR-SP"";""DEL6/8"";""UOP01/SP"""
"261825;585579;2020-01-10;""sexta"";""05:40:00"";""SP"";116;37","9;""CACHOEIRA PAULISTA"";""Sim"";""Falta de Atenção à Condução"";2;""Derramamento de carga"";""Sem Vítimas"";""Amanhecer"";""Crescente"";""Nublado"";""Dupla"";""Curva"";""Não"";467113;""Caminhão"";""M.BENZ/ATEGO 2428"";2011;""Condutor"";""Ileso"";53;""Masculino"";1;0;0;0;-22",66497021;-44,"98430985;""SR-SP"";""DEL6/8"";""UOP01/SP"""
"261825;585579;2020-01-10;""sexta"";""05:40:00"";""SP"";116;37","9;""CACHOEIRA PAULISTA"";""Não"";""Velocidade Incompatível"";1;""Tombamento"";""Sem Vítimas"";""Amanhecer"";""Crescente"";""Nublado"";""Dupla"";""Curva"";""Não"";467113;""Caminhão"";""M.BENZ/ATEGO 2428"";2011;""Condutor"";""Ileso"";53;""Masculino"";1;0;0;0;-22",66497021;-44,"98430985;""SR-SP"";""DEL6/8"";""UOP01/SP"""
"261825;585579;2020-01-10;""sexta"";""05:40:00"";""SP"";116;37","9;""CACHOEIRA PAULISTA"";""Não"";""Velocidade Incompatível"";2;""Derramamento de carga"";""Sem Vítimas"";""Amanhecer"";""Crescente"";""Nublado"";""Dupla"";""Curva"";""Não"";467113;""Caminhão"";""M.BENZ/ATEGO 2428"";2011;""Condutor"";""Ileso"";53;""Masculino"";1;0;0;0;-22",66497021;-44,"98430985;""SR-SP"";""DEL6/8"";""UOP01/SP"""
"261826;582962;2020-01-09;""quinta"";""22:30:00"";""PA"";230;121","6;""MARABA"";""Sim"";""Desobediência às normas de trânsito pelo condutor"";1;""Colisão transversal"";""Com Vítimas Feridas"";""Plena Noite"";""Crescente"";""Nublado"";""Dupla"";""Ponte"";""Sim"";467083;""Motoneta"";""HONDA/BIZ 125 EX"";2015;""Condutor"";""Lesões Leves"";39;""Feminino"";0;1;0;0;-5",35297407;-49,"12143673;""SR-PA"";""DEL19/3"";""UOP01/PA"""
"261826;582964;2020-01-09;""quinta"";""22:30:00"";""PA"";230;121","6;""MARABA"";""Sim"";""Desobediência às normas de trânsito pelo condutor"";1;""Colisão transversal"";""Com Vítimas Feridas"";""Plena Noite"";""Crescente"";""Nublado"";""Dupla"";""Ponte"";""Sim"";467088;""Motocicleta"";""HONDA/CG150 FAN ESDI"";2011;""Passageiro"";""Lesões Leves"";37;""Feminino"";0;1;0;0;-5",35297407;-49,"12143673;""SR-PA"";""DEL19/3"";""UOP01/PA"""
"261826;582963;2020-01-09;""quinta"";""22:30:00"";""PA"";230;121","6;""MARABA"";""Sim"";""Desobediência às normas de trânsito pelo condutor"";1;""Colisão transversal"";""Com Vítimas Feridas"";""Plena Noite"";""Crescente"";""Nublado"";""Dupla"";""Ponte"";""Sim"";467088;""Motocicleta"";""HONDA/CG150 FAN ESDI"";2011;""Condutor"";""Lesões Leves"";28;""Masculino"";0;1;0;0;-5",35297407;-49,"12143673;""SR-PA"";""DEL19/3"";""UOP01/PA"""
"261826;582962;2020-01-09;""quinta"";""22:30:00"";""PA"";230;121","6;""MARABA"";""Sim"";""Desobediência às normas de trânsito pelo condutor"";2;""Tombamento"";""Com Vítimas Feridas"";""Plena Noite"";""Crescente"";""Nublado"";""Dupla"";""Ponte"";""Sim"";467083;""Motoneta"";""HONDA/BIZ 125 EX"";2015;""Condutor"";""Lesões Leves"";39;""Feminino"";0;1;0;0;-5",35297407;-49,"12143673;""SR-PA"";""DEL19/3"";""UOP01/PA"""
"261826;582964;2020-01-09;""quinta"";""22:30:00"";""PA"";230;121","6;""MARABA"";""Sim"";""Desobediência às normas de trânsito pelo condutor"";2;""Tombamento"";""Com Vítimas Feridas"";""Plena Noite"";""Crescente"";""Nublado"";""Dupla"";""Ponte"";""Sim"";467088;""Motocicleta"";""HONDA/CG150 FAN ESDI"";2011;""Passageiro"";""Lesões Leves"";37;""Feminino"";0;1;0;0;-5",35297407;-49,"12143673;""SR-PA"";""DEL19/3"";""UOP01/PA"""
"261826;582963;2020-01-09;""quinta"";""22:30:00"";""PA"";230;121","6;""MARABA"";""Sim"";""Desobediência às normas de trânsito pelo condutor"";2;""Tombamento"";""Com Vítimas Feridas"";""Plena Noite"";""Crescente"";""Nublado"";""Dupla"";""Ponte"";""Sim"";467088;""Motocicleta"";""HONDA/CG150 FAN ESDI"";2011;""Condutor"";""Lesões Leves"";28;""Masculino"";0;1;0;0;-5",35297407;-49,"12143673;""SR-PA"";""DEL19/3"";""UOP01/PA"""
"261827;584595;2020-01-10;""sexta"";""02:50:00"";""PR"";373;271;""PRUDENTOPOLIS"";""Sim"";""Ingestão de Álcool"";1;""Saída de leito carroçável"";""Sem Vítimas"";""Plena Noite"";""Crescente"";""Céu Claro"";""Simples"";""Reta"";""Não"";467089;""Automóvel"";""VW/GOL 16V POWER"";2002;""Condutor"";""Não Informado"";NA;""Não Informado"";0;0;0;0;-25",2359722;-51,"03777662;""SR-PR"";""DEL7/3"";""UOP01/PR""",
"261827;584595;2020-01-10;""sexta"";""02:50:00"";""PR"";373;271;""PRUDENTOPOLIS"";""Não"";""Defeito Mecânico no Veículo"";1;""Saída de leito carroçável"";""Sem Vítimas"";""Plena Noite"";""Crescente"";""Céu Claro"";""Simples"";""Reta"";""Não"";467089;""Automóvel"";""VW/GOL 16V POWER"";2002;""Condutor"";""Não Informado"";NA;""Não Informado"";0;0;0;0;-25",2359722;-51,"03777662;""SR-PR"";""DEL7/3"";""UOP01/PR""",
"261828;NA;2020-01-09;""quinta"";""18:40:00"";""MT"";174;169;""PORTO ESPERIDIAO"";""Sim"";""Não guardar distância de segurança"";1;""Colisão lateral"";""Sem Vítimas"";""Anoitecer"";""Decrescente"";""Céu Claro"";""Simples"";""Reta"";""Não"";468238;""Semireboque"";""SR/MANOS SRBASC 3E"";2012;""Não Informado"";""Não Informado"";NA;""Não Informado"";0;0;0;0;-15",8482247;-58,"46356612;""SR-MT"";""DEL2/3"";""UOP01/MT""",
"261828;584405;2020-01-09;""quinta"";""18:40:00"";""MT"";174;169;""PORTO ESPERIDIAO"";""Sim"";""Não guardar distância de segurança"";1;""Colisão lateral"";""Sem Vítimas"";""Anoitecer"";""Decrescente"";""Céu Claro"";""Simples"";""Reta"";""Não"";467103;""Caminhão-trator"";""VOLVO/NH12 420 4X2T"";2001;""Condutor"";""Ileso"";50;""Masculino"";1;0;0;0;-15",8482247;-58,"46356612;""SR-MT"";""DEL2/3"";""UOP01/MT""",
"261828;NA;2020-01-09;""quinta"";""18:40:00"";""MT"";174;169;""PORTO ESPERIDIAO"";""Sim"";""Não guardar distância de segurança"";1;""Colisão lateral"";""Sem Vítimas"";""Anoitecer"";""Decrescente"";""Céu Claro"";""Simples"";""Reta"";""Não"";468233;""Semireboque"";""SR/FACCHINI SRF RT"";2013;""Não Informado"";""Não Informado"";NA;""Não Informado"";0;0;0;0;-15",8482247;-58,"46356612;""SR-MT"";""DEL2/3"";""UOP01/MT""",
"261828;584404;2020-01-09;""quinta"";""18:40:00"";""MT"";174;169;""PORTO ESPERIDIAO"";""Sim"";""Não guardar distância de segurança"";1;""Colisão lateral"";""Sem Vítimas"";""Anoitecer"";""Decrescente"";""Céu Claro"";""Simples"";""Reta"";""Não"";467102;""Caminhão-trator"";""IVECO/STRALIS 740S46TZ"";2011;""Condutor"";""Ileso"";37;""Masculino"";1;0;0;0;-15",8482247;-58,"46356612;""SR-MT"";""DEL2/3"";""UOP01/MT""",
"261828;NA;2020-01-09;""quinta"";""18:40:00"";""MT"";174;169;""PORTO ESPERIDIAO"";""Sim"";""Não guardar distância de segurança"";1;""Colisão lateral"";""Sem Vítimas"";""Anoitecer"";""Decrescente"";""Céu Claro"";""Simples"";""Reta"";""Não"";468223;""Semireboque"";""SR/FACCHINI SRF RT"";2013;""Não Informado"";""Não Informado"";NA;""Não Informado"";0;0;0;0;-15",8482247;-58,"46356612;""SR-MT"";""DEL2/3"";""UOP01/MT""",
"261829;584696;2020-01-10;""sexta"";""05:30:00"";""SC"";282;464;""PONTE SERRADA"";""Sim"";""Falta de Atenção à Condução"";2;""Saída de leito carroçável"";""Com Vítimas Feridas"";""Amanhecer"";""Decrescente"";""Céu Claro"";""Simples"";""Não Informado"";""Não"";467115;""Camioneta"";""FORD/ECOSPORT FSL 1.6"";NA;""Passageiro"";""Lesões Leves"";49;""Feminino"";0;1;0;0;-26",852072;-52,"068142;""SR-SC"";""DEL7"";""UOP05/SC""",
"261829;584693;2020-01-10;""sexta"";""05:30:00"";""SC"";282;464;""PONTE SERRADA"";""Sim"";""Falta de Atenção à Condução"";2;""Saída de leito carroçável"";""Com Vítimas Feridas"";""Amanhecer"";""Decrescente"";""Céu Claro"";""Simples"";""Não Informado"";""Não"";467115;""Camioneta"";""FORD/ECOSPORT FSL 1.6"";NA;""Condutor"";""Ileso"";55;""Masculino"";1;0;0;0;-26",852072;-52,"068142;""SR-SC"";""DEL7"";""UOP05/SC""",
"261829;584697;2020-01-10;""sexta"";""05:30:00"";""SC"";282;464;""PONTE SERRADA"";""Sim"";""Falta de Atenção à Condução"";2;""Saída de leito carroçável"";""Com Vítimas Feridas"";""Amanhecer"";""Decrescente"";""Céu Claro"";""Simples"";""Não Informado"";""Não"";467116;""Caminhão-trator"";""FORD/CARGO 4432 E"";2006;""Condutor"";""Ileso"";37;""Masculino"";1;0;0;0;-26",852072;-52,"068142;""SR-SC"";""DEL7"";""UOP05/SC""",
"261829;NA;2020-01-10;""sexta"";""05:30:00"";""SC"";282;464;""PONTE SERRADA"";""Sim"";""Falta de Atenção à Condução"";2;""Saída de leito carroçável"";""Com Vítimas Feridas"";""Amanhecer"";""Decrescente"";""Céu Claro"";""Simples"";""Não Informado"";""Não"";468427;""Semireboque"";""REB/RANDON SR GR TR"";1994;""Não Informado"";""Não Informado"";NA;""Não Informado"";0;0;0;0;-26",852072;-52,"068142;""SR-SC"";""DEL7"";""UOP05/SC""",
"261829;584696;2020-01-10;""sexta"";""05:30:00"";""SC"";282;464;""PONTE SERRADA"";""Sim"";""Falta de Atenção à Condução"";1;""Colisão lateral"";""Com Vítimas Feridas"";""Amanhecer"";""Decrescente"";""Céu Claro"";""Simples"";""Não Informado"";""Não"";467115;""Camioneta"";""FORD/ECOSPORT FSL 1.6"";NA;""Passageiro"";""Lesões Leves"";49;""Feminino"";0;1;0;0;-26",852072;-52,"068142;""SR-SC"";""DEL7"";""UOP05/SC""",
"261829;584693;2020-01-10;""sexta"";""05:30:00"";""SC"";282;464;""PONTE SERRADA"";""Sim"";""Falta de Atenção à Condução"";1;""Colisão lateral"";""Com Vítimas Feridas"";""Amanhecer"";""Decrescente"";""Céu Claro"";""Simples"";""Não Informado"";""Não"";467115;""Camioneta"";""FORD/ECOSPORT FSL 1.6"";NA;""Condutor"";""Ileso"";55;""Masculino"";1;0;0;0;-26",852072;-52,"068142;""SR-SC"";""DEL7"";""UOP05/SC""",
"261829;584697;2020-01-10;""sexta"";""05:30:00"";""SC"";282;464;""PONTE SERRADA"";""Sim"";""Falta de Atenção à Condução"";1;""Colisão lateral"";""Com Vítimas Feridas"";""Amanhecer"";""Decrescente"";""Céu Claro"";""Simples"";""Não Informado"";""Não"";467116;""Caminhão-trator"";""FORD/CARGO 4432 E"";2006;""Condutor"";""Ileso"";37;""Masculino"";1;0;0;0;-26",852072;-52,"068142;""SR-SC"";""DEL7"";""UOP05/SC""",
"261829;NA;2020-01-10;""sexta"";""05:30:00"";""SC"";282;464;""PONTE SERRADA"";""Sim"";""Falta de Atenção à Condução"";1;""Colisão lateral"";""Com Vítimas Feridas"";""Amanhecer"";""Decrescente"";""Céu Claro"";""Simples"";""Não Informado"";""Não"";468427;""Semireboque"";""REB/RANDON SR GR TR"";1994;""Não Informado"";""Não Informado"";NA;""Não Informado"";0;0;0;0;-26",852072;-52,"068142;""SR-SC"";""DEL7"";""UOP05/SC""",
"261829;584696;2020-01-10;""sexta"";""05:30:00"";""SC"";282;464;""PONTE SERRADA"";""Sim"";""Falta de Atenção à Condução"";3;""Colisão com objeto estático"";""Com Vítimas Feridas"";""Amanhecer"";""Decrescente"";""Céu Claro"";""Simples"";""Não Informado"";""Não"";467115;""Camioneta"";""FORD/ECOSPORT FSL 1.6"";NA;""Passageiro"";""Lesões Leves"";49;""Feminino"";0;1;0;0;-26",852072;-52,"068142;""SR-SC"";""DEL7"";""UOP05/SC""",
"261829;584693;2020-01-10;""sexta"";""05:30:00"";""SC"";282;464;""PONTE SERRADA"";""Sim"";""Falta de Atenção à Condução"";3;""Colisão com objeto estático"";""Com Vítimas Feridas"";""Amanhecer"";""Decrescente"";""Céu Claro"";""Simples"";""Não Informado"";""Não"";467115;""Camioneta"";""FORD/ECOSPORT FSL 1.6"";NA;""Condutor"";""Ileso"";55;""Masculino"";1;0;0;0;-26",852072;-52,"068142;""SR-SC"";""DEL7"";""UOP05/SC""",
"261829;584697;2020-01-10;""sexta"";""05:30:00"";""SC"";282;464;""PONTE SERRADA"";""Sim"";""Falta de Atenção à Condução"";3;""Colisão com objeto estático"";""Com Vítimas Feridas"";""Amanhecer"";""Decrescente"";""Céu Claro"";""Simples"";""Não Informado"";""Não"";467116;""Caminhão-trator"";""FORD/CARGO 4432 E"";2006;""Condutor"";""Ileso"";37;""Masculino"";1;0;0;0;-26",852072;-52,"068142;""SR-SC"";""DEL7"";""UOP05/SC""",
"261829;NA;2020-01-10;""sexta"";""05:30:00"";""SC"";282;464;""PONTE SERRADA"";""Sim"";""Falta de Atenção à Condução"";3;""Colisão com objeto estático"";""Com Vítimas Feridas"";""Amanhecer"";""Decrescente"";""Céu Claro"";""Simples"";""Não Informado"";""Não"";468427;""Semireboque"";""REB/RANDON SR GR TR"";1994;""Não Informado"";""Não Informado"";NA;""Não Informado"";0;0;0;0;-26",852072;-52,"068142;""SR-SC"";""DEL7"";""UOP05/SC""",