"id;""pesid"";""data_inversa"";""dia_semana"";""horario"";""uf"";""br"";""km"";""municipio"";""causa_principal"";""causa_acidente"";""ordem_tipo_acidente"";""tipo_acidente"";""classificacao_acidente"";""fase_dia"";""sentido_via"";""condicao_metereologica"";""tipo_pista"";""tracado_via"";""uso_solo"";""id_veiculo"";""tipo_veiculo"";""marca"";""ano_fabricacao_veiculo"";""tipo_envolvido"";""estado_fisico"";""idade"";""sexo"";""ilesos"";""feridos_leves"";""feridos_graves"";""mortos"";""latitude"";""longitude"";""regional"";""delegacia"";""uop""",,,
"261830;586380;2020-01-10;""sexta"";""06:25:00"";""SC"";282;40","5;""AGUAS MORNAS"";""Sim"";""Falta de Atenção à Condução"";1;""Colisão transversal"";""Com Vítimas Feridas"";""Pleno dia"";""Crescente"";""Céu Claro"";""Simples"";""Curva"";""Não"";467108;""Automóvel"";""HONDA/CIVIC LXL FLEX"";2011;""Condutor"";""Ileso"";37;""Masculino"";1;0;0;0;-27",716148;-48,"869583;""SR-SC"";""DEL8/1"";""UOP03/SC"""
"261830;586379;2020-01-10;""sexta"";""06:25:00"";""SC"";282;40","5;""AGUAS MORNAS"";""Sim"";""Falta de Atenção à Condução"";1;""Colisão transversal"";""Com Vítimas Feridas"";""Pleno dia"";""Crescente"";""Céu Claro"";""Simples"";""Curva"";""Não"";467107;""Bicicleta"";"""";NA;""Condutor"";""Lesões Leves"";54;""Masculino"";0;1;0;0;-27",716148;-48,"869583;""SR-SC"";""DEL8/1"";""UOP03/SC"""
"261831;584020;2020-01-10;""sexta"";""07:00:00"";""DF"";20;3","1;""BRASILIA"";""Sim"";""Não guardar distância de segurança"";1;""Engavetamento"";""Com Vítimas Feridas"";""Pleno dia"";""Decrescente"";""Céu Claro"";""Múltipla"";""Não Informado"";""Sim"";467232;""Automóvel"";""CHEVROLET/CLASSIC LS"";2013;""Passageiro"";""Ileso"";35;""Feminino"";1;0;0;0;-15",679851;-47,"832211;""SR-DF"";""UOP01/DEL02/DF"";"""""
"261831;584019;2020-01-10;""sexta"";""07:00:00"";""DF"";20;3","1;""BRASILIA"";""Sim"";""Não guardar distância de segurança"";1;""Engavetamento"";""Com Vítimas Feridas"";""Pleno dia"";""Decrescente"";""Céu Claro"";""Múltipla"";""Não Informado"";""Sim"";467232;""Automóvel"";""CHEVROLET/CLASSIC LS"";2013;""Passageiro"";""Ileso"";24;""Masculino"";1;0;0;0;-15",679851;-47,"832211;""SR-DF"";""UOP01/DEL02/DF"";"""""
"261831;584015;2020-01-10;""sexta"";""07:00:00"";""DF"";20;3","1;""BRASILIA"";""Sim"";""Não guardar distância de segurança"";1;""Engavetamento"";""Com Vítimas Feridas"";""Pleno dia"";""Decrescente"";""Céu Claro"";""Múltipla"";""Não Informado"";""Sim"";467232;""Automóvel"";""CHEVROLET/CLASSIC LS"";2013;""Condutor"";""Ileso"";32;""Masculino"";1;0;0;0;-15",679851;-47,"832211;""SR-DF"";""UOP01/DEL02/DF"";"""""
"261831;584021;2020-01-10;""sexta"";""07:00:00"";""DF"";20;3","1;""BRASILIA"";""Sim"";""Não guardar distância de segurança"";1;""Engavetamento"";""Com Vítimas Feridas"";""Pleno dia"";""Decrescente"";""Céu Claro"";""Múltipla"";""Não Informado"";""Sim"";467231;""Automóvel"";""VW/GOL 1.0"";2009;""Passageiro"";""Ileso"";16;""Masculino"";1;0;0;0;-15",679851;-47,"832211;""SR-DF"";""UOP01/DEL02/DF"";"""""
"261831;584008;2020-01-10;""sexta"";""07:00:00"";""DF"";20;3","1;""BRASILIA"";""Sim"";""Não guardar distância de segurança"";1;""Engavetamento"";""Com Vítimas Feridas"";""Pleno dia"";""Decrescente"";""Céu Claro"";""Múltipla"";""Não Informado"";""Sim"";467231;""Automóvel"";""VW/GOL 1.0"";2009;""Passageiro"";""Ileso"";19;""Masculino"";1;0;0;0;-15",679851;-47,"832211;""SR-DF"";""UOP01/DEL02/DF"";"""""
"261831;584007;2020-01-10;""sexta"";""07:00:00"";""DF"";20;3","1;""BRASILIA"";""Sim"";""Não guardar distância de segurança"";1;""Engavetamento"";""Com Vítimas Feridas"";""Pleno dia"";""Decrescente"";""Céu Claro"";""Múltipla"";""Não Informado"";""Sim"";467231;""Automóvel"";""VW/GOL 1.0"";2009;""Passageiro"";""Ileso"";46;""Masculino"";1;0;0;0;-15",679851;-47,"832211;""SR-DF"";""UOP01/DEL02/DF"";"""""
"261831;584006;2020-01-10;""sexta"";""07:00:00"";""DF"";20;3","1;""BRASILIA"";""Sim"";""Não guardar distância de segurança"";1;""Engavetamento"";""Com Vítimas Feridas"";""Pleno dia"";""Decrescente"";""Céu Claro"";""Múltipla"";""Não Informado"";""Sim"";467231;""Automóvel"";""VW/GOL 1.0"";2009;""Condutor"";""Ileso"";43;""Masculino"";1;0;0;0;-15",679851;-47,"832211;""SR-DF"";""UOP01/DEL02/DF"";"""""
"261831;584005;2020-01-10;""sexta"";""07:00:00"";""DF"";20;3","1;""BRASILIA"";""Sim"";""Não guardar distância de segurança"";1;""Engavetamento"";""Com Vítimas Feridas"";""Pleno dia"";""Decrescente"";""Céu Claro"";""Múltipla"";""Não Informado"";""Sim"";467230;""Automóvel"";""VW/FOX 1.0"";2008;""Condutor"";""Lesões Leves"";54;""Feminino"";0;1;0;0;-15",679851;-47,"832211;""SR-DF"";""UOP01/DEL02/DF"";"""""
"261831;584020;2020-01-10;""sexta"";""07:00:00"";""DF"";20;3","1;""BRASILIA"";""Não"";""Falta de Atenção à Condução"";1;""Engavetamento"";""Com Vítimas Feridas"";""Pleno dia"";""Decrescente"";""Céu Claro"";""Múltipla"";""Não Informado"";""Sim"";467232;""Automóvel"";""CHEVROLET/CLASSIC LS"";2013;""Passageiro"";""Ileso"";35;""Feminino"";1;0;0;0;-15",679851;-47,"832211;""SR-DF"";""UOP01/DEL02/DF"";"""""
"261831;584019;2020-01-10;""sexta"";""07:00:00"";""DF"";20;3","1;""BRASILIA"";""Não"";""Falta de Atenção à Condução"";1;""Engavetamento"";""Com Vítimas Feridas"";""Pleno dia"";""Decrescente"";""Céu Claro"";""Múltipla"";""Não Informado"";""Sim"";467232;""Automóvel"";""CHEVROLET/CLASSIC LS"";2013;""Passageiro"";""Ileso"";24;""Masculino"";1;0;0;0;-15",679851;-47,"832211;""SR-DF"";""UOP01/DEL02/DF"";"""""
"261831;584015;2020-01-10;""sexta"";""07:00:00"";""DF"";20;3","1;""BRASILIA"";""Não"";""Falta de Atenção à Condução"";1;""Engavetamento"";""Com Vítimas Feridas"";""Pleno dia"";""Decrescente"";""Céu Claro"";""Múltipla"";""Não Informado"";""Sim"";467232;""Automóvel"";""CHEVROLET/CLASSIC LS"";2013;""Condutor"";""Ileso"";32;""Masculino"";1;0;0;0;-15",679851;-47,"832211;""SR-DF"";""UOP01/DEL02/DF"";"""""
"261831;584021;2020-01-10;""sexta"";""07:00:00"";""DF"";20;3","1;""BRASILIA"";""Não"";""Falta de Atenção à Condução"";1;""Engavetamento"";""Com Vítimas Feridas"";""Pleno dia"";""Decrescente"";""Céu Claro"";""Múltipla"";""Não Informado"";""Sim"";467231;""Automóvel"";""VW/GOL 1.0"";2009;""Passageiro"";""Ileso"";16;""Masculino"";1;0;0;0;-15",679851;-47,"832211;""SR-DF"";""UOP01/DEL02/DF"";"""""
"261831;584008;2020-01-10;""sexta"";""07:00:00"";""DF"";20;3","1;""BRASILIA"";""Não"";""Falta de Atenção à Condução"";1;""Engavetamento"";""Com Vítimas Feridas"";""Pleno dia"";""Decrescente"";""Céu Claro"";""Múltipla"";""Não Informado"";""Sim"";467231;""Automóvel"";""VW/GOL 1.0"";2009;""Passageiro"";""Ileso"";19;""Masculino"";1;0;0;0;-15",679851;-47,"832211;""SR-DF"";""UOP01/DEL02/DF"";"""""
"261831;584007;2020-01-10;""sexta"";""07:00:00"";""DF"";20;3","1;""BRASILIA"";""Não"";""Falta de Atenção à Condução"";1;""Engavetamento"";""Com Vítimas Feridas"";""Pleno dia"";""Decrescente"";""Céu Claro"";""Múltipla"";""Não Informado"";""Sim"";467231;""Automóvel"";""VW/GOL 1.0"";2009;""Passageiro"";""Ileso"";46;""Masculino"";1;0;0;0;-15",679851;-47,"832211;""SR-DF"";""UOP01/DEL02/DF"";"""""
"261831;584006;2020-01-10;""sexta"";""07:00:00"";""DF"";20;3","1;""BRASILIA"";""Não"";""Falta de Atenção à Condução"";1;""Engavetamento"";""Com Vítimas Feridas"";""Pleno dia"";""Decrescente"";""Céu Claro"";""Múltipla"";""Não Informado"";""Sim"";467231;""Automóvel"";""VW/GOL 1.0"";2009;""Condutor"";""Ileso"";43;""Masculino"";1;0;0;0;-15",679851;-47,"832211;""SR-DF"";""UOP01/DEL02/DF"";"""""
"261831;584005;2020-01-10;""sexta"";""07:00:00"";""DF"";20;3","1;""BRASILIA"";""Não"";""Falta de Atenção à Condução"";1;""Engavetamento"";""Com Vítimas Feridas"";""Pleno dia"";""Decrescente"";""Céu Claro"";""Múltipla"";""Não Informado"";""Sim"";467230;""Automóvel"";""VW/FOX 1.0"";2008;""Condutor"";""Lesões Leves"";54;""Feminino"";0;1;0;0;-15",679851;-47,"832211;""SR-DF"";""UOP01/DEL02/DF"";"""""
"261832;583109;2020-01-10;""sexta"";""06:40:00"";""PR"";116;116;""CURITIBA"";""Sim"";""Falta de Atenção à Condução"";1;""Colisão lateral"";""Com Vítimas Feridas"";""Pleno dia"";""Decrescente"";""Nublado"";""Dupla"";""Reta"";""Não"";467195;""Automóvel"";""HYUNDAI/HB20 1.6M 1.6M"";2013;""Condutor"";""Ileso"";32;""Masculino"";1;0;0;0;-25",55468195;-49,"27402397;""SR-PR"";""DEL7/1"";""UOP03/PR""",
"261832;583107;2020-01-10;""sexta"";""06:40:00"";""PR"";116;116;""CURITIBA"";""Sim"";""Falta de Atenção à Condução"";1;""Colisão lateral"";""Com Vítimas Feridas"";""Pleno dia"";""Decrescente"";""Nublado"";""Dupla"";""Reta"";""Não"";467194;""Motocicleta"";""HONDA/CG 160 TITAN"";2019;""Condutor"";""Lesões Leves"";20;""Masculino"";0;1;0;0;-25",55468195;-49,"27402397;""SR-PR"";""DEL7/1"";""UOP03/PR""",
"261833;583478;2020-01-10;""sexta"";""06:20:00"";""MA"";316;265","5;""SANTA INES"";""Sim"";""Ingestão de Álcool"";3;""Saída de leito carroçável"";""Com Vítimas Feridas"";""Pleno dia"";""Crescente"";""Sol"";""Simples"";""Reta"";""Não"";467505;""Caminhonete"";""I/TOYOTA HILUX CD4X4 SRV"";2012;""Condutor"";""Ileso"";41;""Masculino"";1;0;0;0;-3",677107;-45,"354866;""SR-MA"";""DEL18/2"";""UOP01/MA"""
"261833;583477;2020-01-10;""sexta"";""06:20:00"";""MA"";316;265","5;""SANTA INES"";""Sim"";""Ingestão de Álcool"";3;""Saída de leito carroçável"";""Com Vítimas Feridas"";""Pleno dia"";""Crescente"";""Sol"";""Simples"";""Reta"";""Não"";467504;""Micro-ônibus"";""RENAULT/MASTER MBUS L3H2"";2018;""Condutor"";""Ileso"";59;""Masculino"";1;0;0;0;-3",677107;-45,"354866;""SR-MA"";""DEL18/2"";""UOP01/MA"""
"261833;583476;2020-01-10;""sexta"";""06:20:00"";""MA"";316;265","5;""SANTA INES"";""Sim"";""Ingestão de Álcool"";3;""Saída de leito carroçável"";""Com Vítimas Feridas"";""Pleno dia"";""Crescente"";""Sol"";""Simples"";""Reta"";""Não"";467109;""Automóvel"";""VW/NOVO GOL 1.6"";2013;""Condutor"";""Lesões Leves"";32;""Masculino"";0;1;0;0;-3",677107;-45,"354866;""SR-MA"";""DEL18/2"";""UOP01/MA"""
"261833;583478;2020-01-10;""sexta"";""06:20:00"";""MA"";316;265","5;""SANTA INES"";""Sim"";""Ingestão de Álcool"";1;""Colisão lateral"";""Com Vítimas Feridas"";""Pleno dia"";""Crescente"";""Sol"";""Simples"";""Reta"";""Não"";467505;""Caminhonete"";""I/TOYOTA HILUX CD4X4 SRV"";2012;""Condutor"";""Ileso"";41;""Masculino"";1;0;0;0;-3",677107;-45,"354866;""SR-MA"";""DEL18/2"";""UOP01/MA"""
"261833;583477;2020-01-10;""sexta"";""06:20:00"";""MA"";316;265","5;""SANTA INES"";""Sim"";""Ingestão de Álcool"";1;""Colisão lateral"";""Com Vítimas Feridas"";""Pleno dia"";""Crescente"";""Sol"";""Simples"";""Reta"";""Não"";467504;""Micro-ônibus"";""RENAULT/MASTER MBUS L3H2"";2018;""Condutor"";""Ileso"";59;""Masculino"";1;0;0;0;-3",677107;-45,"354866;""SR-MA"";""DEL18/2"";""UOP01/MA"""
"261833;583476;2020-01-10;""sexta"";""06:20:00"";""MA"";316;265","5;""SANTA INES"";""Sim"";""Ingestão de Álcool"";1;""Colisão lateral"";""Com Vítimas Feridas"";""Pleno dia"";""Crescente"";""Sol"";""Simples"";""Reta"";""Não"";467109;""Automóvel"";""VW/NOVO GOL 1.6"";2013;""Condutor"";""Lesões Leves"";32;""Masculino"";0;1;0;0;-3",677107;-45,"354866;""SR-MA"";""DEL18/2"";""UOP01/MA"""
"261833;583478;2020-01-10;""sexta"";""06:20:00"";""MA"";316;265","5;""SANTA INES"";""Sim"";""Ingestão de Álcool"";2;""Colisão frontal"";""Com Vítimas Feridas"";""Pleno dia"";""Crescente"";""Sol"";""Simples"";""Reta"";""Não"";467505;""Caminhonete"";""I/TOYOTA HILUX CD4X4 SRV"";2012;""Condutor"";""Ileso"";41;""Masculino"";1;0;0;0;-3",677107;-45,"354866;""SR-MA"";""DEL18/2"";""UOP01/MA"""
"261833;583477;2020-01-10;""sexta"";""06:20:00"";""MA"";316;265","5;""SANTA INES"";""Sim"";""Ingestão de Álcool"";2;""Colisão frontal"";""Com Vítimas Feridas"";""Pleno dia"";""Crescente"";""Sol"";""Simples"";""Reta"";""Não"";467504;""Micro-ônibus"";""RENAULT/MASTER MBUS L3H2"";2018;""Condutor"";""Ileso"";59;""Masculino"";1;0;0;0;-3",677107;-45,"354866;""SR-MA"";""DEL18/2"";""UOP01/MA"""
"261833;583476;2020-01-10;""sexta"";""06:20:00"";""MA"";316;265","5;""SANTA INES"";""Sim"";""Ingestão de Álcool"";2;""Colisão frontal"";""Com Vítimas Feridas"";""Pleno dia"";""Crescente"";""Sol"";""Simples"";""Reta"";""Não"";467109;""Automóvel"";""VW/NOVO GOL 1.6"";2013;""Condutor"";""Lesões Leves"";32;""Masculino"";0;1;0;0;-3",677107;-45,"354866;""SR-MA"";""DEL18/2"";""UOP01/MA"""
"261835;582975;2020-01-10;""sexta"";""07:00:00"";""ES"";101;144","8;""LINHARES"";""Sim"";""Falta de Atenção à Condução"";1;""Colisão frontal"";""Com Vítimas Feridas"";""Pleno dia"";""Decrescente"";""Sol"";""Simples"";""Reta"";""Sim"";467095;""Bicicleta"";"""";NA;""Condutor"";""Lesões Leves"";52;""Masculino"";0;1;0;0;-19",35188295;-40,"0636685;""SR-ES"";""DEL12/4"";""UOP01/ES"""
"261835;582976;2020-01-10;""sexta"";""07:00:00"";""ES"";101;144","8;""LINHARES"";""Sim"";""Falta de Atenção à Condução"";1;""Colisão frontal"";""Com Vítimas Feridas"";""Pleno dia"";""Decrescente"";""Sol"";""Simples"";""Reta"";""Sim"";467096;""Bicicleta"";"""";NA;""Condutor"";""Não Informado"";NA;""Não Informado"";0;0;0;0;-19",35188295;-40,"0636685;""SR-ES"";""DEL12/4"";""UOP01/ES"""
"261836;583025;2020-01-10;""sexta"";""07:15:00"";""RS"";290;102;""PORTO ALEGRE"";""Sim"";""Falta de Atenção à Condução"";1;""Colisão traseira"";""Com Vítimas Feridas"";""Pleno dia"";""Decrescente"";""Céu Claro"";""Simples"";""Não Informado"";""Sim"";467130;""Caminhão-trator"";""M.BENZ/LS 1935"";1994;""Condutor"";""Ileso"";44;""Masculino"";1;0;0;0;-29",987228;-51,"25613;""SR-RS"";""DEL9/1"";""UOP01/RS""",
"261836;583023;2020-01-10;""sexta"";""07:15:00"";""RS"";290;102;""PORTO ALEGRE"";""Sim"";""Falta de Atenção à Condução"";1;""Colisão traseira"";""Com Vítimas Feridas"";""Pleno dia"";""Decrescente"";""Céu Claro"";""Simples"";""Não Informado"";""Sim"";467129;""Motocicleta"";""HONDA/CG150 TITAN MIX ES"";2009;""Condutor"";""Lesões Leves"";30;""Masculino"";0;1;0;0;-29",987228;-51,"25613;""SR-RS"";""DEL9/1"";""UOP01/RS""",
"261836;583017;2020-01-10;""sexta"";""07:15:00"";""RS"";290;102;""PORTO ALEGRE"";""Sim"";""Falta de Atenção à Condução"";1;""Colisão traseira"";""Com Vítimas Feridas"";""Pleno dia"";""Decrescente"";""Céu Claro"";""Simples"";""Não Informado"";""Sim"";467128;""Automóvel"";""FORD/FIESTA HA 1.5L SE"";2014;""Condutor"";""Ileso"";32;""Masculino"";1;0;0;0;-29",987228;-51,"25613;""SR-RS"";""DEL9/1"";""UOP01/RS""",
"261836;583025;2020-01-10;""sexta"";""07:15:00"";""RS"";290;102;""PORTO ALEGRE"";""Sim"";""Falta de Atenção à Condução"";2;""Tombamento"";""Com Vítimas Feridas"";""Pleno dia"";""Decrescente"";""Céu Claro"";""Simples"";""Não Informado"";""Sim"";467130;""Caminhão-trator"";""M.BENZ/LS 1935"";1994;""Condutor"";""Ileso"";44;""Masculino"";1;0;0;0;-29",987228;-51,"25613;""SR-RS"";""DEL9/1"";""UOP01/RS""",
"261836;583023;2020-01-10;""sexta"";""07:15:00"";""RS"";290;102;""PORTO ALEGRE"";""Sim"";""Falta de Atenção à Condução"";2;""Tombamento"";""Com Vítimas Feridas"";""Pleno dia"";""Decrescente"";""Céu Claro"";""Simples"";""Não Informado"";""Sim"";467129;""Motocicleta"";""HONDA/CG150 TITAN MIX ES"";2009;""Condutor"";""Lesões Leves"";30;""Masculino"";0;1;0;0;-29",987228;-51,"25613;""SR-RS"";""DEL9/1"";""UOP01/RS""",
"261836;583017;2020-01-10;""sexta"";""07:15:00"";""RS"";290;102;""PORTO ALEGRE"";""Sim"";""Falta de Atenção à Condução"";2;""Tombamento"";""Com Vítimas Feridas"";""Pleno dia"";""Decrescente"";""Céu Claro"";""Simples"";""Não Informado"";""Sim"";467128;""Automóvel"";""FORD/FIESTA HA 1.5L SE"";2014;""Condutor"";""Ileso"";32;""Masculino"";1;0;0;0;-29",987228;-51,"25613;""SR-RS"";""DEL9/1"";""UOP01/RS""",
"261836;583025;2020-01-10;""sexta"";""07:15:00"";""RS"";290;102;""PORTO ALEGRE"";""Sim"";""Falta de Atenção à Condução"";3;""Colisão traseira"";""Com Vítimas Feridas"";""Pleno dia"";""Decrescente"";""Céu Claro"";""Simples"";""Não Informado"";""Sim"";467130;""Caminhão-trator"";""M.BENZ/LS 1935"";1994;""Condutor"";""Ileso"";44;""Masculino"";1;0;0;0;-29",987228;-51,"25613;""SR-RS"";""DEL9/1"";""UOP01/RS""",
"261836;583023;2020-01-10;""sexta"";""07:15:00"";""RS"";290;102;""PORTO ALEGRE"";""Sim"";""Falta de Atenção à Condução"";3;""Colisão traseira"";""Com Vítimas Feridas"";""Pleno dia"";""Decrescente"";""Céu Claro"";""Simples"";""Não Informado"";""Sim"";467129;""Motocicleta"";""HONDA/CG150 TITAN MIX ES"";2009;""Condutor"";""Lesões Leves"";30;""Masculino"";0;1;0;0;-29",987228;-51,"25613;""SR-RS"";""DEL9/1"";""UOP01/RS""",
"261836;583017;2020-01-10;""sexta"";""07:15:00"";""RS"";290;102;""PORTO ALEGRE"";""Sim"";""Falta de Atenção à Condução"";3;""Colisão traseira"";""Com Vítimas Feridas"";""Pleno dia"";""Decrescente"";""Céu Claro"";""Simples"";""Não Informado"";""Sim"";467128;""Automóvel"";""FORD/FIESTA HA 1.5L SE"";2014;""Condutor"";""Ileso"";32;""Masculino"";1;0;0;0;-29",987228;-51,"25613;""SR-RS"";""DEL9/1"";""UOP01/RS""",
"261837;NA;2020-01-10;""sexta"";""06:10:00"";""MG"";354;705;""CAXAMBU"";""Sim"";""Velocidade Incompatível"";1;""Tombamento"";""Com Vítimas Feridas"";""Pleno dia"";""Crescente"";""Céu Claro"";""Simples"";""Curva"";""Não"";468481;""Semireboque"";""SR/GUERRA AG GR"";2012;""Não Informado"";""Não Informado"";NA;""Não Informado"";0;0;0;0;-21",99502315;-44,"92661476;""SR-MG"";""DEL5"";""UOP03/MG""",
"261837;584731;2020-01-10;""sexta"";""06:10:00"";""MG"";354;705;""CAXAMBU"";""Sim"";""Velocidade Incompatível"";1;""Tombamento"";""Com Vítimas Feridas"";""Pleno dia"";""Crescente"";""Céu Claro"";""Simples"";""Curva"";""Não"";467121;""Caminhão-trator"";""M.BENZ/AXOR 2540 S"";2008;""Condutor"";""Lesões Leves"";30;""Masculino"";0;1;0;0;-21",99502315;-44,"92661476;""SR-MG"";""DEL5"";""UOP03/MG""",
"261838;583007;2020-01-10;""sexta"";""06:30:00"";""MT"";364;202","5;""RONDONOPOLIS"";""Sim"";""Falta de Atenção à Condução"";1;""Colisão traseira"";""Com Vítimas Feridas"";""Pleno dia"";""Decrescente"";""Céu Claro"";""Dupla"";""Ponte"";""Sim"";467120;""Caminhão"";""AGRALE/8500 TCA"";2010;""Condutor"";""Lesões Leves"";47;""Masculino"";0;1;0;0;-16",48347324;-54,"64970354;""SR-MT"";""DEL2/2"";""UOP01/MT"""
"261838;583619;2020-01-10;""sexta"";""06:30:00"";""MT"";364;202","5;""RONDONOPOLIS"";""Sim"";""Falta de Atenção à Condução"";1;""Colisão traseira"";""Com Vítimas Feridas"";""Pleno dia"";""Decrescente"";""Céu Claro"";""Dupla"";""Ponte"";""Sim"";467127;""Automóvel"";""FIAT/SIENA ELX"";2002;""Condutor"";""Ileso"";NA;""Masculino"";1;0;0;0;-16",48347324;-54,"64970354;""SR-MT"";""DEL2/2"";""UOP01/MT"""
"261839;583737;2020-01-10;""sexta"";""07:25:00"";""SE"";235;12","7;""NOSSA SENHORA DO SOCORRO"";""Sim"";""Animais na Pista"";1;""Tombamento"";""Com Vítimas Feridas"";""Pleno dia"";""Crescente"";""Céu Claro"";""Simples"";""Reta"";""Não"";467196;""Motocicleta"";""HONDA/CG 160 FAN"";2018;""Condutor"";""Lesões Leves"";28;""Masculino"";0;1;0;0;-10",872643;-37,"163246;""SR-SE"";""DEL20/1"";""UOP01/SE"""
"261842;583358;2020-01-10;""sexta"";""07:10:00"";""BA"";242;112","8;""RAFAEL JAMBEIRO"";""Sim"";""Falta de Atenção à Condução"";1;""Tombamento"";""Com Vítimas Feridas"";""Pleno dia"";""Decrescente"";""Céu Claro"";""Simples"";""Interseção de vias"";""Sim"";467200;""Motocicleta"";""BMW/G310 GS"";2018;""Condutor"";""Lesões Graves"";37;""Masculino"";0;0;1;0;-12",583307;-39,"52112;""SR-BA"";""DEL10/1"";""UOP02/BA"""
"261842;583358;2020-01-10;""sexta"";""07:10:00"";""BA"";242;112","8;""RAFAEL JAMBEIRO"";""Sim"";""Falta de Atenção à Condução"";2;""Queda de ocupante de veículo"";""Com Vítimas Feridas"";""Pleno dia"";""Decrescente"";""Céu Claro"";""Simples"";""Interseção de vias"";""Sim"";467200;""Motocicleta"";""BMW/G310 GS"";2018;""Condutor"";""Lesões Graves"";37;""Masculino"";0;0;1;0;-12",583307;-39,"52112;""SR-BA"";""DEL10/1"";""UOP02/BA"""
"261843;584907;2020-01-10;""sexta"";""07:40:00"";""SP"";116;208","2;""GUARULHOS"";""Sim"";""Desobediência às normas de trânsito pelo condutor"";1;""Colisão traseira"";""Com Vítimas Feridas"";""Pleno dia"";""Crescente"";""Nublado"";""Múltipla"";""Reta"";""Não"";467319;""Motocicleta"";""HONDA/CG 150 TITAN ES"";2005;""Condutor"";""Lesões Leves"";23;""Masculino"";0;1;0;0;-23",42222263;-46,"3932771;""SR-SP"";""DEL6/1"";""UOP01/SP"""
"261843;584905;2020-01-10;""sexta"";""07:40:00"";""SP"";116;208","2;""GUARULHOS"";""Sim"";""Desobediência às normas de trânsito pelo condutor"";1;""Colisão traseira"";""Com Vítimas Feridas"";""Pleno dia"";""Crescente"";""Nublado"";""Múltipla"";""Reta"";""Não"";467318;""Automóvel"";""NISSAN/VERSA 16SV CVT"";2019;""Condutor"";""Ileso"";31;""Masculino"";1;0;0;0;-23",42222263;-46,"3932771;""SR-SP"";""DEL6/1"";""UOP01/SP"""
"261844;583215;2020-01-10;""sexta"";""07:45:00"";""SP"";116;479","4;""CAJATI"";""Sim"";""Falta de Atenção à Condução"";1;""Saída de leito carroçável"";""Com Vítimas Feridas"";""Pleno dia"";""Decrescente"";""Céu Claro"";""Dupla"";""Reta"";""Não"";467243;""Automóvel"";""FIAT/LINEA ESSENCE 1.8"";2013;""Condutor"";""Ileso"";51;""Feminino"";1;0;0;0;-24",70935401;-48,"01820699;""SR-SP"";""DEL6/5"";""UOP03/SP"""
"261844;583217;2020-01-10;""sexta"";""07:45:00"";""SP"";116;479","4;""CAJATI"";""Sim"";""Falta de Atenção à Condução"";1;""Saída de leito carroçável"";""Com Vítimas Feridas"";""Pleno dia"";""Decrescente"";""Céu Claro"";""Dupla"";""Reta"";""Não"";467243;""Automóvel"";""FIAT/LINEA ESSENCE 1.8"";2013;""Passageiro"";""Ileso"";78;""Masculino"";1;0;0;0;-24",70935401;-48,"01820699;""SR-SP"";""DEL6/5"";""UOP03/SP"""
"261844;583216;2020-01-10;""sexta"";""07:45:00"";""SP"";116;479","4;""CAJATI"";""Sim"";""Falta de Atenção à Condução"";1;""Saída de leito carroçável"";""Com Vítimas Feridas"";""Pleno dia"";""Decrescente"";""Céu Claro"";""Dupla"";""Reta"";""Não"";467243;""Automóvel"";""FIAT/LINEA ESSENCE 1.8"";2013;""Passageiro"";""Lesões Leves"";75;""Feminino"";0;1;0;0;-24",70935401;-48,"01820699;""SR-SP"";""DEL6/5"";""UOP03/SP"""
"261845;585437;2020-01-10;""sexta"";""03:30:00"";""BA"";324;514;""FEIRA DE SANTANA"";""Sim"";""Desobediência às normas de trânsito pelo condutor"";1;""Colisão lateral"";""Com Vítimas Feridas"";""Plena Noite"";""Crescente"";""Céu Claro"";""Simples"";""Reta"";""Sim"";468926;""Caminhão"";"""";NA;""Condutor"";""Não Informado"";NA;""Não Informado"";0;0;0;0;-12",23229233;-38,"95215305;""SR-BA"";""DEL10/2"";""UOP01/BA""",
"261845;585248;2020-01-10;""sexta"";""03:30:00"";""BA"";324;514;""FEIRA DE SANTANA"";""Sim"";""Desobediência às normas de trânsito pelo condutor"";1;""Colisão lateral"";""Com Vítimas Feridas"";""Plena Noite"";""Crescente"";""Céu Claro"";""Simples"";""Reta"";""Sim"";467110;""Automóvel"";""TOYOTA/COROLLA XEI20FLEX"";2014;""Condutor"";""Lesões Leves"";44;""Masculino"";0;1;0;0;-12",23229233;-38,"95215305;""SR-BA"";""DEL10/2"";""UOP01/BA""",
"261845;585250;2020-01-10;""sexta"";""03:30:00"";""BA"";324;514;""FEIRA DE SANTANA"";""Sim"";""Desobediência às normas de trânsito pelo condutor"";1;""Colisão lateral"";""Com Vítimas Feridas"";""Plena Noite"";""Crescente"";""Céu Claro"";""Simples"";""Reta"";""Sim"";467110;""Automóvel"";""TOYOTA/COROLLA XEI20FLEX"";2014;""Passageiro"";""Lesões Leves"";41;""Feminino"";0;1;0;0;-12",23229233;-38,"95215305;""SR-BA"";""DEL10/2"";""UOP01/BA""",
"261845;585437;2020-01-10;""sexta"";""03:30:00"";""BA"";324;514;""FEIRA DE SANTANA"";""Sim"";""Desobediência às normas de trânsito pelo condutor"";2;""Saída de leito carroçável"";""Com Vítimas Feridas"";""Plena Noite"";""Crescente"";""Céu Claro"";""Simples"";""Reta"";""Sim"";468926;""Caminhão"";"""";NA;""Condutor"";""Não Informado"";NA;""Não Informado"";0;0;0;0;-12",23229233;-38,"95215305;""SR-BA"";""DEL10/2"";""UOP01/BA""",