"id;""pesid"";""data_inversa"";""dia_semana"";""horario"";""uf"";""br"";""km"";""municipio"";""causa_principal"";""causa_acidente"";""ordem_tipo_acidente"";""tipo_acidente"";""classificacao_acidente"";""fase_dia"";""sentido_via"";""condicao_metereologica"";""tipo_pista"";""tracado_via"";""uso_solo"";""id_veiculo"";""tipo_veiculo"";""marca"";""ano_fabricacao_veiculo"";""tipo_envolvido"";""estado_fisico"";""idade"";""sexo"";""ilesos"";""feridos_leves"";""feridos_graves"";""mortos"";""latitude"";""longitude"";""regional"";""delegacia"";""uop""",,,
"261845;585248;2020-01-10;""sexta"";""03:30:00"";""BA"";324;514;""FEIRA DE SANTANA"";""Sim"";""Desobediência às normas de trânsito pelo condutor"";2;""Saída de leito carroçável"";""Com Vítimas Feridas"";""Plena Noite"";""Crescente"";""Céu Claro"";""Simples"";""Reta"";""Sim"";467110;""Automóvel"";""TOYOTA/COROLLA XEI20FLEX"";2014;""Condutor"";""Lesões Leves"";44;""Masculino"";0;1;0;0;-12",23229233;-38,"95215305;""SR-BA"";""DEL10/2"";""UOP01/BA""",
"261845;585250;2020-01-10;""sexta"";""03:30:00"";""BA"";324;514;""FEIRA DE SANTANA"";""Sim"";""Desobediência às normas de trânsito pelo condutor"";2;""Saída de leito carroçável"";""Com Vítimas Feridas"";""Plena Noite"";""Crescente"";""Céu Claro"";""Simples"";""Reta"";""Sim"";467110;""Automóvel"";""TOYOTA/COROLLA XEI20FLEX"";2014;""Passageiro"";""Lesões Leves"";41;""Feminino"";0;1;0;0;-12",23229233;-38,"95215305;""SR-BA"";""DEL10/2"";""UOP01/BA""",
"261845;585437;2020-01-10;""sexta"";""03:30:00"";""BA"";324;514;""FEIRA DE SANTANA"";""Sim"";""Desobediência às normas de trânsito pelo condutor"";3;""Colisão com objeto estático"";""Com Vítimas Feridas"";""Plena Noite"";""Crescente"";""Céu Claro"";""Simples"";""Reta"";""Sim"";468926;""Caminhão"";"""";NA;""Condutor"";""Não Informado"";NA;""Não Informado"";0;0;0;0;-12",23229233;-38,"95215305;""SR-BA"";""DEL10/2"";""UOP01/BA""",
"261845;585248;2020-01-10;""sexta"";""03:30:00"";""BA"";324;514;""FEIRA DE SANTANA"";""Sim"";""Desobediência às normas de trânsito pelo condutor"";3;""Colisão com objeto estático"";""Com Vítimas Feridas"";""Plena Noite"";""Crescente"";""Céu Claro"";""Simples"";""Reta"";""Sim"";467110;""Automóvel"";""TOYOTA/COROLLA XEI20FLEX"";2014;""Condutor"";""Lesões Leves"";44;""Masculino"";0;1;0;0;-12",23229233;-38,"95215305;""SR-BA"";""DEL10/2"";""UOP01/BA""",
"261845;585250;2020-01-10;""sexta"";""03:30:00"";""BA"";324;514;""FEIRA DE SANTANA"";""Sim"";""Desobediência às normas de trânsito pelo condutor"";3;""Colisão com objeto estático"";""Com Vítimas Feridas"";""Plena Noite"";""Crescente"";""Céu Claro"";""Simples"";""Reta"";""Sim"";467110;""Automóvel"";""TOYOTA/COROLLA XEI20FLEX"";2014;""Passageiro"";""Lesões Leves"";41;""Feminino"";0;1;0;0;-12",23229233;-38,"95215305;""SR-BA"";""DEL10/2"";""UOP01/BA""",
"261846;584674;2020-01-10;""sexta"";""07:30:00"";""MG"";381;915","8;""CAMANDUCAIA"";""Sim"";""Falta de Atenção à Condução"";1;""Capotamento"";""Com Vítimas Feridas"";""Pleno dia"";""Decrescente"";""Nublado"";""Dupla"";""Reta"";""Não"";467112;""Automóvel"";""HYUNDAI/HB20 1.0M COMFOR"";2018;""Condutor"";""Lesões Leves"";32;""Feminino"";0;1;0;0;-22",76087082;-46,"16278597;""SR-MG"";""DEL09"";""UOP03/MG"""
"261847;583055;2020-01-10;""sexta"";""08:00:00"";""CE"";116;15","9;""EUSEBIO"";""Sim"";""Pista Escorregadia"";1;""Tombamento"";""Com Vítimas Feridas"";""Pleno dia"";""Decrescente"";""Chuva"";""Dupla"";""Reta"";""Não"";467149;""Motocicleta"";""HONDA/XRE 300"";2014;""Passageiro"";""Lesões Leves"";37;""Feminino"";0;1;0;0;-3",87839882;-38,"50066893;""SR-CE"";""DEL16/1"";""UOP02/CE"""
"261847;583051;2020-01-10;""sexta"";""08:00:00"";""CE"";116;15","9;""EUSEBIO"";""Sim"";""Pista Escorregadia"";1;""Tombamento"";""Com Vítimas Feridas"";""Pleno dia"";""Decrescente"";""Chuva"";""Dupla"";""Reta"";""Não"";467149;""Motocicleta"";""HONDA/XRE 300"";2014;""Condutor"";""Ileso"";37;""Masculino"";1;0;0;0;-3",87839882;-38,"50066893;""SR-CE"";""DEL16/1"";""UOP02/CE"""
"261847;583055;2020-01-10;""sexta"";""08:00:00"";""CE"";116;15","9;""EUSEBIO"";""Sim"";""Pista Escorregadia"";2;""Queda de ocupante de veículo"";""Com Vítimas Feridas"";""Pleno dia"";""Decrescente"";""Chuva"";""Dupla"";""Reta"";""Não"";467149;""Motocicleta"";""HONDA/XRE 300"";2014;""Passageiro"";""Lesões Leves"";37;""Feminino"";0;1;0;0;-3",87839882;-38,"50066893;""SR-CE"";""DEL16/1"";""UOP02/CE"""
"261847;583051;2020-01-10;""sexta"";""08:00:00"";""CE"";116;15","9;""EUSEBIO"";""Sim"";""Pista Escorregadia"";2;""Queda de ocupante de veículo"";""Com Vítimas Feridas"";""Pleno dia"";""Decrescente"";""Chuva"";""Dupla"";""Reta"";""Não"";467149;""Motocicleta"";""HONDA/XRE 300"";2014;""Condutor"";""Ileso"";37;""Masculino"";1;0;0;0;-3",87839882;-38,"50066893;""SR-CE"";""DEL16/1"";""UOP02/CE"""
"261849;583104;2020-01-10;""sexta"";""08:20:00"";""SP"";153;58","4;""SAO JOSE DO RIO PRETO"";""Sim"";""Defeito na Via"";1;""Tombamento"";""Com Vítimas Feridas"";""Pleno dia"";""Decrescente"";""Céu Claro"";""Simples"";""Reta"";""Sim"";467172;""Motocicleta"";""HONDA/CG 150 SPORT"";2007;""Condutor"";""Lesões Leves"";49;""Masculino"";0;1;0;0;-20",77838195;-49,"35300538;""SR-SP"";""DEL6/9"";""UOP01/SP"""
"261850;585291;2020-01-10;""sexta"";""07:40:00"";""PI"";343;0","6;""TERESINA"";""Sim"";""Desobediência às normas de trânsito pelo condutor"";1;""Colisão lateral"";""Com Vítimas Feridas"";""Pleno dia"";""Crescente"";""Sol"";""Dupla"";""Desvio Temporário"";""Sim"";468237;""Motocicleta"";""HONDA/CG 160 FAN ESDI"";2017;""Condutor"";""Lesões Leves"";24;""Masculino"";0;1;0;0;-5",089569;-42,"802288;""SR-PI"";""DEL17/1"";""UOP01/PI"""
"261850;585290;2020-01-10;""sexta"";""07:40:00"";""PI"";343;0","6;""TERESINA"";""Sim"";""Desobediência às normas de trânsito pelo condutor"";1;""Colisão lateral"";""Com Vítimas Feridas"";""Pleno dia"";""Crescente"";""Sol"";""Dupla"";""Desvio Temporário"";""Sim"";468236;""Automóvel"";""VW/POLO HL AD"";2017;""Condutor"";""Ileso"";32;""Masculino"";1;0;0;0;-5",089569;-42,"802288;""SR-PI"";""DEL17/1"";""UOP01/PI"""
"261851;583015;2020-01-10;""sexta"";""08:00:00"";""PB"";101;85","1;""BAYEUX"";""Sim"";""Falta de Atenção à Condução"";1;""Queda de ocupante de veículo"";""Com Vítimas Feridas"";""Pleno dia"";""Decrescente"";""Céu Claro"";""Dupla"";""Reta"";""Sim"";467122;""Motocicleta"";""YAMAHA/YBR150 FACTOR ED"";2019;""Condutor"";""Lesões Leves"";23;""Masculino"";0;1;0;0;-7",14538184;-34,"91662887;""SR-PB"";""DEL14/1"";""UOP01/PB"""
"261852;583078;2020-01-10;""sexta"";""08:00:00"";""ES"";101;269","9;""SERRA"";""Sim"";""Falta de Atenção à Condução"";1;""Colisão traseira"";""Com Vítimas Feridas"";""Pleno dia"";""Crescente"";""Céu Claro"";""Múltipla"";""Reta"";""Sim"";467167;""Camioneta"";""RENAULT/DUSTER 20 D 4X2A"";2012;""Condutor"";""Ileso"";36;""Masculino"";1;0;0;0;-20",21740496;-40,"26990578;""SR-ES"";""DEL12/2"";""UOP01/ES"""
"261852;583077;2020-01-10;""sexta"";""08:00:00"";""ES"";101;269","9;""SERRA"";""Sim"";""Falta de Atenção à Condução"";1;""Colisão traseira"";""Com Vítimas Feridas"";""Pleno dia"";""Crescente"";""Céu Claro"";""Múltipla"";""Reta"";""Sim"";467166;""Automóvel"";""HYUNDAI/HB20 1.6M COMF"";2018;""Passageiro"";""Lesões Leves"";11;""Masculino"";0;1;0;0;-20",21740496;-40,"26990578;""SR-ES"";""DEL12/2"";""UOP01/ES"""
"261852;583076;2020-01-10;""sexta"";""08:00:00"";""ES"";101;269","9;""SERRA"";""Sim"";""Falta de Atenção à Condução"";1;""Colisão traseira"";""Com Vítimas Feridas"";""Pleno dia"";""Crescente"";""Céu Claro"";""Múltipla"";""Reta"";""Sim"";467166;""Automóvel"";""HYUNDAI/HB20 1.6M COMF"";2018;""Condutor"";""Ileso"";41;""Masculino"";1;0;0;0;-20",21740496;-40,"26990578;""SR-ES"";""DEL12/2"";""UOP01/ES"""
"261852;583075;2020-01-10;""sexta"";""08:00:00"";""ES"";101;269","9;""SERRA"";""Sim"";""Falta de Atenção à Condução"";1;""Colisão traseira"";""Com Vítimas Feridas"";""Pleno dia"";""Crescente"";""Céu Claro"";""Múltipla"";""Reta"";""Sim"";467165;""Automóvel"";""CHEVROLET/CLASSIC LS"";2010;""Condutor"";""Ileso"";41;""Masculino"";1;0;0;0;-20",21740496;-40,"26990578;""SR-ES"";""DEL12/2"";""UOP01/ES"""
"261852;583074;2020-01-10;""sexta"";""08:00:00"";""ES"";101;269","9;""SERRA"";""Sim"";""Falta de Atenção à Condução"";1;""Colisão traseira"";""Com Vítimas Feridas"";""Pleno dia"";""Crescente"";""Céu Claro"";""Múltipla"";""Reta"";""Sim"";467163;""Automóvel"";""GM/CLASSIC SPIRIT"";2009;""Condutor"";""Ileso"";29;""Masculino"";1;0;0;0;-20",21740496;-40,"26990578;""SR-ES"";""DEL12/2"";""UOP01/ES"""
"261852;583073;2020-01-10;""sexta"";""08:00:00"";""ES"";101;269","9;""SERRA"";""Sim"";""Falta de Atenção à Condução"";1;""Colisão traseira"";""Com Vítimas Feridas"";""Pleno dia"";""Crescente"";""Céu Claro"";""Múltipla"";""Reta"";""Sim"";467147;""Automóvel"";""I/NISSAN VERSA 16SL FLEX"";2014;""Condutor"";""Ileso"";33;""Masculino"";1;0;0;0;-20",21740496;-40,"26990578;""SR-ES"";""DEL12/2"";""UOP01/ES"""
"261853;583059;2020-01-10;""sexta"";""07:45:00"";""PR"";376;594;""CURITIBA"";""Sim"";""Não guardar distância de segurança"";1;""Colisão traseira"";""Com Vítimas Feridas"";""Pleno dia"";""Decrescente"";""Céu Claro"";""Dupla"";""Reta"";""Sim"";467135;""Motocicleta"";""HONDA/CG150 FAN ESDI"";2010;""Condutor"";""Lesões Leves"";21;""Masculino"";0;1;0;0;-25",48479613;-49,"34730331;""SR-PR"";""DEL7/1"";""UOP04/PR""",
"261853;583060;2020-01-10;""sexta"";""07:45:00"";""PR"";376;594;""CURITIBA"";""Sim"";""Não guardar distância de segurança"";1;""Colisão traseira"";""Com Vítimas Feridas"";""Pleno dia"";""Decrescente"";""Céu Claro"";""Dupla"";""Reta"";""Sim"";467136;""Automóvel"";""MMC/LANCER 2.0 CVT"";2016;""Condutor"";""Ileso"";36;""Masculino"";1;0;0;0;-25",48479613;-49,"34730331;""SR-PR"";""DEL7/1"";""UOP04/PR""",
"261853;583059;2020-01-10;""sexta"";""07:45:00"";""PR"";376;594;""CURITIBA"";""Sim"";""Não guardar distância de segurança"";2;""Tombamento"";""Com Vítimas Feridas"";""Pleno dia"";""Decrescente"";""Céu Claro"";""Dupla"";""Reta"";""Sim"";467135;""Motocicleta"";""HONDA/CG150 FAN ESDI"";2010;""Condutor"";""Lesões Leves"";21;""Masculino"";0;1;0;0;-25",48479613;-49,"34730331;""SR-PR"";""DEL7/1"";""UOP04/PR""",
"261853;583060;2020-01-10;""sexta"";""07:45:00"";""PR"";376;594;""CURITIBA"";""Sim"";""Não guardar distância de segurança"";2;""Tombamento"";""Com Vítimas Feridas"";""Pleno dia"";""Decrescente"";""Céu Claro"";""Dupla"";""Reta"";""Sim"";467136;""Automóvel"";""MMC/LANCER 2.0 CVT"";2016;""Condutor"";""Ileso"";36;""Masculino"";1;0;0;0;-25",48479613;-49,"34730331;""SR-PR"";""DEL7/1"";""UOP04/PR""",
"261855;583194;2020-01-10;""sexta"";""08:45:00"";""PR"";376;177","5;""MARINGA"";""Sim"";""Falta de Atenção à Condução"";1;""Atropelamento de Pedestre"";""Com Vítimas Feridas"";""Pleno dia"";""Crescente"";""Nublado"";""Dupla"";""Interseção de vias"";""Sim"";467144;""Motocicleta"";""HONDA/CG150 START"";2015;""Pedestre"";""Lesões Leves"";47;""Feminino"";0;1;0;0;-23",41595855;-51,"92226484;""SR-PR"";""DEL7/7"";""UOP04/PR"""
"261855;583111;2020-01-10;""sexta"";""08:45:00"";""PR"";376;177","5;""MARINGA"";""Sim"";""Falta de Atenção à Condução"";1;""Atropelamento de Pedestre"";""Com Vítimas Feridas"";""Pleno dia"";""Crescente"";""Nublado"";""Dupla"";""Interseção de vias"";""Sim"";467144;""Motocicleta"";""HONDA/CG150 START"";2015;""Condutor"";""Não Informado"";NA;""Não Informado"";0;0;0;0;-23",41595855;-51,"92226484;""SR-PR"";""DEL7/7"";""UOP04/PR"""
"261856;583177;2020-01-10;""sexta"";""08:50:00"";""PB"";230;24;""JOAO PESSOA"";""Sim"";""Falta de Atenção do Pedestre"";1;""Atropelamento de Pedestre"";""Com Vítimas Feridas"";""Pleno dia"";""Decrescente"";""Sol"";""Dupla"";""Curva"";""Sim"";467205;""Motocicleta"";""HONDA/NXR150 BROS ES"";2009;""Pedestre"";""Ileso"";11;""Masculino"";1;0;0;0;-7",17079547;-34,"86822995;""SR-PB"";""DEL14/1"";""UOP01/PB""",
"261856;583132;2020-01-10;""sexta"";""08:50:00"";""PB"";230;24;""JOAO PESSOA"";""Sim"";""Falta de Atenção do Pedestre"";1;""Atropelamento de Pedestre"";""Com Vítimas Feridas"";""Pleno dia"";""Decrescente"";""Sol"";""Dupla"";""Curva"";""Sim"";467205;""Motocicleta"";""HONDA/NXR150 BROS ES"";2009;""Pedestre"";""Lesões Graves"";51;""Feminino"";0;0;1;0;-7",17079547;-34,"86822995;""SR-PB"";""DEL14/1"";""UOP01/PB""",
"261856;583129;2020-01-10;""sexta"";""08:50:00"";""PB"";230;24;""JOAO PESSOA"";""Sim"";""Falta de Atenção do Pedestre"";1;""Atropelamento de Pedestre"";""Com Vítimas Feridas"";""Pleno dia"";""Decrescente"";""Sol"";""Dupla"";""Curva"";""Sim"";467205;""Motocicleta"";""HONDA/NXR150 BROS ES"";2009;""Condutor"";""Ileso"";26;""Feminino"";1;0;0;0;-7",17079547;-34,"86822995;""SR-PB"";""DEL14/1"";""UOP01/PB""",
"261858;NA;2020-01-10;""sexta"";""07:50:00"";""SC"";280;178","8;""MAFRA"";""Sim"";""Velocidade Incompatível"";3;""Derramamento de carga"";""Com Vítimas Feridas"";""Pleno dia"";""Crescente"";""Céu Claro"";""Simples"";""Curva"";""Não"";467132;""Semireboque"";""SR/GUERRA AG GR"";2012;""Não Informado"";""Não Informado"";NA;""Não Informado"";0;0;0;0;-26",1159948;-49,"7865526;""SR-SC"";""DEL8/6"";""UOP01/SC"""
"261858;584873;2020-01-10;""sexta"";""07:50:00"";""SC"";280;178","8;""MAFRA"";""Sim"";""Velocidade Incompatível"";3;""Derramamento de carga"";""Com Vítimas Feridas"";""Pleno dia"";""Crescente"";""Céu Claro"";""Simples"";""Curva"";""Não"";467123;""Caminhão-trator"";""SCANIA/P 360 A6X2"";2013;""Passageiro"";""Lesões Leves"";7;""Feminino"";0;1;0;0;-26",1159948;-49,"7865526;""SR-SC"";""DEL8/6"";""UOP01/SC"""
"261858;584871;2020-01-10;""sexta"";""07:50:00"";""SC"";280;178","8;""MAFRA"";""Sim"";""Velocidade Incompatível"";3;""Derramamento de carga"";""Com Vítimas Feridas"";""Pleno dia"";""Crescente"";""Céu Claro"";""Simples"";""Curva"";""Não"";467123;""Caminhão-trator"";""SCANIA/P 360 A6X2"";2013;""Passageiro"";""Lesões Leves"";28;""Feminino"";0;1;0;0;-26",1159948;-49,"7865526;""SR-SC"";""DEL8/6"";""UOP01/SC"""
"261858;584869;2020-01-10;""sexta"";""07:50:00"";""SC"";280;178","8;""MAFRA"";""Sim"";""Velocidade Incompatível"";3;""Derramamento de carga"";""Com Vítimas Feridas"";""Pleno dia"";""Crescente"";""Céu Claro"";""Simples"";""Curva"";""Não"";467123;""Caminhão-trator"";""SCANIA/P 360 A6X2"";2013;""Condutor"";""Lesões Leves"";33;""Masculino"";0;1;0;0;-26",1159948;-49,"7865526;""SR-SC"";""DEL8/6"";""UOP01/SC"""
"261858;NA;2020-01-10;""sexta"";""07:50:00"";""SC"";280;178","8;""MAFRA"";""Sim"";""Velocidade Incompatível"";2;""Tombamento"";""Com Vítimas Feridas"";""Pleno dia"";""Crescente"";""Céu Claro"";""Simples"";""Curva"";""Não"";467132;""Semireboque"";""SR/GUERRA AG GR"";2012;""Não Informado"";""Não Informado"";NA;""Não Informado"";0;0;0;0;-26",1159948;-49,"7865526;""SR-SC"";""DEL8/6"";""UOP01/SC"""
"261858;584873;2020-01-10;""sexta"";""07:50:00"";""SC"";280;178","8;""MAFRA"";""Sim"";""Velocidade Incompatível"";2;""Tombamento"";""Com Vítimas Feridas"";""Pleno dia"";""Crescente"";""Céu Claro"";""Simples"";""Curva"";""Não"";467123;""Caminhão-trator"";""SCANIA/P 360 A6X2"";2013;""Passageiro"";""Lesões Leves"";7;""Feminino"";0;1;0;0;-26",1159948;-49,"7865526;""SR-SC"";""DEL8/6"";""UOP01/SC"""
"261858;584871;2020-01-10;""sexta"";""07:50:00"";""SC"";280;178","8;""MAFRA"";""Sim"";""Velocidade Incompatível"";2;""Tombamento"";""Com Vítimas Feridas"";""Pleno dia"";""Crescente"";""Céu Claro"";""Simples"";""Curva"";""Não"";467123;""Caminhão-trator"";""SCANIA/P 360 A6X2"";2013;""Passageiro"";""Lesões Leves"";28;""Feminino"";0;1;0;0;-26",1159948;-49,"7865526;""SR-SC"";""DEL8/6"";""UOP01/SC"""
"261858;584869;2020-01-10;""sexta"";""07:50:00"";""SC"";280;178","8;""MAFRA"";""Sim"";""Velocidade Incompatível"";2;""Tombamento"";""Com Vítimas Feridas"";""Pleno dia"";""Crescente"";""Céu Claro"";""Simples"";""Curva"";""Não"";467123;""Caminhão-trator"";""SCANIA/P 360 A6X2"";2013;""Condutor"";""Lesões Leves"";33;""Masculino"";0;1;0;0;-26",1159948;-49,"7865526;""SR-SC"";""DEL8/6"";""UOP01/SC"""
"261858;NA;2020-01-10;""sexta"";""07:50:00"";""SC"";280;178","8;""MAFRA"";""Sim"";""Velocidade Incompatível"";1;""Saída de leito carroçável"";""Com Vítimas Feridas"";""Pleno dia"";""Crescente"";""Céu Claro"";""Simples"";""Curva"";""Não"";467132;""Semireboque"";""SR/GUERRA AG GR"";2012;""Não Informado"";""Não Informado"";NA;""Não Informado"";0;0;0;0;-26",1159948;-49,"7865526;""SR-SC"";""DEL8/6"";""UOP01/SC"""
"261858;584873;2020-01-10;""sexta"";""07:50:00"";""SC"";280;178","8;""MAFRA"";""Sim"";""Velocidade Incompatível"";1;""Saída de leito carroçável"";""Com Vítimas Feridas"";""Pleno dia"";""Crescente"";""Céu Claro"";""Simples"";""Curva"";""Não"";467123;""Caminhão-trator"";""SCANIA/P 360 A6X2"";2013;""Passageiro"";""Lesões Leves"";7;""Feminino"";0;1;0;0;-26",1159948;-49,"7865526;""SR-SC"";""DEL8/6"";""UOP01/SC"""
"261858;584871;2020-01-10;""sexta"";""07:50:00"";""SC"";280;178","8;""MAFRA"";""Sim"";""Velocidade Incompatível"";1;""Saída de leito carroçável"";""Com Vítimas Feridas"";""Pleno dia"";""Crescente"";""Céu Claro"";""Simples"";""Curva"";""Não"";467123;""Caminhão-trator"";""SCANIA/P 360 A6X2"";2013;""Passageiro"";""Lesões Leves"";28;""Feminino"";0;1;0;0;-26",1159948;-49,"7865526;""SR-SC"";""DEL8/6"";""UOP01/SC"""
"261858;584869;2020-01-10;""sexta"";""07:50:00"";""SC"";280;178","8;""MAFRA"";""Sim"";""Velocidade Incompatível"";1;""Saída de leito carroçável"";""Com Vítimas Feridas"";""Pleno dia"";""Crescente"";""Céu Claro"";""Simples"";""Curva"";""Não"";467123;""Caminhão-trator"";""SCANIA/P 360 A6X2"";2013;""Condutor"";""Lesões Leves"";33;""Masculino"";0;1;0;0;-26",1159948;-49,"7865526;""SR-SC"";""DEL8/6"";""UOP01/SC"""
"261859;583199;2020-01-10;""sexta"";""07:15:00"";""PR"";277;725","8;""FOZ DO IGUACU"";""Sim"";""Falta de Atenção à Condução"";1;""Saída de leito carroçável"";""Com Vítimas Feridas"";""Pleno dia"";""Crescente"";""Céu Claro"";""Simples"";""Curva"";""Sim"";467219;""Motoneta"";""YAMAHA/NEO AT115"";2008;""Condutor"";""Lesões Leves"";62;""Masculino"";0;1;0;0;-25",50823541;-54,"54619865;""SR-PR"";""DEL7/5"";""UOP03/PR"""
"261859;583199;2020-01-10;""sexta"";""07:15:00"";""PR"";277;725","8;""FOZ DO IGUACU"";""Sim"";""Falta de Atenção à Condução"";3;""Queda de ocupante de veículo"";""Com Vítimas Feridas"";""Pleno dia"";""Crescente"";""Céu Claro"";""Simples"";""Curva"";""Sim"";467219;""Motoneta"";""YAMAHA/NEO AT115"";2008;""Condutor"";""Lesões Leves"";62;""Masculino"";0;1;0;0;-25",50823541;-54,"54619865;""SR-PR"";""DEL7/5"";""UOP03/PR"""
"261859;583199;2020-01-10;""sexta"";""07:15:00"";""PR"";277;725","8;""FOZ DO IGUACU"";""Sim"";""Falta de Atenção à Condução"";2;""Colisão com objeto estático"";""Com Vítimas Feridas"";""Pleno dia"";""Crescente"";""Céu Claro"";""Simples"";""Curva"";""Sim"";467219;""Motoneta"";""YAMAHA/NEO AT115"";2008;""Condutor"";""Lesões Leves"";62;""Masculino"";0;1;0;0;-25",50823541;-54,"54619865;""SR-PR"";""DEL7/5"";""UOP03/PR"""
"261860;583337;2020-01-10;""sexta"";""07:00:00"";""MG"";40;516","4;""RIBEIRAO DAS NEVES"";""Sim"";""Falta de Atenção à Condução"";2;""Queda de ocupante de veículo"";""Com Vítimas Feridas"";""Pleno dia"";""Crescente"";""Céu Claro"";""Dupla"";""Reta"";""Não"";467182;""Motocicleta"";""HONDA/CG 160 FAN"";NA;""Condutor"";""Lesões Leves"";24;""Masculino"";0;1;0;0;-19",81628624;-44,"08960124;""SR-MG"";""DEL4/1"";""UOP02/MG"""
"261860;583337;2020-01-10;""sexta"";""07:00:00"";""MG"";40;516","4;""RIBEIRAO DAS NEVES"";""Sim"";""Falta de Atenção à Condução"";1;""Tombamento"";""Com Vítimas Feridas"";""Pleno dia"";""Crescente"";""Céu Claro"";""Dupla"";""Reta"";""Não"";467182;""Motocicleta"";""HONDA/CG 160 FAN"";NA;""Condutor"";""Lesões Leves"";24;""Masculino"";0;1;0;0;-19",81628624;-44,"08960124;""SR-MG"";""DEL4/1"";""UOP02/MG"""
"261861;583005;2020-01-06;""segunda"";""14:55:00"";""GO"";50;254;""CATALAO"";""Sim"";""Pista Escorregadia"";1;""Saída de leito carroçável"";""Com Vítimas Feridas"";""Pleno dia"";""Decrescente"";""Chuva"";""Dupla"";""Não Informado"";""Não"";467124;""Automóvel"";""I/CHEV CRUZE LT HB AT"";2017;""Passageiro"";""Ileso"";67;""Masculino"";1;0;0;0;-18",0022;-47,"8024;""SR-GO"";""DEL1/6"";""UOP01/GO""",
"261861;583004;2020-01-06;""segunda"";""14:55:00"";""GO"";50;254;""CATALAO"";""Sim"";""Pista Escorregadia"";1;""Saída de leito carroçável"";""Com Vítimas Feridas"";""Pleno dia"";""Decrescente"";""Chuva"";""Dupla"";""Não Informado"";""Não"";467124;""Automóvel"";""I/CHEV CRUZE LT HB AT"";2017;""Condutor"";""Lesões Leves"";32;""Masculino"";0;1;0;0;-18",0022;-47,"8024;""SR-GO"";""DEL1/6"";""UOP01/GO""",
"261862;584410;2020-01-05;""domingo"";""16:30:00"";""BA"";242;412;""SEABRA"";""Não"";""Fenômenos da Natureza"";1;""Colisão com objeto estático"";""Com Vítimas Feridas"";""Pleno dia"";""Crescente"";""Chuva"";""Simples"";""Reta"";""Não"";467133;""Motocicleta"";""HONDA/NXR150 BROS ES"";2013;""Condutor"";""Lesões Graves"";48;""Masculino"";0;0;1;0;-12",43486296;-41,"75626091;""SR-BA"";""DEL10/6"";""UOP01/BA""",
"261862;584410;2020-01-05;""domingo"";""16:30:00"";""BA"";242;412;""SEABRA"";""Não"";""Fenômenos da Natureza"";2;""Queda de ocupante de veículo"";""Com Vítimas Feridas"";""Pleno dia"";""Crescente"";""Chuva"";""Simples"";""Reta"";""Não"";467133;""Motocicleta"";""HONDA/NXR150 BROS ES"";2013;""Condutor"";""Lesões Graves"";48;""Masculino"";0;0;1;0;-12",43486296;-41,"75626091;""SR-BA"";""DEL10/6"";""UOP01/BA""",
"261862;584410;2020-01-05;""domingo"";""16:30:00"";""BA"";242;412;""SEABRA"";""Não"";""Restrição de Visibilidade"";1;""Colisão com objeto estático"";""Com Vítimas Feridas"";""Pleno dia"";""Crescente"";""Chuva"";""Simples"";""Reta"";""Não"";467133;""Motocicleta"";""HONDA/NXR150 BROS ES"";2013;""Condutor"";""Lesões Graves"";48;""Masculino"";0;0;1;0;-12",43486296;-41,"75626091;""SR-BA"";""DEL10/6"";""UOP01/BA""",
"261862;584410;2020-01-05;""domingo"";""16:30:00"";""BA"";242;412;""SEABRA"";""Não"";""Restrição de Visibilidade"";2;""Queda de ocupante de veículo"";""Com Vítimas Feridas"";""Pleno dia"";""Crescente"";""Chuva"";""Simples"";""Reta"";""Não"";467133;""Motocicleta"";""HONDA/NXR150 BROS ES"";2013;""Condutor"";""Lesões Graves"";48;""Masculino"";0;0;1;0;-12",43486296;-41,"75626091;""SR-BA"";""DEL10/6"";""UOP01/BA""",
"261862;584410;2020-01-05;""domingo"";""16:30:00"";""BA"";242;412;""SEABRA"";""Sim"";""Objeto estático sobre o leito carroçável"";1;""Colisão com objeto estático"";""Com Vítimas Feridas"";""Pleno dia"";""Crescente"";""Chuva"";""Simples"";""Reta"";""Não"";467133;""Motocicleta"";""HONDA/NXR150 BROS ES"";2013;""Condutor"";""Lesões Graves"";48;""Masculino"";0;0;1;0;-12",43486296;-41,"75626091;""SR-BA"";""DEL10/6"";""UOP01/BA""",
"261862;584410;2020-01-05;""domingo"";""16:30:00"";""BA"";242;412;""SEABRA"";""Sim"";""Objeto estático sobre o leito carroçável"";2;""Queda de ocupante de veículo"";""Com Vítimas Feridas"";""Pleno dia"";""Crescente"";""Chuva"";""Simples"";""Reta"";""Não"";467133;""Motocicleta"";""HONDA/NXR150 BROS ES"";2013;""Condutor"";""Lesões Graves"";48;""Masculino"";0;0;1;0;-12",43486296;-41,"75626091;""SR-BA"";""DEL10/6"";""UOP01/BA""",
"261863;583089;2020-01-10;""sexta"";""09:10:00"";""SC"";101;210;""SAO JOSE"";""Sim"";""Falta de Atenção à Condução"";3;""Queda de ocupante de veículo"";""Sem Vítimas"";""Pleno dia"";""Decrescente"";""Céu Claro"";""Múltipla"";""Reta"";""Não"";467151;""Motocicleta"";""YAMAHA/YBR150 FACTOR ED"";2019;""Condutor"";""Ileso"";41;""Masculino"";1;0;0;0;-27",6167305;-48,"6457265;""SR-SC"";""DEL8/1"";""UOP01/SC""",