"id;""pesid"";""data_inversa"";""dia_semana"";""horario"";""uf"";""br"";""km"";""municipio"";""causa_principal"";""causa_acidente"";""ordem_tipo_acidente"";""tipo_acidente"";""classificacao_acidente"";""fase_dia"";""sentido_via"";""condicao_metereologica"";""tipo_pista"";""tracado_via"";""uso_solo"";""id_veiculo"";""tipo_veiculo"";""marca"";""ano_fabricacao_veiculo"";""tipo_envolvido"";""estado_fisico"";""idade"";""sexo"";""ilesos"";""feridos_leves"";""feridos_graves"";""mortos"";""latitude"";""longitude"";""regional"";""delegacia"";""uop""",,,
"261863;583088;2020-01-10;""sexta"";""09:10:00"";""SC"";101;210;""SAO JOSE"";""Sim"";""Falta de Atenção à Condução"";3;""Queda de ocupante de veículo"";""Sem Vítimas"";""Pleno dia"";""Decrescente"";""Céu Claro"";""Múltipla"";""Reta"";""Não"";467150;""Automóvel"";""FIAT/SIENA HLX FLEX"";2008;""Condutor"";""Ileso"";42;""Masculino"";1;0;0;0;-27",6167305;-48,"6457265;""SR-SC"";""DEL8/1"";""UOP01/SC""",
"261863;583089;2020-01-10;""sexta"";""09:10:00"";""SC"";101;210;""SAO JOSE"";""Sim"";""Falta de Atenção à Condução"";2;""Tombamento"";""Sem Vítimas"";""Pleno dia"";""Decrescente"";""Céu Claro"";""Múltipla"";""Reta"";""Não"";467151;""Motocicleta"";""YAMAHA/YBR150 FACTOR ED"";2019;""Condutor"";""Ileso"";41;""Masculino"";1;0;0;0;-27",6167305;-48,"6457265;""SR-SC"";""DEL8/1"";""UOP01/SC""",
"261863;583088;2020-01-10;""sexta"";""09:10:00"";""SC"";101;210;""SAO JOSE"";""Sim"";""Falta de Atenção à Condução"";2;""Tombamento"";""Sem Vítimas"";""Pleno dia"";""Decrescente"";""Céu Claro"";""Múltipla"";""Reta"";""Não"";467150;""Automóvel"";""FIAT/SIENA HLX FLEX"";2008;""Condutor"";""Ileso"";42;""Masculino"";1;0;0;0;-27",6167305;-48,"6457265;""SR-SC"";""DEL8/1"";""UOP01/SC""",
"261863;583089;2020-01-10;""sexta"";""09:10:00"";""SC"";101;210;""SAO JOSE"";""Sim"";""Falta de Atenção à Condução"";1;""Colisão traseira"";""Sem Vítimas"";""Pleno dia"";""Decrescente"";""Céu Claro"";""Múltipla"";""Reta"";""Não"";467151;""Motocicleta"";""YAMAHA/YBR150 FACTOR ED"";2019;""Condutor"";""Ileso"";41;""Masculino"";1;0;0;0;-27",6167305;-48,"6457265;""SR-SC"";""DEL8/1"";""UOP01/SC""",
"261863;583088;2020-01-10;""sexta"";""09:10:00"";""SC"";101;210;""SAO JOSE"";""Sim"";""Falta de Atenção à Condução"";1;""Colisão traseira"";""Sem Vítimas"";""Pleno dia"";""Decrescente"";""Céu Claro"";""Múltipla"";""Reta"";""Não"";467150;""Automóvel"";""FIAT/SIENA HLX FLEX"";2008;""Condutor"";""Ileso"";42;""Masculino"";1;0;0;0;-27",6167305;-48,"6457265;""SR-SC"";""DEL8/1"";""UOP01/SC""",
"261864;584890;2020-01-10;""sexta"";""05:45:00"";""RJ"";40;124;""RIO DE JANEIRO"";""Sim"";""Carga excessiva e/ou mal acondicionada"";1;""Tombamento"";""Sem Vítimas"";""Amanhecer"";""Crescente"";""Céu Claro"";""Simples"";""Curva"";""Sim"";467134;""Caminhão"";""VW/23.220"";2004;""Condutor"";""Ileso"";64;""Masculino"";1;0;0;0;-22",807953;-43,"289124;""SR-RJ"";""DEL5/1"";""UOP01/RJ""",
"261865;585415;2020-01-10;""sexta"";""09:40:00"";""PE"";104;39","9;""CARUARU"";""Sim"";""Desobediência às normas de trânsito pelo condutor"";1;""Saída de leito carroçável"";""Com Vítimas Feridas"";""Pleno dia"";""Crescente"";""Nublado"";""Dupla"";""Reta"";""Não"";467160;""Automóvel"";""CHEVROLET/ONIX 10MT JOYE"";2016;""Condutor"";""Lesões Leves"";37;""Masculino"";0;1;0;0;-8",0861;-36,"0377;""SR-PE"";""DEL11/2"";""UOP01/PE"""
"261868;583203;2020-01-10;""sexta"";""08:00:00"";""RJ"";101;307","6;""SAO GONCALO"";""Sim"";""Avarias e/ou desgaste excessivo no pneu"";1;""Queda de ocupante de veículo"";""Com Vítimas Feridas"";""Pleno dia"";""Crescente"";""Céu Claro"";""Dupla"";""Reta"";""Sim"";467148;""Motocicleta"";""YAMAHA/YS150 FAZER ED"";2015;""Condutor"";""Lesões Leves"";37;""Masculino"";0;1;0;0;-22",79115777;-43,"01514205;""SR-RJ"";""DEL5/2"";""UOP01/RJ"""
"261868;583204;2020-01-10;""sexta"";""08:00:00"";""RJ"";101;307","6;""SAO GONCALO"";""Sim"";""Avarias e/ou desgaste excessivo no pneu"";1;""Queda de ocupante de veículo"";""Com Vítimas Feridas"";""Pleno dia"";""Crescente"";""Céu Claro"";""Dupla"";""Reta"";""Sim"";467148;""Motocicleta"";""YAMAHA/YS150 FAZER ED"";2015;""Passageiro"";""Lesões Leves"";31;""Feminino"";0;1;0;0;-22",79115777;-43,"01514205;""SR-RJ"";""DEL5/2"";""UOP01/RJ"""
"261869;583031;2020-01-10;""sexta"";""07:30:00"";""MA"";316;287;""PIO XII"";""Não"";""Falta de Atenção à Condução"";1;""Colisão frontal"";""Com Vítimas Feridas"";""Pleno dia"";""Crescente"";""Nublado"";""Simples"";""Reta"";""Não"";467140;""Motocicleta"";""BMW/F850 GS"";2019;""Condutor"";""Lesões Graves"";34;""Masculino"";0;0;1;0;-3",797174;-45,"205685;""SR-MA"";""DEL18/2"";""UOP01/MA""",
"261869;583029;2020-01-10;""sexta"";""07:30:00"";""MA"";316;287;""PIO XII"";""Não"";""Falta de Atenção à Condução"";1;""Colisão frontal"";""Com Vítimas Feridas"";""Pleno dia"";""Crescente"";""Nublado"";""Simples"";""Reta"";""Não"";467139;""Caminhonete"";""I/TOYOTA HILUX CD4X4 SRV"";2005;""Condutor"";""Ileso"";67;""Masculino"";1;0;0;0;-3",797174;-45,"205685;""SR-MA"";""DEL18/2"";""UOP01/MA""",
"261869;583031;2020-01-10;""sexta"";""07:30:00"";""MA"";316;287;""PIO XII"";""Não"";""Desobediência às normas de trânsito pelo condutor"";1;""Colisão frontal"";""Com Vítimas Feridas"";""Pleno dia"";""Crescente"";""Nublado"";""Simples"";""Reta"";""Não"";467140;""Motocicleta"";""BMW/F850 GS"";2019;""Condutor"";""Lesões Graves"";34;""Masculino"";0;0;1;0;-3",797174;-45,"205685;""SR-MA"";""DEL18/2"";""UOP01/MA""",
"261869;583029;2020-01-10;""sexta"";""07:30:00"";""MA"";316;287;""PIO XII"";""Não"";""Desobediência às normas de trânsito pelo condutor"";1;""Colisão frontal"";""Com Vítimas Feridas"";""Pleno dia"";""Crescente"";""Nublado"";""Simples"";""Reta"";""Não"";467139;""Caminhonete"";""I/TOYOTA HILUX CD4X4 SRV"";2005;""Condutor"";""Ileso"";67;""Masculino"";1;0;0;0;-3",797174;-45,"205685;""SR-MA"";""DEL18/2"";""UOP01/MA""",
"261869;583031;2020-01-10;""sexta"";""07:30:00"";""MA"";316;287;""PIO XII"";""Sim"";""Defeito na Via"";1;""Colisão frontal"";""Com Vítimas Feridas"";""Pleno dia"";""Crescente"";""Nublado"";""Simples"";""Reta"";""Não"";467140;""Motocicleta"";""BMW/F850 GS"";2019;""Condutor"";""Lesões Graves"";34;""Masculino"";0;0;1;0;-3",797174;-45,"205685;""SR-MA"";""DEL18/2"";""UOP01/MA""",
"261869;583029;2020-01-10;""sexta"";""07:30:00"";""MA"";316;287;""PIO XII"";""Sim"";""Defeito na Via"";1;""Colisão frontal"";""Com Vítimas Feridas"";""Pleno dia"";""Crescente"";""Nublado"";""Simples"";""Reta"";""Não"";467139;""Caminhonete"";""I/TOYOTA HILUX CD4X4 SRV"";2005;""Condutor"";""Ileso"";67;""Masculino"";1;0;0;0;-3",797174;-45,"205685;""SR-MA"";""DEL18/2"";""UOP01/MA""",
"261870;584543;2020-01-10;""sexta"";""08:55:00"";""RJ"";116;173;""NOVA IGUACU"";""Sim"";""Defeito Mecânico no Veículo"";1;""Incêndio"";""Sem Vítimas"";""Pleno dia"";""Crescente"";""Céu Claro"";""Dupla"";""Reta"";""Sim"";467141;""Ônibus"";""M.BENZ/MPOLO TORINO U"";2011;""Condutor"";""Ileso"";34;""Masculino"";1;0;0;0;-22",75750367;-43,"43135834;""SR-RJ"";""DEL5/1"";""UOP02/RJ""",
"261871;583126;2020-01-10;""sexta"";""09:50:00"";""MG"";40;724","9;""BARBACENA"";""Sim"";""Condutor Dormindo"";2;""Capotamento"";""Com Vítimas Feridas"";""Pleno dia"";""Decrescente"";""Céu Claro"";""Dupla"";""Reta"";""Não"";467199;""Camioneta"";""RENAULT/DUSTER 16 D 4X2"";2012;""Passageiro"";""Lesões Leves"";25;""Masculino"";0;1;0;0;-21",30155719;-43,"619587;""SR-MG"";""DEL5"";""UOP01/MG"""
"261871;583124;2020-01-10;""sexta"";""09:50:00"";""MG"";40;724","9;""BARBACENA"";""Sim"";""Condutor Dormindo"";2;""Capotamento"";""Com Vítimas Feridas"";""Pleno dia"";""Decrescente"";""Céu Claro"";""Dupla"";""Reta"";""Não"";467199;""Camioneta"";""RENAULT/DUSTER 16 D 4X2"";2012;""Passageiro"";""Lesões Leves"";49;""Feminino"";0;1;0;0;-21",30155719;-43,"619587;""SR-MG"";""DEL5"";""UOP01/MG"""
"261871;583121;2020-01-10;""sexta"";""09:50:00"";""MG"";40;724","9;""BARBACENA"";""Sim"";""Condutor Dormindo"";2;""Capotamento"";""Com Vítimas Feridas"";""Pleno dia"";""Decrescente"";""Céu Claro"";""Dupla"";""Reta"";""Não"";467199;""Camioneta"";""RENAULT/DUSTER 16 D 4X2"";2012;""Condutor"";""Ileso"";54;""Masculino"";1;0;0;0;-21",30155719;-43,"619587;""SR-MG"";""DEL5"";""UOP01/MG"""
"261871;583126;2020-01-10;""sexta"";""09:50:00"";""MG"";40;724","9;""BARBACENA"";""Sim"";""Condutor Dormindo"";1;""Saída de leito carroçável"";""Com Vítimas Feridas"";""Pleno dia"";""Decrescente"";""Céu Claro"";""Dupla"";""Reta"";""Não"";467199;""Camioneta"";""RENAULT/DUSTER 16 D 4X2"";2012;""Passageiro"";""Lesões Leves"";25;""Masculino"";0;1;0;0;-21",30155719;-43,"619587;""SR-MG"";""DEL5"";""UOP01/MG"""
"261871;583124;2020-01-10;""sexta"";""09:50:00"";""MG"";40;724","9;""BARBACENA"";""Sim"";""Condutor Dormindo"";1;""Saída de leito carroçável"";""Com Vítimas Feridas"";""Pleno dia"";""Decrescente"";""Céu Claro"";""Dupla"";""Reta"";""Não"";467199;""Camioneta"";""RENAULT/DUSTER 16 D 4X2"";2012;""Passageiro"";""Lesões Leves"";49;""Feminino"";0;1;0;0;-21",30155719;-43,"619587;""SR-MG"";""DEL5"";""UOP01/MG"""
"261871;583121;2020-01-10;""sexta"";""09:50:00"";""MG"";40;724","9;""BARBACENA"";""Sim"";""Condutor Dormindo"";1;""Saída de leito carroçável"";""Com Vítimas Feridas"";""Pleno dia"";""Decrescente"";""Céu Claro"";""Dupla"";""Reta"";""Não"";467199;""Camioneta"";""RENAULT/DUSTER 16 D 4X2"";2012;""Condutor"";""Ileso"";54;""Masculino"";1;0;0;0;-21",30155719;-43,"619587;""SR-MG"";""DEL5"";""UOP01/MG"""
"261872;584467;2020-01-10;""sexta"";""10:15:00"";""SP"";101;25;""UBATUBA"";""Sim"";""Condutor Dormindo"";1;""Colisão traseira"";""Com Vítimas Feridas"";""Pleno dia"";""Decrescente"";""Céu Claro"";""Simples"";""Curva"";""Não"";467241;""Automóvel"";""GM/KADETT GL"";1995;""Passageiro"";""Lesões Leves"";68;""Feminino"";0;1;0;0;-23",35526999;-44,"94599221;""SR-SP"";""DEL6"";""UOP03/SP""",
"261872;584465;2020-01-10;""sexta"";""10:15:00"";""SP"";101;25;""UBATUBA"";""Sim"";""Condutor Dormindo"";1;""Colisão traseira"";""Com Vítimas Feridas"";""Pleno dia"";""Decrescente"";""Céu Claro"";""Simples"";""Curva"";""Não"";467241;""Automóvel"";""GM/KADETT GL"";1995;""Passageiro"";""Lesões Leves"";66;""Masculino"";0;1;0;0;-23",35526999;-44,"94599221;""SR-SP"";""DEL6"";""UOP03/SP""",
"261872;584457;2020-01-10;""sexta"";""10:15:00"";""SP"";101;25;""UBATUBA"";""Sim"";""Condutor Dormindo"";1;""Colisão traseira"";""Com Vítimas Feridas"";""Pleno dia"";""Decrescente"";""Céu Claro"";""Simples"";""Curva"";""Não"";467241;""Automóvel"";""GM/KADETT GL"";1995;""Condutor"";""Ileso"";35;""Masculino"";1;0;0;0;-23",35526999;-44,"94599221;""SR-SP"";""DEL6"";""UOP03/SP""",
"261872;584456;2020-01-10;""sexta"";""10:15:00"";""SP"";101;25;""UBATUBA"";""Sim"";""Condutor Dormindo"";1;""Colisão traseira"";""Com Vítimas Feridas"";""Pleno dia"";""Decrescente"";""Céu Claro"";""Simples"";""Curva"";""Não"";467240;""Utilitário"";""I/SUZUKI G.VITARA 2WD 5P"";2011;""Condutor"";""Ileso"";79;""Masculino"";1;0;0;0;-23",35526999;-44,"94599221;""SR-SP"";""DEL6"";""UOP03/SP""",
"261874;583136;2020-01-10;""sexta"";""10:20:00"";""SC"";101;200;""SAO JOSE"";""Sim"";""Falta de Atenção à Condução"";1;""Colisão lateral"";""Com Vítimas Feridas"";""Pleno dia"";""Crescente"";""Céu Claro"";""Múltipla"";""Reta"";""Sim"";467193;""Motocicleta"";""HONDA/CG 150 FAN ESI"";2012;""Condutor"";""Lesões Leves"";21;""Masculino"";0;1;0;0;-27",54018513;-48,"62287714;""SR-SC"";""DEL8/1"";""UOP01/SC""",
"261874;583128;2020-01-10;""sexta"";""10:20:00"";""SC"";101;200;""SAO JOSE"";""Sim"";""Falta de Atenção à Condução"";1;""Colisão lateral"";""Com Vítimas Feridas"";""Pleno dia"";""Crescente"";""Céu Claro"";""Múltipla"";""Reta"";""Sim"";467192;""Ônibus"";""M.BENZ/MPOLO TORINO U"";2010;""Condutor"";""Ileso"";47;""Masculino"";1;0;0;0;-27",54018513;-48,"62287714;""SR-SC"";""DEL8/1"";""UOP01/SC""",
"261875;583098;2020-01-10;""sexta"";""09:40:00"";""BA"";116;7","5;""VITORIA DA CONQUISTA"";""Sim"";""Desobediência às normas de trânsito pelo condutor"";1;""Colisão transversal"";""Com Vítimas Fatais"";""Pleno dia"";""Decrescente"";""Céu Claro"";""Simples"";""Reta"";""Sim"";467173;""Ciclomotor"";""I/CHARMING BULL KRC50"";NA;""Passageiro"";""Lesões Graves"";4;""Feminino"";0;0;1;0;-14",84274956;-40,"88867784;""SR-BA"";""DEL10/8"";""UOP01/BA"""
"261875;583096;2020-01-10;""sexta"";""09:40:00"";""BA"";116;7","5;""VITORIA DA CONQUISTA"";""Sim"";""Desobediência às normas de trânsito pelo condutor"";1;""Colisão transversal"";""Com Vítimas Fatais"";""Pleno dia"";""Decrescente"";""Céu Claro"";""Simples"";""Reta"";""Sim"";467173;""Ciclomotor"";""I/CHARMING BULL KRC50"";NA;""Passageiro"";""Óbito"";38;""Feminino"";0;0;0;1;-14",84274956;-40,"88867784;""SR-BA"";""DEL10/8"";""UOP01/BA"""
"261875;583090;2020-01-10;""sexta"";""09:40:00"";""BA"";116;7","5;""VITORIA DA CONQUISTA"";""Sim"";""Desobediência às normas de trânsito pelo condutor"";1;""Colisão transversal"";""Com Vítimas Fatais"";""Pleno dia"";""Decrescente"";""Céu Claro"";""Simples"";""Reta"";""Sim"";467173;""Ciclomotor"";""I/CHARMING BULL KRC50"";NA;""Condutor"";""Lesões Graves"";37;""Masculino"";0;0;1;0;-14",84274956;-40,"88867784;""SR-BA"";""DEL10/8"";""UOP01/BA"""
"261875;583087;2020-01-10;""sexta"";""09:40:00"";""BA"";116;7","5;""VITORIA DA CONQUISTA"";""Sim"";""Desobediência às normas de trânsito pelo condutor"";1;""Colisão transversal"";""Com Vítimas Fatais"";""Pleno dia"";""Decrescente"";""Céu Claro"";""Simples"";""Reta"";""Sim"";467159;""Ônibus"";""MBENZ/MPOLO PARADISO R"";2004;""Condutor"";""Ileso"";59;""Masculino"";1;0;0;0;-14",84274956;-40,"88867784;""SR-BA"";""DEL10/8"";""UOP01/BA"""
"261875;583098;2020-01-10;""sexta"";""09:40:00"";""BA"";116;7","5;""VITORIA DA CONQUISTA"";""Não"";""Falta de Atenção à Condução"";1;""Colisão transversal"";""Com Vítimas Fatais"";""Pleno dia"";""Decrescente"";""Céu Claro"";""Simples"";""Reta"";""Sim"";467173;""Ciclomotor"";""I/CHARMING BULL KRC50"";NA;""Passageiro"";""Lesões Graves"";4;""Feminino"";0;0;1;0;-14",84274956;-40,"88867784;""SR-BA"";""DEL10/8"";""UOP01/BA"""
"261875;583096;2020-01-10;""sexta"";""09:40:00"";""BA"";116;7","5;""VITORIA DA CONQUISTA"";""Não"";""Falta de Atenção à Condução"";1;""Colisão transversal"";""Com Vítimas Fatais"";""Pleno dia"";""Decrescente"";""Céu Claro"";""Simples"";""Reta"";""Sim"";467173;""Ciclomotor"";""I/CHARMING BULL KRC50"";NA;""Passageiro"";""Óbito"";38;""Feminino"";0;0;0;1;-14",84274956;-40,"88867784;""SR-BA"";""DEL10/8"";""UOP01/BA"""
"261875;583090;2020-01-10;""sexta"";""09:40:00"";""BA"";116;7","5;""VITORIA DA CONQUISTA"";""Não"";""Falta de Atenção à Condução"";1;""Colisão transversal"";""Com Vítimas Fatais"";""Pleno dia"";""Decrescente"";""Céu Claro"";""Simples"";""Reta"";""Sim"";467173;""Ciclomotor"";""I/CHARMING BULL KRC50"";NA;""Condutor"";""Lesões Graves"";37;""Masculino"";0;0;1;0;-14",84274956;-40,"88867784;""SR-BA"";""DEL10/8"";""UOP01/BA"""
"261875;583087;2020-01-10;""sexta"";""09:40:00"";""BA"";116;7","5;""VITORIA DA CONQUISTA"";""Não"";""Falta de Atenção à Condução"";1;""Colisão transversal"";""Com Vítimas Fatais"";""Pleno dia"";""Decrescente"";""Céu Claro"";""Simples"";""Reta"";""Sim"";467159;""Ônibus"";""MBENZ/MPOLO PARADISO R"";2004;""Condutor"";""Ileso"";59;""Masculino"";1;0;0;0;-14",84274956;-40,"88867784;""SR-BA"";""DEL10/8"";""UOP01/BA"""
"261876;583048;2020-01-10;""sexta"";""08:00:00"";""AP"";156;820;""OIAPOQUE"";""Sim"";""Falta de Atenção à Condução"";1;""Colisão transversal"";""Com Vítimas Feridas"";""Pleno dia"";""Decrescente"";""Sol"";""Simples"";""Reta"";""Sim"";467146;""Motocicleta"";""HONDA/NXR160 BROS ESDD"";2018;""Condutor"";""Lesões Leves"";25;""Feminino"";0;1;0;0;3",83878842;-51,"81774523;""SR-AP"";""UOP03/AP"";""""",
"261876;583047;2020-01-10;""sexta"";""08:00:00"";""AP"";156;820;""OIAPOQUE"";""Sim"";""Falta de Atenção à Condução"";1;""Colisão transversal"";""Com Vítimas Feridas"";""Pleno dia"";""Decrescente"";""Sol"";""Simples"";""Reta"";""Sim"";467145;""Motocicleta"";""HONDA/CG 160 START"";2019;""Passageiro"";""Lesões Leves"";21;""Feminino"";0;1;0;0;3",83878842;-51,"81774523;""SR-AP"";""UOP03/AP"";""""",
"261876;583046;2020-01-10;""sexta"";""08:00:00"";""AP"";156;820;""OIAPOQUE"";""Sim"";""Falta de Atenção à Condução"";1;""Colisão transversal"";""Com Vítimas Feridas"";""Pleno dia"";""Decrescente"";""Sol"";""Simples"";""Reta"";""Sim"";467145;""Motocicleta"";""HONDA/CG 160 START"";2019;""Condutor"";""Ileso"";26;""Masculino"";1;0;0;0;3",83878842;-51,"81774523;""SR-AP"";""UOP03/AP"";""""",
"261877;583208;2020-01-10;""sexta"";""10:05:00"";""SC"";101;123","4;""ITAJAI"";""Sim"";""Não guardar distância de segurança"";1;""Engavetamento"";""Com Vítimas Feridas"";""Pleno dia"";""Decrescente"";""Nublado"";""Dupla"";""Reta"";""Sim"";467204;""Motocicleta"";""HONDA/CG 160 TITAN EX"";2016;""Condutor"";""Lesões Leves"";26;""Feminino"";0;1;0;0;-26",93668609;-48,"69876905;""SR-SC"";""DEL8/4"";""UOP04/SC"""
"261877;583207;2020-01-10;""sexta"";""10:05:00"";""SC"";101;123","4;""ITAJAI"";""Sim"";""Não guardar distância de segurança"";1;""Engavetamento"";""Com Vítimas Feridas"";""Pleno dia"";""Decrescente"";""Nublado"";""Dupla"";""Reta"";""Sim"";467203;""Automóvel"";""FIAT/ARGO DRIVE 1.0"";2018;""Condutor"";""Ileso"";33;""Masculino"";1;0;0;0;-26",93668609;-48,"69876905;""SR-SC"";""DEL8/4"";""UOP04/SC"""
"261877;583206;2020-01-10;""sexta"";""10:05:00"";""SC"";101;123","4;""ITAJAI"";""Sim"";""Não guardar distância de segurança"";1;""Engavetamento"";""Com Vítimas Feridas"";""Pleno dia"";""Decrescente"";""Nublado"";""Dupla"";""Reta"";""Sim"";467202;""Automóvel"";""PEUGEOT/207PASSION XS A"";2012;""Condutor"";""Ileso"";50;""Masculino"";1;0;0;0;-26",93668609;-48,"69876905;""SR-SC"";""DEL8/4"";""UOP04/SC"""
"261877;583205;2020-01-10;""sexta"";""10:05:00"";""SC"";101;123","4;""ITAJAI"";""Sim"";""Não guardar distância de segurança"";1;""Engavetamento"";""Com Vítimas Feridas"";""Pleno dia"";""Decrescente"";""Nublado"";""Dupla"";""Reta"";""Sim"";467201;""Utilitário"";""JEEP/COMPASS TRAILHAWK D"";2019;""Condutor"";""Ileso"";51;""Masculino"";1;0;0;0;-26",93668609;-48,"69876905;""SR-SC"";""DEL8/4"";""UOP04/SC"""
"261878;583253;2020-01-10;""sexta"";""08:00:00"";""BA"";101;933;""MUCURI"";""Sim"";""Falta de Atenção à Condução"";1;""Engavetamento"";""Com Vítimas Feridas"";""Pleno dia"";""Decrescente"";""Céu Claro"";""Simples"";""Reta"";""Sim"";467283;""Automóvel"";""NISSAN/KICKS S DRCT CVT"";2018;""Condutor"";""Ileso"";44;""Masculino"";1;0;0;0;-18",16840196;-39,"91873914;""SR-BA"";""DEL10/9"";""UOP03/BA""",
"261878;583251;2020-01-10;""sexta"";""08:00:00"";""BA"";101;933;""MUCURI"";""Sim"";""Falta de Atenção à Condução"";1;""Engavetamento"";""Com Vítimas Feridas"";""Pleno dia"";""Decrescente"";""Céu Claro"";""Simples"";""Reta"";""Sim"";467280;""Automóvel"";""CHEV/PRISMA 1.4MT LT"";2013;""Condutor"";""Ileso"";44;""Masculino"";1;0;0;0;-18",16840196;-39,"91873914;""SR-BA"";""DEL10/9"";""UOP03/BA""",
"261878;583249;2020-01-10;""sexta"";""08:00:00"";""BA"";101;933;""MUCURI"";""Sim"";""Falta de Atenção à Condução"";1;""Engavetamento"";""Com Vítimas Feridas"";""Pleno dia"";""Decrescente"";""Céu Claro"";""Simples"";""Reta"";""Sim"";467279;""Automóvel"";""CHEVROLET/ONIX 1.0MT LT"";2018;""Condutor"";""Ileso"";55;""Masculino"";1;0;0;0;-18",16840196;-39,"91873914;""SR-BA"";""DEL10/9"";""UOP03/BA""",
"261878;583248;2020-01-10;""sexta"";""08:00:00"";""BA"";101;933;""MUCURI"";""Sim"";""Falta de Atenção à Condução"";1;""Engavetamento"";""Com Vítimas Feridas"";""Pleno dia"";""Decrescente"";""Céu Claro"";""Simples"";""Reta"";""Sim"";467278;""Automóvel"";""FIAT/UNO MILLE ECONOMY"";2012;""Condutor"";""Ileso"";25;""Masculino"";1;0;0;0;-18",16840196;-39,"91873914;""SR-BA"";""DEL10/9"";""UOP03/BA""",
"261878;583247;2020-01-10;""sexta"";""08:00:00"";""BA"";101;933;""MUCURI"";""Sim"";""Falta de Atenção à Condução"";1;""Engavetamento"";""Com Vítimas Feridas"";""Pleno dia"";""Decrescente"";""Céu Claro"";""Simples"";""Reta"";""Sim"";467171;""Automóvel"";""I/PEUGEOT 308 ALLURE"";2012;""Passageiro"";""Lesões Graves"";40;""Feminino"";0;0;1;0;-18",16840196;-39,"91873914;""SR-BA"";""DEL10/9"";""UOP03/BA""",
"261878;583246;2020-01-10;""sexta"";""08:00:00"";""BA"";101;933;""MUCURI"";""Sim"";""Falta de Atenção à Condução"";1;""Engavetamento"";""Com Vítimas Feridas"";""Pleno dia"";""Decrescente"";""Céu Claro"";""Simples"";""Reta"";""Sim"";467171;""Automóvel"";""I/PEUGEOT 308 ALLURE"";2012;""Condutor"";""Ileso"";41;""Masculino"";1;0;0;0;-18",16840196;-39,"91873914;""SR-BA"";""DEL10/9"";""UOP03/BA""",
"261879;585295;2020-01-10;""sexta"";""10:45:00"";""MG"";40;518;""RIBEIRAO DAS NEVES"";""Sim"";""Não guardar distância de segurança"";1;""Colisão traseira"";""Com Vítimas Feridas"";""Pleno dia"";""Decrescente"";""Céu Claro"";""Dupla"";""Reta"";""Sim"";467359;""Automóvel"";""VW/SANTANA"";1997;""Condutor"";""Ileso"";47;""Masculino"";1;0;0;0;-19",8321242;-44,"08208533;""SR-MG"";""DEL4/1"";""UOP02/MG""",
"261879;585293;2020-01-10;""sexta"";""10:45:00"";""MG"";40;518;""RIBEIRAO DAS NEVES"";""Sim"";""Não guardar distância de segurança"";1;""Colisão traseira"";""Com Vítimas Feridas"";""Pleno dia"";""Decrescente"";""Céu Claro"";""Dupla"";""Reta"";""Sim"";467358;""Motocicleta"";""HONDA/XRE 300"";2014;""Condutor"";""Lesões Leves"";21;""Masculino"";0;1;0;0;-19",8321242;-44,"08208533;""SR-MG"";""DEL4/1"";""UOP02/MG""",
"261879;585295;2020-01-10;""sexta"";""10:45:00"";""MG"";40;518;""RIBEIRAO DAS NEVES"";""Sim"";""Não guardar distância de segurança"";2;""Queda de ocupante de veículo"";""Com Vítimas Feridas"";""Pleno dia"";""Decrescente"";""Céu Claro"";""Dupla"";""Reta"";""Sim"";467359;""Automóvel"";""VW/SANTANA"";1997;""Condutor"";""Ileso"";47;""Masculino"";1;0;0;0;-19",8321242;-44,"08208533;""SR-MG"";""DEL4/1"";""UOP02/MG""",
"261879;585293;2020-01-10;""sexta"";""10:45:00"";""MG"";40;518;""RIBEIRAO DAS NEVES"";""Sim"";""Não guardar distância de segurança"";2;""Queda de ocupante de veículo"";""Com Vítimas Feridas"";""Pleno dia"";""Decrescente"";""Céu Claro"";""Dupla"";""Reta"";""Sim"";467358;""Motocicleta"";""HONDA/XRE 300"";2014;""Condutor"";""Lesões Leves"";21;""Masculino"";0;1;0;0;-19",8321242;-44,"08208533;""SR-MG"";""DEL4/1"";""UOP02/MG""",
"261880;583181;2020-01-10;""sexta"";""10:40:00"";""PE"";101;151;""RIBEIRAO"";""Sim"";""Velocidade Incompatível"";1;""Capotamento"";""Com Vítimas Feridas"";""Pleno dia"";""Crescente"";""Céu Claro"";""Múltipla"";""Reta"";""Não"";467170;""Automóvel"";""RENAULT/SANDERO STEPWAY"";2012;""Passageiro"";""Lesões Graves"";19;""Feminino"";0;0;1;0;-8",50224498;-35,"38851271;""SR-PE"";""DEL11/1"";""UOP03/PE""",
"261880;583180;2020-01-10;""sexta"";""10:40:00"";""PE"";101;151;""RIBEIRAO"";""Sim"";""Velocidade Incompatível"";1;""Capotamento"";""Com Vítimas Feridas"";""Pleno dia"";""Crescente"";""Céu Claro"";""Múltipla"";""Reta"";""Não"";467170;""Automóvel"";""RENAULT/SANDERO STEPWAY"";2012;""Condutor"";""Lesões Leves"";36;""Masculino"";0;1;0;0;-8",50224498;-35,"38851271;""SR-PE"";""DEL11/1"";""UOP03/PE""",