"id;""pesid"";""data_inversa"";""dia_semana"";""horario"";""uf"";""br"";""km"";""municipio"";""causa_principal"";""causa_acidente"";""ordem_tipo_acidente"";""tipo_acidente"";""classificacao_acidente"";""fase_dia"";""sentido_via"";""condicao_metereologica"";""tipo_pista"";""tracado_via"";""uso_solo"";""id_veiculo"";""tipo_veiculo"";""marca"";""ano_fabricacao_veiculo"";""tipo_envolvido"";""estado_fisico"";""idade"";""sexo"";""ilesos"";""feridos_leves"";""feridos_graves"";""mortos"";""latitude"";""longitude"";""regional"";""delegacia"";""uop""",,,
"261881;583079;2020-01-10;""sexta"";""11:00:00"";""BA"";NA;NA;""SALVADOR"";""Sim"";""Falta de Atenção à Condução"";1;""Colisão traseira"";""Sem Vítimas"";""Pleno dia"";""Não Informado"";""Céu Claro"";""Simples"";""Reta"";""Sim"";467157;""Caminhonete"";""VW/NOVA SAVEIRO RB MBVS"";2018;""Condutor"";""Ileso"";41;""Masculino"";1;0;0;0;-12",92275691;-38,"46212129;""SR-BA"";""DEL10/1"";""UOP01/BA""",
"261881;583086;2020-01-10;""sexta"";""11:00:00"";""BA"";NA;NA;""SALVADOR"";""Sim"";""Falta de Atenção à Condução"";1;""Colisão traseira"";""Sem Vítimas"";""Pleno dia"";""Não Informado"";""Céu Claro"";""Simples"";""Reta"";""Sim"";467158;""Automóvel"";""CHEVROLET/COBALT 1.8 LT"";2015;""Condutor"";""Ileso"";64;""Masculino"";1;0;0;0;-12",92275691;-38,"46212129;""SR-BA"";""DEL10/1"";""UOP01/BA""",
"261882;583058;2020-01-10;""sexta"";""06:00:00"";""MT"";163;756","9;""SORRISO"";""Sim"";""Defeito Mecânico no Veículo"";1;""Incêndio"";""Sem Vítimas"";""Pleno dia"";""Crescente"";""Céu Claro"";""Dupla"";""Reta"";""Não"";467154;""Motoneta"";""YAMAHA/CRYPTON T105E"";1999;""Condutor"";""Não Informado"";NA;""Não Informado"";0;0;0;0;-12",51757662;-55,"69786593;""SR-MT"";""DEL2/6"";""UOP01/MT"""
"261883;583097;2020-01-10;""sexta"";""11:05:00"";""PE"";232;5","7;""RECIFE"";""Não"";""Não guardar distância de segurança"";1;""Colisão lateral"";""Sem Vítimas"";""Pleno dia"";""Decrescente"";""Céu Claro"";""Dupla"";""Reta"";""Sim"";467176;""Caminhonete"";""IMP/TOYOTA HILUX 4X4 CS"";NA;""Passageiro"";""Ileso"";28;""Masculino"";1;0;0;0;-8",070156;-34,"950936;""SR-PE"";""DEL11/1"";""UOP01/PE"""
"261883;583095;2020-01-10;""sexta"";""11:05:00"";""PE"";232;5","7;""RECIFE"";""Não"";""Não guardar distância de segurança"";1;""Colisão lateral"";""Sem Vítimas"";""Pleno dia"";""Decrescente"";""Céu Claro"";""Dupla"";""Reta"";""Sim"";467176;""Caminhonete"";""IMP/TOYOTA HILUX 4X4 CS"";NA;""Condutor"";""Ileso"";22;""Masculino"";1;0;0;0;-8",070156;-34,"950936;""SR-PE"";""DEL11/1"";""UOP01/PE"""
"261883;NA;2020-01-10;""sexta"";""11:05:00"";""PE"";232;5","7;""RECIFE"";""Não"";""Não guardar distância de segurança"";1;""Colisão lateral"";""Sem Vítimas"";""Pleno dia"";""Decrescente"";""Céu Claro"";""Dupla"";""Reta"";""Sim"";467181;""Semireboque"";""SR/FACCHINI SRF CAED"";2019;""Não Informado"";""Não Informado"";NA;""Não Informado"";0;0;0;0;-8",070156;-34,"950936;""SR-PE"";""DEL11/1"";""UOP01/PE"""
"261883;583092;2020-01-10;""sexta"";""11:05:00"";""PE"";232;5","7;""RECIFE"";""Não"";""Não guardar distância de segurança"";1;""Colisão lateral"";""Sem Vítimas"";""Pleno dia"";""Decrescente"";""Céu Claro"";""Dupla"";""Reta"";""Sim"";467175;""Caminhão-trator"";""SCANIA/G450 A6X2"";2019;""Condutor"";""Ileso"";44;""Masculino"";1;0;0;0;-8",070156;-34,"950936;""SR-PE"";""DEL11/1"";""UOP01/PE"""
"261883;583097;2020-01-10;""sexta"";""11:05:00"";""PE"";232;5","7;""RECIFE"";""Sim"";""Falta de Atenção à Condução"";1;""Colisão lateral"";""Sem Vítimas"";""Pleno dia"";""Decrescente"";""Céu Claro"";""Dupla"";""Reta"";""Sim"";467176;""Caminhonete"";""IMP/TOYOTA HILUX 4X4 CS"";NA;""Passageiro"";""Ileso"";28;""Masculino"";1;0;0;0;-8",070156;-34,"950936;""SR-PE"";""DEL11/1"";""UOP01/PE"""
"261883;583095;2020-01-10;""sexta"";""11:05:00"";""PE"";232;5","7;""RECIFE"";""Sim"";""Falta de Atenção à Condução"";1;""Colisão lateral"";""Sem Vítimas"";""Pleno dia"";""Decrescente"";""Céu Claro"";""Dupla"";""Reta"";""Sim"";467176;""Caminhonete"";""IMP/TOYOTA HILUX 4X4 CS"";NA;""Condutor"";""Ileso"";22;""Masculino"";1;0;0;0;-8",070156;-34,"950936;""SR-PE"";""DEL11/1"";""UOP01/PE"""
"261883;NA;2020-01-10;""sexta"";""11:05:00"";""PE"";232;5","7;""RECIFE"";""Sim"";""Falta de Atenção à Condução"";1;""Colisão lateral"";""Sem Vítimas"";""Pleno dia"";""Decrescente"";""Céu Claro"";""Dupla"";""Reta"";""Sim"";467181;""Semireboque"";""SR/FACCHINI SRF CAED"";2019;""Não Informado"";""Não Informado"";NA;""Não Informado"";0;0;0;0;-8",070156;-34,"950936;""SR-PE"";""DEL11/1"";""UOP01/PE"""
"261883;583092;2020-01-10;""sexta"";""11:05:00"";""PE"";232;5","7;""RECIFE"";""Sim"";""Falta de Atenção à Condução"";1;""Colisão lateral"";""Sem Vítimas"";""Pleno dia"";""Decrescente"";""Céu Claro"";""Dupla"";""Reta"";""Sim"";467175;""Caminhão-trator"";""SCANIA/G450 A6X2"";2019;""Condutor"";""Ileso"";44;""Masculino"";1;0;0;0;-8",070156;-34,"950936;""SR-PE"";""DEL11/1"";""UOP01/PE"""
"261884;583139;2020-01-10;""sexta"";""10:50:00"";""MG"";40;517;""RIBEIRAO DAS NEVES"";""Sim"";""Falta de Atenção à Condução"";1;""Colisão transversal"";""Com Vítimas Feridas"";""Pleno dia"";""Crescente"";""Céu Claro"";""Dupla"";""Reta"";""Sim"";467186;""Automóvel"";""GM/CELTA 4P LIFE"";2009;""Condutor"";""Ileso"";37;""Masculino"";1;0;0;0;-19",82351202;-44,"08438913;""SR-MG"";""DEL4/1"";""UOP02/MG""",
"261884;583133;2020-01-10;""sexta"";""10:50:00"";""MG"";40;517;""RIBEIRAO DAS NEVES"";""Sim"";""Falta de Atenção à Condução"";1;""Colisão transversal"";""Com Vítimas Feridas"";""Pleno dia"";""Crescente"";""Céu Claro"";""Dupla"";""Reta"";""Sim"";467185;""Motocicleta"";""HONDA/CG 150 TITAN KS"";2004;""Condutor"";""Lesões Leves"";51;""Masculino"";0;1;0;0;-19",82351202;-44,"08438913;""SR-MG"";""DEL4/1"";""UOP02/MG""",
"261885;584887;2020-01-10;""sexta"";""08:00:00"";""RO"";319;48","8;""PORTO VELHO"";""Sim"";""Ingestão de Álcool"";1;""Saída de leito carroçável"";""Com Vítimas Feridas"";""Amanhecer"";""Decrescente"";""Sol"";""Simples"";""Reta"";""Não"";467424;""Automóvel"";""GM/CORSA WIND"";1995;""Condutor"";""Lesões Leves"";44;""Masculino"";0;1;0;0;-8",70843196;-63,"98667791;""SR-RO"";""DEL21/1"";""UOP01/RO"""
"261885;584887;2020-01-10;""sexta"";""08:00:00"";""RO"";319;48","8;""PORTO VELHO"";""Não"";""Avarias e/ou desgaste excessivo no pneu"";1;""Saída de leito carroçável"";""Com Vítimas Feridas"";""Amanhecer"";""Decrescente"";""Sol"";""Simples"";""Reta"";""Não"";467424;""Automóvel"";""GM/CORSA WIND"";1995;""Condutor"";""Lesões Leves"";44;""Masculino"";0;1;0;0;-8",70843196;-63,"98667791;""SR-RO"";""DEL21/1"";""UOP01/RO"""
"261887;585036;2020-01-10;""sexta"";""09:50:00"";""SP"";116;229;""SAO PAULO"";""Sim"";""Não guardar distância de segurança"";1;""Engavetamento"";""Com Vítimas Feridas"";""Pleno dia"";""Crescente"";""Nublado"";""Múltipla"";""Reta"";""Sim"";467270;""Automóvel"";""VW/GOL 1.0"";2006;""Passageiro"";""Lesões Leves"";61;""Feminino"";0;1;0;0;-23",51291902;-46,"57604698;""SR-SP"";""DEL6/1"";""UOP01/SP""",
"261887;585035;2020-01-10;""sexta"";""09:50:00"";""SP"";116;229;""SAO PAULO"";""Sim"";""Não guardar distância de segurança"";1;""Engavetamento"";""Com Vítimas Feridas"";""Pleno dia"";""Crescente"";""Nublado"";""Múltipla"";""Reta"";""Sim"";467270;""Automóvel"";""VW/GOL 1.0"";2006;""Condutor"";""Lesões Leves"";71;""Masculino"";0;1;0;0;-23",51291902;-46,"57604698;""SR-SP"";""DEL6/1"";""UOP01/SP""",
"261887;NA;2020-01-10;""sexta"";""09:50:00"";""SP"";116;229;""SAO PAULO"";""Sim"";""Não guardar distância de segurança"";1;""Engavetamento"";""Com Vítimas Feridas"";""Pleno dia"";""Crescente"";""Nublado"";""Múltipla"";""Reta"";""Sim"";468647;""Semireboque"";""SR/RANDON SR CA"";2014;""Não Informado"";""Não Informado"";NA;""Não Informado"";0;0;0;0;-23",51291902;-46,"57604698;""SR-SP"";""DEL6/1"";""UOP01/SP""",
"261887;585034;2020-01-10;""sexta"";""09:50:00"";""SP"";116;229;""SAO PAULO"";""Sim"";""Não guardar distância de segurança"";1;""Engavetamento"";""Com Vítimas Feridas"";""Pleno dia"";""Crescente"";""Nublado"";""Múltipla"";""Reta"";""Sim"";467269;""Caminhão-trator"";""SCANIA/P 360 A6X2"";2013;""Condutor"";""Ileso"";32;""Masculino"";1;0;0;0;-23",51291902;-46,"57604698;""SR-SP"";""DEL6/1"";""UOP01/SP""",
"261887;585033;2020-01-10;""sexta"";""09:50:00"";""SP"";116;229;""SAO PAULO"";""Sim"";""Não guardar distância de segurança"";1;""Engavetamento"";""Com Vítimas Feridas"";""Pleno dia"";""Crescente"";""Nublado"";""Múltipla"";""Reta"";""Sim"";467268;""Automóvel"";""CHEVROLET/ONIX 1.4AT LTZ"";2016;""Condutor"";""Ileso"";53;""Masculino"";1;0;0;0;-23",51291902;-46,"57604698;""SR-SP"";""DEL6/1"";""UOP01/SP""",
"261887;585032;2020-01-10;""sexta"";""09:50:00"";""SP"";116;229;""SAO PAULO"";""Sim"";""Não guardar distância de segurança"";1;""Engavetamento"";""Com Vítimas Feridas"";""Pleno dia"";""Crescente"";""Nublado"";""Múltipla"";""Reta"";""Sim"";467267;""Automóvel"";""VW/NOVO FOX CL MA"";2015;""Condutor"";""Ileso"";26;""Masculino"";1;0;0;0;-23",51291902;-46,"57604698;""SR-SP"";""DEL6/1"";""UOP01/SP""",
"261887;585029;2020-01-10;""sexta"";""09:50:00"";""SP"";116;229;""SAO PAULO"";""Sim"";""Não guardar distância de segurança"";1;""Engavetamento"";""Com Vítimas Feridas"";""Pleno dia"";""Crescente"";""Nublado"";""Múltipla"";""Reta"";""Sim"";467266;""Automóvel"";""HYUNDAI/HB20 1.0M COMFOR"";2018;""Condutor"";""Ileso"";64;""Masculino"";1;0;0;0;-23",51291902;-46,"57604698;""SR-SP"";""DEL6/1"";""UOP01/SP""",
"261887;585025;2020-01-10;""sexta"";""09:50:00"";""SP"";116;229;""SAO PAULO"";""Sim"";""Não guardar distância de segurança"";1;""Engavetamento"";""Com Vítimas Feridas"";""Pleno dia"";""Crescente"";""Nublado"";""Múltipla"";""Reta"";""Sim"";467265;""Caminhonete"";""IVECO/DAILY 35S14HDGFURG"";2014;""Condutor"";""Ileso"";52;""Masculino"";1;0;0;0;-23",51291902;-46,"57604698;""SR-SP"";""DEL6/1"";""UOP01/SP""",
"261887;585036;2020-01-10;""sexta"";""09:50:00"";""SP"";116;229;""SAO PAULO"";""Sim"";""Não guardar distância de segurança"";2;""Colisão transversal"";""Com Vítimas Feridas"";""Pleno dia"";""Crescente"";""Nublado"";""Múltipla"";""Reta"";""Sim"";467270;""Automóvel"";""VW/GOL 1.0"";2006;""Passageiro"";""Lesões Leves"";61;""Feminino"";0;1;0;0;-23",51291902;-46,"57604698;""SR-SP"";""DEL6/1"";""UOP01/SP""",
"261887;585035;2020-01-10;""sexta"";""09:50:00"";""SP"";116;229;""SAO PAULO"";""Sim"";""Não guardar distância de segurança"";2;""Colisão transversal"";""Com Vítimas Feridas"";""Pleno dia"";""Crescente"";""Nublado"";""Múltipla"";""Reta"";""Sim"";467270;""Automóvel"";""VW/GOL 1.0"";2006;""Condutor"";""Lesões Leves"";71;""Masculino"";0;1;0;0;-23",51291902;-46,"57604698;""SR-SP"";""DEL6/1"";""UOP01/SP""",
"261887;NA;2020-01-10;""sexta"";""09:50:00"";""SP"";116;229;""SAO PAULO"";""Sim"";""Não guardar distância de segurança"";2;""Colisão transversal"";""Com Vítimas Feridas"";""Pleno dia"";""Crescente"";""Nublado"";""Múltipla"";""Reta"";""Sim"";468647;""Semireboque"";""SR/RANDON SR CA"";2014;""Não Informado"";""Não Informado"";NA;""Não Informado"";0;0;0;0;-23",51291902;-46,"57604698;""SR-SP"";""DEL6/1"";""UOP01/SP""",
"261887;585034;2020-01-10;""sexta"";""09:50:00"";""SP"";116;229;""SAO PAULO"";""Sim"";""Não guardar distância de segurança"";2;""Colisão transversal"";""Com Vítimas Feridas"";""Pleno dia"";""Crescente"";""Nublado"";""Múltipla"";""Reta"";""Sim"";467269;""Caminhão-trator"";""SCANIA/P 360 A6X2"";2013;""Condutor"";""Ileso"";32;""Masculino"";1;0;0;0;-23",51291902;-46,"57604698;""SR-SP"";""DEL6/1"";""UOP01/SP""",
"261887;585033;2020-01-10;""sexta"";""09:50:00"";""SP"";116;229;""SAO PAULO"";""Sim"";""Não guardar distância de segurança"";2;""Colisão transversal"";""Com Vítimas Feridas"";""Pleno dia"";""Crescente"";""Nublado"";""Múltipla"";""Reta"";""Sim"";467268;""Automóvel"";""CHEVROLET/ONIX 1.4AT LTZ"";2016;""Condutor"";""Ileso"";53;""Masculino"";1;0;0;0;-23",51291902;-46,"57604698;""SR-SP"";""DEL6/1"";""UOP01/SP""",
"261887;585032;2020-01-10;""sexta"";""09:50:00"";""SP"";116;229;""SAO PAULO"";""Sim"";""Não guardar distância de segurança"";2;""Colisão transversal"";""Com Vítimas Feridas"";""Pleno dia"";""Crescente"";""Nublado"";""Múltipla"";""Reta"";""Sim"";467267;""Automóvel"";""VW/NOVO FOX CL MA"";2015;""Condutor"";""Ileso"";26;""Masculino"";1;0;0;0;-23",51291902;-46,"57604698;""SR-SP"";""DEL6/1"";""UOP01/SP""",
"261887;585029;2020-01-10;""sexta"";""09:50:00"";""SP"";116;229;""SAO PAULO"";""Sim"";""Não guardar distância de segurança"";2;""Colisão transversal"";""Com Vítimas Feridas"";""Pleno dia"";""Crescente"";""Nublado"";""Múltipla"";""Reta"";""Sim"";467266;""Automóvel"";""HYUNDAI/HB20 1.0M COMFOR"";2018;""Condutor"";""Ileso"";64;""Masculino"";1;0;0;0;-23",51291902;-46,"57604698;""SR-SP"";""DEL6/1"";""UOP01/SP""",
"261887;585025;2020-01-10;""sexta"";""09:50:00"";""SP"";116;229;""SAO PAULO"";""Sim"";""Não guardar distância de segurança"";2;""Colisão transversal"";""Com Vítimas Feridas"";""Pleno dia"";""Crescente"";""Nublado"";""Múltipla"";""Reta"";""Sim"";467265;""Caminhonete"";""IVECO/DAILY 35S14HDGFURG"";2014;""Condutor"";""Ileso"";52;""Masculino"";1;0;0;0;-23",51291902;-46,"57604698;""SR-SP"";""DEL6/1"";""UOP01/SP""",
"261888;583179;2020-01-10;""sexta"";""11:30:00"";""SP"";116;135","5;""SAO JOSE DOS CAMPOS"";""Sim"";""Não guardar distância de segurança"";1;""Colisão traseira"";""Com Vítimas Feridas"";""Pleno dia"";""Crescente"";""Céu Claro"";""Dupla"";""Reta"";""Sim"";467188;""Caminhonete"";""I/RENAULT KGOO EXPRESS16"";2017;""Condutor"";""Lesões Leves"";51;""Masculino"";0;1;0;0;-23",144484;-45,"77018;""SR-SP"";""DEL6"";""UOP01/SP"""
"261888;583178;2020-01-10;""sexta"";""11:30:00"";""SP"";116;135","5;""SAO JOSE DOS CAMPOS"";""Sim"";""Não guardar distância de segurança"";1;""Colisão traseira"";""Com Vítimas Feridas"";""Pleno dia"";""Crescente"";""Céu Claro"";""Dupla"";""Reta"";""Sim"";467187;""Automóvel"";""HONDA/FIT EXL CVT"";2014;""Condutor"";""Ileso"";67;""Masculino"";1;0;0;0;-23",144484;-45,"77018;""SR-SP"";""DEL6"";""UOP01/SP"""
"261889;583182;2020-01-10;""sexta"";""08:35:00"";""PI"";343;268;""CAMPO MAIOR"";""Sim"";""Ingestão de Álcool"";1;""Atropelamento de Pedestre"";""Com Vítimas Feridas"";""Pleno dia"";""Crescente"";""Céu Claro"";""Simples"";""Reta"";""Sim"";467197;""Motocicleta"";""JTA/SUZUKI EN125 YES"";2007;""Pedestre"";""Lesões Leves"";79;""Masculino"";0;1;0;0;-4",842865;-42,"187584;""SR-PI"";""DEL17/1"";""UOP03/PI""",
"261889;583137;2020-01-10;""sexta"";""08:35:00"";""PI"";343;268;""CAMPO MAIOR"";""Sim"";""Ingestão de Álcool"";1;""Atropelamento de Pedestre"";""Com Vítimas Feridas"";""Pleno dia"";""Crescente"";""Céu Claro"";""Simples"";""Reta"";""Sim"";467197;""Motocicleta"";""JTA/SUZUKI EN125 YES"";2007;""Condutor"";""Lesões Leves"";64;""Masculino"";0;1;0;0;-4",842865;-42,"187584;""SR-PI"";""DEL17/1"";""UOP03/PI""",
"261889;583182;2020-01-10;""sexta"";""08:35:00"";""PI"";343;268;""CAMPO MAIOR"";""Não"";""Desobediência às normas de trânsito pelo condutor"";1;""Atropelamento de Pedestre"";""Com Vítimas Feridas"";""Pleno dia"";""Crescente"";""Céu Claro"";""Simples"";""Reta"";""Sim"";467197;""Motocicleta"";""JTA/SUZUKI EN125 YES"";2007;""Pedestre"";""Lesões Leves"";79;""Masculino"";0;1;0;0;-4",842865;-42,"187584;""SR-PI"";""DEL17/1"";""UOP03/PI""",
"261889;583137;2020-01-10;""sexta"";""08:35:00"";""PI"";343;268;""CAMPO MAIOR"";""Não"";""Desobediência às normas de trânsito pelo condutor"";1;""Atropelamento de Pedestre"";""Com Vítimas Feridas"";""Pleno dia"";""Crescente"";""Céu Claro"";""Simples"";""Reta"";""Sim"";467197;""Motocicleta"";""JTA/SUZUKI EN125 YES"";2007;""Condutor"";""Lesões Leves"";64;""Masculino"";0;1;0;0;-4",842865;-42,"187584;""SR-PI"";""DEL17/1"";""UOP03/PI""",
"261891;583222;2020-01-10;""sexta"";""12:00:00"";""PR"";476;130;""CURITIBA"";""Sim"";""Desobediência às normas de trânsito pelo pedestre"";1;""Atropelamento de Pedestre"";""Com Vítimas Feridas"";""Pleno dia"";""Crescente"";""Céu Claro"";""Múltipla"";""Reta"";""Sim"";467209;""Caminhão"";""FIAT/DUCATO MAXICARGO"";2003;""Pedestre"";""Lesões Graves"";NA;""Masculino"";0;0;1;0;-25",449564;-49,"236427;""SR-PR"";""DEL7/1"";""UOP06/PR""",
"261891;583221;2020-01-10;""sexta"";""12:00:00"";""PR"";476;130;""CURITIBA"";""Sim"";""Desobediência às normas de trânsito pelo pedestre"";1;""Atropelamento de Pedestre"";""Com Vítimas Feridas"";""Pleno dia"";""Crescente"";""Céu Claro"";""Múltipla"";""Reta"";""Sim"";467209;""Caminhão"";""FIAT/DUCATO MAXICARGO"";2003;""Condutor"";""Ileso"";39;""Masculino"";1;0;0;0;-25",449564;-49,"236427;""SR-PR"";""DEL7/1"";""UOP06/PR""",
"261892;583416;2020-01-10;""sexta"";""12:25:00"";""SP"";101;49;""UBATUBA"";""Sim"";""Falta de Atenção à Condução"";1;""Colisão transversal"";""Com Vítimas Feridas"";""Pleno dia"";""Crescente"";""Céu Claro"";""Simples"";""Reta"";""Sim"";467277;""Motocicleta"";""HONDA/CG 125 FAN"";2008;""Condutor"";""Lesões Graves"";28;""Masculino"";0;0;1;0;-23",44410908;-45,"08375708;""SR-SP"";""DEL6"";""UOP03/SP""",
"261892;583415;2020-01-10;""sexta"";""12:25:00"";""SP"";101;49;""UBATUBA"";""Sim"";""Falta de Atenção à Condução"";1;""Colisão transversal"";""Com Vítimas Feridas"";""Pleno dia"";""Crescente"";""Céu Claro"";""Simples"";""Reta"";""Sim"";467276;""Automóvel"";""NISSAN/VERSA 16SL CVT"";2019;""Condutor"";""Ileso"";33;""Masculino"";1;0;0;0;-23",44410908;-45,"08375708;""SR-SP"";""DEL6"";""UOP03/SP""",
"261893;583131;2020-01-10;""sexta"";""10:08:00"";""MT"";70;0","5;""BARRA DO GARCAS"";""Sim"";""Falta de Atenção à Condução"";1;""Colisão lateral"";""Com Vítimas Feridas"";""Pleno dia"";""Crescente"";""Céu Claro"";""Simples"";""Reta"";""Sim"";467191;""Motoneta"";""HONDA/C100 BIZ ES"";2004;""Condutor"";""Lesões Leves"";24;""Feminino"";0;1;0;0;-15",895538;-52,"25599;""SR-MT"";""DEL2/8"";""UOP01/MT"""
"261893;583105;2020-01-10;""sexta"";""10:08:00"";""MT"";70;0","5;""BARRA DO GARCAS"";""Sim"";""Falta de Atenção à Condução"";1;""Colisão lateral"";""Com Vítimas Feridas"";""Pleno dia"";""Crescente"";""Céu Claro"";""Simples"";""Reta"";""Sim"";467169;""Automóvel"";""FIAT/UNO MILLE FIRE"";2004;""Condutor"";""Ileso"";27;""Feminino"";1;0;0;0;-15",895538;-52,"25599;""SR-MT"";""DEL2/8"";""UOP01/MT"""
"261893;583131;2020-01-10;""sexta"";""10:08:00"";""MT"";70;0","5;""BARRA DO GARCAS"";""Não"";""Ultrapassagem Indevida"";1;""Colisão lateral"";""Com Vítimas Feridas"";""Pleno dia"";""Crescente"";""Céu Claro"";""Simples"";""Reta"";""Sim"";467191;""Motoneta"";""HONDA/C100 BIZ ES"";2004;""Condutor"";""Lesões Leves"";24;""Feminino"";0;1;0;0;-15",895538;-52,"25599;""SR-MT"";""DEL2/8"";""UOP01/MT"""
"261893;583105;2020-01-10;""sexta"";""10:08:00"";""MT"";70;0","5;""BARRA DO GARCAS"";""Não"";""Ultrapassagem Indevida"";1;""Colisão lateral"";""Com Vítimas Feridas"";""Pleno dia"";""Crescente"";""Céu Claro"";""Simples"";""Reta"";""Sim"";467169;""Automóvel"";""FIAT/UNO MILLE FIRE"";2004;""Condutor"";""Ileso"";27;""Feminino"";1;0;0;0;-15",895538;-52,"25599;""SR-MT"";""DEL2/8"";""UOP01/MT"""
"261894;583298;2020-01-10;""sexta"";""13:11:00"";""RJ"";101;323;""NITEROI"";""Não"";""Velocidade Incompatível"";1;""Colisão traseira"";""Com Vítimas Feridas"";""Pleno dia"";""Decrescente"";""Sol"";""Dupla"";""Reta"";""Não"";467262;""Motocicleta"";""YAMAHA/XTZ150 CROSSER S"";2019;""Condutor"";""Lesões Graves"";30;""Masculino"";0;0;1;0;-22",87684786;-43,"11728689;""SR-RJ"";""UOP01"";""DEL02""",
"261894;583301;2020-01-10;""sexta"";""13:11:00"";""RJ"";101;323;""NITEROI"";""Não"";""Velocidade Incompatível"";1;""Colisão traseira"";""Com Vítimas Feridas"";""Pleno dia"";""Decrescente"";""Sol"";""Dupla"";""Reta"";""Não"";467264;""Automóvel"";""PEUGEOT/208 ACTIVE MT"";2019;""Condutor"";""Ileso"";41;""Masculino"";1;0;0;0;-22",87684786;-43,"11728689;""SR-RJ"";""UOP01"";""DEL02""",
"261894;583299;2020-01-10;""sexta"";""13:11:00"";""RJ"";101;323;""NITEROI"";""Não"";""Velocidade Incompatível"";1;""Colisão traseira"";""Com Vítimas Feridas"";""Pleno dia"";""Decrescente"";""Sol"";""Dupla"";""Reta"";""Não"";467263;""Automóvel"";""FIAT/MOBI LIKE"";2017;""Condutor"";""Ileso"";22;""Feminino"";1;0;0;0;-22",87684786;-43,"11728689;""SR-RJ"";""UOP01"";""DEL02""",
"261894;583298;2020-01-10;""sexta"";""13:11:00"";""RJ"";101;323;""NITEROI"";""Não"";""Velocidade Incompatível"";2;""Colisão lateral"";""Com Vítimas Feridas"";""Pleno dia"";""Decrescente"";""Sol"";""Dupla"";""Reta"";""Não"";467262;""Motocicleta"";""YAMAHA/XTZ150 CROSSER S"";2019;""Condutor"";""Lesões Graves"";30;""Masculino"";0;0;1;0;-22",87684786;-43,"11728689;""SR-RJ"";""UOP01"";""DEL02""",
"261894;583301;2020-01-10;""sexta"";""13:11:00"";""RJ"";101;323;""NITEROI"";""Não"";""Velocidade Incompatível"";2;""Colisão lateral"";""Com Vítimas Feridas"";""Pleno dia"";""Decrescente"";""Sol"";""Dupla"";""Reta"";""Não"";467264;""Automóvel"";""PEUGEOT/208 ACTIVE MT"";2019;""Condutor"";""Ileso"";41;""Masculino"";1;0;0;0;-22",87684786;-43,"11728689;""SR-RJ"";""UOP01"";""DEL02""",
"261894;583299;2020-01-10;""sexta"";""13:11:00"";""RJ"";101;323;""NITEROI"";""Não"";""Velocidade Incompatível"";2;""Colisão lateral"";""Com Vítimas Feridas"";""Pleno dia"";""Decrescente"";""Sol"";""Dupla"";""Reta"";""Não"";467263;""Automóvel"";""FIAT/MOBI LIKE"";2017;""Condutor"";""Ileso"";22;""Feminino"";1;0;0;0;-22",87684786;-43,"11728689;""SR-RJ"";""UOP01"";""DEL02""",
"261894;583298;2020-01-10;""sexta"";""13:11:00"";""RJ"";101;323;""NITEROI"";""Sim"";""Não guardar distância de segurança"";1;""Colisão traseira"";""Com Vítimas Feridas"";""Pleno dia"";""Decrescente"";""Sol"";""Dupla"";""Reta"";""Não"";467262;""Motocicleta"";""YAMAHA/XTZ150 CROSSER S"";2019;""Condutor"";""Lesões Graves"";30;""Masculino"";0;0;1;0;-22",87684786;-43,"11728689;""SR-RJ"";""UOP01"";""DEL02""",
"261894;583301;2020-01-10;""sexta"";""13:11:00"";""RJ"";101;323;""NITEROI"";""Sim"";""Não guardar distância de segurança"";1;""Colisão traseira"";""Com Vítimas Feridas"";""Pleno dia"";""Decrescente"";""Sol"";""Dupla"";""Reta"";""Não"";467264;""Automóvel"";""PEUGEOT/208 ACTIVE MT"";2019;""Condutor"";""Ileso"";41;""Masculino"";1;0;0;0;-22",87684786;-43,"11728689;""SR-RJ"";""UOP01"";""DEL02""",
"261894;583299;2020-01-10;""sexta"";""13:11:00"";""RJ"";101;323;""NITEROI"";""Sim"";""Não guardar distância de segurança"";1;""Colisão traseira"";""Com Vítimas Feridas"";""Pleno dia"";""Decrescente"";""Sol"";""Dupla"";""Reta"";""Não"";467263;""Automóvel"";""FIAT/MOBI LIKE"";2017;""Condutor"";""Ileso"";22;""Feminino"";1;0;0;0;-22",87684786;-43,"11728689;""SR-RJ"";""UOP01"";""DEL02""",
"261894;583298;2020-01-10;""sexta"";""13:11:00"";""RJ"";101;323;""NITEROI"";""Sim"";""Não guardar distância de segurança"";2;""Colisão lateral"";""Com Vítimas Feridas"";""Pleno dia"";""Decrescente"";""Sol"";""Dupla"";""Reta"";""Não"";467262;""Motocicleta"";""YAMAHA/XTZ150 CROSSER S"";2019;""Condutor"";""Lesões Graves"";30;""Masculino"";0;0;1;0;-22",87684786;-43,"11728689;""SR-RJ"";""UOP01"";""DEL02""",
"261894;583301;2020-01-10;""sexta"";""13:11:00"";""RJ"";101;323;""NITEROI"";""Sim"";""Não guardar distância de segurança"";2;""Colisão lateral"";""Com Vítimas Feridas"";""Pleno dia"";""Decrescente"";""Sol"";""Dupla"";""Reta"";""Não"";467264;""Automóvel"";""PEUGEOT/208 ACTIVE MT"";2019;""Condutor"";""Ileso"";41;""Masculino"";1;0;0;0;-22",87684786;-43,"11728689;""SR-RJ"";""UOP01"";""DEL02""",