"id;""pesid"";""data_inversa"";""dia_semana"";""horario"";""uf"";""br"";""km"";""municipio"";""causa_principal"";""causa_acidente"";""ordem_tipo_acidente"";""tipo_acidente"";""classificacao_acidente"";""fase_dia"";""sentido_via"";""condicao_metereologica"";""tipo_pista"";""tracado_via"";""uso_solo"";""id_veiculo"";""tipo_veiculo"";""marca"";""ano_fabricacao_veiculo"";""tipo_envolvido"";""estado_fisico"";""idade"";""sexo"";""ilesos"";""feridos_leves"";""feridos_graves"";""mortos"";""latitude"";""longitude"";""regional"";""delegacia"";""uop""",,,
"261922;583193;2020-01-10;""sexta"";""15:55:00"";""PB"";230;19;""JOAO PESSOA"";""Não"";""Velocidade Incompatível"";1;""Colisão traseira"";""Com Vítimas Feridas"";""Pleno dia"";""Decrescente"";""Céu Claro"";""Dupla"";""Não Informado"";""Sim"";467221;""Automóvel"";""VW/VOYAGE 1.6"";2010;""Passageiro"";""Lesões Leves"";54;""Feminino"";0;1;0;0;-7",1281;-34,"8466;""SR-PB"";""DEL14/1"";""UOP01/PB""",
"261922;583192;2020-01-10;""sexta"";""15:55:00"";""PB"";230;19;""JOAO PESSOA"";""Não"";""Velocidade Incompatível"";1;""Colisão traseira"";""Com Vítimas Feridas"";""Pleno dia"";""Decrescente"";""Céu Claro"";""Dupla"";""Não Informado"";""Sim"";467221;""Automóvel"";""VW/VOYAGE 1.6"";2010;""Condutor"";""Lesões Leves"";54;""Masculino"";0;1;0;0;-7",1281;-34,"8466;""SR-PB"";""DEL14/1"";""UOP01/PB""",
"261922;583220;2020-01-10;""sexta"";""15:55:00"";""PB"";230;19;""JOAO PESSOA"";""Não"";""Velocidade Incompatível"";1;""Colisão traseira"";""Com Vítimas Feridas"";""Pleno dia"";""Decrescente"";""Céu Claro"";""Dupla"";""Não Informado"";""Sim"";467225;""Automóvel"";"""";NA;""Condutor"";""Não Informado"";NA;""Não Informado"";0;0;0;0;-7",1281;-34,"8466;""SR-PB"";""DEL14/1"";""UOP01/PB""",
"261923;583185;2020-01-10;""sexta"";""15:20:00"";""SC"";116;221;""CORREIA PINTO"";""Sim"";""Defeito Mecânico no Veículo"";1;""Danos eventuais"";""Com Vítimas Feridas"";""Pleno dia"";""Decrescente"";""Céu Claro"";""Simples"";""Reta"";""Sim"";467220;""Caminhão"";""M.BENZ/L 1313"";1982;""Condutor"";""Lesões Leves"";27;""Masculino"";0;1;0;0;-27",58573399;-50,"36555188;""SR-SC"";""DEL8/5"";""UOP03/SC""",
"261924;583187;2020-01-04;""sábado"";""14:30:00"";""RR"";174;83;""RORAINOPOLIS"";""Sim"";""Mal Súbito"";1;""Saída de leito carroçável"";""Com Vítimas Feridas"";""Pleno dia"";""Decrescente"";""Céu Claro"";""Simples"";""Curva"";""Não"";467224;""Automóvel"";""CHEV/SPIN 1.8L AT ACT7"";2019;""Passageiro"";""Ileso"";9;""Masculino"";1;0;0;0;-0",140902;-60,"685509;""SR-RR"";""UOP01/RR"";""""",
"261924;583188;2020-01-04;""sábado"";""14:30:00"";""RR"";174;83;""RORAINOPOLIS"";""Sim"";""Mal Súbito"";1;""Saída de leito carroçável"";""Com Vítimas Feridas"";""Pleno dia"";""Decrescente"";""Céu Claro"";""Simples"";""Curva"";""Não"";467224;""Automóvel"";""CHEV/SPIN 1.8L AT ACT7"";2019;""Passageiro"";""Lesões Leves"";7;""Feminino"";0;1;0;0;-0",140902;-60,"685509;""SR-RR"";""UOP01/RR"";""""",
"261924;583190;2020-01-04;""sábado"";""14:30:00"";""RR"";174;83;""RORAINOPOLIS"";""Sim"";""Mal Súbito"";1;""Saída de leito carroçável"";""Com Vítimas Feridas"";""Pleno dia"";""Decrescente"";""Céu Claro"";""Simples"";""Curva"";""Não"";467224;""Automóvel"";""CHEV/SPIN 1.8L AT ACT7"";2019;""Passageiro"";""Ileso"";45;""Feminino"";1;0;0;0;-0",140902;-60,"685509;""SR-RR"";""UOP01/RR"";""""",
"261924;583189;2020-01-04;""sábado"";""14:30:00"";""RR"";174;83;""RORAINOPOLIS"";""Sim"";""Mal Súbito"";1;""Saída de leito carroçável"";""Com Vítimas Feridas"";""Pleno dia"";""Decrescente"";""Céu Claro"";""Simples"";""Curva"";""Não"";467224;""Automóvel"";""CHEV/SPIN 1.8L AT ACT7"";2019;""Condutor"";""Lesões Leves"";48;""Masculino"";0;1;0;0;-0",140902;-60,"685509;""SR-RR"";""UOP01/RR"";""""",
"261924;583191;2020-01-04;""sábado"";""14:30:00"";""RR"";174;83;""RORAINOPOLIS"";""Sim"";""Mal Súbito"";1;""Saída de leito carroçável"";""Com Vítimas Feridas"";""Pleno dia"";""Decrescente"";""Céu Claro"";""Simples"";""Curva"";""Não"";467224;""Automóvel"";""CHEV/SPIN 1.8L AT ACT7"";2019;""Passageiro"";""Ileso"";12;""Masculino"";1;0;0;0;-0",140902;-60,"685509;""SR-RR"";""UOP01/RR"";""""",
"261925;583304;2020-01-10;""sexta"";""15:40:00"";""RJ"";116;165;""RIO DE JANEIRO"";""Não"";""Falta de Atenção à Condução"";3;""Colisão traseira"";""Com Vítimas Fatais"";""Pleno dia"";""Crescente"";""Sol"";""Múltipla"";""Reta"";""Sim"";467354;""Caminhão"";"""";NA;""Condutor"";""Não Informado"";NA;""Não Informado"";0;0;0;0;-22",8106813;-43,"33454132;""SR-RJ"";""DEL5/1"";""UOP02/RJ""",
"261925;583264;2020-01-10;""sexta"";""15:40:00"";""RJ"";116;165;""RIO DE JANEIRO"";""Não"";""Falta de Atenção à Condução"";3;""Colisão traseira"";""Com Vítimas Fatais"";""Pleno dia"";""Crescente"";""Sol"";""Múltipla"";""Reta"";""Sim"";467315;""Motocicleta"";""HONDA/CG 160 FAN"";2017;""Condutor"";""Óbito"";23;""Masculino"";0;0;0;1;-22",8106813;-43,"33454132;""SR-RJ"";""DEL5/1"";""UOP02/RJ""",
"261925;583280;2020-01-10;""sexta"";""15:40:00"";""RJ"";116;165;""RIO DE JANEIRO"";""Não"";""Falta de Atenção à Condução"";3;""Colisão traseira"";""Com Vítimas Fatais"";""Pleno dia"";""Crescente"";""Sol"";""Múltipla"";""Reta"";""Sim"";467317;""Caminhão"";""SCANIA/P 310 B8X2"";2012;""Condutor"";""Ileso"";30;""Masculino"";1;0;0;0;-22",8106813;-43,"33454132;""SR-RJ"";""DEL5/1"";""UOP02/RJ""",
"261925;583279;2020-01-10;""sexta"";""15:40:00"";""RJ"";116;165;""RIO DE JANEIRO"";""Não"";""Falta de Atenção à Condução"";3;""Colisão traseira"";""Com Vítimas Fatais"";""Pleno dia"";""Crescente"";""Sol"";""Múltipla"";""Reta"";""Sim"";467316;""Caminhão"";""FORD/CARGO 1618"";1987;""Condutor"";""Ileso"";52;""Masculino"";1;0;0;0;-22",8106813;-43,"33454132;""SR-RJ"";""DEL5/1"";""UOP02/RJ""",
"261925;583304;2020-01-10;""sexta"";""15:40:00"";""RJ"";116;165;""RIO DE JANEIRO"";""Não"";""Falta de Atenção à Condução"";2;""Queda de ocupante de veículo"";""Com Vítimas Fatais"";""Pleno dia"";""Crescente"";""Sol"";""Múltipla"";""Reta"";""Sim"";467354;""Caminhão"";"""";NA;""Condutor"";""Não Informado"";NA;""Não Informado"";0;0;0;0;-22",8106813;-43,"33454132;""SR-RJ"";""DEL5/1"";""UOP02/RJ""",
"261925;583264;2020-01-10;""sexta"";""15:40:00"";""RJ"";116;165;""RIO DE JANEIRO"";""Não"";""Falta de Atenção à Condução"";2;""Queda de ocupante de veículo"";""Com Vítimas Fatais"";""Pleno dia"";""Crescente"";""Sol"";""Múltipla"";""Reta"";""Sim"";467315;""Motocicleta"";""HONDA/CG 160 FAN"";2017;""Condutor"";""Óbito"";23;""Masculino"";0;0;0;1;-22",8106813;-43,"33454132;""SR-RJ"";""DEL5/1"";""UOP02/RJ""",
"261925;583280;2020-01-10;""sexta"";""15:40:00"";""RJ"";116;165;""RIO DE JANEIRO"";""Não"";""Falta de Atenção à Condução"";2;""Queda de ocupante de veículo"";""Com Vítimas Fatais"";""Pleno dia"";""Crescente"";""Sol"";""Múltipla"";""Reta"";""Sim"";467317;""Caminhão"";""SCANIA/P 310 B8X2"";2012;""Condutor"";""Ileso"";30;""Masculino"";1;0;0;0;-22",8106813;-43,"33454132;""SR-RJ"";""DEL5/1"";""UOP02/RJ""",
"261925;583279;2020-01-10;""sexta"";""15:40:00"";""RJ"";116;165;""RIO DE JANEIRO"";""Não"";""Falta de Atenção à Condução"";2;""Queda de ocupante de veículo"";""Com Vítimas Fatais"";""Pleno dia"";""Crescente"";""Sol"";""Múltipla"";""Reta"";""Sim"";467316;""Caminhão"";""FORD/CARGO 1618"";1987;""Condutor"";""Ileso"";52;""Masculino"";1;0;0;0;-22",8106813;-43,"33454132;""SR-RJ"";""DEL5/1"";""UOP02/RJ""",
"261925;583304;2020-01-10;""sexta"";""15:40:00"";""RJ"";116;165;""RIO DE JANEIRO"";""Não"";""Falta de Atenção à Condução"";1;""Colisão lateral"";""Com Vítimas Fatais"";""Pleno dia"";""Crescente"";""Sol"";""Múltipla"";""Reta"";""Sim"";467354;""Caminhão"";"""";NA;""Condutor"";""Não Informado"";NA;""Não Informado"";0;0;0;0;-22",8106813;-43,"33454132;""SR-RJ"";""DEL5/1"";""UOP02/RJ""",
"261925;583264;2020-01-10;""sexta"";""15:40:00"";""RJ"";116;165;""RIO DE JANEIRO"";""Não"";""Falta de Atenção à Condução"";1;""Colisão lateral"";""Com Vítimas Fatais"";""Pleno dia"";""Crescente"";""Sol"";""Múltipla"";""Reta"";""Sim"";467315;""Motocicleta"";""HONDA/CG 160 FAN"";2017;""Condutor"";""Óbito"";23;""Masculino"";0;0;0;1;-22",8106813;-43,"33454132;""SR-RJ"";""DEL5/1"";""UOP02/RJ""",
"261925;583280;2020-01-10;""sexta"";""15:40:00"";""RJ"";116;165;""RIO DE JANEIRO"";""Não"";""Falta de Atenção à Condução"";1;""Colisão lateral"";""Com Vítimas Fatais"";""Pleno dia"";""Crescente"";""Sol"";""Múltipla"";""Reta"";""Sim"";467317;""Caminhão"";""SCANIA/P 310 B8X2"";2012;""Condutor"";""Ileso"";30;""Masculino"";1;0;0;0;-22",8106813;-43,"33454132;""SR-RJ"";""DEL5/1"";""UOP02/RJ""",
"261925;583279;2020-01-10;""sexta"";""15:40:00"";""RJ"";116;165;""RIO DE JANEIRO"";""Não"";""Falta de Atenção à Condução"";1;""Colisão lateral"";""Com Vítimas Fatais"";""Pleno dia"";""Crescente"";""Sol"";""Múltipla"";""Reta"";""Sim"";467316;""Caminhão"";""FORD/CARGO 1618"";1987;""Condutor"";""Ileso"";52;""Masculino"";1;0;0;0;-22",8106813;-43,"33454132;""SR-RJ"";""DEL5/1"";""UOP02/RJ""",
"261925;583304;2020-01-10;""sexta"";""15:40:00"";""RJ"";116;165;""RIO DE JANEIRO"";""Não"";""Desobediência às normas de trânsito pelo condutor"";3;""Colisão traseira"";""Com Vítimas Fatais"";""Pleno dia"";""Crescente"";""Sol"";""Múltipla"";""Reta"";""Sim"";467354;""Caminhão"";"""";NA;""Condutor"";""Não Informado"";NA;""Não Informado"";0;0;0;0;-22",8106813;-43,"33454132;""SR-RJ"";""DEL5/1"";""UOP02/RJ""",
"261925;583264;2020-01-10;""sexta"";""15:40:00"";""RJ"";116;165;""RIO DE JANEIRO"";""Não"";""Desobediência às normas de trânsito pelo condutor"";3;""Colisão traseira"";""Com Vítimas Fatais"";""Pleno dia"";""Crescente"";""Sol"";""Múltipla"";""Reta"";""Sim"";467315;""Motocicleta"";""HONDA/CG 160 FAN"";2017;""Condutor"";""Óbito"";23;""Masculino"";0;0;0;1;-22",8106813;-43,"33454132;""SR-RJ"";""DEL5/1"";""UOP02/RJ""",
"261925;583280;2020-01-10;""sexta"";""15:40:00"";""RJ"";116;165;""RIO DE JANEIRO"";""Não"";""Desobediência às normas de trânsito pelo condutor"";3;""Colisão traseira"";""Com Vítimas Fatais"";""Pleno dia"";""Crescente"";""Sol"";""Múltipla"";""Reta"";""Sim"";467317;""Caminhão"";""SCANIA/P 310 B8X2"";2012;""Condutor"";""Ileso"";30;""Masculino"";1;0;0;0;-22",8106813;-43,"33454132;""SR-RJ"";""DEL5/1"";""UOP02/RJ""",
"261925;583279;2020-01-10;""sexta"";""15:40:00"";""RJ"";116;165;""RIO DE JANEIRO"";""Não"";""Desobediência às normas de trânsito pelo condutor"";3;""Colisão traseira"";""Com Vítimas Fatais"";""Pleno dia"";""Crescente"";""Sol"";""Múltipla"";""Reta"";""Sim"";467316;""Caminhão"";""FORD/CARGO 1618"";1987;""Condutor"";""Ileso"";52;""Masculino"";1;0;0;0;-22",8106813;-43,"33454132;""SR-RJ"";""DEL5/1"";""UOP02/RJ""",
"261925;583304;2020-01-10;""sexta"";""15:40:00"";""RJ"";116;165;""RIO DE JANEIRO"";""Não"";""Desobediência às normas de trânsito pelo condutor"";2;""Queda de ocupante de veículo"";""Com Vítimas Fatais"";""Pleno dia"";""Crescente"";""Sol"";""Múltipla"";""Reta"";""Sim"";467354;""Caminhão"";"""";NA;""Condutor"";""Não Informado"";NA;""Não Informado"";0;0;0;0;-22",8106813;-43,"33454132;""SR-RJ"";""DEL5/1"";""UOP02/RJ""",
"261925;583264;2020-01-10;""sexta"";""15:40:00"";""RJ"";116;165;""RIO DE JANEIRO"";""Não"";""Desobediência às normas de trânsito pelo condutor"";2;""Queda de ocupante de veículo"";""Com Vítimas Fatais"";""Pleno dia"";""Crescente"";""Sol"";""Múltipla"";""Reta"";""Sim"";467315;""Motocicleta"";""HONDA/CG 160 FAN"";2017;""Condutor"";""Óbito"";23;""Masculino"";0;0;0;1;-22",8106813;-43,"33454132;""SR-RJ"";""DEL5/1"";""UOP02/RJ""",
"261925;583280;2020-01-10;""sexta"";""15:40:00"";""RJ"";116;165;""RIO DE JANEIRO"";""Não"";""Desobediência às normas de trânsito pelo condutor"";2;""Queda de ocupante de veículo"";""Com Vítimas Fatais"";""Pleno dia"";""Crescente"";""Sol"";""Múltipla"";""Reta"";""Sim"";467317;""Caminhão"";""SCANIA/P 310 B8X2"";2012;""Condutor"";""Ileso"";30;""Masculino"";1;0;0;0;-22",8106813;-43,"33454132;""SR-RJ"";""DEL5/1"";""UOP02/RJ""",
"261925;583279;2020-01-10;""sexta"";""15:40:00"";""RJ"";116;165;""RIO DE JANEIRO"";""Não"";""Desobediência às normas de trânsito pelo condutor"";2;""Queda de ocupante de veículo"";""Com Vítimas Fatais"";""Pleno dia"";""Crescente"";""Sol"";""Múltipla"";""Reta"";""Sim"";467316;""Caminhão"";""FORD/CARGO 1618"";1987;""Condutor"";""Ileso"";52;""Masculino"";1;0;0;0;-22",8106813;-43,"33454132;""SR-RJ"";""DEL5/1"";""UOP02/RJ""",
"261925;583304;2020-01-10;""sexta"";""15:40:00"";""RJ"";116;165;""RIO DE JANEIRO"";""Não"";""Desobediência às normas de trânsito pelo condutor"";1;""Colisão lateral"";""Com Vítimas Fatais"";""Pleno dia"";""Crescente"";""Sol"";""Múltipla"";""Reta"";""Sim"";467354;""Caminhão"";"""";NA;""Condutor"";""Não Informado"";NA;""Não Informado"";0;0;0;0;-22",8106813;-43,"33454132;""SR-RJ"";""DEL5/1"";""UOP02/RJ""",
"261925;583264;2020-01-10;""sexta"";""15:40:00"";""RJ"";116;165;""RIO DE JANEIRO"";""Não"";""Desobediência às normas de trânsito pelo condutor"";1;""Colisão lateral"";""Com Vítimas Fatais"";""Pleno dia"";""Crescente"";""Sol"";""Múltipla"";""Reta"";""Sim"";467315;""Motocicleta"";""HONDA/CG 160 FAN"";2017;""Condutor"";""Óbito"";23;""Masculino"";0;0;0;1;-22",8106813;-43,"33454132;""SR-RJ"";""DEL5/1"";""UOP02/RJ""",
"261925;583280;2020-01-10;""sexta"";""15:40:00"";""RJ"";116;165;""RIO DE JANEIRO"";""Não"";""Desobediência às normas de trânsito pelo condutor"";1;""Colisão lateral"";""Com Vítimas Fatais"";""Pleno dia"";""Crescente"";""Sol"";""Múltipla"";""Reta"";""Sim"";467317;""Caminhão"";""SCANIA/P 310 B8X2"";2012;""Condutor"";""Ileso"";30;""Masculino"";1;0;0;0;-22",8106813;-43,"33454132;""SR-RJ"";""DEL5/1"";""UOP02/RJ""",
"261925;583279;2020-01-10;""sexta"";""15:40:00"";""RJ"";116;165;""RIO DE JANEIRO"";""Não"";""Desobediência às normas de trânsito pelo condutor"";1;""Colisão lateral"";""Com Vítimas Fatais"";""Pleno dia"";""Crescente"";""Sol"";""Múltipla"";""Reta"";""Sim"";467316;""Caminhão"";""FORD/CARGO 1618"";1987;""Condutor"";""Ileso"";52;""Masculino"";1;0;0;0;-22",8106813;-43,"33454132;""SR-RJ"";""DEL5/1"";""UOP02/RJ""",
"261925;583304;2020-01-10;""sexta"";""15:40:00"";""RJ"";116;165;""RIO DE JANEIRO"";""Sim"";""Não guardar distância de segurança"";3;""Colisão traseira"";""Com Vítimas Fatais"";""Pleno dia"";""Crescente"";""Sol"";""Múltipla"";""Reta"";""Sim"";467354;""Caminhão"";"""";NA;""Condutor"";""Não Informado"";NA;""Não Informado"";0;0;0;0;-22",8106813;-43,"33454132;""SR-RJ"";""DEL5/1"";""UOP02/RJ""",
"261925;583264;2020-01-10;""sexta"";""15:40:00"";""RJ"";116;165;""RIO DE JANEIRO"";""Sim"";""Não guardar distância de segurança"";3;""Colisão traseira"";""Com Vítimas Fatais"";""Pleno dia"";""Crescente"";""Sol"";""Múltipla"";""Reta"";""Sim"";467315;""Motocicleta"";""HONDA/CG 160 FAN"";2017;""Condutor"";""Óbito"";23;""Masculino"";0;0;0;1;-22",8106813;-43,"33454132;""SR-RJ"";""DEL5/1"";""UOP02/RJ""",
"261925;583280;2020-01-10;""sexta"";""15:40:00"";""RJ"";116;165;""RIO DE JANEIRO"";""Sim"";""Não guardar distância de segurança"";3;""Colisão traseira"";""Com Vítimas Fatais"";""Pleno dia"";""Crescente"";""Sol"";""Múltipla"";""Reta"";""Sim"";467317;""Caminhão"";""SCANIA/P 310 B8X2"";2012;""Condutor"";""Ileso"";30;""Masculino"";1;0;0;0;-22",8106813;-43,"33454132;""SR-RJ"";""DEL5/1"";""UOP02/RJ""",
"261925;583279;2020-01-10;""sexta"";""15:40:00"";""RJ"";116;165;""RIO DE JANEIRO"";""Sim"";""Não guardar distância de segurança"";3;""Colisão traseira"";""Com Vítimas Fatais"";""Pleno dia"";""Crescente"";""Sol"";""Múltipla"";""Reta"";""Sim"";467316;""Caminhão"";""FORD/CARGO 1618"";1987;""Condutor"";""Ileso"";52;""Masculino"";1;0;0;0;-22",8106813;-43,"33454132;""SR-RJ"";""DEL5/1"";""UOP02/RJ""",
"261925;583304;2020-01-10;""sexta"";""15:40:00"";""RJ"";116;165;""RIO DE JANEIRO"";""Sim"";""Não guardar distância de segurança"";2;""Queda de ocupante de veículo"";""Com Vítimas Fatais"";""Pleno dia"";""Crescente"";""Sol"";""Múltipla"";""Reta"";""Sim"";467354;""Caminhão"";"""";NA;""Condutor"";""Não Informado"";NA;""Não Informado"";0;0;0;0;-22",8106813;-43,"33454132;""SR-RJ"";""DEL5/1"";""UOP02/RJ""",
"261925;583264;2020-01-10;""sexta"";""15:40:00"";""RJ"";116;165;""RIO DE JANEIRO"";""Sim"";""Não guardar distância de segurança"";2;""Queda de ocupante de veículo"";""Com Vítimas Fatais"";""Pleno dia"";""Crescente"";""Sol"";""Múltipla"";""Reta"";""Sim"";467315;""Motocicleta"";""HONDA/CG 160 FAN"";2017;""Condutor"";""Óbito"";23;""Masculino"";0;0;0;1;-22",8106813;-43,"33454132;""SR-RJ"";""DEL5/1"";""UOP02/RJ""",
"261925;583280;2020-01-10;""sexta"";""15:40:00"";""RJ"";116;165;""RIO DE JANEIRO"";""Sim"";""Não guardar distância de segurança"";2;""Queda de ocupante de veículo"";""Com Vítimas Fatais"";""Pleno dia"";""Crescente"";""Sol"";""Múltipla"";""Reta"";""Sim"";467317;""Caminhão"";""SCANIA/P 310 B8X2"";2012;""Condutor"";""Ileso"";30;""Masculino"";1;0;0;0;-22",8106813;-43,"33454132;""SR-RJ"";""DEL5/1"";""UOP02/RJ""",
"261925;583279;2020-01-10;""sexta"";""15:40:00"";""RJ"";116;165;""RIO DE JANEIRO"";""Sim"";""Não guardar distância de segurança"";2;""Queda de ocupante de veículo"";""Com Vítimas Fatais"";""Pleno dia"";""Crescente"";""Sol"";""Múltipla"";""Reta"";""Sim"";467316;""Caminhão"";""FORD/CARGO 1618"";1987;""Condutor"";""Ileso"";52;""Masculino"";1;0;0;0;-22",8106813;-43,"33454132;""SR-RJ"";""DEL5/1"";""UOP02/RJ""",
"261925;583304;2020-01-10;""sexta"";""15:40:00"";""RJ"";116;165;""RIO DE JANEIRO"";""Sim"";""Não guardar distância de segurança"";1;""Colisão lateral"";""Com Vítimas Fatais"";""Pleno dia"";""Crescente"";""Sol"";""Múltipla"";""Reta"";""Sim"";467354;""Caminhão"";"""";NA;""Condutor"";""Não Informado"";NA;""Não Informado"";0;0;0;0;-22",8106813;-43,"33454132;""SR-RJ"";""DEL5/1"";""UOP02/RJ""",
"261925;583264;2020-01-10;""sexta"";""15:40:00"";""RJ"";116;165;""RIO DE JANEIRO"";""Sim"";""Não guardar distância de segurança"";1;""Colisão lateral"";""Com Vítimas Fatais"";""Pleno dia"";""Crescente"";""Sol"";""Múltipla"";""Reta"";""Sim"";467315;""Motocicleta"";""HONDA/CG 160 FAN"";2017;""Condutor"";""Óbito"";23;""Masculino"";0;0;0;1;-22",8106813;-43,"33454132;""SR-RJ"";""DEL5/1"";""UOP02/RJ""",
"261925;583280;2020-01-10;""sexta"";""15:40:00"";""RJ"";116;165;""RIO DE JANEIRO"";""Sim"";""Não guardar distância de segurança"";1;""Colisão lateral"";""Com Vítimas Fatais"";""Pleno dia"";""Crescente"";""Sol"";""Múltipla"";""Reta"";""Sim"";467317;""Caminhão"";""SCANIA/P 310 B8X2"";2012;""Condutor"";""Ileso"";30;""Masculino"";1;0;0;0;-22",8106813;-43,"33454132;""SR-RJ"";""DEL5/1"";""UOP02/RJ""",
"261925;583279;2020-01-10;""sexta"";""15:40:00"";""RJ"";116;165;""RIO DE JANEIRO"";""Sim"";""Não guardar distância de segurança"";1;""Colisão lateral"";""Com Vítimas Fatais"";""Pleno dia"";""Crescente"";""Sol"";""Múltipla"";""Reta"";""Sim"";467316;""Caminhão"";""FORD/CARGO 1618"";1987;""Condutor"";""Ileso"";52;""Masculino"";1;0;0;0;-22",8106813;-43,"33454132;""SR-RJ"";""DEL5/1"";""UOP02/RJ""",
"261926;583317;2020-01-10;""sexta"";""16:40:00"";""PI"";316;333","4;""GEMINIANO"";""Sim"";""Não guardar distância de segurança"";1;""Colisão traseira"";""Com Vítimas Feridas"";""Anoitecer"";""Crescente"";""Sol"";""Simples"";""Reta"";""Não"";467334;""Automóvel"";""I/FIAT PALIO ATTRACT 1.0"";2013;""Passageiro"";""Lesões Leves"";23;""Masculino"";0;1;0;0;-7",1066551;-41,"27195001;""SR-PI"";""DEL17/4"";""UOP01/PI"""
"261926;583316;2020-01-10;""sexta"";""16:40:00"";""PI"";316;333","4;""GEMINIANO"";""Sim"";""Não guardar distância de segurança"";1;""Colisão traseira"";""Com Vítimas Feridas"";""Anoitecer"";""Crescente"";""Sol"";""Simples"";""Reta"";""Não"";467334;""Automóvel"";""I/FIAT PALIO ATTRACT 1.0"";2013;""Condutor"";""Lesões Graves"";30;""Masculino"";0;0;1;0;-7",1066551;-41,"27195001;""SR-PI"";""DEL17/4"";""UOP01/PI"""
"261926;583315;2020-01-10;""sexta"";""16:40:00"";""PI"";316;333","4;""GEMINIANO"";""Sim"";""Não guardar distância de segurança"";1;""Colisão traseira"";""Com Vítimas Feridas"";""Anoitecer"";""Crescente"";""Sol"";""Simples"";""Reta"";""Não"";467333;""Automóvel"";""FIAT/ARGO 1.0"";2018;""Passageiro"";""Ileso"";58;""Masculino"";1;0;0;0;-7",1066551;-41,"27195001;""SR-PI"";""DEL17/4"";""UOP01/PI"""
"261926;583314;2020-01-10;""sexta"";""16:40:00"";""PI"";316;333","4;""GEMINIANO"";""Sim"";""Não guardar distância de segurança"";1;""Colisão traseira"";""Com Vítimas Feridas"";""Anoitecer"";""Crescente"";""Sol"";""Simples"";""Reta"";""Não"";467333;""Automóvel"";""FIAT/ARGO 1.0"";2018;""Passageiro"";""Lesões Leves"";85;""Masculino"";0;1;0;0;-7",1066551;-41,"27195001;""SR-PI"";""DEL17/4"";""UOP01/PI"""
"261926;583313;2020-01-10;""sexta"";""16:40:00"";""PI"";316;333","4;""GEMINIANO"";""Sim"";""Não guardar distância de segurança"";1;""Colisão traseira"";""Com Vítimas Feridas"";""Anoitecer"";""Crescente"";""Sol"";""Simples"";""Reta"";""Não"";467333;""Automóvel"";""FIAT/ARGO 1.0"";2018;""Passageiro"";""Lesões Leves"";52;""Feminino"";0;1;0;0;-7",1066551;-41,"27195001;""SR-PI"";""DEL17/4"";""UOP01/PI"""
"261926;583311;2020-01-10;""sexta"";""16:40:00"";""PI"";316;333","4;""GEMINIANO"";""Sim"";""Não guardar distância de segurança"";1;""Colisão traseira"";""Com Vítimas Feridas"";""Anoitecer"";""Crescente"";""Sol"";""Simples"";""Reta"";""Não"";467333;""Automóvel"";""FIAT/ARGO 1.0"";2018;""Condutor"";""Ileso"";38;""Masculino"";1;0;0;0;-7",1066551;-41,"27195001;""SR-PI"";""DEL17/4"";""UOP01/PI"""
"261927;585172;2020-01-10;""sexta"";""16:30:00"";""MG"";365;253","6;""BURITIZEIRO"";""Sim"";""Condutor Dormindo"";1;""Saída de leito carroçável"";""Com Vítimas Feridas"";""Pleno dia"";""Crescente"";""Céu Claro"";""Simples"";""Reta"";""Não"";467362;""Automóvel"";""VW/POLO SEDAN 1.6 COMFOR"";2010;""Passageiro"";""Lesões Leves"";3;""Feminino"";0;1;0;0;-17",85074902;-45,"46462596;""SR-MG"";""DEL4/14"";""UOP02/MG"""
"261927;585181;2020-01-10;""sexta"";""16:30:00"";""MG"";365;253","6;""BURITIZEIRO"";""Sim"";""Condutor Dormindo"";1;""Saída de leito carroçável"";""Com Vítimas Feridas"";""Pleno dia"";""Crescente"";""Céu Claro"";""Simples"";""Reta"";""Não"";467362;""Automóvel"";""VW/POLO SEDAN 1.6 COMFOR"";2010;""Passageiro"";""Lesões Graves"";63;""Masculino"";0;0;1;0;-17",85074902;-45,"46462596;""SR-MG"";""DEL4/14"";""UOP02/MG"""
"261927;585170;2020-01-10;""sexta"";""16:30:00"";""MG"";365;253","6;""BURITIZEIRO"";""Sim"";""Condutor Dormindo"";1;""Saída de leito carroçável"";""Com Vítimas Feridas"";""Pleno dia"";""Crescente"";""Céu Claro"";""Simples"";""Reta"";""Não"";467362;""Automóvel"";""VW/POLO SEDAN 1.6 COMFOR"";2010;""Passageiro"";""Lesões Graves"";54;""Feminino"";0;0;1;0;-17",85074902;-45,"46462596;""SR-MG"";""DEL4/14"";""UOP02/MG"""
"261927;585169;2020-01-10;""sexta"";""16:30:00"";""MG"";365;253","6;""BURITIZEIRO"";""Sim"";""Condutor Dormindo"";1;""Saída de leito carroçável"";""Com Vítimas Feridas"";""Pleno dia"";""Crescente"";""Céu Claro"";""Simples"";""Reta"";""Não"";467362;""Automóvel"";""VW/POLO SEDAN 1.6 COMFOR"";2010;""Passageiro"";""Lesões Graves"";20;""Feminino"";0;0;1;0;-17",85074902;-45,"46462596;""SR-MG"";""DEL4/14"";""UOP02/MG"""
"261927;585167;2020-01-10;""sexta"";""16:30:00"";""MG"";365;253","6;""BURITIZEIRO"";""Sim"";""Condutor Dormindo"";1;""Saída de leito carroçável"";""Com Vítimas Feridas"";""Pleno dia"";""Crescente"";""Céu Claro"";""Simples"";""Reta"";""Não"";467362;""Automóvel"";""VW/POLO SEDAN 1.6 COMFOR"";2010;""Condutor"";""Lesões Graves"";27;""Masculino"";0;0;1;0;-17",85074902;-45,"46462596;""SR-MG"";""DEL4/14"";""UOP02/MG"""