"id;""pesid"";""data_inversa"";""dia_semana"";""horario"";""uf"";""br"";""km"";""municipio"";""causa_principal"";""causa_acidente"";""ordem_tipo_acidente"";""tipo_acidente"";""classificacao_acidente"";""fase_dia"";""sentido_via"";""condicao_metereologica"";""tipo_pista"";""tracado_via"";""uso_solo"";""id_veiculo"";""tipo_veiculo"";""marca"";""ano_fabricacao_veiculo"";""tipo_envolvido"";""estado_fisico"";""idade"";""sexo"";""ilesos"";""feridos_leves"";""feridos_graves"";""mortos"";""latitude"";""longitude"";""regional"";""delegacia"";""uop""",,,
"261953;583295;2020-01-10;""sexta"";""17:50:00"";""RS"";285;419","3;""PANAMBI"";""Sim"";""Não guardar distância de segurança"";1;""Saída de leito carroçável"";""Com Vítimas Feridas"";""Pleno dia"";""Crescente"";""Chuva"";""Simples"";""Não Informado"";""Não"";467337;""Caminhão"";""VOLVO/VM 210 4X2R"";2011;""Condutor"";""Lesões Leves"";44;""Masculino"";0;1;0;0;-28",342995;-53,"541256;""SR-RS"";""DEL9/10"";""UOP01/RS"""
"261953;583295;2020-01-10;""sexta"";""17:50:00"";""RS"";285;419","3;""PANAMBI"";""Não"";""Velocidade Incompatível"";1;""Saída de leito carroçável"";""Com Vítimas Feridas"";""Pleno dia"";""Crescente"";""Chuva"";""Simples"";""Não Informado"";""Não"";467337;""Caminhão"";""VOLVO/VM 210 4X2R"";2011;""Condutor"";""Lesões Leves"";44;""Masculino"";0;1;0;0;-28",342995;-53,"541256;""SR-RS"";""DEL9/10"";""UOP01/RS"""
"261954;583233;2020-01-10;""sexta"";""15:20:00"";""MT"";364;621;""DIAMANTINO"";""Sim"";""Pista Escorregadia"";1;""Saída de leito carroçável"";""Com Vítimas Feridas"";""Pleno dia"";""Decrescente"";""Chuva"";""Simples"";""Reta"";""Não"";467274;""Caminhonete"";""I/VW AMAROK CD 4X4 S"";2013;""Condutor"";""Lesões Leves"";65;""Masculino"";0;1;0;0;-14",38890596;-56,"35636598;""SR-MT"";""DEL2/4"";""UOP01/MT""",
"261955;583359;2020-01-10;""sexta"";""17:00:00"";""AL"";316;145","1;""PALMEIRA DOS INDIOS"";""Sim"";""Ingestão de Álcool"";1;""Colisão traseira"";""Sem Vítimas"";""Pleno dia"";""Crescente"";""Céu Claro"";""Simples"";""Reta"";""Não"";467303;""Automóvel"";""VW/GOL 1.0"";2006;""Condutor"";""Ileso"";26;""Masculino"";1;0;0;0;-9",39817551;-36,"71361111;""SR-AL"";""DEL13/3"";""UOP01/AL"""
"261955;583356;2020-01-10;""sexta"";""17:00:00"";""AL"";316;145","1;""PALMEIRA DOS INDIOS"";""Sim"";""Ingestão de Álcool"";1;""Colisão traseira"";""Sem Vítimas"";""Pleno dia"";""Crescente"";""Céu Claro"";""Simples"";""Reta"";""Não"";467302;""Automóvel"";""TOYOTA/COROLLA ALTIS HV"";2019;""Passageiro"";""Ileso"";35;""Feminino"";1;0;0;0;-9",39817551;-36,"71361111;""SR-AL"";""DEL13/3"";""UOP01/AL"""
"261955;583355;2020-01-10;""sexta"";""17:00:00"";""AL"";316;145","1;""PALMEIRA DOS INDIOS"";""Sim"";""Ingestão de Álcool"";1;""Colisão traseira"";""Sem Vítimas"";""Pleno dia"";""Crescente"";""Céu Claro"";""Simples"";""Reta"";""Não"";467302;""Automóvel"";""TOYOTA/COROLLA ALTIS HV"";2019;""Condutor"";""Ileso"";38;""Masculino"";1;0;0;0;-9",39817551;-36,"71361111;""SR-AL"";""DEL13/3"";""UOP01/AL"""
"261955;583359;2020-01-10;""sexta"";""17:00:00"";""AL"";316;145","1;""PALMEIRA DOS INDIOS"";""Não"";""Falta de Atenção à Condução"";1;""Colisão traseira"";""Sem Vítimas"";""Pleno dia"";""Crescente"";""Céu Claro"";""Simples"";""Reta"";""Não"";467303;""Automóvel"";""VW/GOL 1.0"";2006;""Condutor"";""Ileso"";26;""Masculino"";1;0;0;0;-9",39817551;-36,"71361111;""SR-AL"";""DEL13/3"";""UOP01/AL"""
"261955;583356;2020-01-10;""sexta"";""17:00:00"";""AL"";316;145","1;""PALMEIRA DOS INDIOS"";""Não"";""Falta de Atenção à Condução"";1;""Colisão traseira"";""Sem Vítimas"";""Pleno dia"";""Crescente"";""Céu Claro"";""Simples"";""Reta"";""Não"";467302;""Automóvel"";""TOYOTA/COROLLA ALTIS HV"";2019;""Passageiro"";""Ileso"";35;""Feminino"";1;0;0;0;-9",39817551;-36,"71361111;""SR-AL"";""DEL13/3"";""UOP01/AL"""
"261955;583355;2020-01-10;""sexta"";""17:00:00"";""AL"";316;145","1;""PALMEIRA DOS INDIOS"";""Não"";""Falta de Atenção à Condução"";1;""Colisão traseira"";""Sem Vítimas"";""Pleno dia"";""Crescente"";""Céu Claro"";""Simples"";""Reta"";""Não"";467302;""Automóvel"";""TOYOTA/COROLLA ALTIS HV"";2019;""Condutor"";""Ileso"";38;""Masculino"";1;0;0;0;-9",39817551;-36,"71361111;""SR-AL"";""DEL13/3"";""UOP01/AL"""
"261956;583383;2020-01-10;""sexta"";""15:40:00"";""RJ"";493;102;""SEROPEDICA"";""Sim"";""Fenômenos da Natureza"";1;""Engavetamento"";""Com Vítimas Feridas"";""Pleno dia"";""Crescente"";""Céu Claro"";""Dupla"";""Reta"";""Não"";467416;""Caminhonete"";""FIAT/STRADA FIRE FLEX"";2012;""Condutor"";""Ileso"";45;""Masculino"";1;0;0;0;-22",76171;-43,"73562;""SR-RJ"";""DEL5/3"";""UOP01/RJ""",
"261956;583382;2020-01-10;""sexta"";""15:40:00"";""RJ"";493;102;""SEROPEDICA"";""Sim"";""Fenômenos da Natureza"";1;""Engavetamento"";""Com Vítimas Feridas"";""Pleno dia"";""Crescente"";""Céu Claro"";""Dupla"";""Reta"";""Não"";467415;""Automóvel"";""VW/PARATI CL 1.8 MI"";1997;""Condutor"";""Lesões Leves"";71;""Masculino"";0;1;0;0;-22",76171;-43,"73562;""SR-RJ"";""DEL5/3"";""UOP01/RJ""",
"261956;583381;2020-01-10;""sexta"";""15:40:00"";""RJ"";493;102;""SEROPEDICA"";""Sim"";""Fenômenos da Natureza"";1;""Engavetamento"";""Com Vítimas Feridas"";""Pleno dia"";""Crescente"";""Céu Claro"";""Dupla"";""Reta"";""Não"";467414;""Caminhão"";""VW/24.280 CRM 6X2"";2013;""Condutor"";""Lesões Graves"";38;""Masculino"";0;0;1;0;-22",76171;-43,"73562;""SR-RJ"";""DEL5/3"";""UOP01/RJ""",
"261956;584893;2020-01-10;""sexta"";""15:40:00"";""RJ"";493;102;""SEROPEDICA"";""Sim"";""Fenômenos da Natureza"";1;""Engavetamento"";""Com Vítimas Feridas"";""Pleno dia"";""Crescente"";""Céu Claro"";""Dupla"";""Reta"";""Não"";467413;""Automóvel"";""VW/FOX 1.0 GII"";2012;""Passageiro"";""Ileso"";NA;""Feminino"";1;0;0;0;-22",76171;-43,"73562;""SR-RJ"";""DEL5/3"";""UOP01/RJ""",
"261956;583379;2020-01-10;""sexta"";""15:40:00"";""RJ"";493;102;""SEROPEDICA"";""Sim"";""Fenômenos da Natureza"";1;""Engavetamento"";""Com Vítimas Feridas"";""Pleno dia"";""Crescente"";""Céu Claro"";""Dupla"";""Reta"";""Não"";467413;""Automóvel"";""VW/FOX 1.0 GII"";2012;""Condutor"";""Lesões Leves"";27;""Masculino"";0;1;0;0;-22",76171;-43,"73562;""SR-RJ"";""DEL5/3"";""UOP01/RJ""",
"261956;583378;2020-01-10;""sexta"";""15:40:00"";""RJ"";493;102;""SEROPEDICA"";""Sim"";""Fenômenos da Natureza"";1;""Engavetamento"";""Com Vítimas Feridas"";""Pleno dia"";""Crescente"";""Céu Claro"";""Dupla"";""Reta"";""Não"";467412;""Caminhão"";""M.BENZ/ATRON 2324"";2013;""Condutor"";""Lesões Graves"";48;""Masculino"";0;0;1;0;-22",76171;-43,"73562;""SR-RJ"";""DEL5/3"";""UOP01/RJ""",
"261956;583377;2020-01-10;""sexta"";""15:40:00"";""RJ"";493;102;""SEROPEDICA"";""Sim"";""Fenômenos da Natureza"";1;""Engavetamento"";""Com Vítimas Feridas"";""Pleno dia"";""Crescente"";""Céu Claro"";""Dupla"";""Reta"";""Não"";467411;""Automóvel"";""VW/QUANTUM GL 2000"";1993;""Condutor"";""Ileso"";57;""Masculino"";1;0;0;0;-22",76171;-43,"73562;""SR-RJ"";""DEL5/3"";""UOP01/RJ""",
"261956;583376;2020-01-10;""sexta"";""15:40:00"";""RJ"";493;102;""SEROPEDICA"";""Sim"";""Fenômenos da Natureza"";1;""Engavetamento"";""Com Vítimas Feridas"";""Pleno dia"";""Crescente"";""Céu Claro"";""Dupla"";""Reta"";""Não"";467410;""Ônibus"";""M.BENZ/INDUSCAR APACHE U"";2011;""Condutor"";""Ileso"";37;""Masculino"";1;0;0;0;-22",76171;-43,"73562;""SR-RJ"";""DEL5/3"";""UOP01/RJ""",
"261956;583374;2020-01-10;""sexta"";""15:40:00"";""RJ"";493;102;""SEROPEDICA"";""Sim"";""Fenômenos da Natureza"";1;""Engavetamento"";""Com Vítimas Feridas"";""Pleno dia"";""Crescente"";""Céu Claro"";""Dupla"";""Reta"";""Não"";467409;""Automóvel"";""VW/FOX 1.6 GII"";2011;""Condutor"";""Ileso"";39;""Masculino"";1;0;0;0;-22",76171;-43,"73562;""SR-RJ"";""DEL5/3"";""UOP01/RJ""",
"261956;583373;2020-01-10;""sexta"";""15:40:00"";""RJ"";493;102;""SEROPEDICA"";""Sim"";""Fenômenos da Natureza"";1;""Engavetamento"";""Com Vítimas Feridas"";""Pleno dia"";""Crescente"";""Céu Claro"";""Dupla"";""Reta"";""Não"";467408;""Automóvel"";""I/CHEVROLET AGILE LT"";2011;""Condutor"";""Ileso"";22;""Masculino"";1;0;0;0;-22",76171;-43,"73562;""SR-RJ"";""DEL5/3"";""UOP01/RJ""",
"261956;583383;2020-01-10;""sexta"";""15:40:00"";""RJ"";493;102;""SEROPEDICA"";""Não"";""Falta de Atenção à Condução"";1;""Engavetamento"";""Com Vítimas Feridas"";""Pleno dia"";""Crescente"";""Céu Claro"";""Dupla"";""Reta"";""Não"";467416;""Caminhonete"";""FIAT/STRADA FIRE FLEX"";2012;""Condutor"";""Ileso"";45;""Masculino"";1;0;0;0;-22",76171;-43,"73562;""SR-RJ"";""DEL5/3"";""UOP01/RJ""",
"261956;583382;2020-01-10;""sexta"";""15:40:00"";""RJ"";493;102;""SEROPEDICA"";""Não"";""Falta de Atenção à Condução"";1;""Engavetamento"";""Com Vítimas Feridas"";""Pleno dia"";""Crescente"";""Céu Claro"";""Dupla"";""Reta"";""Não"";467415;""Automóvel"";""VW/PARATI CL 1.8 MI"";1997;""Condutor"";""Lesões Leves"";71;""Masculino"";0;1;0;0;-22",76171;-43,"73562;""SR-RJ"";""DEL5/3"";""UOP01/RJ""",
"261956;583381;2020-01-10;""sexta"";""15:40:00"";""RJ"";493;102;""SEROPEDICA"";""Não"";""Falta de Atenção à Condução"";1;""Engavetamento"";""Com Vítimas Feridas"";""Pleno dia"";""Crescente"";""Céu Claro"";""Dupla"";""Reta"";""Não"";467414;""Caminhão"";""VW/24.280 CRM 6X2"";2013;""Condutor"";""Lesões Graves"";38;""Masculino"";0;0;1;0;-22",76171;-43,"73562;""SR-RJ"";""DEL5/3"";""UOP01/RJ""",
"261956;584893;2020-01-10;""sexta"";""15:40:00"";""RJ"";493;102;""SEROPEDICA"";""Não"";""Falta de Atenção à Condução"";1;""Engavetamento"";""Com Vítimas Feridas"";""Pleno dia"";""Crescente"";""Céu Claro"";""Dupla"";""Reta"";""Não"";467413;""Automóvel"";""VW/FOX 1.0 GII"";2012;""Passageiro"";""Ileso"";NA;""Feminino"";1;0;0;0;-22",76171;-43,"73562;""SR-RJ"";""DEL5/3"";""UOP01/RJ""",
"261956;583379;2020-01-10;""sexta"";""15:40:00"";""RJ"";493;102;""SEROPEDICA"";""Não"";""Falta de Atenção à Condução"";1;""Engavetamento"";""Com Vítimas Feridas"";""Pleno dia"";""Crescente"";""Céu Claro"";""Dupla"";""Reta"";""Não"";467413;""Automóvel"";""VW/FOX 1.0 GII"";2012;""Condutor"";""Lesões Leves"";27;""Masculino"";0;1;0;0;-22",76171;-43,"73562;""SR-RJ"";""DEL5/3"";""UOP01/RJ""",
"261956;583378;2020-01-10;""sexta"";""15:40:00"";""RJ"";493;102;""SEROPEDICA"";""Não"";""Falta de Atenção à Condução"";1;""Engavetamento"";""Com Vítimas Feridas"";""Pleno dia"";""Crescente"";""Céu Claro"";""Dupla"";""Reta"";""Não"";467412;""Caminhão"";""M.BENZ/ATRON 2324"";2013;""Condutor"";""Lesões Graves"";48;""Masculino"";0;0;1;0;-22",76171;-43,"73562;""SR-RJ"";""DEL5/3"";""UOP01/RJ""",
"261956;583377;2020-01-10;""sexta"";""15:40:00"";""RJ"";493;102;""SEROPEDICA"";""Não"";""Falta de Atenção à Condução"";1;""Engavetamento"";""Com Vítimas Feridas"";""Pleno dia"";""Crescente"";""Céu Claro"";""Dupla"";""Reta"";""Não"";467411;""Automóvel"";""VW/QUANTUM GL 2000"";1993;""Condutor"";""Ileso"";57;""Masculino"";1;0;0;0;-22",76171;-43,"73562;""SR-RJ"";""DEL5/3"";""UOP01/RJ""",
"261956;583376;2020-01-10;""sexta"";""15:40:00"";""RJ"";493;102;""SEROPEDICA"";""Não"";""Falta de Atenção à Condução"";1;""Engavetamento"";""Com Vítimas Feridas"";""Pleno dia"";""Crescente"";""Céu Claro"";""Dupla"";""Reta"";""Não"";467410;""Ônibus"";""M.BENZ/INDUSCAR APACHE U"";2011;""Condutor"";""Ileso"";37;""Masculino"";1;0;0;0;-22",76171;-43,"73562;""SR-RJ"";""DEL5/3"";""UOP01/RJ""",
"261956;583374;2020-01-10;""sexta"";""15:40:00"";""RJ"";493;102;""SEROPEDICA"";""Não"";""Falta de Atenção à Condução"";1;""Engavetamento"";""Com Vítimas Feridas"";""Pleno dia"";""Crescente"";""Céu Claro"";""Dupla"";""Reta"";""Não"";467409;""Automóvel"";""VW/FOX 1.6 GII"";2011;""Condutor"";""Ileso"";39;""Masculino"";1;0;0;0;-22",76171;-43,"73562;""SR-RJ"";""DEL5/3"";""UOP01/RJ""",
"261956;583373;2020-01-10;""sexta"";""15:40:00"";""RJ"";493;102;""SEROPEDICA"";""Não"";""Falta de Atenção à Condução"";1;""Engavetamento"";""Com Vítimas Feridas"";""Pleno dia"";""Crescente"";""Céu Claro"";""Dupla"";""Reta"";""Não"";467408;""Automóvel"";""I/CHEVROLET AGILE LT"";2011;""Condutor"";""Ileso"";22;""Masculino"";1;0;0;0;-22",76171;-43,"73562;""SR-RJ"";""DEL5/3"";""UOP01/RJ""",
"261957;583255;2020-01-10;""sexta"";""18:50:00"";""RN"";101;119","1;""SAO JOSE DE MIPIBU"";""Sim"";""Animais na Pista"";1;""Atropelamento de Animal"";""Com Vítimas Feridas"";""Plena Noite"";""Crescente"";""Céu Claro"";""Dupla"";""Reta"";""Não"";467293;""Caminhonete"";""MMC/TRITON SPORT HPE"";2017;""Condutor"";""Lesões Leves"";39;""Masculino"";0;1;0;0;-6",02496757;-35,"2509784;""SR-RN"";""DEL15/1"";""UOP01/RN"""
"261958;585208;2020-01-10;""sexta"";""18:40:00"";""SP"";116;212;""GUARULHOS"";""Sim"";""Falta de Atenção à Condução"";1;""Colisão traseira"";""Com Vítimas Feridas"";""Anoitecer"";""Decrescente"";""Céu Claro"";""Múltipla"";""Reta"";""Não"";467305;""Automóvel"";""FIAT/PALIO FIRE FLEX"";2008;""Condutor"";""Ileso"";27;""Masculino"";1;0;0;0;-23",43608315;-46,"42805094;""SR-SP"";""DEL6/1"";""UOP01/SP""",
"261958;585252;2020-01-10;""sexta"";""18:40:00"";""SP"";116;212;""GUARULHOS"";""Sim"";""Falta de Atenção à Condução"";1;""Colisão traseira"";""Com Vítimas Feridas"";""Anoitecer"";""Decrescente"";""Céu Claro"";""Múltipla"";""Reta"";""Não"";467306;""Motocicleta"";""HONDA/XRE 300"";2010;""Passageiro"";""Lesões Leves"";19;""Feminino"";0;1;0;0;-23",43608315;-46,"42805094;""SR-SP"";""DEL6/1"";""UOP01/SP""",
"261958;585249;2020-01-10;""sexta"";""18:40:00"";""SP"";116;212;""GUARULHOS"";""Sim"";""Falta de Atenção à Condução"";1;""Colisão traseira"";""Com Vítimas Feridas"";""Anoitecer"";""Decrescente"";""Céu Claro"";""Múltipla"";""Reta"";""Não"";467306;""Motocicleta"";""HONDA/XRE 300"";2010;""Condutor"";""Lesões Leves"";20;""Masculino"";0;1;0;0;-23",43608315;-46,"42805094;""SR-SP"";""DEL6/1"";""UOP01/SP""",
"261959;585309;2020-01-10;""sexta"";""17:20:00"";""MG"";40;519","6;""RIBEIRAO DAS NEVES"";""Sim"";""Desobediência às normas de trânsito pelo condutor"";1;""Atropelamento de Pedestre"";""Com Vítimas Feridas"";""Pleno dia"";""Crescente"";""Céu Claro"";""Dupla"";""Não Informado"";""Sim"";467363;""Automóvel"";""GM/CELTA 2P LIFE"";2007;""Testemunha"";""Não Informado"";NA;""Não Informado"";0;0;0;0;-19",83957589;-44,"07684485;""SR-MG"";""DEL4/1"";""UOP02/MG"""
"261959;585306;2020-01-10;""sexta"";""17:20:00"";""MG"";40;519","6;""RIBEIRAO DAS NEVES"";""Sim"";""Desobediência às normas de trânsito pelo condutor"";1;""Atropelamento de Pedestre"";""Com Vítimas Feridas"";""Pleno dia"";""Crescente"";""Céu Claro"";""Dupla"";""Não Informado"";""Sim"";467363;""Automóvel"";""GM/CELTA 2P LIFE"";2007;""Pedestre"";""Lesões Leves"";27;""Masculino"";0;1;0;0;-19",83957589;-44,"07684485;""SR-MG"";""DEL4/1"";""UOP02/MG"""
"261959;585301;2020-01-10;""sexta"";""17:20:00"";""MG"";40;519","6;""RIBEIRAO DAS NEVES"";""Sim"";""Desobediência às normas de trânsito pelo condutor"";1;""Atropelamento de Pedestre"";""Com Vítimas Feridas"";""Pleno dia"";""Crescente"";""Céu Claro"";""Dupla"";""Não Informado"";""Sim"";467363;""Automóvel"";""GM/CELTA 2P LIFE"";2007;""Condutor"";""Ileso"";36;""Masculino"";1;0;0;0;-19",83957589;-44,"07684485;""SR-MG"";""DEL4/1"";""UOP02/MG"""
"261962;583288;2020-01-10;""sexta"";""18:35:00"";""PR"";116;125","5;""FAZENDA RIO GRANDE"";""Sim"";""Falta de Atenção à Condução"";1;""Colisão lateral"";""Com Vítimas Feridas"";""Anoitecer"";""Crescente"";""Céu Claro"";""Múltipla"";""Reta"";""Sim"";467336;""Automóvel"";"""";NA;""Condutor"";""Ileso"";NA;""Masculino"";1;0;0;0;-25",63522957;-49,"31332469;""SR-PR"";""DEL7/1"";""UOP03/PR"""
"261962;583286;2020-01-10;""sexta"";""18:35:00"";""PR"";116;125","5;""FAZENDA RIO GRANDE"";""Sim"";""Falta de Atenção à Condução"";1;""Colisão lateral"";""Com Vítimas Feridas"";""Anoitecer"";""Crescente"";""Céu Claro"";""Múltipla"";""Reta"";""Sim"";467335;""Motocicleta"";""HONDA/CG150 FAN ESDI"";2011;""Condutor"";""Lesões Leves"";24;""Masculino"";0;1;0;0;-25",63522957;-49,"31332469;""SR-PR"";""DEL7/1"";""UOP03/PR"""
"261963;583287;2020-01-10;""sexta"";""18:45:00"";""RN"";304;46","8;""MOSSORO"";""Sim"";""Ingestão de Álcool"";2;""Queda de ocupante de veículo"";""Com Vítimas Feridas"";""Plena Noite"";""Crescente"";""Céu Claro"";""Dupla"";""Curva"";""Sim"";467331;""Bicicleta"";"""";NA;""Condutor"";""Lesões Graves"";49;""Masculino"";0;0;1;0;-5",22579384;-37,"340046;""SR-RN"";""DEL15/4"";""UOP01/RN"""
"261963;583284;2020-01-10;""sexta"";""18:45:00"";""RN"";304;46","8;""MOSSORO"";""Sim"";""Ingestão de Álcool"";2;""Queda de ocupante de veículo"";""Com Vítimas Feridas"";""Plena Noite"";""Crescente"";""Céu Claro"";""Dupla"";""Curva"";""Sim"";467330;""Automóvel"";""HYUNDAI/HB20 1.0M 1.0 M"";2013;""Condutor"";""Ileso"";31;""Masculino"";1;0;0;0;-5",22579384;-37,"340046;""SR-RN"";""DEL15/4"";""UOP01/RN"""
"261963;583287;2020-01-10;""sexta"";""18:45:00"";""RN"";304;46","8;""MOSSORO"";""Sim"";""Ingestão de Álcool"";1;""Colisão transversal"";""Com Vítimas Feridas"";""Plena Noite"";""Crescente"";""Céu Claro"";""Dupla"";""Curva"";""Sim"";467331;""Bicicleta"";"""";NA;""Condutor"";""Lesões Graves"";49;""Masculino"";0;0;1;0;-5",22579384;-37,"340046;""SR-RN"";""DEL15/4"";""UOP01/RN"""
"261963;583284;2020-01-10;""sexta"";""18:45:00"";""RN"";304;46","8;""MOSSORO"";""Sim"";""Ingestão de Álcool"";1;""Colisão transversal"";""Com Vítimas Feridas"";""Plena Noite"";""Crescente"";""Céu Claro"";""Dupla"";""Curva"";""Sim"";467330;""Automóvel"";""HYUNDAI/HB20 1.0M 1.0 M"";2013;""Condutor"";""Ileso"";31;""Masculino"";1;0;0;0;-5",22579384;-37,"340046;""SR-RN"";""DEL15/4"";""UOP01/RN"""
"261964;584904;2020-01-10;""sexta"";""18:30:00"";""SP"";101;45","4;""UBATUBA"";""Sim"";""Ultrapassagem Indevida"";1;""Colisão frontal"";""Com Vítimas Feridas"";""Anoitecer"";""Decrescente"";""Nublado"";""Simples"";""Reta"";""Sim"";467386;""Automóvel"";""VW/UP TAKE MA"";2015;""Condutor"";""Ileso"";42;""Masculino"";1;0;0;0;-23",42080198;-45,"07063866;""SR-SP"";""DEL6"";""UOP03/SP"""
"261964;584901;2020-01-10;""sexta"";""18:30:00"";""SP"";101;45","4;""UBATUBA"";""Sim"";""Ultrapassagem Indevida"";1;""Colisão frontal"";""Com Vítimas Feridas"";""Anoitecer"";""Decrescente"";""Nublado"";""Simples"";""Reta"";""Sim"";467385;""Motocicleta"";""HONDA/CG 150 JOB"";2007;""Condutor"";""Lesões Graves"";31;""Masculino"";0;0;1;0;-23",42080198;-45,"07063866;""SR-SP"";""DEL6"";""UOP03/SP"""
"261965;583300;2020-01-10;""sexta"";""15:30:00"";""MT"";70;380;""CAMPO VERDE"";""Sim"";""Falta de Atenção à Condução"";1;""Colisão transversal"";""Com Vítimas Feridas"";""Pleno dia"";""Decrescente"";""Céu Claro"";""Simples"";""Reta"";""Sim"";467285;""Motocicleta"";""HONDA/CG 150 TITAN ES"";2008;""Condutor"";""Lesões Leves"";28;""Feminino"";0;1;0;0;-15",54738934;-55,"16115189;""SR-MT"";""DEL2/5"";""UOP01/MT""",
"261965;583297;2020-01-10;""sexta"";""15:30:00"";""MT"";70;380;""CAMPO VERDE"";""Sim"";""Falta de Atenção à Condução"";1;""Colisão transversal"";""Com Vítimas Feridas"";""Pleno dia"";""Decrescente"";""Céu Claro"";""Simples"";""Reta"";""Sim"";467284;""Automóvel"";""FORD/FIESTA SEDAN1.6FLEX"";2006;""Condutor"";""Ileso"";83;""Masculino"";1;0;0;0;-15",54738934;-55,"16115189;""SR-MT"";""DEL2/5"";""UOP01/MT""",
"261966;583258;2020-01-10;""sexta"";""16:45:00"";""RS"";285;606;""SANTO ANTONIO DAS MISSOES"";""Sim"";""Pista Escorregadia"";2;""Incêndio"";""Sem Vítimas"";""Pleno dia"";""Crescente"";""Chuva"";""Simples"";""Curva"";""Não"";467289;""Automóvel"";""VW/GOL 1000"";1995;""Condutor"";""Ileso"";54;""Masculino"";1;0;0;0;-28",493546;-55,"344425;""SR-RS"";""DEL9/12"";""UOP01/RS""",
"261966;583258;2020-01-10;""sexta"";""16:45:00"";""RS"";285;606;""SANTO ANTONIO DAS MISSOES"";""Sim"";""Pista Escorregadia"";1;""Saída de leito carroçável"";""Sem Vítimas"";""Pleno dia"";""Crescente"";""Chuva"";""Simples"";""Curva"";""Não"";467289;""Automóvel"";""VW/GOL 1000"";1995;""Condutor"";""Ileso"";54;""Masculino"";1;0;0;0;-28",493546;-55,"344425;""SR-RS"";""DEL9/12"";""UOP01/RS""",
"261967;584886;2020-01-10;""sexta"";""18:15:00"";""SC"";470;57;""BLUMENAU"";""Sim"";""Falta de Atenção à Condução"";1;""Colisão transversal"";""Com Vítimas Feridas"";""Pleno dia"";""Decrescente"";""Céu Claro"";""Simples"";""Interseção de vias"";""Não"";467292;""Automóvel"";""HONDA/FIT EX FLEX"";2009;""Condutor"";""Ileso"";25;""Feminino"";1;0;0;0;-26",880428;-49,"136532;""SR-SC"";""DEL8/4"";""UOP01/SC""",
"261967;584885;2020-01-10;""sexta"";""18:15:00"";""SC"";470;57;""BLUMENAU"";""Sim"";""Falta de Atenção à Condução"";1;""Colisão transversal"";""Com Vítimas Feridas"";""Pleno dia"";""Decrescente"";""Céu Claro"";""Simples"";""Interseção de vias"";""Não"";467291;""Motocicleta"";""HONDA/CG 125 FAN"";2007;""Condutor"";""Lesões Leves"";29;""Masculino"";0;1;0;0;-26",880428;-49,"136532;""SR-SC"";""DEL8/4"";""UOP01/SC""",
"261968;583261;2020-01-10;""sexta"";""16:00:00"";""MT"";158;730;""BARRA DO GARCAS"";""Sim"";""Desobediência às normas de trânsito pelo condutor"";1;""Capotamento"";""Com Vítimas Feridas"";""Pleno dia"";""Crescente"";""Céu Claro"";""Simples"";""Curva"";""Não"";467299;""Automóvel"";""FIAT/IDEA ADVENTURE FLEX"";2007;""Passageiro"";""Ileso"";20;""Feminino"";1;0;0;0;-15",31333997;-52,"16995088;""SR-MT"";""DEL2/8"";""UOP01/MT""",
"261968;583260;2020-01-10;""sexta"";""16:00:00"";""MT"";158;730;""BARRA DO GARCAS"";""Sim"";""Desobediência às normas de trânsito pelo condutor"";1;""Capotamento"";""Com Vítimas Feridas"";""Pleno dia"";""Crescente"";""Céu Claro"";""Simples"";""Curva"";""Não"";467299;""Automóvel"";""FIAT/IDEA ADVENTURE FLEX"";2007;""Passageiro"";""Ileso"";49;""Feminino"";1;0;0;0;-15",31333997;-52,"16995088;""SR-MT"";""DEL2/8"";""UOP01/MT""",
"261968;583259;2020-01-10;""sexta"";""16:00:00"";""MT"";158;730;""BARRA DO GARCAS"";""Sim"";""Desobediência às normas de trânsito pelo condutor"";1;""Capotamento"";""Com Vítimas Feridas"";""Pleno dia"";""Crescente"";""Céu Claro"";""Simples"";""Curva"";""Não"";467299;""Automóvel"";""FIAT/IDEA ADVENTURE FLEX"";2007;""Condutor"";""Lesões Leves"";51;""Masculino"";0;1;0;0;-15",31333997;-52,"16995088;""SR-MT"";""DEL2/8"";""UOP01/MT""",
"261969;583423;2020-01-10;""sexta"";""19:30:00"";""SC"";101;132","9;""BALNEARIO CAMBORIU"";""Sim"";""Falta de Atenção à Condução"";1;""Colisão traseira"";""Com Vítimas Feridas"";""Plena Noite"";""Crescente"";""Nublado"";""Dupla"";""Reta"";""Sim"";467361;""Caminhão"";""M.BENZ/710"";2008;""Condutor"";""Ileso"";44;""Masculino"";1;0;0;0;-26",99654133;-48,"65564711;""SR-SC"";""DEL8/4"";""UOP03/SC"""
"261969;583422;2020-01-10;""sexta"";""19:30:00"";""SC"";101;132","9;""BALNEARIO CAMBORIU"";""Sim"";""Falta de Atenção à Condução"";1;""Colisão traseira"";""Com Vítimas Feridas"";""Plena Noite"";""Crescente"";""Nublado"";""Dupla"";""Reta"";""Sim"";467360;""Automóvel"";""FIAT/UNO VIVACE 1.0"";2012;""Condutor"";""Lesões Graves"";42;""Masculino"";0;0;1;0;-26",99654133;-48,"65564711;""SR-SC"";""DEL8/4"";""UOP03/SC"""
"261970;NA;2020-01-10;""sexta"";""18:40:00"";""ES"";101;354","5;""ANCHIETA"";""Sim"";""Defeito Mecânico no Veículo"";1;""Incêndio"";""Sem Vítimas"";""Plena Noite"";""Decrescente"";""Céu Claro"";""Simples"";""Reta"";""Não"";467352;""Semireboque"";""SR/FACCHINI SRF RT"";2018;""Não Informado"";""Não Informado"";NA;""Não Informado"";0;0;0;0;-20",68448741;-40,"67131406;""SR-ES"";""DEL12/3"";""UOP01/ES"""
"261970;NA;2020-01-10;""sexta"";""18:40:00"";""ES"";101;354","5;""ANCHIETA"";""Sim"";""Defeito Mecânico no Veículo"";1;""Incêndio"";""Sem Vítimas"";""Plena Noite"";""Decrescente"";""Céu Claro"";""Simples"";""Reta"";""Não"";467353;""Semireboque"";""SR/FACCHINI SRF RT"";2018;""Não Informado"";""Não Informado"";NA;""Não Informado"";0;0;0;0;-20",68448741;-40,"67131406;""SR-ES"";""DEL12/3"";""UOP01/ES"""