"id;""pesid"";""data_inversa"";""dia_semana"";""horario"";""uf"";""br"";""km"";""municipio"";""causa_principal"";""causa_acidente"";""ordem_tipo_acidente"";""tipo_acidente"";""classificacao_acidente"";""fase_dia"";""sentido_via"";""condicao_metereologica"";""tipo_pista"";""tracado_via"";""uso_solo"";""id_veiculo"";""tipo_veiculo"";""marca"";""ano_fabricacao_veiculo"";""tipo_envolvido"";""estado_fisico"";""idade"";""sexo"";""ilesos"";""feridos_leves"";""feridos_graves"";""mortos"";""latitude"";""longitude"";""regional"";""delegacia"";""uop""",,,
"261970;583302;2020-01-10;""sexta"";""18:40:00"";""ES"";101;354","5;""ANCHIETA"";""Sim"";""Defeito Mecânico no Veículo"";1;""Incêndio"";""Sem Vítimas"";""Plena Noite"";""Decrescente"";""Céu Claro"";""Simples"";""Reta"";""Não"";467348;""Caminhão-trator"";""VW/25.390 CTC 6X2"";2012;""Condutor"";""Ileso"";35;""Masculino"";1;0;0;0;-20",68448741;-40,"67131406;""SR-ES"";""DEL12/3"";""UOP01/ES"""
"261973;583265;2020-01-10;""sexta"";""18:50:00"";""RJ"";101;314;""SAO GONCALO"";""Sim"";""Não guardar distância de segurança"";1;""Colisão lateral"";""Com Vítimas Feridas"";""Plena Noite"";""Decrescente"";""Nublado"";""Dupla"";""Reta"";""Sim"";467310;""Automóvel"";""RENAULT/KWID ZEN 10MT"";2018;""Condutor"";""Ileso"";43;""Feminino"";1;0;0;0;-22",81648739;-43,"07728467;""SR-RJ"";""DEL5/2"";""UOP01/RJ""",
"261973;583269;2020-01-10;""sexta"";""18:50:00"";""RJ"";101;314;""SAO GONCALO"";""Sim"";""Não guardar distância de segurança"";1;""Colisão lateral"";""Com Vítimas Feridas"";""Plena Noite"";""Decrescente"";""Nublado"";""Dupla"";""Reta"";""Sim"";467309;""Motocicleta"";""HONDA/NXR150 BROS ESD"";2009;""Condutor"";""Lesões Leves"";NA;""Masculino"";0;1;0;0;-22",81648739;-43,"07728467;""SR-RJ"";""DEL5/2"";""UOP01/RJ""",
"261973;583265;2020-01-10;""sexta"";""18:50:00"";""RJ"";101;314;""SAO GONCALO"";""Não"";""Falta de Atenção à Condução"";1;""Colisão lateral"";""Com Vítimas Feridas"";""Plena Noite"";""Decrescente"";""Nublado"";""Dupla"";""Reta"";""Sim"";467310;""Automóvel"";""RENAULT/KWID ZEN 10MT"";2018;""Condutor"";""Ileso"";43;""Feminino"";1;0;0;0;-22",81648739;-43,"07728467;""SR-RJ"";""DEL5/2"";""UOP01/RJ""",
"261973;583269;2020-01-10;""sexta"";""18:50:00"";""RJ"";101;314;""SAO GONCALO"";""Não"";""Falta de Atenção à Condução"";1;""Colisão lateral"";""Com Vítimas Feridas"";""Plena Noite"";""Decrescente"";""Nublado"";""Dupla"";""Reta"";""Sim"";467309;""Motocicleta"";""HONDA/NXR150 BROS ESD"";2009;""Condutor"";""Lesões Leves"";NA;""Masculino"";0;1;0;0;-22",81648739;-43,"07728467;""SR-RJ"";""DEL5/2"";""UOP01/RJ""",
"261974;583340;2020-01-10;""sexta"";""18:10:00"";""RJ"";493;119","7;""ITAGUAI"";""Sim"";""Desobediência às normas de trânsito pelo condutor"";2;""Colisão com objeto estático"";""Com Vítimas Feridas"";""Anoitecer"";""Crescente"";""Céu Claro"";""Dupla"";""Curva"";""Sim"";467371;""Automóvel"";""GM/CELTA 2P LIFE"";2007;""Passageiro"";""Lesões Leves"";23;""Feminino"";0;1;0;0;-22",87237931;-43,"8155365;""SR-RJ"";""DEL5/3"";""UOP01/RJ"""
"261974;583334;2020-01-10;""sexta"";""18:10:00"";""RJ"";493;119","7;""ITAGUAI"";""Sim"";""Desobediência às normas de trânsito pelo condutor"";2;""Colisão com objeto estático"";""Com Vítimas Feridas"";""Anoitecer"";""Crescente"";""Céu Claro"";""Dupla"";""Curva"";""Sim"";467371;""Automóvel"";""GM/CELTA 2P LIFE"";2007;""Condutor"";""Lesões Graves"";24;""Masculino"";0;0;1;0;-22",87237931;-43,"8155365;""SR-RJ"";""DEL5/3"";""UOP01/RJ"""
"261974;583340;2020-01-10;""sexta"";""18:10:00"";""RJ"";493;119","7;""ITAGUAI"";""Sim"";""Desobediência às normas de trânsito pelo condutor"";3;""Capotamento"";""Com Vítimas Feridas"";""Anoitecer"";""Crescente"";""Céu Claro"";""Dupla"";""Curva"";""Sim"";467371;""Automóvel"";""GM/CELTA 2P LIFE"";2007;""Passageiro"";""Lesões Leves"";23;""Feminino"";0;1;0;0;-22",87237931;-43,"8155365;""SR-RJ"";""DEL5/3"";""UOP01/RJ"""
"261974;583334;2020-01-10;""sexta"";""18:10:00"";""RJ"";493;119","7;""ITAGUAI"";""Sim"";""Desobediência às normas de trânsito pelo condutor"";3;""Capotamento"";""Com Vítimas Feridas"";""Anoitecer"";""Crescente"";""Céu Claro"";""Dupla"";""Curva"";""Sim"";467371;""Automóvel"";""GM/CELTA 2P LIFE"";2007;""Condutor"";""Lesões Graves"";24;""Masculino"";0;0;1;0;-22",87237931;-43,"8155365;""SR-RJ"";""DEL5/3"";""UOP01/RJ"""
"261974;583340;2020-01-10;""sexta"";""18:10:00"";""RJ"";493;119","7;""ITAGUAI"";""Sim"";""Desobediência às normas de trânsito pelo condutor"";1;""Saída de leito carroçável"";""Com Vítimas Feridas"";""Anoitecer"";""Crescente"";""Céu Claro"";""Dupla"";""Curva"";""Sim"";467371;""Automóvel"";""GM/CELTA 2P LIFE"";2007;""Passageiro"";""Lesões Leves"";23;""Feminino"";0;1;0;0;-22",87237931;-43,"8155365;""SR-RJ"";""DEL5/3"";""UOP01/RJ"""
"261974;583334;2020-01-10;""sexta"";""18:10:00"";""RJ"";493;119","7;""ITAGUAI"";""Sim"";""Desobediência às normas de trânsito pelo condutor"";1;""Saída de leito carroçável"";""Com Vítimas Feridas"";""Anoitecer"";""Crescente"";""Céu Claro"";""Dupla"";""Curva"";""Sim"";467371;""Automóvel"";""GM/CELTA 2P LIFE"";2007;""Condutor"";""Lesões Graves"";24;""Masculino"";0;0;1;0;-22",87237931;-43,"8155365;""SR-RJ"";""DEL5/3"";""UOP01/RJ"""
"261974;583340;2020-01-10;""sexta"";""18:10:00"";""RJ"";493;119","7;""ITAGUAI"";""Não"";""Falta de Atenção à Condução"";2;""Colisão com objeto estático"";""Com Vítimas Feridas"";""Anoitecer"";""Crescente"";""Céu Claro"";""Dupla"";""Curva"";""Sim"";467371;""Automóvel"";""GM/CELTA 2P LIFE"";2007;""Passageiro"";""Lesões Leves"";23;""Feminino"";0;1;0;0;-22",87237931;-43,"8155365;""SR-RJ"";""DEL5/3"";""UOP01/RJ"""
"261974;583334;2020-01-10;""sexta"";""18:10:00"";""RJ"";493;119","7;""ITAGUAI"";""Não"";""Falta de Atenção à Condução"";2;""Colisão com objeto estático"";""Com Vítimas Feridas"";""Anoitecer"";""Crescente"";""Céu Claro"";""Dupla"";""Curva"";""Sim"";467371;""Automóvel"";""GM/CELTA 2P LIFE"";2007;""Condutor"";""Lesões Graves"";24;""Masculino"";0;0;1;0;-22",87237931;-43,"8155365;""SR-RJ"";""DEL5/3"";""UOP01/RJ"""
"261974;583340;2020-01-10;""sexta"";""18:10:00"";""RJ"";493;119","7;""ITAGUAI"";""Não"";""Falta de Atenção à Condução"";3;""Capotamento"";""Com Vítimas Feridas"";""Anoitecer"";""Crescente"";""Céu Claro"";""Dupla"";""Curva"";""Sim"";467371;""Automóvel"";""GM/CELTA 2P LIFE"";2007;""Passageiro"";""Lesões Leves"";23;""Feminino"";0;1;0;0;-22",87237931;-43,"8155365;""SR-RJ"";""DEL5/3"";""UOP01/RJ"""
"261974;583334;2020-01-10;""sexta"";""18:10:00"";""RJ"";493;119","7;""ITAGUAI"";""Não"";""Falta de Atenção à Condução"";3;""Capotamento"";""Com Vítimas Feridas"";""Anoitecer"";""Crescente"";""Céu Claro"";""Dupla"";""Curva"";""Sim"";467371;""Automóvel"";""GM/CELTA 2P LIFE"";2007;""Condutor"";""Lesões Graves"";24;""Masculino"";0;0;1;0;-22",87237931;-43,"8155365;""SR-RJ"";""DEL5/3"";""UOP01/RJ"""
"261974;583340;2020-01-10;""sexta"";""18:10:00"";""RJ"";493;119","7;""ITAGUAI"";""Não"";""Falta de Atenção à Condução"";1;""Saída de leito carroçável"";""Com Vítimas Feridas"";""Anoitecer"";""Crescente"";""Céu Claro"";""Dupla"";""Curva"";""Sim"";467371;""Automóvel"";""GM/CELTA 2P LIFE"";2007;""Passageiro"";""Lesões Leves"";23;""Feminino"";0;1;0;0;-22",87237931;-43,"8155365;""SR-RJ"";""DEL5/3"";""UOP01/RJ"""
"261974;583334;2020-01-10;""sexta"";""18:10:00"";""RJ"";493;119","7;""ITAGUAI"";""Não"";""Falta de Atenção à Condução"";1;""Saída de leito carroçável"";""Com Vítimas Feridas"";""Anoitecer"";""Crescente"";""Céu Claro"";""Dupla"";""Curva"";""Sim"";467371;""Automóvel"";""GM/CELTA 2P LIFE"";2007;""Condutor"";""Lesões Graves"";24;""Masculino"";0;0;1;0;-22",87237931;-43,"8155365;""SR-RJ"";""DEL5/3"";""UOP01/RJ"""
"261975;587956;2020-01-10;""sexta"";""19:50:00"";""SC"";470;169;""POUSO REDONDO"";""Sim"";""Desobediência às normas de trânsito pelo condutor"";1;""Colisão frontal"";""Sem Vítimas"";""Plena Noite"";""Decrescente"";""Chuva"";""Simples"";""Reta"";""Não"";467432;""Automóvel"";""I/NISSAN MARCH 10S FLEX"";2012;""Condutor"";""Ileso"";27;""Masculino"";1;0;0;0;-27",265471;-49,"882442;""SR-SC"";""DEL8/4"";""UOP02/SC""",
"261975;587955;2020-01-10;""sexta"";""19:50:00"";""SC"";470;169;""POUSO REDONDO"";""Sim"";""Desobediência às normas de trânsito pelo condutor"";1;""Colisão frontal"";""Sem Vítimas"";""Plena Noite"";""Decrescente"";""Chuva"";""Simples"";""Reta"";""Não"";467431;""Automóvel"";""VW/NOVO GOL 1.0"";2013;""Condutor"";""Ileso"";32;""Masculino"";1;0;0;0;-27",265471;-49,"882442;""SR-SC"";""DEL8/4"";""UOP02/SC""",
"261976;583338;2020-01-10;""sexta"";""17:15:00"";""SC"";280;41;""ARAQUARI"";""Sim"";""Velocidade Incompatível"";1;""Capotamento"";""Com Vítimas Feridas"";""Pleno dia"";""Crescente"";""Céu Claro"";""Simples"";""Reta"";""Não"";467304;""Automóvel"";""I/KIA CERATO FF SX3 ATNB"";2013;""Passageiro"";""Lesões Leves"";26;""Feminino"";0;1;0;0;-26",45000366;-48,"85790902;""SR-SC"";""DEL8/3"";""UOP03/SC""",
"261976;583335;2020-01-10;""sexta"";""17:15:00"";""SC"";280;41;""ARAQUARI"";""Sim"";""Velocidade Incompatível"";1;""Capotamento"";""Com Vítimas Feridas"";""Pleno dia"";""Crescente"";""Céu Claro"";""Simples"";""Reta"";""Não"";467304;""Automóvel"";""I/KIA CERATO FF SX3 ATNB"";2013;""Condutor"";""Lesões Leves"";23;""Masculino"";0;1;0;0;-26",45000366;-48,"85790902;""SR-SC"";""DEL8/3"";""UOP03/SC""",
"261977;583408;2020-01-10;""sexta"";""17:15:00"";""SP"";381;89;""GUARULHOS"";""Sim"";""Falta de Atenção à Condução"";1;""Colisão traseira"";""Com Vítimas Feridas"";""Anoitecer"";""Decrescente"";""Céu Claro"";""Múltipla"";""Reta"";""Sim"";467370;""Caminhão"";""VW/17.300"";2000;""Condutor"";""Ileso"";72;""Masculino"";1;0;0;0;-23",48469299;-46,"55983288;""SR-SP"";""DEL6/3"";""UOP02/SP""",
"261977;583406;2020-01-10;""sexta"";""17:15:00"";""SP"";381;89;""GUARULHOS"";""Sim"";""Falta de Atenção à Condução"";1;""Colisão traseira"";""Com Vítimas Feridas"";""Anoitecer"";""Decrescente"";""Céu Claro"";""Múltipla"";""Reta"";""Sim"";467369;""Motocicleta"";""YAMAHA/FZ25 FAZER"";2019;""Condutor"";""Lesões Graves"";25;""Masculino"";0;0;1;0;-23",48469299;-46,"55983288;""SR-SP"";""DEL6/3"";""UOP02/SP""",
"261978;583432;2020-01-10;""sexta"";""18:20:00"";""RS"";287;262","5;""SANTA MARIA"";""Sim"";""Velocidade Incompatível"";1;""Saída de leito carroçável"";""Com Vítimas Feridas"";""Pleno dia"";""Decrescente"";""Chuva"";""Simples"";""Reta"";""Não"";467388;""Automóvel"";""VW/GOL SPECIAL MB"";2015;""Condutor"";""Lesões Leves"";49;""Masculino"";0;1;0;0;-29",67311425;-53,"99158702;""SR-RS"";""DEL9/9"";""UOP01/RS"""
"261978;583432;2020-01-10;""sexta"";""18:20:00"";""RS"";287;262","5;""SANTA MARIA"";""Sim"";""Velocidade Incompatível"";2;""Capotamento"";""Com Vítimas Feridas"";""Pleno dia"";""Decrescente"";""Chuva"";""Simples"";""Reta"";""Não"";467388;""Automóvel"";""VW/GOL SPECIAL MB"";2015;""Condutor"";""Lesões Leves"";49;""Masculino"";0;1;0;0;-29",67311425;-53,"99158702;""SR-RS"";""DEL9/9"";""UOP01/RS"""
"261978;583432;2020-01-10;""sexta"";""18:20:00"";""RS"";287;262","5;""SANTA MARIA"";""Não"";""Fenômenos da Natureza"";1;""Saída de leito carroçável"";""Com Vítimas Feridas"";""Pleno dia"";""Decrescente"";""Chuva"";""Simples"";""Reta"";""Não"";467388;""Automóvel"";""VW/GOL SPECIAL MB"";2015;""Condutor"";""Lesões Leves"";49;""Masculino"";0;1;0;0;-29",67311425;-53,"99158702;""SR-RS"";""DEL9/9"";""UOP01/RS"""
"261978;583432;2020-01-10;""sexta"";""18:20:00"";""RS"";287;262","5;""SANTA MARIA"";""Não"";""Fenômenos da Natureza"";2;""Capotamento"";""Com Vítimas Feridas"";""Pleno dia"";""Decrescente"";""Chuva"";""Simples"";""Reta"";""Não"";467388;""Automóvel"";""VW/GOL SPECIAL MB"";2015;""Condutor"";""Lesões Leves"";49;""Masculino"";0;1;0;0;-29",67311425;-53,"99158702;""SR-RS"";""DEL9/9"";""UOP01/RS"""
"261980;585328;2020-01-10;""sexta"";""19:50:00"";""CE"";20;427;""FORTALEZA"";""Sim"";""Falta de Atenção à Condução"";1;""Colisão lateral"";""Com Vítimas Feridas"";""Plena Noite"";""Decrescente"";""Céu Claro"";""Dupla"";""Reta"";""Sim"";467459;""Automóvel"";""FIAT/ARGO DRIVE 1.0"";2019;""Condutor"";""Ileso"";34;""Masculino"";1;0;0;0;-3",86465463;-38,"51875305;""SR-CE"";""DEL16/1"";""UOP02/CE""",
"261980;585327;2020-01-10;""sexta"";""19:50:00"";""CE"";20;427;""FORTALEZA"";""Sim"";""Falta de Atenção à Condução"";1;""Colisão lateral"";""Com Vítimas Feridas"";""Plena Noite"";""Decrescente"";""Céu Claro"";""Dupla"";""Reta"";""Sim"";467458;""Motocicleta"";""YAMAHA/XTZ 125K"";2004;""Condutor"";""Lesões Leves"";20;""Masculino"";0;1;0;0;-3",86465463;-38,"51875305;""SR-CE"";""DEL16/1"";""UOP02/CE""",
"261981;583339;2020-01-10;""sexta"";""18:10:00"";""PE"";424;101","8;""GARANHUNS"";""Sim"";""Falta de Atenção à Condução"";1;""Colisão traseira"";""Com Vítimas Feridas"";""Plena Noite"";""Crescente"";""Céu Claro"";""Simples"";""Não Informado"";""Não"";467312;""Outros"";"""";NA;""Condutor"";""Não Informado"";NA;""Não Informado"";0;0;0;0;-8",96537965;-36,"51714353;""SR-PE"";""DEL11/3"";""UOP01/PE"""
"261981;583362;2020-01-10;""sexta"";""18:10:00"";""PE"";424;101","8;""GARANHUNS"";""Sim"";""Falta de Atenção à Condução"";1;""Colisão traseira"";""Com Vítimas Feridas"";""Plena Noite"";""Crescente"";""Céu Claro"";""Simples"";""Não Informado"";""Não"";467313;""Motocicleta"";""HONDA/POP100"";2012;""Condutor"";""Lesões Graves"";43;""Masculino"";0;0;1;0;-8",96537965;-36,"51714353;""SR-PE"";""DEL11/3"";""UOP01/PE"""
"261981;583363;2020-01-10;""sexta"";""18:10:00"";""PE"";424;101","8;""GARANHUNS"";""Sim"";""Falta de Atenção à Condução"";1;""Colisão traseira"";""Com Vítimas Feridas"";""Plena Noite"";""Crescente"";""Céu Claro"";""Simples"";""Não Informado"";""Não"";467314;""Caminhonete"";""FIAT/STRADA FREEDOM CD"";2019;""Condutor"";""Ileso"";37;""Masculino"";1;0;0;0;-8",96537965;-36,"51714353;""SR-PE"";""DEL11/3"";""UOP01/PE"""
"261981;583339;2020-01-10;""sexta"";""18:10:00"";""PE"";424;101","8;""GARANHUNS"";""Sim"";""Falta de Atenção à Condução"";2;""Colisão frontal"";""Com Vítimas Feridas"";""Plena Noite"";""Crescente"";""Céu Claro"";""Simples"";""Não Informado"";""Não"";467312;""Outros"";"""";NA;""Condutor"";""Não Informado"";NA;""Não Informado"";0;0;0;0;-8",96537965;-36,"51714353;""SR-PE"";""DEL11/3"";""UOP01/PE"""
"261981;583362;2020-01-10;""sexta"";""18:10:00"";""PE"";424;101","8;""GARANHUNS"";""Sim"";""Falta de Atenção à Condução"";2;""Colisão frontal"";""Com Vítimas Feridas"";""Plena Noite"";""Crescente"";""Céu Claro"";""Simples"";""Não Informado"";""Não"";467313;""Motocicleta"";""HONDA/POP100"";2012;""Condutor"";""Lesões Graves"";43;""Masculino"";0;0;1;0;-8",96537965;-36,"51714353;""SR-PE"";""DEL11/3"";""UOP01/PE"""
"261981;583363;2020-01-10;""sexta"";""18:10:00"";""PE"";424;101","8;""GARANHUNS"";""Sim"";""Falta de Atenção à Condução"";2;""Colisão frontal"";""Com Vítimas Feridas"";""Plena Noite"";""Crescente"";""Céu Claro"";""Simples"";""Não Informado"";""Não"";467314;""Caminhonete"";""FIAT/STRADA FREEDOM CD"";2019;""Condutor"";""Ileso"";37;""Masculino"";1;0;0;0;-8",96537965;-36,"51714353;""SR-PE"";""DEL11/3"";""UOP01/PE"""
"261982;583375;2020-01-10;""sexta"";""18:25:00"";""RS"";116;270;""PORTO ALEGRE"";""Sim"";""Não guardar distância de segurança"";1;""Colisão traseira"";""Com Vítimas Feridas"";""Plena Noite"";""Crescente"";""Chuva"";""Múltipla"";""Não Informado"";""Sim"";467398;""Automóvel"";""FORD/FIESTA FLEX"";2014;""Condutor"";""Ileso"";48;""Feminino"";1;0;0;0;-29",96839095;-51,"17623895;""SR-RS"";""DEL9/1"";""UOP01/RS""",
"261982;583372;2020-01-10;""sexta"";""18:25:00"";""RS"";116;270;""PORTO ALEGRE"";""Sim"";""Não guardar distância de segurança"";1;""Colisão traseira"";""Com Vítimas Feridas"";""Plena Noite"";""Crescente"";""Chuva"";""Múltipla"";""Não Informado"";""Sim"";467397;""Motocicleta"";""HONDA/CBX 250 TWISTER"";2004;""Condutor"";""Lesões Leves"";23;""Masculino"";0;1;0;0;-29",96839095;-51,"17623895;""SR-RS"";""DEL9/1"";""UOP01/RS""",
"261983;583274;2020-01-10;""sexta"";""14:00:00"";""MG"";365;505;""PATROCINIO"";""Sim"";""Falta de Atenção à Condução"";1;""Saída de leito carroçável"";""Sem Vítimas"";""Pleno dia"";""Crescente"";""Céu Claro"";""Simples"";""Não Informado"";""Não"";467320;""Automóvel"";""CHEVROLET/ONIX 10MT JOYE"";2019;""Condutor"";""Não Informado"";NA;""Não Informado"";0;0;0;0;-18",95015062;-47,"2727949;""SR-MG"";""DEL4/10"";""UOP01/MG""",
"261984;583344;2020-01-10;""sexta"";""19:45:00"";""PB"";230;17;""JOAO PESSOA"";""Sim"";""Ingestão de Álcool"";1;""Colisão com objeto estático"";""Sem Vítimas"";""Plena Noite"";""Decrescente"";""Céu Claro"";""Múltipla"";""Não Informado"";""Sim"";467311;""Utilitário"";""MMC/PAJERO TR4 FL 2WD HP"";2011;""Condutor"";""Ileso"";61;""Masculino"";1;0;0;0;-7",1121;-34,"8426;""SR-PB"";""DEL14/1"";""UOP01/PB""",
"261984;583344;2020-01-10;""sexta"";""19:45:00"";""PB"";230;17;""JOAO PESSOA"";""Não"";""Falta de Atenção à Condução"";1;""Colisão com objeto estático"";""Sem Vítimas"";""Plena Noite"";""Decrescente"";""Céu Claro"";""Múltipla"";""Não Informado"";""Sim"";467311;""Utilitário"";""MMC/PAJERO TR4 FL 2WD HP"";2011;""Condutor"";""Ileso"";61;""Masculino"";1;0;0;0;-7",1121;-34,"8426;""SR-PB"";""DEL14/1"";""UOP01/PB""",
"261986;583271;2020-01-10;""sexta"";""18:20:00"";""SC"";470;42","2;""GASPAR"";""Sim"";""Desobediência às normas de trânsito pelo condutor"";1;""Colisão traseira"";""Com Vítimas Feridas"";""Pleno dia"";""Decrescente"";""Nublado"";""Simples"";""Curva"";""Não"";467322;""Motocicleta"";""HONDA/CG 150 TITAN ESD"";2009;""Condutor"";""Lesões Leves"";27;""Masculino"";0;1;0;0;-26",87474139;-49,"00603473;""SR-SC"";""DEL8/4"";""UOP01/SC"""
"261986;583270;2020-01-10;""sexta"";""18:20:00"";""SC"";470;42","2;""GASPAR"";""Sim"";""Desobediência às normas de trânsito pelo condutor"";1;""Colisão traseira"";""Com Vítimas Feridas"";""Pleno dia"";""Decrescente"";""Nublado"";""Simples"";""Curva"";""Não"";467321;""Automóvel"";""VW/PARATI 1.8 EVIDENCE"";2002;""Condutor"";""Ileso"";32;""Feminino"";1;0;0;0;-26",87474139;-49,"00603473;""SR-SC"";""DEL8/4"";""UOP01/SC"""
"261987;NA;2020-01-10;""sexta"";""20:20:00"";""PR"";376;673;""GUARATUBA"";""Sim"";""Defeito Mecânico no Veículo"";1;""Incêndio"";""Sem Vítimas"";""Plena Noite"";""Decrescente"";""Nublado"";""Dupla"";""Reta"";""Não"";468680;""Semireboque"";""SR/FACCHINI SRF LOED"";2009;""Não Informado"";""Não Informado"";NA;""Não Informado"";0;0;0;0;-25",90540185;-48,"92108917;""SR-PR"";""DEL7/1"";""UOP08/PR""",
"261987;585098;2020-01-10;""sexta"";""20:20:00"";""PR"";376;673;""GUARATUBA"";""Sim"";""Defeito Mecânico no Veículo"";1;""Incêndio"";""Sem Vítimas"";""Plena Noite"";""Decrescente"";""Nublado"";""Dupla"";""Reta"";""Não"";467417;""Caminhão-trator"";""SCANIA/R124 LA4X2NA 400"";2005;""Condutor"";""Ileso"";32;""Masculino"";1;0;0;0;-25",90540185;-48,"92108917;""SR-PR"";""DEL7/1"";""UOP08/PR""",
"261988;583365;2020-01-10;""sexta"";""20:35:00"";""SC"";282;16;""PALHOCA"";""Sim"";""Desobediência às normas de trânsito pelo condutor"";1;""Colisão transversal"";""Com Vítimas Feridas"";""Plena Noite"";""Crescente"";""Garoa/Chuvisco"";""Simples"";""Reta"";""Sim"";467403;""Automóvel"";""I/CITROEN C4 PALLAS20GAF"";2009;""Condutor"";""Ileso"";45;""Masculino"";1;0;0;0;-27",658611;-48,"681847;""SR-SC"";""DEL8/1"";""UOP02/SC""",
"261988;583361;2020-01-10;""sexta"";""20:35:00"";""SC"";282;16;""PALHOCA"";""Sim"";""Desobediência às normas de trânsito pelo condutor"";1;""Colisão transversal"";""Com Vítimas Feridas"";""Plena Noite"";""Crescente"";""Garoa/Chuvisco"";""Simples"";""Reta"";""Sim"";467391;""Motocicleta"";""HONDA/CG 150 TITAN KS"";2005;""Condutor"";""Lesões Leves"";26;""Masculino"";0;1;0;0;-27",658611;-48,"681847;""SR-SC"";""DEL8/1"";""UOP02/SC""",
"261989;583332;2020-01-10;""sexta"";""20:15:00"";""SC"";101;123","4;""ITAJAI"";""Sim"";""Não guardar distância de segurança"";1;""Colisão traseira"";""Com Vítimas Feridas"";""Plena Noite"";""Crescente"";""Garoa/Chuvisco"";""Dupla"";""Não Informado"";""Sim"";467374;""Motocicleta"";""BMW/R1200 GS"";2017;""Passageiro"";""Lesões Leves"";61;""Feminino"";0;1;0;0;-26",93668609;-48,"69876905;""SR-SC"";""DEL8/4"";""UOP04/SC"""
"261989;583331;2020-01-10;""sexta"";""20:15:00"";""SC"";101;123","4;""ITAJAI"";""Sim"";""Não guardar distância de segurança"";1;""Colisão traseira"";""Com Vítimas Feridas"";""Plena Noite"";""Crescente"";""Garoa/Chuvisco"";""Dupla"";""Não Informado"";""Sim"";467374;""Motocicleta"";""BMW/R1200 GS"";2017;""Condutor"";""Lesões Leves"";65;""Masculino"";0;1;0;0;-26",93668609;-48,"69876905;""SR-SC"";""DEL8/4"";""UOP04/SC"""
"261989;583328;2020-01-10;""sexta"";""20:15:00"";""SC"";101;123","4;""ITAJAI"";""Sim"";""Não guardar distância de segurança"";1;""Colisão traseira"";""Com Vítimas Feridas"";""Plena Noite"";""Crescente"";""Garoa/Chuvisco"";""Dupla"";""Não Informado"";""Sim"";467373;""Automóvel"";""CHEVROLET/CELTA 1.0L LT"";2012;""Condutor"";""Ileso"";35;""Masculino"";1;0;0;0;-26",93668609;-48,"69876905;""SR-SC"";""DEL8/4"";""UOP04/SC"""
"261989;583329;2020-01-10;""sexta"";""20:15:00"";""SC"";101;123","4;""ITAJAI"";""Sim"";""Não guardar distância de segurança"";1;""Colisão traseira"";""Com Vítimas Feridas"";""Plena Noite"";""Crescente"";""Garoa/Chuvisco"";""Dupla"";""Não Informado"";""Sim"";467373;""Automóvel"";""CHEVROLET/CELTA 1.0L LT"";2012;""Passageiro"";""Ileso"";28;""Feminino"";1;0;0;0;-26",93668609;-48,"69876905;""SR-SC"";""DEL8/4"";""UOP04/SC"""
"261990;587572;2020-01-10;""sexta"";""09:30:00"";""MG"";116;528;""CARATINGA"";""Sim"";""Ultrapassagem Indevida"";1;""Colisão lateral"";""Com Vítimas Feridas"";""Pleno dia"";""Decrescente"";""Nublado"";""Dupla"";""Curva"";""Sim"";467347;""Motocicleta"";""HONDA/CG 125 CARGO KS"";2015;""Condutor"";""Lesões Graves"";24;""Masculino"";0;0;1;0;-19",794033;-42,"13731414;""SR-MG"";""DEL4/6"";""UOP02/MG""",
"261990;587568;2020-01-10;""sexta"";""09:30:00"";""MG"";116;528;""CARATINGA"";""Sim"";""Ultrapassagem Indevida"";1;""Colisão lateral"";""Com Vítimas Feridas"";""Pleno dia"";""Decrescente"";""Nublado"";""Dupla"";""Curva"";""Sim"";467346;""Motocicleta"";""HONDA/CG 150 TITAN ESD"";2011;""Condutor"";""Lesões Leves"";30;""Masculino"";0;1;0;0;-19",794033;-42,"13731414;""SR-MG"";""DEL4/6"";""UOP02/MG""",
"261990;587572;2020-01-10;""sexta"";""09:30:00"";""MG"";116;528;""CARATINGA"";""Sim"";""Ultrapassagem Indevida"";2;""Tombamento"";""Com Vítimas Feridas"";""Pleno dia"";""Decrescente"";""Nublado"";""Dupla"";""Curva"";""Sim"";467347;""Motocicleta"";""HONDA/CG 125 CARGO KS"";2015;""Condutor"";""Lesões Graves"";24;""Masculino"";0;0;1;0;-19",794033;-42,"13731414;""SR-MG"";""DEL4/6"";""UOP02/MG""",
"261990;587568;2020-01-10;""sexta"";""09:30:00"";""MG"";116;528;""CARATINGA"";""Sim"";""Ultrapassagem Indevida"";2;""Tombamento"";""Com Vítimas Feridas"";""Pleno dia"";""Decrescente"";""Nublado"";""Dupla"";""Curva"";""Sim"";467346;""Motocicleta"";""HONDA/CG 150 TITAN ESD"";2011;""Condutor"";""Lesões Leves"";30;""Masculino"";0;1;0;0;-19",794033;-42,"13731414;""SR-MG"";""DEL4/6"";""UOP02/MG""",