"id;""pesid"";""data_inversa"";""dia_semana"";""horario"";""uf"";""br"";""km"";""municipio"";""causa_principal"";""causa_acidente"";""ordem_tipo_acidente"";""tipo_acidente"";""classificacao_acidente"";""fase_dia"";""sentido_via"";""condicao_metereologica"";""tipo_pista"";""tracado_via"";""uso_solo"";""id_veiculo"";""tipo_veiculo"";""marca"";""ano_fabricacao_veiculo"";""tipo_envolvido"";""estado_fisico"";""idade"";""sexo"";""ilesos"";""feridos_leves"";""feridos_graves"";""mortos"";""latitude"";""longitude"";""regional"";""delegacia"";""uop""",,,
"261990;587572;2020-01-10;""sexta"";""09:30:00"";""MG"";116;528;""CARATINGA"";""Sim"";""Ultrapassagem Indevida"";3;""Tombamento"";""Com Vítimas Feridas"";""Pleno dia"";""Decrescente"";""Nublado"";""Dupla"";""Curva"";""Sim"";467347;""Motocicleta"";""HONDA/CG 125 CARGO KS"";2015;""Condutor"";""Lesões Graves"";24;""Masculino"";0;0;1;0;-19",794033;-42,"13731414;""SR-MG"";""DEL4/6"";""UOP02/MG""",
"261990;587568;2020-01-10;""sexta"";""09:30:00"";""MG"";116;528;""CARATINGA"";""Sim"";""Ultrapassagem Indevida"";3;""Tombamento"";""Com Vítimas Feridas"";""Pleno dia"";""Decrescente"";""Nublado"";""Dupla"";""Curva"";""Sim"";467346;""Motocicleta"";""HONDA/CG 150 TITAN ESD"";2011;""Condutor"";""Lesões Leves"";30;""Masculino"";0;1;0;0;-19",794033;-42,"13731414;""SR-MG"";""DEL4/6"";""UOP02/MG""",
"261991;583386;2020-01-10;""sexta"";""20:39:00"";""SP"";153;74","1;""SAO JOSE DO RIO PRETO"";""Sim"";""Velocidade Incompatível"";1;""Atropelamento de Pedestre"";""Com Vítimas Fatais"";""Plena Noite"";""Crescente"";""Céu Claro"";""Dupla"";""Não Informado"";""Sim"";467421;""Automóvel"";""FIAT/PALIO FIRE ECONOMY"";2013;""Pedestre"";""Óbito"";49;""Feminino"";0;0;0;1;-20",88538598;-49,"42676402;""SR-SP"";""DEL6/9"";""UOP01/SP"""
"261991;585310;2020-01-10;""sexta"";""20:39:00"";""SP"";153;74","1;""SAO JOSE DO RIO PRETO"";""Sim"";""Velocidade Incompatível"";1;""Atropelamento de Pedestre"";""Com Vítimas Fatais"";""Plena Noite"";""Crescente"";""Céu Claro"";""Dupla"";""Não Informado"";""Sim"";467421;""Automóvel"";""FIAT/PALIO FIRE ECONOMY"";2013;""Passageiro"";""Ileso"";29;""Feminino"";1;0;0;0;-20",88538598;-49,"42676402;""SR-SP"";""DEL6/9"";""UOP01/SP"""
"261991;585305;2020-01-10;""sexta"";""20:39:00"";""SP"";153;74","1;""SAO JOSE DO RIO PRETO"";""Sim"";""Velocidade Incompatível"";1;""Atropelamento de Pedestre"";""Com Vítimas Fatais"";""Plena Noite"";""Crescente"";""Céu Claro"";""Dupla"";""Não Informado"";""Sim"";467421;""Automóvel"";""FIAT/PALIO FIRE ECONOMY"";2013;""Condutor"";""Ileso"";28;""Masculino"";1;0;0;0;-20",88538598;-49,"42676402;""SR-SP"";""DEL6/9"";""UOP01/SP"""
"261991;585299;2020-01-10;""sexta"";""20:39:00"";""SP"";153;74","1;""SAO JOSE DO RIO PRETO"";""Sim"";""Velocidade Incompatível"";1;""Atropelamento de Pedestre"";""Com Vítimas Fatais"";""Plena Noite"";""Crescente"";""Céu Claro"";""Dupla"";""Não Informado"";""Sim"";467421;""Automóvel"";""FIAT/PALIO FIRE ECONOMY"";2013;""Pedestre"";""Ileso"";11;""Feminino"";1;0;0;0;-20",88538598;-49,"42676402;""SR-SP"";""DEL6/9"";""UOP01/SP"""
"261991;585298;2020-01-10;""sexta"";""20:39:00"";""SP"";153;74","1;""SAO JOSE DO RIO PRETO"";""Sim"";""Velocidade Incompatível"";1;""Atropelamento de Pedestre"";""Com Vítimas Fatais"";""Plena Noite"";""Crescente"";""Céu Claro"";""Dupla"";""Não Informado"";""Sim"";467421;""Automóvel"";""FIAT/PALIO FIRE ECONOMY"";2013;""Pedestre"";""Ileso"";45;""Masculino"";1;0;0;0;-20",88538598;-49,"42676402;""SR-SP"";""DEL6/9"";""UOP01/SP"""
"261992;586008;2020-01-10;""sexta"";""20:30:00"";""GO"";60;88","4;""ANAPOLIS"";""Sim"";""Defeito Mecânico no Veículo"";1;""Saída de leito carroçável"";""Sem Vítimas"";""Plena Noite"";""Decrescente"";""Céu Claro"";""Dupla"";""Retorno Regulamentado"";""Não"";467340;""Automóvel"";""FORD/KA"";1998;""Condutor"";""Ileso"";27;""Masculino"";1;0;0;0;-16",3315;-48,"8885;""SR-GO"";""DEL1/2"";""UOP01/GO"""
"261993;583364;2020-01-10;""sexta"";""20:30:00"";""PR"";376;500","5;""PONTA GROSSA"";""Sim"";""Falta de Atenção do Pedestre"";1;""Atropelamento de Pedestre"";""Com Vítimas Fatais"";""Plena Noite"";""Decrescente"";""Nublado"";""Dupla"";""Reta"";""Sim"";467390;""Automóvel"";""HYUNDAI/HB20 1.0M COMFOR"";2017;""Condutor"";""Ileso"";38;""Feminino"";1;0;0;0;-25",20185079;-50,"07092178;""SR-PR"";""DEL7/3"";""UOP03/PR"""
"261993;583357;2020-01-10;""sexta"";""20:30:00"";""PR"";376;500","5;""PONTA GROSSA"";""Sim"";""Falta de Atenção do Pedestre"";1;""Atropelamento de Pedestre"";""Com Vítimas Fatais"";""Plena Noite"";""Decrescente"";""Nublado"";""Dupla"";""Reta"";""Sim"";467390;""Automóvel"";""HYUNDAI/HB20 1.0M COMFOR"";2017;""Pedestre"";""Óbito"";64;""Masculino"";0;0;0;1;-25",20185079;-50,"07092178;""SR-PR"";""DEL7/3"";""UOP03/PR"""
"261994;584400;2020-01-10;""sexta"";""20:40:00"";""BA"";407;5","1;""JUAZEIRO"";""Sim"";""Ultrapassagem Indevida"";1;""Colisão lateral"";""Com Vítimas Feridas"";""Plena Noite"";""Crescente"";""Céu Claro"";""Simples"";""Reta"";""Sim"";467384;""Motocicleta"";""HONDA/CG 125 FAN ES"";2011;""Condutor"";""Lesões Leves"";49;""Masculino"";0;1;0;0;-9",44778544;-40,"49043801;""SR-PE"";""DEL11/6"";""UOP01/PE"""
"261994;584398;2020-01-10;""sexta"";""20:40:00"";""BA"";407;5","1;""JUAZEIRO"";""Sim"";""Ultrapassagem Indevida"";1;""Colisão lateral"";""Com Vítimas Feridas"";""Plena Noite"";""Crescente"";""Céu Claro"";""Simples"";""Reta"";""Sim"";467383;""Automóvel"";""VW/NOVO VOYAGE 1.6 CITY"";2014;""Condutor"";""Ileso"";57;""Masculino"";1;0;0;0;-9",44778544;-40,"49043801;""SR-PE"";""DEL11/6"";""UOP01/PE"""
"261995;587996;2020-01-10;""sexta"";""14:00:00"";""MA"";222;198;""ITAPECURU MIRIM"";""Sim"";""Ingestão de Álcool"";1;""Colisão traseira"";""Com Vítimas Fatais"";""Pleno dia"";""Crescente"";""Nublado"";""Simples"";""Reta"";""Não"";467339;""Automóvel"";""CHEVROLET/ONIX 1.0MT LT"";2013;""Condutor"";""Ileso"";67;""Masculino"";1;0;0;0;-3",45335105;-44,"30532702;""SR-MA"";""DEL18/1"";""UOP02/MA""",
"261995;583292;2020-01-10;""sexta"";""14:00:00"";""MA"";222;198;""ITAPECURU MIRIM"";""Sim"";""Ingestão de Álcool"";1;""Colisão traseira"";""Com Vítimas Fatais"";""Pleno dia"";""Crescente"";""Nublado"";""Simples"";""Reta"";""Não"";467338;""Ciclomotor"";""TRAXX/JL50 Q2"";2011;""Passageiro"";""Óbito"";16;""Masculino"";0;0;0;1;-3",45335105;-44,"30532702;""SR-MA"";""DEL18/1"";""UOP02/MA""",
"261995;588006;2020-01-10;""sexta"";""14:00:00"";""MA"";222;198;""ITAPECURU MIRIM"";""Sim"";""Ingestão de Álcool"";1;""Colisão traseira"";""Com Vítimas Fatais"";""Pleno dia"";""Crescente"";""Nublado"";""Simples"";""Reta"";""Não"";467338;""Ciclomotor"";""TRAXX/JL50 Q2"";2011;""Condutor"";""Lesões Graves"";22;""Feminino"";0;0;1;0;-3",45335105;-44,"30532702;""SR-MA"";""DEL18/1"";""UOP02/MA""",
"261996;583407;2020-01-10;""sexta"";""20:50:00"";""RN"";304;107","5;""ACU"";""Sim"";""Animais na Pista"";2;""Tombamento"";""Com Vítimas Feridas"";""Plena Noite"";""Crescente"";""Nublado"";""Simples"";""Reta"";""Não"";467441;""Motocicleta"";"""";NA;""Condutor"";""Lesões Leves"";48;""Masculino"";0;1;0;0;-5",58746372;-36,"96302004;""SR-RN"";""DEL15/4"";""UOP01/RN"""
"261996;583407;2020-01-10;""sexta"";""20:50:00"";""RN"";304;107","5;""ACU"";""Sim"";""Animais na Pista"";1;""Atropelamento de Animal"";""Com Vítimas Feridas"";""Plena Noite"";""Crescente"";""Nublado"";""Simples"";""Reta"";""Não"";467441;""Motocicleta"";"""";NA;""Condutor"";""Lesões Leves"";48;""Masculino"";0;1;0;0;-5",58746372;-36,"96302004;""SR-RN"";""DEL15/4"";""UOP01/RN"""
"261996;583407;2020-01-10;""sexta"";""20:50:00"";""RN"";304;107","5;""ACU"";""Sim"";""Animais na Pista"";3;""Queda de ocupante de veículo"";""Com Vítimas Feridas"";""Plena Noite"";""Crescente"";""Nublado"";""Simples"";""Reta"";""Não"";467441;""Motocicleta"";"""";NA;""Condutor"";""Lesões Leves"";48;""Masculino"";0;1;0;0;-5",58746372;-36,"96302004;""SR-RN"";""DEL15/4"";""UOP01/RN"""
"261998;583371;2020-01-10;""sexta"";""21:40:00"";""SP"";116;15","1;""QUELUZ"";""Sim"";""Animais na Pista"";1;""Atropelamento de Animal"";""Sem Vítimas"";""Plena Noite"";""Crescente"";""Céu Claro"";""Dupla"";""Curva"";""Não"";467407;""Camioneta"";""HYUNDAI/IX35 B"";2014;""Condutor"";""Ileso"";34;""Masculino"";1;0;0;0;-22",56007021;-44,"82886594;""SR-SP"";""DEL6/8"";""UOP01/SP"""
"261999;583442;2020-01-10;""sexta"";""18:30:00"";""MG"";262;446","1;""NOVA SERRANA"";""Não"";""Desobediência às normas de trânsito pelo condutor"";1;""Colisão com objeto estático"";""Com Vítimas Feridas"";""Plena Noite"";""Decrescente"";""Céu Claro"";""Múltipla"";""Rotatória"";""Sim"";467355;""Automóvel"";""FIAT/PREMIO CS 1.3"";1987;""Condutor"";""Lesões Leves"";47;""Masculino"";0;1;0;0;-19",86395521;-44,"99791861;""SR-MG"";""DEL4/8"";""UOP03/MG"""
"261999;583442;2020-01-10;""sexta"";""18:30:00"";""MG"";262;446","1;""NOVA SERRANA"";""Sim"";""Ingestão de Álcool"";1;""Colisão com objeto estático"";""Com Vítimas Feridas"";""Plena Noite"";""Decrescente"";""Céu Claro"";""Múltipla"";""Rotatória"";""Sim"";467355;""Automóvel"";""FIAT/PREMIO CS 1.3"";1987;""Condutor"";""Lesões Leves"";47;""Masculino"";0;1;0;0;-19",86395521;-44,"99791861;""SR-MG"";""DEL4/8"";""UOP03/MG"""
"262000;585735;2020-01-10;""sexta"";""21:20:00"";""RJ"";40;123;""DUQUE DE CAXIAS"";""Sim"";""Falta de Atenção à Condução"";1;""Colisão frontal"";""Com Vítimas Feridas"";""Plena Noite"";""Crescente"";""Céu Claro"";""Simples"";""Curva"";""Sim"";467426;""Automóvel"";""TOYOTA/COROLLA XEI20FLEX"";2015;""Condutor"";""Ileso"";45;""Masculino"";1;0;0;0;-22",79907687;-43,"29015739;""SR-RJ"";""DEL5/1"";""UOP01/RJ""",
"262000;585733;2020-01-10;""sexta"";""21:20:00"";""RJ"";40;123;""DUQUE DE CAXIAS"";""Sim"";""Falta de Atenção à Condução"";1;""Colisão frontal"";""Com Vítimas Feridas"";""Plena Noite"";""Crescente"";""Céu Claro"";""Simples"";""Curva"";""Sim"";467425;""Automóvel"";""I/JAC J3 TURIN"";2011;""Condutor"";""Lesões Leves"";30;""Masculino"";0;1;0;0;-22",79907687;-43,"29015739;""SR-RJ"";""DEL5/1"";""UOP01/RJ""",
"262001;583418;2020-01-10;""sexta"";""21:35:00"";""RN"";101;99","5;""NATAL"";""Sim"";""Avarias e/ou desgaste excessivo no pneu"";1;""Queda de ocupante de veículo"";""Com Vítimas Feridas"";""Plena Noite"";""Crescente"";""Céu Claro"";""Dupla"";""Reta"";""Sim"";467378;""Motocicleta"";""HONDA/XRE 300"";2009;""Condutor"";""Lesões Leves"";30;""Masculino"";0;1;0;0;-5",87359183;-35,"22063023;""SR-RN"";""DEL15/1"";""UOP01/RN"""
"262002;585038;2020-01-10;""sexta"";""21:40:00"";""SP"";116;6;""QUELUZ"";""Sim"";""Falta de Atenção à Condução"";1;""Colisão traseira"";""Com Vítimas Feridas"";""Plena Noite"";""Crescente"";""Céu Claro"";""Dupla"";""Reta"";""Sim"";467399;""Caminhão-trator"";""M.BENZ/AXOR 2540 S"";2009;""Condutor"";""Lesões Leves"";34;""Masculino"";0;1;0;0;-22",53158181;-44,"75374706;""SR-SP"";""DEL6/8"";""UOP01/SP""",
"262002;585040;2020-01-10;""sexta"";""21:40:00"";""SP"";116;6;""QUELUZ"";""Sim"";""Falta de Atenção à Condução"";1;""Colisão traseira"";""Com Vítimas Feridas"";""Plena Noite"";""Crescente"";""Céu Claro"";""Dupla"";""Reta"";""Sim"";467400;""Caminhão-trator"";""M.BENZ/LS 1634"";2010;""Condutor"";""Ileso"";39;""Masculino"";1;0;0;0;-22",53158181;-44,"75374706;""SR-SP"";""DEL6/8"";""UOP01/SP""",
"262002;NA;2020-01-10;""sexta"";""21:40:00"";""SP"";116;6;""QUELUZ"";""Sim"";""Falta de Atenção à Condução"";1;""Colisão traseira"";""Com Vítimas Feridas"";""Plena Noite"";""Crescente"";""Céu Claro"";""Dupla"";""Reta"";""Sim"";468651;""Semireboque"";""SR/RANDON SR CA"";2013;""Não Informado"";""Não Informado"";NA;""Não Informado"";0;0;0;0;-22",53158181;-44,"75374706;""SR-SP"";""DEL6/8"";""UOP01/SP""",
"262002;NA;2020-01-10;""sexta"";""21:40:00"";""SP"";116;6;""QUELUZ"";""Sim"";""Falta de Atenção à Condução"";1;""Colisão traseira"";""Com Vítimas Feridas"";""Plena Noite"";""Crescente"";""Céu Claro"";""Dupla"";""Reta"";""Sim"";468650;""Semireboque"";""SR/NOMA SR3E27 BF"";2011;""Não Informado"";""Não Informado"";NA;""Não Informado"";0;0;0;0;-22",53158181;-44,"75374706;""SR-SP"";""DEL6/8"";""UOP01/SP""",
"262003;583330;2020-01-10;""sexta"";""20:00:00"";""RS"";153;655","5;""ACEGUA"";""Sim"";""Animais na Pista"";1;""Atropelamento de Animal"";""Sem Vítimas"";""Plena Noite"";""Decrescente"";""Céu Claro"";""Simples"";""Reta"";""Não"";467377;""Caminhonete"";""IMP/TOYOTA HILUX 4X2 CD"";1993;""Cavaleiro"";""Ileso"";33;""Masculino"";1;0;0;0;-31",52910702;-54,"13796358;""SR-RS"";""DEL9/11"";""UOP03/RS"""
"262003;583327;2020-01-10;""sexta"";""20:00:00"";""RS"";153;655","5;""ACEGUA"";""Sim"";""Animais na Pista"";1;""Atropelamento de Animal"";""Sem Vítimas"";""Plena Noite"";""Decrescente"";""Céu Claro"";""Simples"";""Reta"";""Não"";467377;""Caminhonete"";""IMP/TOYOTA HILUX 4X2 CD"";1993;""Passageiro"";""Ileso"";NA;""Feminino"";1;0;0;0;-31",52910702;-54,"13796358;""SR-RS"";""DEL9/11"";""UOP03/RS"""
"262003;583326;2020-01-10;""sexta"";""20:00:00"";""RS"";153;655","5;""ACEGUA"";""Sim"";""Animais na Pista"";1;""Atropelamento de Animal"";""Sem Vítimas"";""Plena Noite"";""Decrescente"";""Céu Claro"";""Simples"";""Reta"";""Não"";467377;""Caminhonete"";""IMP/TOYOTA HILUX 4X2 CD"";1993;""Condutor"";""Ileso"";55;""Masculino"";1;0;0;0;-31",52910702;-54,"13796358;""SR-RS"";""DEL9/11"";""UOP03/RS"""
"262004;583354;2020-01-10;""sexta"";""19:30:00"";""SC"";282;518","8;""XAXIM"";""Sim"";""Avarias e/ou desgaste excessivo no pneu"";1;""Colisão frontal"";""Com Vítimas Feridas"";""Plena Noite"";""Crescente"";""Chuva"";""Simples"";""Reta"";""Não"";467380;""Automóvel"";""VW/FOX 1.0 GII"";2010;""Passageiro"";""Lesões Graves"";62;""Feminino"";0;0;1;0;-26",944099;-52,"508427;""SR-SC"";""DEL7"";""UOP01/SC"""
"262004;583353;2020-01-10;""sexta"";""19:30:00"";""SC"";282;518","8;""XAXIM"";""Sim"";""Avarias e/ou desgaste excessivo no pneu"";1;""Colisão frontal"";""Com Vítimas Feridas"";""Plena Noite"";""Crescente"";""Chuva"";""Simples"";""Reta"";""Não"";467380;""Automóvel"";""VW/FOX 1.0 GII"";2010;""Condutor"";""Lesões Graves"";60;""Masculino"";0;0;1;0;-26",944099;-52,"508427;""SR-SC"";""DEL7"";""UOP01/SC"""
"262004;583351;2020-01-10;""sexta"";""19:30:00"";""SC"";282;518","8;""XAXIM"";""Sim"";""Avarias e/ou desgaste excessivo no pneu"";1;""Colisão frontal"";""Com Vítimas Feridas"";""Plena Noite"";""Crescente"";""Chuva"";""Simples"";""Reta"";""Não"";467379;""Automóvel"";""VW/GOL 1.0 GIV"";2010;""Condutor"";""Lesões Graves"";27;""Masculino"";0;0;1;0;-26",944099;-52,"508427;""SR-SC"";""DEL7"";""UOP01/SC"""
"262005;NA;2020-01-10;""sexta"";""19:45:00"";""MT"";364;472;""VARZEA GRANDE"";""Sim"";""Velocidade Incompatível"";1;""Saída de leito carroçável"";""Com Vítimas Feridas"";""Pleno dia"";""Decrescente"";""Céu Claro"";""Simples"";""Reta"";""Não"";467389;""Semireboque"";""SR/GUERRA AG TQ"";2007;""Não Informado"";""Não Informado"";NA;""Não Informado"";0;0;0;0;-15",44730266;-56,"32918067;""SR-MT"";""DEL2/4"";""UOP02/MT""",
"262005;583349;2020-01-10;""sexta"";""19:45:00"";""MT"";364;472;""VARZEA GRANDE"";""Sim"";""Velocidade Incompatível"";1;""Saída de leito carroçável"";""Com Vítimas Feridas"";""Pleno dia"";""Decrescente"";""Céu Claro"";""Simples"";""Reta"";""Não"";467382;""Caminhão-trator"";""VOLVO/FH 440 6X2T"";2008;""Condutor"";""Lesões Leves"";41;""Masculino"";0;1;0;0;-15",44730266;-56,"32918067;""SR-MT"";""DEL2/4"";""UOP02/MT""",
"262005;NA;2020-01-10;""sexta"";""19:45:00"";""MT"";364;472;""VARZEA GRANDE"";""Sim"";""Velocidade Incompatível"";1;""Saída de leito carroçável"";""Com Vítimas Feridas"";""Pleno dia"";""Decrescente"";""Céu Claro"";""Simples"";""Reta"";""Não"";468593;""Semireboque"";""SR/GUERRA AG TQ"";2007;""Não Informado"";""Não Informado"";NA;""Não Informado"";0;0;0;0;-15",44730266;-56,"32918067;""SR-MT"";""DEL2/4"";""UOP02/MT""",
"262005;NA;2020-01-10;""sexta"";""19:45:00"";""MT"";364;472;""VARZEA GRANDE"";""Sim"";""Velocidade Incompatível"";2;""Tombamento"";""Com Vítimas Feridas"";""Pleno dia"";""Decrescente"";""Céu Claro"";""Simples"";""Reta"";""Não"";467389;""Semireboque"";""SR/GUERRA AG TQ"";2007;""Não Informado"";""Não Informado"";NA;""Não Informado"";0;0;0;0;-15",44730266;-56,"32918067;""SR-MT"";""DEL2/4"";""UOP02/MT""",
"262005;583349;2020-01-10;""sexta"";""19:45:00"";""MT"";364;472;""VARZEA GRANDE"";""Sim"";""Velocidade Incompatível"";2;""Tombamento"";""Com Vítimas Feridas"";""Pleno dia"";""Decrescente"";""Céu Claro"";""Simples"";""Reta"";""Não"";467382;""Caminhão-trator"";""VOLVO/FH 440 6X2T"";2008;""Condutor"";""Lesões Leves"";41;""Masculino"";0;1;0;0;-15",44730266;-56,"32918067;""SR-MT"";""DEL2/4"";""UOP02/MT""",
"262005;NA;2020-01-10;""sexta"";""19:45:00"";""MT"";364;472;""VARZEA GRANDE"";""Sim"";""Velocidade Incompatível"";2;""Tombamento"";""Com Vítimas Feridas"";""Pleno dia"";""Decrescente"";""Céu Claro"";""Simples"";""Reta"";""Não"";468593;""Semireboque"";""SR/GUERRA AG TQ"";2007;""Não Informado"";""Não Informado"";NA;""Não Informado"";0;0;0;0;-15",44730266;-56,"32918067;""SR-MT"";""DEL2/4"";""UOP02/MT""",
"262005;NA;2020-01-10;""sexta"";""19:45:00"";""MT"";364;472;""VARZEA GRANDE"";""Não"";""Defeito na Via"";1;""Saída de leito carroçável"";""Com Vítimas Feridas"";""Pleno dia"";""Decrescente"";""Céu Claro"";""Simples"";""Reta"";""Não"";467389;""Semireboque"";""SR/GUERRA AG TQ"";2007;""Não Informado"";""Não Informado"";NA;""Não Informado"";0;0;0;0;-15",44730266;-56,"32918067;""SR-MT"";""DEL2/4"";""UOP02/MT""",
"262005;583349;2020-01-10;""sexta"";""19:45:00"";""MT"";364;472;""VARZEA GRANDE"";""Não"";""Defeito na Via"";1;""Saída de leito carroçável"";""Com Vítimas Feridas"";""Pleno dia"";""Decrescente"";""Céu Claro"";""Simples"";""Reta"";""Não"";467382;""Caminhão-trator"";""VOLVO/FH 440 6X2T"";2008;""Condutor"";""Lesões Leves"";41;""Masculino"";0;1;0;0;-15",44730266;-56,"32918067;""SR-MT"";""DEL2/4"";""UOP02/MT""",
"262005;NA;2020-01-10;""sexta"";""19:45:00"";""MT"";364;472;""VARZEA GRANDE"";""Não"";""Defeito na Via"";1;""Saída de leito carroçável"";""Com Vítimas Feridas"";""Pleno dia"";""Decrescente"";""Céu Claro"";""Simples"";""Reta"";""Não"";468593;""Semireboque"";""SR/GUERRA AG TQ"";2007;""Não Informado"";""Não Informado"";NA;""Não Informado"";0;0;0;0;-15",44730266;-56,"32918067;""SR-MT"";""DEL2/4"";""UOP02/MT""",
"262005;NA;2020-01-10;""sexta"";""19:45:00"";""MT"";364;472;""VARZEA GRANDE"";""Não"";""Defeito na Via"";2;""Tombamento"";""Com Vítimas Feridas"";""Pleno dia"";""Decrescente"";""Céu Claro"";""Simples"";""Reta"";""Não"";467389;""Semireboque"";""SR/GUERRA AG TQ"";2007;""Não Informado"";""Não Informado"";NA;""Não Informado"";0;0;0;0;-15",44730266;-56,"32918067;""SR-MT"";""DEL2/4"";""UOP02/MT""",
"262005;583349;2020-01-10;""sexta"";""19:45:00"";""MT"";364;472;""VARZEA GRANDE"";""Não"";""Defeito na Via"";2;""Tombamento"";""Com Vítimas Feridas"";""Pleno dia"";""Decrescente"";""Céu Claro"";""Simples"";""Reta"";""Não"";467382;""Caminhão-trator"";""VOLVO/FH 440 6X2T"";2008;""Condutor"";""Lesões Leves"";41;""Masculino"";0;1;0;0;-15",44730266;-56,"32918067;""SR-MT"";""DEL2/4"";""UOP02/MT""",
"262005;NA;2020-01-10;""sexta"";""19:45:00"";""MT"";364;472;""VARZEA GRANDE"";""Não"";""Defeito na Via"";2;""Tombamento"";""Com Vítimas Feridas"";""Pleno dia"";""Decrescente"";""Céu Claro"";""Simples"";""Reta"";""Não"";468593;""Semireboque"";""SR/GUERRA AG TQ"";2007;""Não Informado"";""Não Informado"";NA;""Não Informado"";0;0;0;0;-15",44730266;-56,"32918067;""SR-MT"";""DEL2/4"";""UOP02/MT""",
"262006;583488;2020-01-10;""sexta"";""22:40:00"";""GO"";70;15;""COCALZINHO DE GOIAS"";""Sim"";""Falta de Atenção à Condução"";1;""Colisão traseira"";""Com Vítimas Feridas"";""Plena Noite"";""Crescente"";""Céu Claro"";""Simples"";""Reta"";""Não"";467513;""Caminhão"";"""";NA;""Condutor"";""Não Informado"";NA;""Não Informado"";0;0;0;0;-15",75578998;-48,"33282786;""SR-DF"";""UOP06/DF"";""""",
"262006;583486;2020-01-10;""sexta"";""22:40:00"";""GO"";70;15;""COCALZINHO DE GOIAS"";""Sim"";""Falta de Atenção à Condução"";1;""Colisão traseira"";""Com Vítimas Feridas"";""Plena Noite"";""Crescente"";""Céu Claro"";""Simples"";""Reta"";""Não"";467509;""Automóvel"";""FIAT/PALIO FIRE ECONOMY"";2011;""Condutor"";""Lesões Leves"";48;""Masculino"";0;1;0;0;-15",75578998;-48,"33282786;""SR-DF"";""UOP06/DF"";""""",
"262006;583484;2020-01-10;""sexta"";""22:40:00"";""GO"";70;15;""COCALZINHO DE GOIAS"";""Sim"";""Falta de Atenção à Condução"";1;""Colisão traseira"";""Com Vítimas Feridas"";""Plena Noite"";""Crescente"";""Céu Claro"";""Simples"";""Reta"";""Não"";467508;""Motocicleta"";""HONDA/NXR150 BROS ESD"";2013;""Condutor"";""Lesões Leves"";27;""Masculino"";0;1;0;0;-15",75578998;-48,"33282786;""SR-DF"";""UOP06/DF"";""""",
"262007;583470;2020-01-10;""sexta"";""21:43:00"";""SC"";101;119","2;""ITAJAI"";""Sim"";""Ingestão de Álcool"";1;""Colisão traseira"";""Com Vítimas Feridas"";""Plena Noite"";""Crescente"";""Chuva"";""Dupla"";""Reta"";""Sim"";467406;""Automóvel"";""GM/MERIVA JOY"";2011;""Condutor"";""Ileso"";57;""Masculino"";1;0;0;0;-26",9043179;-48,"71555481;""SR-SC"";""DEL8/4"";""UOP04/SC"""
"262007;583465;2020-01-10;""sexta"";""21:43:00"";""SC"";101;119","2;""ITAJAI"";""Sim"";""Ingestão de Álcool"";1;""Colisão traseira"";""Com Vítimas Feridas"";""Plena Noite"";""Crescente"";""Chuva"";""Dupla"";""Reta"";""Sim"";467405;""Automóvel"";""GM/CORSA SEDAN PREMIUM"";2008;""Passageiro"";""Lesões Leves"";37;""Feminino"";0;1;0;0;-26",9043179;-48,"71555481;""SR-SC"";""DEL8/4"";""UOP04/SC"""
"262007;583461;2020-01-10;""sexta"";""21:43:00"";""SC"";101;119","2;""ITAJAI"";""Sim"";""Ingestão de Álcool"";1;""Colisão traseira"";""Com Vítimas Feridas"";""Plena Noite"";""Crescente"";""Chuva"";""Dupla"";""Reta"";""Sim"";467405;""Automóvel"";""GM/CORSA SEDAN PREMIUM"";2008;""Condutor"";""Ileso"";21;""Masculino"";1;0;0;0;-26",9043179;-48,"71555481;""SR-SC"";""DEL8/4"";""UOP04/SC"""
"262008;585227;2020-01-10;""sexta"";""23:20:00"";""GO"";60;300;""ACREUNA"";""Sim"";""Animais na Pista"";2;""Atropelamento de Animal"";""Com Vítimas Feridas"";""Plena Noite"";""Decrescente"";""Nublado"";""Dupla"";""Reta"";""Não"";467503;""Caminhonete"";""FIAT/FIORINO FLEX"";2008;""Condutor"";""Lesões Graves"";31;""Masculino"";0;0;1;0;-17",3646;-50,"3363;""SR-GO"";""DEL1/4"";""UOP01/GO""",
"262008;585220;2020-01-10;""sexta"";""23:20:00"";""GO"";60;300;""ACREUNA"";""Sim"";""Animais na Pista"";2;""Atropelamento de Animal"";""Com Vítimas Feridas"";""Plena Noite"";""Decrescente"";""Nublado"";""Dupla"";""Reta"";""Não"";467502;""Caminhão"";""IVECO/TECTOR 240E25"";2011;""Condutor"";""Ileso"";42;""Masculino"";1;0;0;0;-17",3646;-50,"3363;""SR-GO"";""DEL1/4"";""UOP01/GO""",
"262008;585227;2020-01-10;""sexta"";""23:20:00"";""GO"";60;300;""ACREUNA"";""Sim"";""Animais na Pista"";1;""Atropelamento de Animal"";""Com Vítimas Feridas"";""Plena Noite"";""Decrescente"";""Nublado"";""Dupla"";""Reta"";""Não"";467503;""Caminhonete"";""FIAT/FIORINO FLEX"";2008;""Condutor"";""Lesões Graves"";31;""Masculino"";0;0;1;0;-17",3646;-50,"3363;""SR-GO"";""DEL1/4"";""UOP01/GO""",
"262008;585220;2020-01-10;""sexta"";""23:20:00"";""GO"";60;300;""ACREUNA"";""Sim"";""Animais na Pista"";1;""Atropelamento de Animal"";""Com Vítimas Feridas"";""Plena Noite"";""Decrescente"";""Nublado"";""Dupla"";""Reta"";""Não"";467502;""Caminhão"";""IVECO/TECTOR 240E25"";2011;""Condutor"";""Ileso"";42;""Masculino"";1;0;0;0;-17",3646;-50,"3363;""SR-GO"";""DEL1/4"";""UOP01/GO""",