"id;""pesid"";""data_inversa"";""dia_semana"";""horario"";""uf"";""br"";""km"";""municipio"";""causa_principal"";""causa_acidente"";""ordem_tipo_acidente"";""tipo_acidente"";""classificacao_acidente"";""fase_dia"";""sentido_via"";""condicao_metereologica"";""tipo_pista"";""tracado_via"";""uso_solo"";""id_veiculo"";""tipo_veiculo"";""marca"";""ano_fabricacao_veiculo"";""tipo_envolvido"";""estado_fisico"";""idade"";""sexo"";""ilesos"";""feridos_leves"";""feridos_graves"";""mortos"";""latitude"";""longitude"";""regional"";""delegacia"";""uop""",,,
"262009;NA;2020-01-10;""sexta"";""18:15:00"";""MT"";70;715;""CACERES"";""Sim"";""Não guardar distância de segurança"";3;""Capotamento"";""Com Vítimas Feridas"";""Anoitecer"";""Crescente"";""Céu Claro"";""Simples"";""Reta"";""Não"";467418;""Semireboque"";""SR/NIJU NJSRFR 3E"";2017;""Não Informado"";""Não Informado"";NA;""Não Informado"";0;0;0;0;-16",24064796;-57,"555531;""SR-MT"";""DEL2/3"";""UOP01/MT""",
"262009;583384;2020-01-10;""sexta"";""18:15:00"";""MT"";70;715;""CACERES"";""Sim"";""Não guardar distância de segurança"";3;""Capotamento"";""Com Vítimas Feridas"";""Anoitecer"";""Crescente"";""Céu Claro"";""Simples"";""Reta"";""Não"";467402;""Caminhão-trator"";""SCANIA/R450 A6X2"";2019;""Condutor"";""Ileso"";38;""Masculino"";1;0;0;0;-16",24064796;-57,"555531;""SR-MT"";""DEL2/3"";""UOP01/MT""",
"262009;583380;2020-01-10;""sexta"";""18:15:00"";""MT"";70;715;""CACERES"";""Sim"";""Não guardar distância de segurança"";3;""Capotamento"";""Com Vítimas Feridas"";""Anoitecer"";""Crescente"";""Céu Claro"";""Simples"";""Reta"";""Não"";467401;""Automóvel"";""VW/FOX XTREME MB"";2018;""Condutor"";""Lesões Leves"";65;""Feminino"";0;1;0;0;-16",24064796;-57,"555531;""SR-MT"";""DEL2/3"";""UOP01/MT""",
"262009;NA;2020-01-10;""sexta"";""18:15:00"";""MT"";70;715;""CACERES"";""Sim"";""Não guardar distância de segurança"";2;""Colisão com objeto estático"";""Com Vítimas Feridas"";""Anoitecer"";""Crescente"";""Céu Claro"";""Simples"";""Reta"";""Não"";467418;""Semireboque"";""SR/NIJU NJSRFR 3E"";2017;""Não Informado"";""Não Informado"";NA;""Não Informado"";0;0;0;0;-16",24064796;-57,"555531;""SR-MT"";""DEL2/3"";""UOP01/MT""",
"262009;583384;2020-01-10;""sexta"";""18:15:00"";""MT"";70;715;""CACERES"";""Sim"";""Não guardar distância de segurança"";2;""Colisão com objeto estático"";""Com Vítimas Feridas"";""Anoitecer"";""Crescente"";""Céu Claro"";""Simples"";""Reta"";""Não"";467402;""Caminhão-trator"";""SCANIA/R450 A6X2"";2019;""Condutor"";""Ileso"";38;""Masculino"";1;0;0;0;-16",24064796;-57,"555531;""SR-MT"";""DEL2/3"";""UOP01/MT""",
"262009;583380;2020-01-10;""sexta"";""18:15:00"";""MT"";70;715;""CACERES"";""Sim"";""Não guardar distância de segurança"";2;""Colisão com objeto estático"";""Com Vítimas Feridas"";""Anoitecer"";""Crescente"";""Céu Claro"";""Simples"";""Reta"";""Não"";467401;""Automóvel"";""VW/FOX XTREME MB"";2018;""Condutor"";""Lesões Leves"";65;""Feminino"";0;1;0;0;-16",24064796;-57,"555531;""SR-MT"";""DEL2/3"";""UOP01/MT""",
"262009;NA;2020-01-10;""sexta"";""18:15:00"";""MT"";70;715;""CACERES"";""Sim"";""Não guardar distância de segurança"";1;""Colisão lateral"";""Com Vítimas Feridas"";""Anoitecer"";""Crescente"";""Céu Claro"";""Simples"";""Reta"";""Não"";467418;""Semireboque"";""SR/NIJU NJSRFR 3E"";2017;""Não Informado"";""Não Informado"";NA;""Não Informado"";0;0;0;0;-16",24064796;-57,"555531;""SR-MT"";""DEL2/3"";""UOP01/MT""",
"262009;583384;2020-01-10;""sexta"";""18:15:00"";""MT"";70;715;""CACERES"";""Sim"";""Não guardar distância de segurança"";1;""Colisão lateral"";""Com Vítimas Feridas"";""Anoitecer"";""Crescente"";""Céu Claro"";""Simples"";""Reta"";""Não"";467402;""Caminhão-trator"";""SCANIA/R450 A6X2"";2019;""Condutor"";""Ileso"";38;""Masculino"";1;0;0;0;-16",24064796;-57,"555531;""SR-MT"";""DEL2/3"";""UOP01/MT""",
"262009;583380;2020-01-10;""sexta"";""18:15:00"";""MT"";70;715;""CACERES"";""Sim"";""Não guardar distância de segurança"";1;""Colisão lateral"";""Com Vítimas Feridas"";""Anoitecer"";""Crescente"";""Céu Claro"";""Simples"";""Reta"";""Não"";467401;""Automóvel"";""VW/FOX XTREME MB"";2018;""Condutor"";""Lesões Leves"";65;""Feminino"";0;1;0;0;-16",24064796;-57,"555531;""SR-MT"";""DEL2/3"";""UOP01/MT""",
"262010;583446;2020-01-10;""sexta"";""23:30:00"";""SP"";381;33;""ATIBAIA"";""Sim"";""Falta de Atenção à Condução"";1;""Queda de ocupante de veículo"";""Com Vítimas Feridas"";""Plena Noite"";""Decrescente"";""Céu Claro"";""Dupla"";""Reta"";""Não"";467467;""Motocicleta"";""HONDA/CG 160 TITAN"";2019;""Condutor"";""Lesões Leves"";54;""Masculino"";0;1;0;0;-23",0728028;-46,"56673562;""SR-SP"";""DEL6/3"";""UOP02/SP""",
"262011;584879;2020-01-10;""sexta"";""20:50:00"";""MG"";116;486","6;""DOM CAVATI"";""Sim"";""Falta de Atenção do Pedestre"";1;""Atropelamento de Pedestre"";""Com Vítimas Fatais"";""Plena Noite"";""Decrescente"";""Céu Claro"";""Simples"";""Reta"";""Não"";467420;""Outros"";"""";NA;""Pedestre"";""Óbito"";61;""Masculino"";0;0;0;1;-19",44426987;-42,"12927583;""SR-MG"";""DEL4/6"";""UOP02/MG"""
"262011;584877;2020-01-10;""sexta"";""20:50:00"";""MG"";116;486","6;""DOM CAVATI"";""Sim"";""Falta de Atenção do Pedestre"";1;""Atropelamento de Pedestre"";""Com Vítimas Fatais"";""Plena Noite"";""Decrescente"";""Céu Claro"";""Simples"";""Reta"";""Não"";467420;""Outros"";"""";NA;""Condutor"";""Não Informado"";NA;""Não Informado"";0;0;0;0;-19",44426987;-42,"12927583;""SR-MG"";""DEL4/6"";""UOP02/MG"""
"262013;583398;2020-01-10;""sexta"";""22:50:00"";""MG"";262;353;""BETIM"";""Sim"";""Desobediência às normas de trânsito pelo condutor"";1;""Colisão frontal"";""Com Vítimas Feridas"";""Plena Noite"";""Crescente"";""Nublado"";""Simples"";""Retorno Regulamentado"";""Não"";467427;""Bicicleta"";"""";NA;""Condutor"";""Lesões Leves"";51;""Masculino"";0;1;0;0;-19",97670801;-44,"19962698;""SR-MG"";""DEL4/1"";""UOP03/MG""",
"262013;583400;2020-01-10;""sexta"";""22:50:00"";""MG"";262;353;""BETIM"";""Sim"";""Desobediência às normas de trânsito pelo condutor"";1;""Colisão frontal"";""Com Vítimas Feridas"";""Plena Noite"";""Crescente"";""Nublado"";""Simples"";""Retorno Regulamentado"";""Não"";467430;""Automóvel"";""CHEVROLET/ONIX 10MT JOYE"";2017;""Condutor"";""Ileso"";36;""Masculino"";1;0;0;0;-19",97670801;-44,"19962698;""SR-MG"";""DEL4/1"";""UOP03/MG""",
"262014;583403;2020-01-10;""sexta"";""20:30:00"";""PR"";272;409;""JANIOPOLIS"";""Sim"";""Agressão Externa"";1;""Saída de leito carroçável"";""Com Vítimas Feridas"";""Plena Noite"";""Decrescente"";""Céu Claro"";""Simples"";""Reta"";""Não"";467423;""Automóvel"";""VW/VOYAGE 1.6L MB5"";2019;""Passageiro"";""Ileso"";NA;""Feminino"";1;0;0;0;-24",13002624;-52,"77056639;""SR-PR"";""DEL7/4"";""UOP05/PR""",
"262014;583402;2020-01-10;""sexta"";""20:30:00"";""PR"";272;409;""JANIOPOLIS"";""Sim"";""Agressão Externa"";1;""Saída de leito carroçável"";""Com Vítimas Feridas"";""Plena Noite"";""Decrescente"";""Céu Claro"";""Simples"";""Reta"";""Não"";467423;""Automóvel"";""VW/VOYAGE 1.6L MB5"";2019;""Passageiro"";""Lesões Leves"";29;""Masculino"";0;1;0;0;-24",13002624;-52,"77056639;""SR-PR"";""DEL7/4"";""UOP05/PR""",
"262014;583401;2020-01-10;""sexta"";""20:30:00"";""PR"";272;409;""JANIOPOLIS"";""Sim"";""Agressão Externa"";1;""Saída de leito carroçável"";""Com Vítimas Feridas"";""Plena Noite"";""Decrescente"";""Céu Claro"";""Simples"";""Reta"";""Não"";467423;""Automóvel"";""VW/VOYAGE 1.6L MB5"";2019;""Condutor"";""Lesões Leves"";42;""Masculino"";0;1;0;0;-24",13002624;-52,"77056639;""SR-PR"";""DEL7/4"";""UOP05/PR""",
"262014;583403;2020-01-10;""sexta"";""20:30:00"";""PR"";272;409;""JANIOPOLIS"";""Sim"";""Agressão Externa"";2;""Tombamento"";""Com Vítimas Feridas"";""Plena Noite"";""Decrescente"";""Céu Claro"";""Simples"";""Reta"";""Não"";467423;""Automóvel"";""VW/VOYAGE 1.6L MB5"";2019;""Passageiro"";""Ileso"";NA;""Feminino"";1;0;0;0;-24",13002624;-52,"77056639;""SR-PR"";""DEL7/4"";""UOP05/PR""",
"262014;583402;2020-01-10;""sexta"";""20:30:00"";""PR"";272;409;""JANIOPOLIS"";""Sim"";""Agressão Externa"";2;""Tombamento"";""Com Vítimas Feridas"";""Plena Noite"";""Decrescente"";""Céu Claro"";""Simples"";""Reta"";""Não"";467423;""Automóvel"";""VW/VOYAGE 1.6L MB5"";2019;""Passageiro"";""Lesões Leves"";29;""Masculino"";0;1;0;0;-24",13002624;-52,"77056639;""SR-PR"";""DEL7/4"";""UOP05/PR""",
"262014;583401;2020-01-10;""sexta"";""20:30:00"";""PR"";272;409;""JANIOPOLIS"";""Sim"";""Agressão Externa"";2;""Tombamento"";""Com Vítimas Feridas"";""Plena Noite"";""Decrescente"";""Céu Claro"";""Simples"";""Reta"";""Não"";467423;""Automóvel"";""VW/VOYAGE 1.6L MB5"";2019;""Condutor"";""Lesões Leves"";42;""Masculino"";0;1;0;0;-24",13002624;-52,"77056639;""SR-PR"";""DEL7/4"";""UOP05/PR""",
"262015;584012;2020-01-10;""sexta"";""23:00:00"";""SC"";282;411","8;""CATANDUVAS"";""Sim"";""Falta de Atenção à Condução"";1;""Tombamento"";""Sem Vítimas"";""Plena Noite"";""Decrescente"";""Chuva"";""Simples"";""Curva"";""Não"";467422;""Caminhão"";""VW/24.280 CRM 6X2"";2015;""Condutor"";""Ileso"";38;""Masculino"";1;0;0;0;-27",059202;-51,"680046;""SR-SC"";""DEL7"";""UOP07/SC"""
"262016;583447;2020-01-10;""sexta"";""23:00:00"";""SC"";101;367;""ICARA"";""Sim"";""Pista Escorregadia"";1;""Saída de leito carroçável"";""Com Vítimas Feridas"";""Plena Noite"";""Crescente"";""Chuva"";""Dupla"";""Não Informado"";""Não"";467461;""Automóvel"";""RENAULT/SANDERO EXPR 10"";2016;""Passageiro"";""Lesões Graves"";27;""Masculino"";0;0;1;0;-28",69145778;-49,"16484911;""SR-SC"";""DEL8/2"";""UOP01/SC""",
"262016;583445;2020-01-10;""sexta"";""23:00:00"";""SC"";101;367;""ICARA"";""Sim"";""Pista Escorregadia"";1;""Saída de leito carroçável"";""Com Vítimas Feridas"";""Plena Noite"";""Crescente"";""Chuva"";""Dupla"";""Não Informado"";""Não"";467461;""Automóvel"";""RENAULT/SANDERO EXPR 10"";2016;""Passageiro"";""Lesões Leves"";36;""Masculino"";0;1;0;0;-28",69145778;-49,"16484911;""SR-SC"";""DEL8/2"";""UOP01/SC""",
"262016;583444;2020-01-10;""sexta"";""23:00:00"";""SC"";101;367;""ICARA"";""Sim"";""Pista Escorregadia"";1;""Saída de leito carroçável"";""Com Vítimas Feridas"";""Plena Noite"";""Crescente"";""Chuva"";""Dupla"";""Não Informado"";""Não"";467461;""Automóvel"";""RENAULT/SANDERO EXPR 10"";2016;""Passageiro"";""Lesões Leves"";39;""Feminino"";0;1;0;0;-28",69145778;-49,"16484911;""SR-SC"";""DEL8/2"";""UOP01/SC""",
"262016;583443;2020-01-10;""sexta"";""23:00:00"";""SC"";101;367;""ICARA"";""Sim"";""Pista Escorregadia"";1;""Saída de leito carroçável"";""Com Vítimas Feridas"";""Plena Noite"";""Crescente"";""Chuva"";""Dupla"";""Não Informado"";""Não"";467461;""Automóvel"";""RENAULT/SANDERO EXPR 10"";2016;""Passageiro"";""Lesões Leves"";64;""Feminino"";0;1;0;0;-28",69145778;-49,"16484911;""SR-SC"";""DEL8/2"";""UOP01/SC""",
"262016;583441;2020-01-10;""sexta"";""23:00:00"";""SC"";101;367;""ICARA"";""Sim"";""Pista Escorregadia"";1;""Saída de leito carroçável"";""Com Vítimas Feridas"";""Plena Noite"";""Crescente"";""Chuva"";""Dupla"";""Não Informado"";""Não"";467461;""Automóvel"";""RENAULT/SANDERO EXPR 10"";2016;""Condutor"";""Lesões Leves"";32;""Masculino"";0;1;0;0;-28",69145778;-49,"16484911;""SR-SC"";""DEL8/2"";""UOP01/SC""",
"262017;583420;2020-01-10;""sexta"";""23:40:00"";""SC"";101;367;""SANGAO"";""Não"";""Fenômenos da Natureza"";2;""Capotamento"";""Com Vítimas Feridas"";""Plena Noite"";""Decrescente"";""Chuva"";""Dupla"";""Curva"";""Não"";467457;""Automóvel"";""HYUNDAI/HB20 1.6M 1.6M"";2013;""Condutor"";""Ileso"";28;""Masculino"";1;0;0;0;-28",69145778;-49,"16484911;""SR-SC"";""DEL8/2"";""UOP01/SC""",
"262017;583421;2020-01-10;""sexta"";""23:40:00"";""SC"";101;367;""SANGAO"";""Não"";""Fenômenos da Natureza"";2;""Capotamento"";""Com Vítimas Feridas"";""Plena Noite"";""Decrescente"";""Chuva"";""Dupla"";""Curva"";""Não"";467457;""Automóvel"";""HYUNDAI/HB20 1.6M 1.6M"";2013;""Passageiro"";""Lesões Leves"";18;""Masculino"";0;1;0;0;-28",69145778;-49,"16484911;""SR-SC"";""DEL8/2"";""UOP01/SC""",
"262017;583420;2020-01-10;""sexta"";""23:40:00"";""SC"";101;367;""SANGAO"";""Não"";""Fenômenos da Natureza"";1;""Saída de leito carroçável"";""Com Vítimas Feridas"";""Plena Noite"";""Decrescente"";""Chuva"";""Dupla"";""Curva"";""Não"";467457;""Automóvel"";""HYUNDAI/HB20 1.6M 1.6M"";2013;""Condutor"";""Ileso"";28;""Masculino"";1;0;0;0;-28",69145778;-49,"16484911;""SR-SC"";""DEL8/2"";""UOP01/SC""",
"262017;583421;2020-01-10;""sexta"";""23:40:00"";""SC"";101;367;""SANGAO"";""Não"";""Fenômenos da Natureza"";1;""Saída de leito carroçável"";""Com Vítimas Feridas"";""Plena Noite"";""Decrescente"";""Chuva"";""Dupla"";""Curva"";""Não"";467457;""Automóvel"";""HYUNDAI/HB20 1.6M 1.6M"";2013;""Passageiro"";""Lesões Leves"";18;""Masculino"";0;1;0;0;-28",69145778;-49,"16484911;""SR-SC"";""DEL8/2"";""UOP01/SC""",
"262017;583420;2020-01-10;""sexta"";""23:40:00"";""SC"";101;367;""SANGAO"";""Sim"";""Pista Escorregadia"";2;""Capotamento"";""Com Vítimas Feridas"";""Plena Noite"";""Decrescente"";""Chuva"";""Dupla"";""Curva"";""Não"";467457;""Automóvel"";""HYUNDAI/HB20 1.6M 1.6M"";2013;""Condutor"";""Ileso"";28;""Masculino"";1;0;0;0;-28",69145778;-49,"16484911;""SR-SC"";""DEL8/2"";""UOP01/SC""",
"262017;583421;2020-01-10;""sexta"";""23:40:00"";""SC"";101;367;""SANGAO"";""Sim"";""Pista Escorregadia"";2;""Capotamento"";""Com Vítimas Feridas"";""Plena Noite"";""Decrescente"";""Chuva"";""Dupla"";""Curva"";""Não"";467457;""Automóvel"";""HYUNDAI/HB20 1.6M 1.6M"";2013;""Passageiro"";""Lesões Leves"";18;""Masculino"";0;1;0;0;-28",69145778;-49,"16484911;""SR-SC"";""DEL8/2"";""UOP01/SC""",
"262017;583420;2020-01-10;""sexta"";""23:40:00"";""SC"";101;367;""SANGAO"";""Sim"";""Pista Escorregadia"";1;""Saída de leito carroçável"";""Com Vítimas Feridas"";""Plena Noite"";""Decrescente"";""Chuva"";""Dupla"";""Curva"";""Não"";467457;""Automóvel"";""HYUNDAI/HB20 1.6M 1.6M"";2013;""Condutor"";""Ileso"";28;""Masculino"";1;0;0;0;-28",69145778;-49,"16484911;""SR-SC"";""DEL8/2"";""UOP01/SC""",
"262017;583421;2020-01-10;""sexta"";""23:40:00"";""SC"";101;367;""SANGAO"";""Sim"";""Pista Escorregadia"";1;""Saída de leito carroçável"";""Com Vítimas Feridas"";""Plena Noite"";""Decrescente"";""Chuva"";""Dupla"";""Curva"";""Não"";467457;""Automóvel"";""HYUNDAI/HB20 1.6M 1.6M"";2013;""Passageiro"";""Lesões Leves"";18;""Masculino"";0;1;0;0;-28",69145778;-49,"16484911;""SR-SC"";""DEL8/2"";""UOP01/SC""",
"262018;583431;2020-01-10;""sexta"";""23:00:00"";""PR"";277;633;""CEU AZUL"";""Sim"";""Falta de Atenção à Condução"";2;""Saída de leito carroçável"";""Sem Vítimas"";""Plena Noite"";""Crescente"";""Chuva"";""Dupla"";""Interseção de vias"";""Não"";467466;""Caminhão-trator"";""VOLVO/FH 460 6X2T"";2014;""Condutor"";""Ileso"";51;""Masculino"";1;0;0;0;-25",12585236;-53,"81903487;""SR-PR"";""DEL7/5"";""UOP02/PR""",
"262018;NA;2020-01-10;""sexta"";""23:00:00"";""PR"";277;633;""CEU AZUL"";""Sim"";""Falta de Atenção à Condução"";2;""Saída de leito carroçável"";""Sem Vítimas"";""Plena Noite"";""Crescente"";""Chuva"";""Dupla"";""Interseção de vias"";""Não"";467468;""Semireboque"";""SR/GUERRA AG GR"";2014;""Não Informado"";""Não Informado"";NA;""Não Informado"";0;0;0;0;-25",12585236;-53,"81903487;""SR-PR"";""DEL7/5"";""UOP02/PR""",
"262018;583430;2020-01-10;""sexta"";""23:00:00"";""PR"";277;633;""CEU AZUL"";""Sim"";""Falta de Atenção à Condução"";2;""Saída de leito carroçável"";""Sem Vítimas"";""Plena Noite"";""Crescente"";""Chuva"";""Dupla"";""Interseção de vias"";""Não"";467465;""Automóvel"";""RENAULT/LOGAN AUT 1016V"";2008;""Condutor"";""Não Informado"";NA;""Não Informado"";0;0;0;0;-25",12585236;-53,"81903487;""SR-PR"";""DEL7/5"";""UOP02/PR""",
"262018;583431;2020-01-10;""sexta"";""23:00:00"";""PR"";277;633;""CEU AZUL"";""Sim"";""Falta de Atenção à Condução"";1;""Colisão transversal"";""Sem Vítimas"";""Plena Noite"";""Crescente"";""Chuva"";""Dupla"";""Interseção de vias"";""Não"";467466;""Caminhão-trator"";""VOLVO/FH 460 6X2T"";2014;""Condutor"";""Ileso"";51;""Masculino"";1;0;0;0;-25",12585236;-53,"81903487;""SR-PR"";""DEL7/5"";""UOP02/PR""",
"262018;NA;2020-01-10;""sexta"";""23:00:00"";""PR"";277;633;""CEU AZUL"";""Sim"";""Falta de Atenção à Condução"";1;""Colisão transversal"";""Sem Vítimas"";""Plena Noite"";""Crescente"";""Chuva"";""Dupla"";""Interseção de vias"";""Não"";467468;""Semireboque"";""SR/GUERRA AG GR"";2014;""Não Informado"";""Não Informado"";NA;""Não Informado"";0;0;0;0;-25",12585236;-53,"81903487;""SR-PR"";""DEL7/5"";""UOP02/PR""",
"262018;583430;2020-01-10;""sexta"";""23:00:00"";""PR"";277;633;""CEU AZUL"";""Sim"";""Falta de Atenção à Condução"";1;""Colisão transversal"";""Sem Vítimas"";""Plena Noite"";""Crescente"";""Chuva"";""Dupla"";""Interseção de vias"";""Não"";467465;""Automóvel"";""RENAULT/LOGAN AUT 1016V"";2008;""Condutor"";""Não Informado"";NA;""Não Informado"";0;0;0;0;-25",12585236;-53,"81903487;""SR-PR"";""DEL7/5"";""UOP02/PR""",
"262020;583481;2020-01-10;""sexta"";""23:30:00"";""PR"";163;80;""PLANALTO"";""Sim"";""Ingestão de Álcool"";1;""Saída de leito carroçável"";""Com Vítimas Feridas"";""Plena Noite"";""Crescente"";""Chuva"";""Simples"";""Curva"";""Não"";467429;""Automóvel"";""VW/PARATI 1.8"";2000;""Condutor"";""Lesões Graves"";20;""Masculino"";0;0;1;0;-25",75459913;-53,"80004767;""SR-PR"";""DEL7/2"";""UOP04/PR""",
"262020;583481;2020-01-10;""sexta"";""23:30:00"";""PR"";163;80;""PLANALTO"";""Não"";""Pista Escorregadia"";1;""Saída de leito carroçável"";""Com Vítimas Feridas"";""Plena Noite"";""Crescente"";""Chuva"";""Simples"";""Curva"";""Não"";467429;""Automóvel"";""VW/PARATI 1.8"";2000;""Condutor"";""Lesões Graves"";20;""Masculino"";0;0;1;0;-25",75459913;-53,"80004767;""SR-PR"";""DEL7/2"";""UOP04/PR""",
"262021;583419;2020-01-11;""sábado"";""00:30:00"";""SE"";101;148","7;""ESTANCIA"";""Sim"";""Defeito na Via"";1;""Tombamento"";""Com Vítimas Feridas"";""Plena Noite"";""Crescente"";""Céu Claro"";""Dupla"";""Curva"";""Sim"";467456;""Caminhão"";""M.BENZ/ATEGO 1728 S"";2008;""Condutor"";""Lesões Leves"";36;""Masculino"";0;1;0;0;-11",23753745;-37,"42982984;""SR-SE"";""DEL20/2"";""UOP01/SE"""
"262021;583419;2020-01-11;""sábado"";""00:30:00"";""SE"";101;148","7;""ESTANCIA"";""Sim"";""Defeito na Via"";2;""Saída de leito carroçável"";""Com Vítimas Feridas"";""Plena Noite"";""Crescente"";""Céu Claro"";""Dupla"";""Curva"";""Sim"";467456;""Caminhão"";""M.BENZ/ATEGO 1728 S"";2008;""Condutor"";""Lesões Leves"";36;""Masculino"";0;1;0;0;-11",23753745;-37,"42982984;""SR-SE"";""DEL20/2"";""UOP01/SE"""
"262022;585157;2020-01-11;""sábado"";""00:05:00"";""PR"";476;130;""CURITIBA"";""Sim"";""Não guardar distância de segurança"";1;""Colisão com objeto estático"";""Com Vítimas Feridas"";""Plena Noite"";""Crescente"";""Nublado"";""Múltipla"";""Curva"";""Sim"";467449;""Automóvel"";""FIAT/PUNTO ATTRACTIVE"";2013;""Condutor"";""Ileso"";28;""Masculino"";1;0;0;0;-25",449564;-49,"236427;""SR-PR"";""DEL7/1"";""UOP06/PR""",
"262022;585153;2020-01-11;""sábado"";""00:05:00"";""PR"";476;130;""CURITIBA"";""Sim"";""Não guardar distância de segurança"";1;""Colisão com objeto estático"";""Com Vítimas Feridas"";""Plena Noite"";""Crescente"";""Nublado"";""Múltipla"";""Curva"";""Sim"";467448;""Automóvel"";""GM/CORSA SEDAN MAXX"";2007;""Passageiro"";""Lesões Graves"";27;""Feminino"";0;0;1;0;-25",449564;-49,"236427;""SR-PR"";""DEL7/1"";""UOP06/PR""",
"262022;585151;2020-01-11;""sábado"";""00:05:00"";""PR"";476;130;""CURITIBA"";""Sim"";""Não guardar distância de segurança"";1;""Colisão com objeto estático"";""Com Vítimas Feridas"";""Plena Noite"";""Crescente"";""Nublado"";""Múltipla"";""Curva"";""Sim"";467448;""Automóvel"";""GM/CORSA SEDAN MAXX"";2007;""Condutor"";""Lesões Graves"";25;""Masculino"";0;0;1;0;-25",449564;-49,"236427;""SR-PR"";""DEL7/1"";""UOP06/PR""",
"262023;NA;2020-01-11;""sábado"";""00:45:00"";""MG"";153;58;""MONTE ALEGRE DE MINAS"";""Sim"";""Não guardar distância de segurança"";1;""Colisão traseira"";""Com Vítimas Feridas"";""Plena Noite"";""Decrescente"";""Céu Claro"";""Simples"";""Reta"";""Não"";467435;""Semireboque"";""SR/RANDON SR FG"";2011;""Não Informado"";""Não Informado"";NA;""Não Informado"";0;0;0;0;-18",878386;-49,"056637;""SR-MG"";""DEL4/15"";""UOP03/MG""",
"262023;583405;2020-01-11;""sábado"";""00:45:00"";""MG"";153;58;""MONTE ALEGRE DE MINAS"";""Sim"";""Não guardar distância de segurança"";1;""Colisão traseira"";""Com Vítimas Feridas"";""Plena Noite"";""Decrescente"";""Céu Claro"";""Simples"";""Reta"";""Não"";467434;""Caminhão-trator"";""VOLVO/FH 460 6X2T"";2013;""Condutor"";""Lesões Graves"";49;""Masculino"";0;0;1;0;-18",878386;-49,"056637;""SR-MG"";""DEL4/15"";""UOP03/MG""",
"262023;NA;2020-01-11;""sábado"";""00:45:00"";""MG"";153;58;""MONTE ALEGRE DE MINAS"";""Sim"";""Não guardar distância de segurança"";1;""Colisão traseira"";""Com Vítimas Feridas"";""Plena Noite"";""Decrescente"";""Céu Claro"";""Simples"";""Reta"";""Não"";467436;""Semireboque"";""SR/GUERRA AG GR"";2013;""Não Informado"";""Não Informado"";NA;""Não Informado"";0;0;0;0;-18",878386;-49,"056637;""SR-MG"";""DEL4/15"";""UOP03/MG""",
"262023;583404;2020-01-11;""sábado"";""00:45:00"";""MG"";153;58;""MONTE ALEGRE DE MINAS"";""Sim"";""Não guardar distância de segurança"";1;""Colisão traseira"";""Com Vítimas Feridas"";""Plena Noite"";""Decrescente"";""Céu Claro"";""Simples"";""Reta"";""Não"";467433;""Caminhão-trator"";""SCANIA/T112 HW 4X2"";1991;""Condutor"";""Ileso"";54;""Masculino"";1;0;0;0;-18",878386;-49,"056637;""SR-MG"";""DEL4/15"";""UOP03/MG""",
"262024;584160;2020-01-10;""sexta"";""22:10:00"";""BA"";116;910;""ENCRUZILHADA"";""Sim"";""Falta de Atenção à Condução"";1;""Colisão traseira"";""Com Vítimas Feridas"";""Plena Noite"";""Crescente"";""Céu Claro"";""Simples"";""Não Informado"";""Não"";467438;""Automóvel"";""FIAT/UNO MILLE SMART"";2000;""Condutor"";""Ileso"";73;""Masculino"";1;0;0;0;-15",51613;-41,"23852;""SR-BA"";""DEL10/8"";""UOP03/BA""",
"262024;584158;2020-01-10;""sexta"";""22:10:00"";""BA"";116;910;""ENCRUZILHADA"";""Sim"";""Falta de Atenção à Condução"";1;""Colisão traseira"";""Com Vítimas Feridas"";""Plena Noite"";""Crescente"";""Céu Claro"";""Simples"";""Não Informado"";""Não"";467437;""Ciclomotor"";""I/SHINERAY XY50Q PHOENIX"";NA;""Condutor"";""Lesões Leves"";34;""Masculino"";0;1;0;0;-15",51613;-41,"23852;""SR-BA"";""DEL10/8"";""UOP03/BA""",
"262025;583448;2020-01-11;""sábado"";""00:40:00"";""RS"";116;148","4;""CAXIAS DO SUL"";""Sim"";""Velocidade Incompatível"";2;""Colisão com objeto estático"";""Sem Vítimas"";""Plena Noite"";""Crescente"";""Nublado"";""Dupla"";""Não Informado"";""Não"";467442;""Automóvel"";""VW/VOYAGE LS"";1982;""Condutor"";""Não Informado"";NA;""Não Informado"";0;0;0;0;-29",15444539;-51,"15101681;""SR-RS"";""DEL9/5"";""UOP01/RS"""
"262025;583448;2020-01-11;""sábado"";""00:40:00"";""RS"";116;148","4;""CAXIAS DO SUL"";""Sim"";""Velocidade Incompatível"";1;""Saída de leito carroçável"";""Sem Vítimas"";""Plena Noite"";""Crescente"";""Nublado"";""Dupla"";""Não Informado"";""Não"";467442;""Automóvel"";""VW/VOYAGE LS"";1982;""Condutor"";""Não Informado"";NA;""Não Informado"";0;0;0;0;-29",15444539;-51,"15101681;""SR-RS"";""DEL9/5"";""UOP01/RS"""