"id;""pesid"";""data_inversa"";""dia_semana"";""horario"";""uf"";""br"";""km"";""municipio"";""causa_principal"";""causa_acidente"";""ordem_tipo_acidente"";""tipo_acidente"";""classificacao_acidente"";""fase_dia"";""sentido_via"";""condicao_metereologica"";""tipo_pista"";""tracado_via"";""uso_solo"";""id_veiculo"";""tipo_veiculo"";""marca"";""ano_fabricacao_veiculo"";""tipo_envolvido"";""estado_fisico"";""idade"";""sexo"";""ilesos"";""feridos_leves"";""feridos_graves"";""mortos"";""latitude"";""longitude"";""regional"";""delegacia"";""uop""",,,
"262027;584544;2020-01-11;""sábado"";""01:45:00"";""GO"";20;93","9;""VILA BOA"";""Sim"";""Falta de Atenção à Condução"";1;""Colisão com objeto estático"";""Com Vítimas Feridas"";""Plena Noite"";""Crescente"";""Nublado"";""Simples"";""Ponte"";""Não"";467474;""Automóvel"";""GM/MONZA CLASS EFI"";1993;""Passageiro"";""Lesões Leves"";7;""Feminino"";0;1;0;0;-14",997916;-47,"030605;""SR-DF"";""UOP01/DEL02/DF"";"""""
"262027;583437;2020-01-11;""sábado"";""01:45:00"";""GO"";20;93","9;""VILA BOA"";""Sim"";""Falta de Atenção à Condução"";1;""Colisão com objeto estático"";""Com Vítimas Feridas"";""Plena Noite"";""Crescente"";""Nublado"";""Simples"";""Ponte"";""Não"";467474;""Automóvel"";""GM/MONZA CLASS EFI"";1993;""Passageiro"";""Lesões Graves"";44;""Feminino"";0;0;1;0;-14",997916;-47,"030605;""SR-DF"";""UOP01/DEL02/DF"";"""""
"262027;584540;2020-01-11;""sábado"";""01:45:00"";""GO"";20;93","9;""VILA BOA"";""Sim"";""Falta de Atenção à Condução"";1;""Colisão com objeto estático"";""Com Vítimas Feridas"";""Plena Noite"";""Crescente"";""Nublado"";""Simples"";""Ponte"";""Não"";467474;""Automóvel"";""GM/MONZA CLASS EFI"";1993;""Condutor"";""Lesões Leves"";41;""Masculino"";0;1;0;0;-14",997916;-47,"030605;""SR-DF"";""UOP01/DEL02/DF"";"""""
"262029;585173;2020-01-11;""sábado"";""00:30:00"";""MA"";230;404;""BALSAS"";""Sim"";""Ingestão de Álcool"";1;""Colisão lateral"";""Com Vítimas Feridas"";""Plena Noite"";""Crescente"";""Céu Claro"";""Simples"";""Reta"";""Sim"";467444;""Motocicleta"";""HONDA/CG150 FAN ESDI"";2015;""Condutor"";""Lesões Leves"";34;""Masculino"";0;1;0;0;-7",52339895;-46,"04122203;""SR-MA"";""DEL18/5"";""UOP01/MA""",
"262029;585171;2020-01-11;""sábado"";""00:30:00"";""MA"";230;404;""BALSAS"";""Sim"";""Ingestão de Álcool"";1;""Colisão lateral"";""Com Vítimas Feridas"";""Plena Noite"";""Crescente"";""Céu Claro"";""Simples"";""Reta"";""Sim"";467443;""Automóvel"";""FIAT/UNO MILLE FIRE"";2003;""Condutor"";""Lesões Leves"";38;""Masculino"";0;1;0;0;-7",52339895;-46,"04122203;""SR-MA"";""DEL18/5"";""UOP01/MA""",
"262029;585173;2020-01-11;""sábado"";""00:30:00"";""MA"";230;404;""BALSAS"";""Não"";""Falta de Atenção à Condução"";1;""Colisão lateral"";""Com Vítimas Feridas"";""Plena Noite"";""Crescente"";""Céu Claro"";""Simples"";""Reta"";""Sim"";467444;""Motocicleta"";""HONDA/CG150 FAN ESDI"";2015;""Condutor"";""Lesões Leves"";34;""Masculino"";0;1;0;0;-7",52339895;-46,"04122203;""SR-MA"";""DEL18/5"";""UOP01/MA""",
"262029;585171;2020-01-11;""sábado"";""00:30:00"";""MA"";230;404;""BALSAS"";""Não"";""Falta de Atenção à Condução"";1;""Colisão lateral"";""Com Vítimas Feridas"";""Plena Noite"";""Crescente"";""Céu Claro"";""Simples"";""Reta"";""Sim"";467443;""Automóvel"";""FIAT/UNO MILLE FIRE"";2003;""Condutor"";""Lesões Leves"";38;""Masculino"";0;1;0;0;-7",52339895;-46,"04122203;""SR-MA"";""DEL18/5"";""UOP01/MA""",
"262030;583414;2020-01-10;""sexta"";""21:00:00"";""MG"";459;88;""CONGONHAL"";""Sim"";""Velocidade Incompatível"";1;""Colisão frontal"";""Com Vítimas Fatais"";""Plena Noite"";""Decrescente"";""Céu Claro"";""Simples"";""Reta"";""Não"";467451;""Caminhão"";""M.BENZ/L 1318"";2007;""Condutor"";""Ileso"";59;""Masculino"";1;0;0;0;-22",149559;-46,"023994;""SR-MG"";""DEL09"";""UOP04/MG""",
"262030;583411;2020-01-10;""sexta"";""21:00:00"";""MG"";459;88;""CONGONHAL"";""Sim"";""Velocidade Incompatível"";1;""Colisão frontal"";""Com Vítimas Fatais"";""Plena Noite"";""Decrescente"";""Céu Claro"";""Simples"";""Reta"";""Não"";467450;""Automóvel"";""GM/VECTRA GLS"";1994;""Condutor"";""Óbito"";46;""Masculino"";0;0;0;1;-22",149559;-46,"023994;""SR-MG"";""DEL09"";""UOP04/MG""",
"262031;583410;2020-01-10;""sexta"";""23:40:00"";""MG"";381;532;""ITATIAIUCU"";""Sim"";""Velocidade Incompatível"";1;""Saída de leito carroçável"";""Sem Vítimas"";""Plena Noite"";""Decrescente"";""Nublado"";""Dupla"";""Curva"";""Não"";467447;""Caminhão"";""M.BENZ/ATEGO 3030 CE"";2018;""Condutor"";""Ileso"";44;""Masculino"";1;0;0;0;-20",1904316;-44,"38268793;""SR-MG"";""DEL4/4"";""UOP03/MG""",
"262031;583410;2020-01-10;""sexta"";""23:40:00"";""MG"";381;532;""ITATIAIUCU"";""Sim"";""Velocidade Incompatível"";2;""Tombamento"";""Sem Vítimas"";""Plena Noite"";""Decrescente"";""Nublado"";""Dupla"";""Curva"";""Não"";467447;""Caminhão"";""M.BENZ/ATEGO 3030 CE"";2018;""Condutor"";""Ileso"";44;""Masculino"";1;0;0;0;-20",1904316;-44,"38268793;""SR-MG"";""DEL4/4"";""UOP03/MG""",
"262032;NA;2020-01-10;""sexta"";""18:30:00"";""SP"";116;282;""EMBU DAS ARTES"";""Sim"";""Velocidade Incompatível"";2;""Derramamento de carga"";""Sem Vítimas"";""Anoitecer"";""Crescente"";""Sol"";""Simples"";""Não Informado"";""Sim"";467455;""Semireboque"";""SR/GUERRA AG GR"";2006;""Não Informado"";""Não Informado"";NA;""Não Informado"";0;0;0;0;-23",66057353;-46,"8528093;""SR-SP"";""DEL6/4"";""UOP01/SP""",
"262032;NA;2020-01-10;""sexta"";""18:30:00"";""SP"";116;282;""EMBU DAS ARTES"";""Sim"";""Velocidade Incompatível"";2;""Derramamento de carga"";""Sem Vítimas"";""Anoitecer"";""Crescente"";""Sol"";""Simples"";""Não Informado"";""Sim"";467454;""Reboque"";""R/GUERRA AG DL"";2006;""Não Informado"";""Não Informado"";NA;""Não Informado"";0;0;0;0;-23",66057353;-46,"8528093;""SR-SP"";""DEL6/4"";""UOP01/SP""",
"262032;NA;2020-01-10;""sexta"";""18:30:00"";""SP"";116;282;""EMBU DAS ARTES"";""Sim"";""Velocidade Incompatível"";2;""Derramamento de carga"";""Sem Vítimas"";""Anoitecer"";""Crescente"";""Sol"";""Simples"";""Não Informado"";""Sim"";467453;""Semireboque"";""SR/GUERRA AG GR"";2006;""Não Informado"";""Não Informado"";NA;""Não Informado"";0;0;0;0;-23",66057353;-46,"8528093;""SR-SP"";""DEL6/4"";""UOP01/SP""",
"262032;583417;2020-01-10;""sexta"";""18:30:00"";""SP"";116;282;""EMBU DAS ARTES"";""Sim"";""Velocidade Incompatível"";2;""Derramamento de carga"";""Sem Vítimas"";""Anoitecer"";""Crescente"";""Sol"";""Simples"";""Não Informado"";""Sim"";467452;""Caminhão-trator"";""SCANIA/R500 A6X4"";2019;""Condutor"";""Ileso"";23;""Masculino"";1;0;0;0;-23",66057353;-46,"8528093;""SR-SP"";""DEL6/4"";""UOP01/SP""",
"262032;NA;2020-01-10;""sexta"";""18:30:00"";""SP"";116;282;""EMBU DAS ARTES"";""Sim"";""Velocidade Incompatível"";1;""Tombamento"";""Sem Vítimas"";""Anoitecer"";""Crescente"";""Sol"";""Simples"";""Não Informado"";""Sim"";467455;""Semireboque"";""SR/GUERRA AG GR"";2006;""Não Informado"";""Não Informado"";NA;""Não Informado"";0;0;0;0;-23",66057353;-46,"8528093;""SR-SP"";""DEL6/4"";""UOP01/SP""",
"262032;NA;2020-01-10;""sexta"";""18:30:00"";""SP"";116;282;""EMBU DAS ARTES"";""Sim"";""Velocidade Incompatível"";1;""Tombamento"";""Sem Vítimas"";""Anoitecer"";""Crescente"";""Sol"";""Simples"";""Não Informado"";""Sim"";467454;""Reboque"";""R/GUERRA AG DL"";2006;""Não Informado"";""Não Informado"";NA;""Não Informado"";0;0;0;0;-23",66057353;-46,"8528093;""SR-SP"";""DEL6/4"";""UOP01/SP""",
"262032;NA;2020-01-10;""sexta"";""18:30:00"";""SP"";116;282;""EMBU DAS ARTES"";""Sim"";""Velocidade Incompatível"";1;""Tombamento"";""Sem Vítimas"";""Anoitecer"";""Crescente"";""Sol"";""Simples"";""Não Informado"";""Sim"";467453;""Semireboque"";""SR/GUERRA AG GR"";2006;""Não Informado"";""Não Informado"";NA;""Não Informado"";0;0;0;0;-23",66057353;-46,"8528093;""SR-SP"";""DEL6/4"";""UOP01/SP""",
"262032;583417;2020-01-10;""sexta"";""18:30:00"";""SP"";116;282;""EMBU DAS ARTES"";""Sim"";""Velocidade Incompatível"";1;""Tombamento"";""Sem Vítimas"";""Anoitecer"";""Crescente"";""Sol"";""Simples"";""Não Informado"";""Sim"";467452;""Caminhão-trator"";""SCANIA/R500 A6X4"";2019;""Condutor"";""Ileso"";23;""Masculino"";1;0;0;0;-23",66057353;-46,"8528093;""SR-SP"";""DEL6/4"";""UOP01/SP""",
"262033;583428;2020-01-11;""sábado"";""03:20:00"";""PA"";316;63;""CASTANHAL"";""Sim"";""Ingestão de Álcool"";1;""Capotamento"";""Com Vítimas Feridas"";""Plena Noite"";""Crescente"";""Céu Claro"";""Dupla"";""Reta"";""Sim"";467460;""Automóvel"";""FIAT/PALIO ELX FLEX"";2009;""Condutor"";""Lesões Leves"";23;""Masculino"";0;1;0;0;-1",29679363;-47,"92878096;""SR-PA"";""DEL19/1"";""UOP01/PA""",
"262034;583457;2020-01-11;""sábado"";""03:05:00"";""RS"";116;529;""CAPAO DO LEAO"";""Sim"";""Ingestão de Álcool"";1;""Colisão traseira"";""Sem Vítimas"";""Plena Noite"";""Crescente"";""Céu Claro"";""Simples"";""Reta"";""Não"";467478;""Automóvel"";""PEUGEOT/207 ESCAPADE"";2009;""Condutor"";""Ileso"";30;""Masculino"";1;0;0;0;-31",75446042;-52,"42803583;""SR-RS"";""DEL9/7"";""UOP01/RS""",
"262034;583456;2020-01-11;""sábado"";""03:05:00"";""RS"";116;529;""CAPAO DO LEAO"";""Sim"";""Ingestão de Álcool"";1;""Colisão traseira"";""Sem Vítimas"";""Plena Noite"";""Crescente"";""Céu Claro"";""Simples"";""Reta"";""Não"";467477;""Automóvel"";""I/PEUGEOT 206 SOLEIL"";2000;""Condutor"";""Ileso"";33;""Masculino"";1;0;0;0;-31",75446042;-52,"42803583;""SR-RS"";""DEL9/7"";""UOP01/RS""",
"262035;583524;2020-01-11;""sábado"";""04:20:00"";""RS"";386;14","9;""FREDERICO WESTPHALEN"";""Sim"";""Condutor Dormindo"";1;""Colisão frontal"";""Com Vítimas Fatais"";""Plena Noite"";""Crescente"";""Nublado"";""Simples"";""Curva"";""Não"";467518;""Automóvel"";""I/CHEVROLET CLASSIC LS"";2012;""Passageiro"";""Lesões Graves"";40;""Feminino"";0;0;1;0;-27",239553;-53,"328884;""SR-RS"";""DEL08"";""UOP02/RS"""
"262035;583497;2020-01-11;""sábado"";""04:20:00"";""RS"";386;14","9;""FREDERICO WESTPHALEN"";""Sim"";""Condutor Dormindo"";1;""Colisão frontal"";""Com Vítimas Fatais"";""Plena Noite"";""Crescente"";""Nublado"";""Simples"";""Curva"";""Não"";467518;""Automóvel"";""I/CHEVROLET CLASSIC LS"";2012;""Passageiro"";""Óbito"";81;""Masculino"";0;0;0;1;-27",239553;-53,"328884;""SR-RS"";""DEL08"";""UOP02/RS"""
"262035;583522;2020-01-11;""sábado"";""04:20:00"";""RS"";386;14","9;""FREDERICO WESTPHALEN"";""Sim"";""Condutor Dormindo"";1;""Colisão frontal"";""Com Vítimas Fatais"";""Plena Noite"";""Crescente"";""Nublado"";""Simples"";""Curva"";""Não"";467518;""Automóvel"";""I/CHEVROLET CLASSIC LS"";2012;""Passageiro"";""Lesões Leves"";3;""Feminino"";0;1;0;0;-27",239553;-53,"328884;""SR-RS"";""DEL08"";""UOP02/RS"""
"262035;583521;2020-01-11;""sábado"";""04:20:00"";""RS"";386;14","9;""FREDERICO WESTPHALEN"";""Sim"";""Condutor Dormindo"";1;""Colisão frontal"";""Com Vítimas Fatais"";""Plena Noite"";""Crescente"";""Nublado"";""Simples"";""Curva"";""Não"";467518;""Automóvel"";""I/CHEVROLET CLASSIC LS"";2012;""Condutor"";""Lesões Graves"";63;""Masculino"";0;0;1;0;-27",239553;-53,"328884;""SR-RS"";""DEL08"";""UOP02/RS"""
"262035;583516;2020-01-11;""sábado"";""04:20:00"";""RS"";386;14","9;""FREDERICO WESTPHALEN"";""Sim"";""Condutor Dormindo"";1;""Colisão frontal"";""Com Vítimas Fatais"";""Plena Noite"";""Crescente"";""Nublado"";""Simples"";""Curva"";""Não"";467519;""Automóvel"";""VW/POLO SEDAN 1.6"";2006;""Passageiro"";""Lesões Leves"";8;""Masculino"";0;1;0;0;-27",239553;-53,"328884;""SR-RS"";""DEL08"";""UOP02/RS"""
"262035;583517;2020-01-11;""sábado"";""04:20:00"";""RS"";386;14","9;""FREDERICO WESTPHALEN"";""Sim"";""Condutor Dormindo"";1;""Colisão frontal"";""Com Vítimas Fatais"";""Plena Noite"";""Crescente"";""Nublado"";""Simples"";""Curva"";""Não"";467519;""Automóvel"";""VW/POLO SEDAN 1.6"";2006;""Passageiro"";""Lesões Leves"";5;""Feminino"";0;1;0;0;-27",239553;-53,"328884;""SR-RS"";""DEL08"";""UOP02/RS"""
"262035;583515;2020-01-11;""sábado"";""04:20:00"";""RS"";386;14","9;""FREDERICO WESTPHALEN"";""Sim"";""Condutor Dormindo"";1;""Colisão frontal"";""Com Vítimas Fatais"";""Plena Noite"";""Crescente"";""Nublado"";""Simples"";""Curva"";""Não"";467519;""Automóvel"";""VW/POLO SEDAN 1.6"";2006;""Passageiro"";""Lesões Leves"";68;""Masculino"";0;1;0;0;-27",239553;-53,"328884;""SR-RS"";""DEL08"";""UOP02/RS"""
"262035;583513;2020-01-11;""sábado"";""04:20:00"";""RS"";386;14","9;""FREDERICO WESTPHALEN"";""Sim"";""Condutor Dormindo"";1;""Colisão frontal"";""Com Vítimas Fatais"";""Plena Noite"";""Crescente"";""Nublado"";""Simples"";""Curva"";""Não"";467519;""Automóvel"";""VW/POLO SEDAN 1.6"";2006;""Passageiro"";""Lesões Graves"";45;""Feminino"";0;0;1;0;-27",239553;-53,"328884;""SR-RS"";""DEL08"";""UOP02/RS"""
"262035;583509;2020-01-11;""sábado"";""04:20:00"";""RS"";386;14","9;""FREDERICO WESTPHALEN"";""Sim"";""Condutor Dormindo"";1;""Colisão frontal"";""Com Vítimas Fatais"";""Plena Noite"";""Crescente"";""Nublado"";""Simples"";""Curva"";""Não"";467519;""Automóvel"";""VW/POLO SEDAN 1.6"";2006;""Condutor"";""Ileso"";46;""Masculino"";1;0;0;0;-27",239553;-53,"328884;""SR-RS"";""DEL08"";""UOP02/RS"""
"262036;583439;2020-01-11;""sábado"";""02:30:00"";""MT"";364;202","5;""RONDONOPOLIS"";""Sim"";""Ingestão de Álcool"";1;""Colisão com objeto estático"";""Sem Vítimas"";""Plena Noite"";""Crescente"";""Céu Claro"";""Dupla"";""Não Informado"";""Sim"";467471;""Automóvel"";""HYUNDAI/HB20 1.0M UNIQUE"";2019;""Condutor"";""Ileso"";NA;""Ignorado"";1;0;0;0;-16",48347324;-54,"64970354;""SR-MT"";""DEL2/2"";""UOP01/MT"""
"262036;583439;2020-01-11;""sábado"";""02:30:00"";""MT"";364;202","5;""RONDONOPOLIS"";""Sim"";""Ingestão de Álcool"";2;""Capotamento"";""Sem Vítimas"";""Plena Noite"";""Crescente"";""Céu Claro"";""Dupla"";""Não Informado"";""Sim"";467471;""Automóvel"";""HYUNDAI/HB20 1.0M UNIQUE"";2019;""Condutor"";""Ileso"";NA;""Ignorado"";1;0;0;0;-16",48347324;-54,"64970354;""SR-MT"";""DEL2/2"";""UOP01/MT"""
"262038;NA;2020-01-11;""sábado"";""04:25:00"";""SP"";116;23;""LAVRINHAS"";""Sim"";""Falta de Atenção à Condução"";1;""Colisão traseira"";""Com Vítimas Feridas"";""Plena Noite"";""Decrescente"";""Céu Claro"";""Dupla"";""Reta"";""Não"";468606;""Semireboque"";""SR/RANDON SR FG"";2003;""Não Informado"";""Não Informado"";NA;""Não Informado"";0;0;0;0;-22",58978112;-44,"88535587;""SR-SP"";""DEL6/8"";""UOP01/SP""",
"262038;584900;2020-01-11;""sábado"";""04:25:00"";""SP"";116;23;""LAVRINHAS"";""Sim"";""Falta de Atenção à Condução"";1;""Colisão traseira"";""Com Vítimas Feridas"";""Plena Noite"";""Decrescente"";""Céu Claro"";""Dupla"";""Reta"";""Não"";467501;""Caminhão-trator"";""IVECO/CURSOR 450E33T"";2011;""Condutor"";""Ileso"";40;""Masculino"";1;0;0;0;-22",58978112;-44,"88535587;""SR-SP"";""DEL6/8"";""UOP01/SP""",
"262038;585008;2020-01-11;""sábado"";""04:25:00"";""SP"";116;23;""LAVRINHAS"";""Sim"";""Falta de Atenção à Condução"";1;""Colisão traseira"";""Com Vítimas Feridas"";""Plena Noite"";""Decrescente"";""Céu Claro"";""Dupla"";""Reta"";""Não"";467500;""Ônibus"";""MARCOPOLO/VOLARE W-L ON"";2019;""Passageiro"";""Lesões Leves"";23;""Masculino"";0;1;0;0;-22",58978112;-44,"88535587;""SR-SP"";""DEL6/8"";""UOP01/SP""",
"262038;585070;2020-01-11;""sábado"";""04:25:00"";""SP"";116;23;""LAVRINHAS"";""Sim"";""Falta de Atenção à Condução"";1;""Colisão traseira"";""Com Vítimas Feridas"";""Plena Noite"";""Decrescente"";""Céu Claro"";""Dupla"";""Reta"";""Não"";467500;""Ônibus"";""MARCOPOLO/VOLARE W-L ON"";2019;""Passageiro"";""Lesões Leves"";4;""Masculino"";0;1;0;0;-22",58978112;-44,"88535587;""SR-SP"";""DEL6/8"";""UOP01/SP""",
"262038;585069;2020-01-11;""sábado"";""04:25:00"";""SP"";116;23;""LAVRINHAS"";""Sim"";""Falta de Atenção à Condução"";1;""Colisão traseira"";""Com Vítimas Feridas"";""Plena Noite"";""Decrescente"";""Céu Claro"";""Dupla"";""Reta"";""Não"";467500;""Ônibus"";""MARCOPOLO/VOLARE W-L ON"";2019;""Passageiro"";""Lesões Leves"";21;""Masculino"";0;1;0;0;-22",58978112;-44,"88535587;""SR-SP"";""DEL6/8"";""UOP01/SP""",
"262038;585067;2020-01-11;""sábado"";""04:25:00"";""SP"";116;23;""LAVRINHAS"";""Sim"";""Falta de Atenção à Condução"";1;""Colisão traseira"";""Com Vítimas Feridas"";""Plena Noite"";""Decrescente"";""Céu Claro"";""Dupla"";""Reta"";""Não"";467500;""Ônibus"";""MARCOPOLO/VOLARE W-L ON"";2019;""Passageiro"";""Lesões Leves"";24;""Feminino"";0;1;0;0;-22",58978112;-44,"88535587;""SR-SP"";""DEL6/8"";""UOP01/SP""",
"262038;585065;2020-01-11;""sábado"";""04:25:00"";""SP"";116;23;""LAVRINHAS"";""Sim"";""Falta de Atenção à Condução"";1;""Colisão traseira"";""Com Vítimas Feridas"";""Plena Noite"";""Decrescente"";""Céu Claro"";""Dupla"";""Reta"";""Não"";467500;""Ônibus"";""MARCOPOLO/VOLARE W-L ON"";2019;""Passageiro"";""Lesões Leves"";24;""Feminino"";0;1;0;0;-22",58978112;-44,"88535587;""SR-SP"";""DEL6/8"";""UOP01/SP""",
"262038;585055;2020-01-11;""sábado"";""04:25:00"";""SP"";116;23;""LAVRINHAS"";""Sim"";""Falta de Atenção à Condução"";1;""Colisão traseira"";""Com Vítimas Feridas"";""Plena Noite"";""Decrescente"";""Céu Claro"";""Dupla"";""Reta"";""Não"";467500;""Ônibus"";""MARCOPOLO/VOLARE W-L ON"";2019;""Passageiro"";""Lesões Graves"";27;""Feminino"";0;0;1;0;-22",58978112;-44,"88535587;""SR-SP"";""DEL6/8"";""UOP01/SP""",
"262038;585053;2020-01-11;""sábado"";""04:25:00"";""SP"";116;23;""LAVRINHAS"";""Sim"";""Falta de Atenção à Condução"";1;""Colisão traseira"";""Com Vítimas Feridas"";""Plena Noite"";""Decrescente"";""Céu Claro"";""Dupla"";""Reta"";""Não"";467500;""Ônibus"";""MARCOPOLO/VOLARE W-L ON"";2019;""Passageiro"";""Lesões Graves"";38;""Feminino"";0;0;1;0;-22",58978112;-44,"88535587;""SR-SP"";""DEL6/8"";""UOP01/SP""",
"262038;585050;2020-01-11;""sábado"";""04:25:00"";""SP"";116;23;""LAVRINHAS"";""Sim"";""Falta de Atenção à Condução"";1;""Colisão traseira"";""Com Vítimas Feridas"";""Plena Noite"";""Decrescente"";""Céu Claro"";""Dupla"";""Reta"";""Não"";467500;""Ônibus"";""MARCOPOLO/VOLARE W-L ON"";2019;""Passageiro"";""Lesões Leves"";28;""Masculino"";0;1;0;0;-22",58978112;-44,"88535587;""SR-SP"";""DEL6/8"";""UOP01/SP""",
"262038;585048;2020-01-11;""sábado"";""04:25:00"";""SP"";116;23;""LAVRINHAS"";""Sim"";""Falta de Atenção à Condução"";1;""Colisão traseira"";""Com Vítimas Feridas"";""Plena Noite"";""Decrescente"";""Céu Claro"";""Dupla"";""Reta"";""Não"";467500;""Ônibus"";""MARCOPOLO/VOLARE W-L ON"";2019;""Passageiro"";""Lesões Leves"";34;""Feminino"";0;1;0;0;-22",58978112;-44,"88535587;""SR-SP"";""DEL6/8"";""UOP01/SP""",
"262038;585047;2020-01-11;""sábado"";""04:25:00"";""SP"";116;23;""LAVRINHAS"";""Sim"";""Falta de Atenção à Condução"";1;""Colisão traseira"";""Com Vítimas Feridas"";""Plena Noite"";""Decrescente"";""Céu Claro"";""Dupla"";""Reta"";""Não"";467500;""Ônibus"";""MARCOPOLO/VOLARE W-L ON"";2019;""Passageiro"";""Lesões Leves"";2;""Feminino"";0;1;0;0;-22",58978112;-44,"88535587;""SR-SP"";""DEL6/8"";""UOP01/SP""",
"262038;585045;2020-01-11;""sábado"";""04:25:00"";""SP"";116;23;""LAVRINHAS"";""Sim"";""Falta de Atenção à Condução"";1;""Colisão traseira"";""Com Vítimas Feridas"";""Plena Noite"";""Decrescente"";""Céu Claro"";""Dupla"";""Reta"";""Não"";467500;""Ônibus"";""MARCOPOLO/VOLARE W-L ON"";2019;""Passageiro"";""Lesões Graves"";29;""Feminino"";0;0;1;0;-22",58978112;-44,"88535587;""SR-SP"";""DEL6/8"";""UOP01/SP""",
"262038;585019;2020-01-11;""sábado"";""04:25:00"";""SP"";116;23;""LAVRINHAS"";""Sim"";""Falta de Atenção à Condução"";1;""Colisão traseira"";""Com Vítimas Feridas"";""Plena Noite"";""Decrescente"";""Céu Claro"";""Dupla"";""Reta"";""Não"";467500;""Ônibus"";""MARCOPOLO/VOLARE W-L ON"";2019;""Passageiro"";""Lesões Graves"";25;""Feminino"";0;0;1;0;-22",58978112;-44,"88535587;""SR-SP"";""DEL6/8"";""UOP01/SP""",
"262038;585015;2020-01-11;""sábado"";""04:25:00"";""SP"";116;23;""LAVRINHAS"";""Sim"";""Falta de Atenção à Condução"";1;""Colisão traseira"";""Com Vítimas Feridas"";""Plena Noite"";""Decrescente"";""Céu Claro"";""Dupla"";""Reta"";""Não"";467500;""Ônibus"";""MARCOPOLO/VOLARE W-L ON"";2019;""Passageiro"";""Lesões Graves"";23;""Masculino"";0;0;1;0;-22",58978112;-44,"88535587;""SR-SP"";""DEL6/8"";""UOP01/SP""",
"262038;585014;2020-01-11;""sábado"";""04:25:00"";""SP"";116;23;""LAVRINHAS"";""Sim"";""Falta de Atenção à Condução"";1;""Colisão traseira"";""Com Vítimas Feridas"";""Plena Noite"";""Decrescente"";""Céu Claro"";""Dupla"";""Reta"";""Não"";467500;""Ônibus"";""MARCOPOLO/VOLARE W-L ON"";2019;""Passageiro"";""Lesões Graves"";30;""Masculino"";0;0;1;0;-22",58978112;-44,"88535587;""SR-SP"";""DEL6/8"";""UOP01/SP""",
"262038;585003;2020-01-11;""sábado"";""04:25:00"";""SP"";116;23;""LAVRINHAS"";""Sim"";""Falta de Atenção à Condução"";1;""Colisão traseira"";""Com Vítimas Feridas"";""Plena Noite"";""Decrescente"";""Céu Claro"";""Dupla"";""Reta"";""Não"";467500;""Ônibus"";""MARCOPOLO/VOLARE W-L ON"";2019;""Passageiro"";""Lesões Leves"";22;""Masculino"";0;1;0;0;-22",58978112;-44,"88535587;""SR-SP"";""DEL6/8"";""UOP01/SP""",
"262038;584992;2020-01-11;""sábado"";""04:25:00"";""SP"";116;23;""LAVRINHAS"";""Sim"";""Falta de Atenção à Condução"";1;""Colisão traseira"";""Com Vítimas Feridas"";""Plena Noite"";""Decrescente"";""Céu Claro"";""Dupla"";""Reta"";""Não"";467500;""Ônibus"";""MARCOPOLO/VOLARE W-L ON"";2019;""Passageiro"";""Lesões Leves"";23;""Feminino"";0;1;0;0;-22",58978112;-44,"88535587;""SR-SP"";""DEL6/8"";""UOP01/SP""",
"262038;584978;2020-01-11;""sábado"";""04:25:00"";""SP"";116;23;""LAVRINHAS"";""Sim"";""Falta de Atenção à Condução"";1;""Colisão traseira"";""Com Vítimas Feridas"";""Plena Noite"";""Decrescente"";""Céu Claro"";""Dupla"";""Reta"";""Não"";467500;""Ônibus"";""MARCOPOLO/VOLARE W-L ON"";2019;""Passageiro"";""Lesões Graves"";38;""Masculino"";0;0;1;0;-22",58978112;-44,"88535587;""SR-SP"";""DEL6/8"";""UOP01/SP""",
"262038;584961;2020-01-11;""sábado"";""04:25:00"";""SP"";116;23;""LAVRINHAS"";""Sim"";""Falta de Atenção à Condução"";1;""Colisão traseira"";""Com Vítimas Feridas"";""Plena Noite"";""Decrescente"";""Céu Claro"";""Dupla"";""Reta"";""Não"";467500;""Ônibus"";""MARCOPOLO/VOLARE W-L ON"";2019;""Passageiro"";""Lesões Leves"";26;""Masculino"";0;1;0;0;-22",58978112;-44,"88535587;""SR-SP"";""DEL6/8"";""UOP01/SP""",
"262038;584945;2020-01-11;""sábado"";""04:25:00"";""SP"";116;23;""LAVRINHAS"";""Sim"";""Falta de Atenção à Condução"";1;""Colisão traseira"";""Com Vítimas Feridas"";""Plena Noite"";""Decrescente"";""Céu Claro"";""Dupla"";""Reta"";""Não"";467500;""Ônibus"";""MARCOPOLO/VOLARE W-L ON"";2019;""Passageiro"";""Ileso"";25;""Masculino"";1;0;0;0;-22",58978112;-44,"88535587;""SR-SP"";""DEL6/8"";""UOP01/SP""",
"262038;584940;2020-01-11;""sábado"";""04:25:00"";""SP"";116;23;""LAVRINHAS"";""Sim"";""Falta de Atenção à Condução"";1;""Colisão traseira"";""Com Vítimas Feridas"";""Plena Noite"";""Decrescente"";""Céu Claro"";""Dupla"";""Reta"";""Não"";467500;""Ônibus"";""MARCOPOLO/VOLARE W-L ON"";2019;""Passageiro"";""Lesões Leves"";29;""Feminino"";0;1;0;0;-22",58978112;-44,"88535587;""SR-SP"";""DEL6/8"";""UOP01/SP""",
"262038;584936;2020-01-11;""sábado"";""04:25:00"";""SP"";116;23;""LAVRINHAS"";""Sim"";""Falta de Atenção à Condução"";1;""Colisão traseira"";""Com Vítimas Feridas"";""Plena Noite"";""Decrescente"";""Céu Claro"";""Dupla"";""Reta"";""Não"";467500;""Ônibus"";""MARCOPOLO/VOLARE W-L ON"";2019;""Passageiro"";""Lesões Leves"";29;""Masculino"";0;1;0;0;-22",58978112;-44,"88535587;""SR-SP"";""DEL6/8"";""UOP01/SP""",