"id;""pesid"";""data_inversa"";""dia_semana"";""horario"";""uf"";""br"";""km"";""municipio"";""causa_principal"";""causa_acidente"";""ordem_tipo_acidente"";""tipo_acidente"";""classificacao_acidente"";""fase_dia"";""sentido_via"";""condicao_metereologica"";""tipo_pista"";""tracado_via"";""uso_solo"";""id_veiculo"";""tipo_veiculo"";""marca"";""ano_fabricacao_veiculo"";""tipo_envolvido"";""estado_fisico"";""idade"";""sexo"";""ilesos"";""feridos_leves"";""feridos_graves"";""mortos"";""latitude"";""longitude"";""regional"";""delegacia"";""uop""",,,
"262038;584933;2020-01-11;""sábado"";""04:25:00"";""SP"";116;23;""LAVRINHAS"";""Sim"";""Falta de Atenção à Condução"";1;""Colisão traseira"";""Com Vítimas Feridas"";""Plena Noite"";""Decrescente"";""Céu Claro"";""Dupla"";""Reta"";""Não"";467500;""Ônibus"";""MARCOPOLO/VOLARE W-L ON"";2019;""Passageiro"";""Ileso"";16;""Masculino"";1;0;0;0;-22",58978112;-44,"88535587;""SR-SP"";""DEL6/8"";""UOP01/SP""",
"262038;584928;2020-01-11;""sábado"";""04:25:00"";""SP"";116;23;""LAVRINHAS"";""Sim"";""Falta de Atenção à Condução"";1;""Colisão traseira"";""Com Vítimas Feridas"";""Plena Noite"";""Decrescente"";""Céu Claro"";""Dupla"";""Reta"";""Não"";467500;""Ônibus"";""MARCOPOLO/VOLARE W-L ON"";2019;""Passageiro"";""Lesões Leves"";25;""Feminino"";0;1;0;0;-22",58978112;-44,"88535587;""SR-SP"";""DEL6/8"";""UOP01/SP""",
"262038;584926;2020-01-11;""sábado"";""04:25:00"";""SP"";116;23;""LAVRINHAS"";""Sim"";""Falta de Atenção à Condução"";1;""Colisão traseira"";""Com Vítimas Feridas"";""Plena Noite"";""Decrescente"";""Céu Claro"";""Dupla"";""Reta"";""Não"";467500;""Ônibus"";""MARCOPOLO/VOLARE W-L ON"";2019;""Passageiro"";""Lesões Leves"";19;""Feminino"";0;1;0;0;-22",58978112;-44,"88535587;""SR-SP"";""DEL6/8"";""UOP01/SP""",
"262038;584924;2020-01-11;""sábado"";""04:25:00"";""SP"";116;23;""LAVRINHAS"";""Sim"";""Falta de Atenção à Condução"";1;""Colisão traseira"";""Com Vítimas Feridas"";""Plena Noite"";""Decrescente"";""Céu Claro"";""Dupla"";""Reta"";""Não"";467500;""Ônibus"";""MARCOPOLO/VOLARE W-L ON"";2019;""Passageiro"";""Lesões Graves"";17;""Masculino"";0;0;1;0;-22",58978112;-44,"88535587;""SR-SP"";""DEL6/8"";""UOP01/SP""",
"262038;584914;2020-01-11;""sábado"";""04:25:00"";""SP"";116;23;""LAVRINHAS"";""Sim"";""Falta de Atenção à Condução"";1;""Colisão traseira"";""Com Vítimas Feridas"";""Plena Noite"";""Decrescente"";""Céu Claro"";""Dupla"";""Reta"";""Não"";467500;""Ônibus"";""MARCOPOLO/VOLARE W-L ON"";2019;""Passageiro"";""Lesões Graves"";32;""Feminino"";0;0;1;0;-22",58978112;-44,"88535587;""SR-SP"";""DEL6/8"";""UOP01/SP""",
"262038;584909;2020-01-11;""sábado"";""04:25:00"";""SP"";116;23;""LAVRINHAS"";""Sim"";""Falta de Atenção à Condução"";1;""Colisão traseira"";""Com Vítimas Feridas"";""Plena Noite"";""Decrescente"";""Céu Claro"";""Dupla"";""Reta"";""Não"";467500;""Ônibus"";""MARCOPOLO/VOLARE W-L ON"";2019;""Passageiro"";""Lesões Leves"";42;""Feminino"";0;1;0;0;-22",58978112;-44,"88535587;""SR-SP"";""DEL6/8"";""UOP01/SP""",
"262038;584906;2020-01-11;""sábado"";""04:25:00"";""SP"";116;23;""LAVRINHAS"";""Sim"";""Falta de Atenção à Condução"";1;""Colisão traseira"";""Com Vítimas Feridas"";""Plena Noite"";""Decrescente"";""Céu Claro"";""Dupla"";""Reta"";""Não"";467500;""Ônibus"";""MARCOPOLO/VOLARE W-L ON"";2019;""Passageiro"";""Ileso"";23;""Masculino"";1;0;0;0;-22",58978112;-44,"88535587;""SR-SP"";""DEL6/8"";""UOP01/SP""",
"262038;584899;2020-01-11;""sábado"";""04:25:00"";""SP"";116;23;""LAVRINHAS"";""Sim"";""Falta de Atenção à Condução"";1;""Colisão traseira"";""Com Vítimas Feridas"";""Plena Noite"";""Decrescente"";""Céu Claro"";""Dupla"";""Reta"";""Não"";467500;""Ônibus"";""MARCOPOLO/VOLARE W-L ON"";2019;""Condutor"";""Lesões Graves"";38;""Masculino"";0;0;1;0;-22",58978112;-44,"88535587;""SR-SP"";""DEL6/8"";""UOP01/SP""",
"262039;583429;2020-01-11;""sábado"";""03:00:00"";""PR"";376;106","9;""PARANAVAI"";""Sim"";""Velocidade Incompatível"";2;""Capotamento"";""Sem Vítimas"";""Plena Noite"";""Crescente"";""Céu Claro"";""Dupla"";""Interseção de vias"";""Sim"";467462;""Caminhonete"";""I/TOYOTA HILUX CD4X4 SRV"";2009;""Condutor"";""Não Informado"";NA;""Não Informado"";0;0;0;0;-23",06146;-52,"43401;""SR-PR"";""DEL7/7"";""UOP05/PR"""
"262039;583429;2020-01-11;""sábado"";""03:00:00"";""PR"";376;106","9;""PARANAVAI"";""Sim"";""Velocidade Incompatível"";1;""Colisão com objeto estático"";""Sem Vítimas"";""Plena Noite"";""Crescente"";""Céu Claro"";""Dupla"";""Interseção de vias"";""Sim"";467462;""Caminhonete"";""I/TOYOTA HILUX CD4X4 SRV"";2009;""Condutor"";""Não Informado"";NA;""Não Informado"";0;0;0;0;-23",06146;-52,"43401;""SR-PR"";""DEL7/7"";""UOP05/PR"""
"262040;583460;2020-01-11;""sábado"";""05:10:00"";""RS"";116;528;""CAPAO DO LEAO"";""Sim"";""Não guardar distância de segurança"";1;""Colisão traseira"";""Com Vítimas Feridas"";""Amanhecer"";""Crescente"";""Nublado"";""Simples"";""Reta"";""Sim"";467483;""Ônibus"";""M.BENZ/OF1722M NEOBUS MG"";2009;""Condutor"";""Ileso"";46;""Masculino"";1;0;0;0;-31",75074207;-52,"41851397;""SR-RS"";""DEL9/7"";""UOP01/RS""",
"262040;583459;2020-01-11;""sábado"";""05:10:00"";""RS"";116;528;""CAPAO DO LEAO"";""Sim"";""Não guardar distância de segurança"";1;""Colisão traseira"";""Com Vítimas Feridas"";""Amanhecer"";""Crescente"";""Nublado"";""Simples"";""Reta"";""Sim"";467482;""Automóvel"";""VW/POLO 1.6"";2002;""Condutor"";""Lesões Leves"";NA;""Masculino"";0;1;0;0;-31",75074207;-52,"41851397;""SR-RS"";""DEL9/7"";""UOP01/RS""",
"262041;NA;2020-01-11;""sábado"";""04:30:00"";""MG"";251;438","7;""GRAO MOGOL"";""Sim"";""Falta de Atenção à Condução"";1;""Colisão frontal"";""Com Vítimas Feridas"";""Amanhecer"";""Decrescente"";""Céu Claro"";""Simples"";""Reta"";""Não"";468590;""Semireboque"";""SR/RANDON SR FG"";2005;""Não Informado"";""Não Informado"";NA;""Não Informado"";0;0;0;0;-16",39866658;-43,"21253532;""SR-MG"";""DEL4/12"";""UOP01/MG"""
"262041;584875;2020-01-11;""sábado"";""04:30:00"";""MG"";251;438","7;""GRAO MOGOL"";""Sim"";""Falta de Atenção à Condução"";1;""Colisão frontal"";""Com Vítimas Feridas"";""Amanhecer"";""Decrescente"";""Céu Claro"";""Simples"";""Reta"";""Não"";468589;""Caminhão-trator"";""VOLVO/FH 460 4X2T"";2019;""Condutor"";""Ileso"";40;""Masculino"";1;0;0;0;-16",39866658;-43,"21253532;""SR-MG"";""DEL4/12"";""UOP01/MG"""
"262041;584874;2020-01-11;""sábado"";""04:30:00"";""MG"";251;438","7;""GRAO MOGOL"";""Sim"";""Falta de Atenção à Condução"";1;""Colisão frontal"";""Com Vítimas Feridas"";""Amanhecer"";""Decrescente"";""Céu Claro"";""Simples"";""Reta"";""Não"";467517;""Automóvel"";""TOYOTA/COROLLA XEI20FLEX"";2016;""Passageiro"";""Lesões Leves"";12;""Masculino"";0;1;0;0;-16",39866658;-43,"21253532;""SR-MG"";""DEL4/12"";""UOP01/MG"""
"262041;584865;2020-01-11;""sábado"";""04:30:00"";""MG"";251;438","7;""GRAO MOGOL"";""Sim"";""Falta de Atenção à Condução"";1;""Colisão frontal"";""Com Vítimas Feridas"";""Amanhecer"";""Decrescente"";""Céu Claro"";""Simples"";""Reta"";""Não"";467517;""Automóvel"";""TOYOTA/COROLLA XEI20FLEX"";2016;""Condutor"";""Lesões Leves"";48;""Masculino"";0;1;0;0;-16",39866658;-43,"21253532;""SR-MG"";""DEL4/12"";""UOP01/MG"""
"262041;NA;2020-01-11;""sábado"";""04:30:00"";""MG"";251;438","7;""GRAO MOGOL"";""Sim"";""Falta de Atenção à Condução"";2;""Saída de leito carroçável"";""Com Vítimas Feridas"";""Amanhecer"";""Decrescente"";""Céu Claro"";""Simples"";""Reta"";""Não"";468590;""Semireboque"";""SR/RANDON SR FG"";2005;""Não Informado"";""Não Informado"";NA;""Não Informado"";0;0;0;0;-16",39866658;-43,"21253532;""SR-MG"";""DEL4/12"";""UOP01/MG"""
"262041;584875;2020-01-11;""sábado"";""04:30:00"";""MG"";251;438","7;""GRAO MOGOL"";""Sim"";""Falta de Atenção à Condução"";2;""Saída de leito carroçável"";""Com Vítimas Feridas"";""Amanhecer"";""Decrescente"";""Céu Claro"";""Simples"";""Reta"";""Não"";468589;""Caminhão-trator"";""VOLVO/FH 460 4X2T"";2019;""Condutor"";""Ileso"";40;""Masculino"";1;0;0;0;-16",39866658;-43,"21253532;""SR-MG"";""DEL4/12"";""UOP01/MG"""
"262041;584874;2020-01-11;""sábado"";""04:30:00"";""MG"";251;438","7;""GRAO MOGOL"";""Sim"";""Falta de Atenção à Condução"";2;""Saída de leito carroçável"";""Com Vítimas Feridas"";""Amanhecer"";""Decrescente"";""Céu Claro"";""Simples"";""Reta"";""Não"";467517;""Automóvel"";""TOYOTA/COROLLA XEI20FLEX"";2016;""Passageiro"";""Lesões Leves"";12;""Masculino"";0;1;0;0;-16",39866658;-43,"21253532;""SR-MG"";""DEL4/12"";""UOP01/MG"""
"262041;584865;2020-01-11;""sábado"";""04:30:00"";""MG"";251;438","7;""GRAO MOGOL"";""Sim"";""Falta de Atenção à Condução"";2;""Saída de leito carroçável"";""Com Vítimas Feridas"";""Amanhecer"";""Decrescente"";""Céu Claro"";""Simples"";""Reta"";""Não"";467517;""Automóvel"";""TOYOTA/COROLLA XEI20FLEX"";2016;""Condutor"";""Lesões Leves"";48;""Masculino"";0;1;0;0;-16",39866658;-43,"21253532;""SR-MG"";""DEL4/12"";""UOP01/MG"""
"262042;583572;2020-01-11;""sábado"";""03:00:00"";""AC"";364;67","7;""SENADOR GUIOMARD"";""Sim"";""Desobediência às normas de trânsito pelo condutor"";3;""Queda de ocupante de veículo"";""Com Vítimas Fatais"";""Plena Noite"";""Decrescente"";""Céu Claro"";""Simples"";""Curva"";""Não"";467564;""Motocicleta"";""HONDA/CG 160 TITAN"";2019;""Condutor"";""Óbito"";23;""Masculino"";0;0;0;1;-10",06103729;-67,"31302104;""SR-AC"";""UOP01/AC"";"""""
"262042;583573;2020-01-11;""sábado"";""03:00:00"";""AC"";364;67","7;""SENADOR GUIOMARD"";""Sim"";""Desobediência às normas de trânsito pelo condutor"";3;""Queda de ocupante de veículo"";""Com Vítimas Fatais"";""Plena Noite"";""Decrescente"";""Céu Claro"";""Simples"";""Curva"";""Não"";467552;""Caminhão"";""VW/8.160 DRC 4X2"";2013;""Condutor"";""Lesões Leves"";28;""Masculino"";0;1;0;0;-10",06103729;-67,"31302104;""SR-AC"";""UOP01/AC"";"""""
"262042;583572;2020-01-11;""sábado"";""03:00:00"";""AC"";364;67","7;""SENADOR GUIOMARD"";""Sim"";""Desobediência às normas de trânsito pelo condutor"";2;""Tombamento"";""Com Vítimas Fatais"";""Plena Noite"";""Decrescente"";""Céu Claro"";""Simples"";""Curva"";""Não"";467564;""Motocicleta"";""HONDA/CG 160 TITAN"";2019;""Condutor"";""Óbito"";23;""Masculino"";0;0;0;1;-10",06103729;-67,"31302104;""SR-AC"";""UOP01/AC"";"""""
"262042;583573;2020-01-11;""sábado"";""03:00:00"";""AC"";364;67","7;""SENADOR GUIOMARD"";""Sim"";""Desobediência às normas de trânsito pelo condutor"";2;""Tombamento"";""Com Vítimas Fatais"";""Plena Noite"";""Decrescente"";""Céu Claro"";""Simples"";""Curva"";""Não"";467552;""Caminhão"";""VW/8.160 DRC 4X2"";2013;""Condutor"";""Lesões Leves"";28;""Masculino"";0;1;0;0;-10",06103729;-67,"31302104;""SR-AC"";""UOP01/AC"";"""""
"262042;583572;2020-01-11;""sábado"";""03:00:00"";""AC"";364;67","7;""SENADOR GUIOMARD"";""Sim"";""Desobediência às normas de trânsito pelo condutor"";1;""Colisão frontal"";""Com Vítimas Fatais"";""Plena Noite"";""Decrescente"";""Céu Claro"";""Simples"";""Curva"";""Não"";467564;""Motocicleta"";""HONDA/CG 160 TITAN"";2019;""Condutor"";""Óbito"";23;""Masculino"";0;0;0;1;-10",06103729;-67,"31302104;""SR-AC"";""UOP01/AC"";"""""
"262042;583573;2020-01-11;""sábado"";""03:00:00"";""AC"";364;67","7;""SENADOR GUIOMARD"";""Sim"";""Desobediência às normas de trânsito pelo condutor"";1;""Colisão frontal"";""Com Vítimas Fatais"";""Plena Noite"";""Decrescente"";""Céu Claro"";""Simples"";""Curva"";""Não"";467552;""Caminhão"";""VW/8.160 DRC 4X2"";2013;""Condutor"";""Lesões Leves"";28;""Masculino"";0;1;0;0;-10",06103729;-67,"31302104;""SR-AC"";""UOP01/AC"";"""""
"262043;583464;2020-01-11;""sábado"";""05:15:00"";""MG"";262;676","2;""ARAXA"";""Sim"";""Condutor Dormindo"";1;""Saída de leito carroçável"";""Com Vítimas Feridas"";""Amanhecer"";""Crescente"";""Nublado"";""Simples"";""Reta"";""Não"";467484;""Automóvel"";""FIAT/PALIO ELX"";1999;""Passageiro"";""Lesões Leves"";44;""Feminino"";0;1;0;0;-19",55095536;-46,"85117969;""SR-MG"";""DEL4/8"";""UOP01/MG"""
"262043;583462;2020-01-11;""sábado"";""05:15:00"";""MG"";262;676","2;""ARAXA"";""Sim"";""Condutor Dormindo"";1;""Saída de leito carroçável"";""Com Vítimas Feridas"";""Amanhecer"";""Crescente"";""Nublado"";""Simples"";""Reta"";""Não"";467484;""Automóvel"";""FIAT/PALIO ELX"";1999;""Condutor"";""Lesões Leves"";27;""Masculino"";0;1;0;0;-19",55095536;-46,"85117969;""SR-MG"";""DEL4/8"";""UOP01/MG"""
"262043;583464;2020-01-11;""sábado"";""05:15:00"";""MG"";262;676","2;""ARAXA"";""Sim"";""Condutor Dormindo"";2;""Capotamento"";""Com Vítimas Feridas"";""Amanhecer"";""Crescente"";""Nublado"";""Simples"";""Reta"";""Não"";467484;""Automóvel"";""FIAT/PALIO ELX"";1999;""Passageiro"";""Lesões Leves"";44;""Feminino"";0;1;0;0;-19",55095536;-46,"85117969;""SR-MG"";""DEL4/8"";""UOP01/MG"""
"262043;583462;2020-01-11;""sábado"";""05:15:00"";""MG"";262;676","2;""ARAXA"";""Sim"";""Condutor Dormindo"";2;""Capotamento"";""Com Vítimas Feridas"";""Amanhecer"";""Crescente"";""Nublado"";""Simples"";""Reta"";""Não"";467484;""Automóvel"";""FIAT/PALIO ELX"";1999;""Condutor"";""Lesões Leves"";27;""Masculino"";0;1;0;0;-19",55095536;-46,"85117969;""SR-MG"";""DEL4/8"";""UOP01/MG"""
"262044;585214;2020-01-11;""sábado"";""04:10:00"";""SC"";101;198;""BIGUACU"";""Sim"";""Agressão Externa"";2;""Capotamento"";""Com Vítimas Feridas"";""Amanhecer"";""Decrescente"";""Chuva"";""Dupla"";""Reta"";""Não"";467469;""Automóvel"";""CHEVROLET/ONIX 1.4MT LTZ"";2013;""Passageiro"";""Ileso"";20;""Masculino"";1;0;0;0;-27",52658712;-48,"63506019;""SR-SC"";""DEL8/1"";""UOP01/SC""",
"262044;585213;2020-01-11;""sábado"";""04:10:00"";""SC"";101;198;""BIGUACU"";""Sim"";""Agressão Externa"";2;""Capotamento"";""Com Vítimas Feridas"";""Amanhecer"";""Decrescente"";""Chuva"";""Dupla"";""Reta"";""Não"";467469;""Automóvel"";""CHEVROLET/ONIX 1.4MT LTZ"";2013;""Passageiro"";""Ileso"";20;""Masculino"";1;0;0;0;-27",52658712;-48,"63506019;""SR-SC"";""DEL8/1"";""UOP01/SC""",
"262044;583438;2020-01-11;""sábado"";""04:10:00"";""SC"";101;198;""BIGUACU"";""Sim"";""Agressão Externa"";2;""Capotamento"";""Com Vítimas Feridas"";""Amanhecer"";""Decrescente"";""Chuva"";""Dupla"";""Reta"";""Não"";467469;""Automóvel"";""CHEVROLET/ONIX 1.4MT LTZ"";2013;""Condutor"";""Lesões Leves"";31;""Masculino"";0;1;0;0;-27",52658712;-48,"63506019;""SR-SC"";""DEL8/1"";""UOP01/SC""",
"262044;585214;2020-01-11;""sábado"";""04:10:00"";""SC"";101;198;""BIGUACU"";""Sim"";""Agressão Externa"";1;""Saída de leito carroçável"";""Com Vítimas Feridas"";""Amanhecer"";""Decrescente"";""Chuva"";""Dupla"";""Reta"";""Não"";467469;""Automóvel"";""CHEVROLET/ONIX 1.4MT LTZ"";2013;""Passageiro"";""Ileso"";20;""Masculino"";1;0;0;0;-27",52658712;-48,"63506019;""SR-SC"";""DEL8/1"";""UOP01/SC""",
"262044;585213;2020-01-11;""sábado"";""04:10:00"";""SC"";101;198;""BIGUACU"";""Sim"";""Agressão Externa"";1;""Saída de leito carroçável"";""Com Vítimas Feridas"";""Amanhecer"";""Decrescente"";""Chuva"";""Dupla"";""Reta"";""Não"";467469;""Automóvel"";""CHEVROLET/ONIX 1.4MT LTZ"";2013;""Passageiro"";""Ileso"";20;""Masculino"";1;0;0;0;-27",52658712;-48,"63506019;""SR-SC"";""DEL8/1"";""UOP01/SC""",
"262044;583438;2020-01-11;""sábado"";""04:10:00"";""SC"";101;198;""BIGUACU"";""Sim"";""Agressão Externa"";1;""Saída de leito carroçável"";""Com Vítimas Feridas"";""Amanhecer"";""Decrescente"";""Chuva"";""Dupla"";""Reta"";""Não"";467469;""Automóvel"";""CHEVROLET/ONIX 1.4MT LTZ"";2013;""Condutor"";""Lesões Leves"";31;""Masculino"";0;1;0;0;-27",52658712;-48,"63506019;""SR-SC"";""DEL8/1"";""UOP01/SC""",
"262046;584937;2020-01-11;""sábado"";""04:50:00"";""PE"";104;85","9;""AGRESTINA"";""Sim"";""Ingestão de Álcool"";1;""Colisão lateral"";""Sem Vítimas"";""Amanhecer"";""Crescente"";""Céu Claro"";""Simples"";""Curva"";""Não"";467498;""Automóvel"";""GM/CELTA"";2001;""Condutor"";""Ileso"";20;""Masculino"";1;0;0;0;-8",438719;-35,"955177;""SR-PE"";""DEL11/2"";""UOP01/PE"""
"262046;584957;2020-01-11;""sábado"";""04:50:00"";""PE"";104;85","9;""AGRESTINA"";""Sim"";""Ingestão de Álcool"";1;""Colisão lateral"";""Sem Vítimas"";""Amanhecer"";""Crescente"";""Céu Claro"";""Simples"";""Curva"";""Não"";467497;""Automóvel"";""GM/CORSA SEDAN"";2003;""Passageiro"";""Ileso"";51;""Feminino"";1;0;0;0;-8",438719;-35,"955177;""SR-PE"";""DEL11/2"";""UOP01/PE"""
"262046;584951;2020-01-11;""sábado"";""04:50:00"";""PE"";104;85","9;""AGRESTINA"";""Sim"";""Ingestão de Álcool"";1;""Colisão lateral"";""Sem Vítimas"";""Amanhecer"";""Crescente"";""Céu Claro"";""Simples"";""Curva"";""Não"";467497;""Automóvel"";""GM/CORSA SEDAN"";2003;""Passageiro"";""Ileso"";19;""Feminino"";1;0;0;0;-8",438719;-35,"955177;""SR-PE"";""DEL11/2"";""UOP01/PE"""
"262046;584946;2020-01-11;""sábado"";""04:50:00"";""PE"";104;85","9;""AGRESTINA"";""Sim"";""Ingestão de Álcool"";1;""Colisão lateral"";""Sem Vítimas"";""Amanhecer"";""Crescente"";""Céu Claro"";""Simples"";""Curva"";""Não"";467497;""Automóvel"";""GM/CORSA SEDAN"";2003;""Passageiro"";""Ileso"";49;""Feminino"";1;0;0;0;-8",438719;-35,"955177;""SR-PE"";""DEL11/2"";""UOP01/PE"""
"262046;584944;2020-01-11;""sábado"";""04:50:00"";""PE"";104;85","9;""AGRESTINA"";""Sim"";""Ingestão de Álcool"";1;""Colisão lateral"";""Sem Vítimas"";""Amanhecer"";""Crescente"";""Céu Claro"";""Simples"";""Curva"";""Não"";467497;""Automóvel"";""GM/CORSA SEDAN"";2003;""Passageiro"";""Ileso"";18;""Masculino"";1;0;0;0;-8",438719;-35,"955177;""SR-PE"";""DEL11/2"";""UOP01/PE"""
"262046;584932;2020-01-11;""sábado"";""04:50:00"";""PE"";104;85","9;""AGRESTINA"";""Sim"";""Ingestão de Álcool"";1;""Colisão lateral"";""Sem Vítimas"";""Amanhecer"";""Crescente"";""Céu Claro"";""Simples"";""Curva"";""Não"";467497;""Automóvel"";""GM/CORSA SEDAN"";2003;""Condutor"";""Ileso"";50;""Masculino"";1;0;0;0;-8",438719;-35,"955177;""SR-PE"";""DEL11/2"";""UOP01/PE"""
"262047;583471;2020-01-11;""sábado"";""05:30:00"";""SP"";116;175;""JACAREI"";""Sim"";""Ingestão de Álcool"";1;""Colisão com objeto estático"";""Com Vítimas Feridas"";""Amanhecer"";""Crescente"";""Céu Claro"";""Dupla"";""Não Informado"";""Sim"";467499;""Motocicleta"";""HONDA/CG 125 FAN"";2006;""Condutor"";""Lesões Graves"";30;""Masculino"";0;0;1;0;-23",32173972;-46,"100353;""SR-SP"";""DEL6/2"";""UOP01/SP""",
"262048;584492;2020-01-11;""sábado"";""03:50:00"";""MG"";356;276","5;""EUGENOPOLIS"";""Sim"";""Ingestão de Álcool"";1;""Saída de leito carroçável"";""Com Vítimas Feridas"";""Plena Noite"";""Crescente"";""Nevoeiro/Neblina"";""Simples"";""Não Informado"";""Não"";467475;""Automóvel"";""HYUNDAI/HB20 1.0M COMFOR"";2015;""Passageiro"";""Lesões Leves"";34;""Masculino"";0;1;0;0;-21",1259893;-42,"27931031;""SR-MG"";""DEL4/7"";""UOP02/MG"""
"262048;584490;2020-01-11;""sábado"";""03:50:00"";""MG"";356;276","5;""EUGENOPOLIS"";""Sim"";""Ingestão de Álcool"";1;""Saída de leito carroçável"";""Com Vítimas Feridas"";""Plena Noite"";""Crescente"";""Nevoeiro/Neblina"";""Simples"";""Não Informado"";""Não"";467475;""Automóvel"";""HYUNDAI/HB20 1.0M COMFOR"";2015;""Condutor"";""Lesões Leves"";28;""Masculino"";0;1;0;0;-21",1259893;-42,"27931031;""SR-MG"";""DEL4/7"";""UOP02/MG"""
"262048;584491;2020-01-11;""sábado"";""03:50:00"";""MG"";356;276","5;""EUGENOPOLIS"";""Sim"";""Ingestão de Álcool"";1;""Saída de leito carroçável"";""Com Vítimas Feridas"";""Plena Noite"";""Crescente"";""Nevoeiro/Neblina"";""Simples"";""Não Informado"";""Não"";467475;""Automóvel"";""HYUNDAI/HB20 1.0M COMFOR"";2015;""Passageiro"";""Lesões Graves"";34;""Masculino"";0;0;1;0;-21",1259893;-42,"27931031;""SR-MG"";""DEL4/7"";""UOP02/MG"""
"262048;584492;2020-01-11;""sábado"";""03:50:00"";""MG"";356;276","5;""EUGENOPOLIS"";""Sim"";""Ingestão de Álcool"";2;""Colisão com objeto estático"";""Com Vítimas Feridas"";""Plena Noite"";""Crescente"";""Nevoeiro/Neblina"";""Simples"";""Não Informado"";""Não"";467475;""Automóvel"";""HYUNDAI/HB20 1.0M COMFOR"";2015;""Passageiro"";""Lesões Leves"";34;""Masculino"";0;1;0;0;-21",1259893;-42,"27931031;""SR-MG"";""DEL4/7"";""UOP02/MG"""
"262048;584490;2020-01-11;""sábado"";""03:50:00"";""MG"";356;276","5;""EUGENOPOLIS"";""Sim"";""Ingestão de Álcool"";2;""Colisão com objeto estático"";""Com Vítimas Feridas"";""Plena Noite"";""Crescente"";""Nevoeiro/Neblina"";""Simples"";""Não Informado"";""Não"";467475;""Automóvel"";""HYUNDAI/HB20 1.0M COMFOR"";2015;""Condutor"";""Lesões Leves"";28;""Masculino"";0;1;0;0;-21",1259893;-42,"27931031;""SR-MG"";""DEL4/7"";""UOP02/MG"""
"262048;584491;2020-01-11;""sábado"";""03:50:00"";""MG"";356;276","5;""EUGENOPOLIS"";""Sim"";""Ingestão de Álcool"";2;""Colisão com objeto estático"";""Com Vítimas Feridas"";""Plena Noite"";""Crescente"";""Nevoeiro/Neblina"";""Simples"";""Não Informado"";""Não"";467475;""Automóvel"";""HYUNDAI/HB20 1.0M COMFOR"";2015;""Passageiro"";""Lesões Graves"";34;""Masculino"";0;0;1;0;-21",1259893;-42,"27931031;""SR-MG"";""DEL4/7"";""UOP02/MG"""
"262048;584492;2020-01-11;""sábado"";""03:50:00"";""MG"";356;276","5;""EUGENOPOLIS"";""Não"";""Velocidade Incompatível"";1;""Saída de leito carroçável"";""Com Vítimas Feridas"";""Plena Noite"";""Crescente"";""Nevoeiro/Neblina"";""Simples"";""Não Informado"";""Não"";467475;""Automóvel"";""HYUNDAI/HB20 1.0M COMFOR"";2015;""Passageiro"";""Lesões Leves"";34;""Masculino"";0;1;0;0;-21",1259893;-42,"27931031;""SR-MG"";""DEL4/7"";""UOP02/MG"""
"262048;584490;2020-01-11;""sábado"";""03:50:00"";""MG"";356;276","5;""EUGENOPOLIS"";""Não"";""Velocidade Incompatível"";1;""Saída de leito carroçável"";""Com Vítimas Feridas"";""Plena Noite"";""Crescente"";""Nevoeiro/Neblina"";""Simples"";""Não Informado"";""Não"";467475;""Automóvel"";""HYUNDAI/HB20 1.0M COMFOR"";2015;""Condutor"";""Lesões Leves"";28;""Masculino"";0;1;0;0;-21",1259893;-42,"27931031;""SR-MG"";""DEL4/7"";""UOP02/MG"""
"262048;584491;2020-01-11;""sábado"";""03:50:00"";""MG"";356;276","5;""EUGENOPOLIS"";""Não"";""Velocidade Incompatível"";1;""Saída de leito carroçável"";""Com Vítimas Feridas"";""Plena Noite"";""Crescente"";""Nevoeiro/Neblina"";""Simples"";""Não Informado"";""Não"";467475;""Automóvel"";""HYUNDAI/HB20 1.0M COMFOR"";2015;""Passageiro"";""Lesões Graves"";34;""Masculino"";0;0;1;0;-21",1259893;-42,"27931031;""SR-MG"";""DEL4/7"";""UOP02/MG"""
"262048;584492;2020-01-11;""sábado"";""03:50:00"";""MG"";356;276","5;""EUGENOPOLIS"";""Não"";""Velocidade Incompatível"";2;""Colisão com objeto estático"";""Com Vítimas Feridas"";""Plena Noite"";""Crescente"";""Nevoeiro/Neblina"";""Simples"";""Não Informado"";""Não"";467475;""Automóvel"";""HYUNDAI/HB20 1.0M COMFOR"";2015;""Passageiro"";""Lesões Leves"";34;""Masculino"";0;1;0;0;-21",1259893;-42,"27931031;""SR-MG"";""DEL4/7"";""UOP02/MG"""
"262048;584490;2020-01-11;""sábado"";""03:50:00"";""MG"";356;276","5;""EUGENOPOLIS"";""Não"";""Velocidade Incompatível"";2;""Colisão com objeto estático"";""Com Vítimas Feridas"";""Plena Noite"";""Crescente"";""Nevoeiro/Neblina"";""Simples"";""Não Informado"";""Não"";467475;""Automóvel"";""HYUNDAI/HB20 1.0M COMFOR"";2015;""Condutor"";""Lesões Leves"";28;""Masculino"";0;1;0;0;-21",1259893;-42,"27931031;""SR-MG"";""DEL4/7"";""UOP02/MG"""