"id;""pesid"";""data_inversa"";""dia_semana"";""horario"";""uf"";""br"";""km"";""municipio"";""causa_principal"";""causa_acidente"";""ordem_tipo_acidente"";""tipo_acidente"";""classificacao_acidente"";""fase_dia"";""sentido_via"";""condicao_metereologica"";""tipo_pista"";""tracado_via"";""uso_solo"";""id_veiculo"";""tipo_veiculo"";""marca"";""ano_fabricacao_veiculo"";""tipo_envolvido"";""estado_fisico"";""idade"";""sexo"";""ilesos"";""feridos_leves"";""feridos_graves"";""mortos"";""latitude"";""longitude"";""regional"";""delegacia"";""uop""",,,
"262060;585280;2020-01-11;""sábado"";""03:50:00"";""BA"";116;683;""JEQUIE"";""Sim"";""Desobediência às normas de trânsito pelo condutor"";1;""Colisão frontal"";""Com Vítimas Fatais"";""Plena Noite"";""Decrescente"";""Céu Claro"";""Simples"";""Curva"";""Não"";467512;""Caminhão"";""VW/13.180 CNM"";2010;""Passageiro"";""Lesões Leves"";NA;""Feminino"";0;1;0;0;-13",87769527;-40,"13464153;""SR-BA"";""DEL10/3"";""UOP01/BA""",
"262060;585279;2020-01-11;""sábado"";""03:50:00"";""BA"";116;683;""JEQUIE"";""Sim"";""Desobediência às normas de trânsito pelo condutor"";1;""Colisão frontal"";""Com Vítimas Fatais"";""Plena Noite"";""Decrescente"";""Céu Claro"";""Simples"";""Curva"";""Não"";467512;""Caminhão"";""VW/13.180 CNM"";2010;""Passageiro"";""Lesões Graves"";67;""Masculino"";0;0;1;0;-13",87769527;-40,"13464153;""SR-BA"";""DEL10/3"";""UOP01/BA""",
"262060;585278;2020-01-11;""sábado"";""03:50:00"";""BA"";116;683;""JEQUIE"";""Sim"";""Desobediência às normas de trânsito pelo condutor"";1;""Colisão frontal"";""Com Vítimas Fatais"";""Plena Noite"";""Decrescente"";""Céu Claro"";""Simples"";""Curva"";""Não"";467512;""Caminhão"";""VW/13.180 CNM"";2010;""Condutor"";""Lesões Leves"";62;""Masculino"";0;1;0;0;-13",87769527;-40,"13464153;""SR-BA"";""DEL10/3"";""UOP01/BA""",
"262060;585282;2020-01-11;""sábado"";""03:50:00"";""BA"";116;683;""JEQUIE"";""Sim"";""Desobediência às normas de trânsito pelo condutor"";2;""Incêndio"";""Com Vítimas Fatais"";""Plena Noite"";""Decrescente"";""Céu Claro"";""Simples"";""Curva"";""Não"";467511;""Automóvel"";""GM/CELTA 2P SPIRIT"";2006;""Passageiro"";""Lesões Leves"";37;""Masculino"";0;1;0;0;-13",87769527;-40,"13464153;""SR-BA"";""DEL10/3"";""UOP01/BA""",
"262060;585281;2020-01-11;""sábado"";""03:50:00"";""BA"";116;683;""JEQUIE"";""Sim"";""Desobediência às normas de trânsito pelo condutor"";2;""Incêndio"";""Com Vítimas Fatais"";""Plena Noite"";""Decrescente"";""Céu Claro"";""Simples"";""Curva"";""Não"";467511;""Automóvel"";""GM/CELTA 2P SPIRIT"";2006;""Passageiro"";""Lesões Leves"";28;""Masculino"";0;1;0;0;-13",87769527;-40,"13464153;""SR-BA"";""DEL10/3"";""UOP01/BA""",
"262060;583485;2020-01-11;""sábado"";""03:50:00"";""BA"";116;683;""JEQUIE"";""Sim"";""Desobediência às normas de trânsito pelo condutor"";2;""Incêndio"";""Com Vítimas Fatais"";""Plena Noite"";""Decrescente"";""Céu Claro"";""Simples"";""Curva"";""Não"";467511;""Automóvel"";""GM/CELTA 2P SPIRIT"";2006;""Condutor"";""Óbito"";21;""Masculino"";0;0;0;1;-13",87769527;-40,"13464153;""SR-BA"";""DEL10/3"";""UOP01/BA""",
"262060;585280;2020-01-11;""sábado"";""03:50:00"";""BA"";116;683;""JEQUIE"";""Sim"";""Desobediência às normas de trânsito pelo condutor"";2;""Incêndio"";""Com Vítimas Fatais"";""Plena Noite"";""Decrescente"";""Céu Claro"";""Simples"";""Curva"";""Não"";467512;""Caminhão"";""VW/13.180 CNM"";2010;""Passageiro"";""Lesões Leves"";NA;""Feminino"";0;1;0;0;-13",87769527;-40,"13464153;""SR-BA"";""DEL10/3"";""UOP01/BA""",
"262060;585279;2020-01-11;""sábado"";""03:50:00"";""BA"";116;683;""JEQUIE"";""Sim"";""Desobediência às normas de trânsito pelo condutor"";2;""Incêndio"";""Com Vítimas Fatais"";""Plena Noite"";""Decrescente"";""Céu Claro"";""Simples"";""Curva"";""Não"";467512;""Caminhão"";""VW/13.180 CNM"";2010;""Passageiro"";""Lesões Graves"";67;""Masculino"";0;0;1;0;-13",87769527;-40,"13464153;""SR-BA"";""DEL10/3"";""UOP01/BA""",
"262060;585278;2020-01-11;""sábado"";""03:50:00"";""BA"";116;683;""JEQUIE"";""Sim"";""Desobediência às normas de trânsito pelo condutor"";2;""Incêndio"";""Com Vítimas Fatais"";""Plena Noite"";""Decrescente"";""Céu Claro"";""Simples"";""Curva"";""Não"";467512;""Caminhão"";""VW/13.180 CNM"";2010;""Condutor"";""Lesões Leves"";62;""Masculino"";0;1;0;0;-13",87769527;-40,"13464153;""SR-BA"";""DEL10/3"";""UOP01/BA""",
"262060;585282;2020-01-11;""sábado"";""03:50:00"";""BA"";116;683;""JEQUIE"";""Sim"";""Desobediência às normas de trânsito pelo condutor"";3;""Tombamento"";""Com Vítimas Fatais"";""Plena Noite"";""Decrescente"";""Céu Claro"";""Simples"";""Curva"";""Não"";467511;""Automóvel"";""GM/CELTA 2P SPIRIT"";2006;""Passageiro"";""Lesões Leves"";37;""Masculino"";0;1;0;0;-13",87769527;-40,"13464153;""SR-BA"";""DEL10/3"";""UOP01/BA""",
"262060;585281;2020-01-11;""sábado"";""03:50:00"";""BA"";116;683;""JEQUIE"";""Sim"";""Desobediência às normas de trânsito pelo condutor"";3;""Tombamento"";""Com Vítimas Fatais"";""Plena Noite"";""Decrescente"";""Céu Claro"";""Simples"";""Curva"";""Não"";467511;""Automóvel"";""GM/CELTA 2P SPIRIT"";2006;""Passageiro"";""Lesões Leves"";28;""Masculino"";0;1;0;0;-13",87769527;-40,"13464153;""SR-BA"";""DEL10/3"";""UOP01/BA""",
"262060;583485;2020-01-11;""sábado"";""03:50:00"";""BA"";116;683;""JEQUIE"";""Sim"";""Desobediência às normas de trânsito pelo condutor"";3;""Tombamento"";""Com Vítimas Fatais"";""Plena Noite"";""Decrescente"";""Céu Claro"";""Simples"";""Curva"";""Não"";467511;""Automóvel"";""GM/CELTA 2P SPIRIT"";2006;""Condutor"";""Óbito"";21;""Masculino"";0;0;0;1;-13",87769527;-40,"13464153;""SR-BA"";""DEL10/3"";""UOP01/BA""",
"262060;585280;2020-01-11;""sábado"";""03:50:00"";""BA"";116;683;""JEQUIE"";""Sim"";""Desobediência às normas de trânsito pelo condutor"";3;""Tombamento"";""Com Vítimas Fatais"";""Plena Noite"";""Decrescente"";""Céu Claro"";""Simples"";""Curva"";""Não"";467512;""Caminhão"";""VW/13.180 CNM"";2010;""Passageiro"";""Lesões Leves"";NA;""Feminino"";0;1;0;0;-13",87769527;-40,"13464153;""SR-BA"";""DEL10/3"";""UOP01/BA""",
"262060;585279;2020-01-11;""sábado"";""03:50:00"";""BA"";116;683;""JEQUIE"";""Sim"";""Desobediência às normas de trânsito pelo condutor"";3;""Tombamento"";""Com Vítimas Fatais"";""Plena Noite"";""Decrescente"";""Céu Claro"";""Simples"";""Curva"";""Não"";467512;""Caminhão"";""VW/13.180 CNM"";2010;""Passageiro"";""Lesões Graves"";67;""Masculino"";0;0;1;0;-13",87769527;-40,"13464153;""SR-BA"";""DEL10/3"";""UOP01/BA""",
"262060;585278;2020-01-11;""sábado"";""03:50:00"";""BA"";116;683;""JEQUIE"";""Sim"";""Desobediência às normas de trânsito pelo condutor"";3;""Tombamento"";""Com Vítimas Fatais"";""Plena Noite"";""Decrescente"";""Céu Claro"";""Simples"";""Curva"";""Não"";467512;""Caminhão"";""VW/13.180 CNM"";2010;""Condutor"";""Lesões Leves"";62;""Masculino"";0;1;0;0;-13",87769527;-40,"13464153;""SR-BA"";""DEL10/3"";""UOP01/BA""",
"262060;585282;2020-01-11;""sábado"";""03:50:00"";""BA"";116;683;""JEQUIE"";""Não"";""Ingestão de Álcool"";1;""Colisão frontal"";""Com Vítimas Fatais"";""Plena Noite"";""Decrescente"";""Céu Claro"";""Simples"";""Curva"";""Não"";467511;""Automóvel"";""GM/CELTA 2P SPIRIT"";2006;""Passageiro"";""Lesões Leves"";37;""Masculino"";0;1;0;0;-13",87769527;-40,"13464153;""SR-BA"";""DEL10/3"";""UOP01/BA""",
"262060;585281;2020-01-11;""sábado"";""03:50:00"";""BA"";116;683;""JEQUIE"";""Não"";""Ingestão de Álcool"";1;""Colisão frontal"";""Com Vítimas Fatais"";""Plena Noite"";""Decrescente"";""Céu Claro"";""Simples"";""Curva"";""Não"";467511;""Automóvel"";""GM/CELTA 2P SPIRIT"";2006;""Passageiro"";""Lesões Leves"";28;""Masculino"";0;1;0;0;-13",87769527;-40,"13464153;""SR-BA"";""DEL10/3"";""UOP01/BA""",
"262060;583485;2020-01-11;""sábado"";""03:50:00"";""BA"";116;683;""JEQUIE"";""Não"";""Ingestão de Álcool"";1;""Colisão frontal"";""Com Vítimas Fatais"";""Plena Noite"";""Decrescente"";""Céu Claro"";""Simples"";""Curva"";""Não"";467511;""Automóvel"";""GM/CELTA 2P SPIRIT"";2006;""Condutor"";""Óbito"";21;""Masculino"";0;0;0;1;-13",87769527;-40,"13464153;""SR-BA"";""DEL10/3"";""UOP01/BA""",
"262060;585280;2020-01-11;""sábado"";""03:50:00"";""BA"";116;683;""JEQUIE"";""Não"";""Ingestão de Álcool"";1;""Colisão frontal"";""Com Vítimas Fatais"";""Plena Noite"";""Decrescente"";""Céu Claro"";""Simples"";""Curva"";""Não"";467512;""Caminhão"";""VW/13.180 CNM"";2010;""Passageiro"";""Lesões Leves"";NA;""Feminino"";0;1;0;0;-13",87769527;-40,"13464153;""SR-BA"";""DEL10/3"";""UOP01/BA""",
"262060;585279;2020-01-11;""sábado"";""03:50:00"";""BA"";116;683;""JEQUIE"";""Não"";""Ingestão de Álcool"";1;""Colisão frontal"";""Com Vítimas Fatais"";""Plena Noite"";""Decrescente"";""Céu Claro"";""Simples"";""Curva"";""Não"";467512;""Caminhão"";""VW/13.180 CNM"";2010;""Passageiro"";""Lesões Graves"";67;""Masculino"";0;0;1;0;-13",87769527;-40,"13464153;""SR-BA"";""DEL10/3"";""UOP01/BA""",
"262060;585278;2020-01-11;""sábado"";""03:50:00"";""BA"";116;683;""JEQUIE"";""Não"";""Ingestão de Álcool"";1;""Colisão frontal"";""Com Vítimas Fatais"";""Plena Noite"";""Decrescente"";""Céu Claro"";""Simples"";""Curva"";""Não"";467512;""Caminhão"";""VW/13.180 CNM"";2010;""Condutor"";""Lesões Leves"";62;""Masculino"";0;1;0;0;-13",87769527;-40,"13464153;""SR-BA"";""DEL10/3"";""UOP01/BA""",
"262060;585282;2020-01-11;""sábado"";""03:50:00"";""BA"";116;683;""JEQUIE"";""Não"";""Ingestão de Álcool"";2;""Incêndio"";""Com Vítimas Fatais"";""Plena Noite"";""Decrescente"";""Céu Claro"";""Simples"";""Curva"";""Não"";467511;""Automóvel"";""GM/CELTA 2P SPIRIT"";2006;""Passageiro"";""Lesões Leves"";37;""Masculino"";0;1;0;0;-13",87769527;-40,"13464153;""SR-BA"";""DEL10/3"";""UOP01/BA""",
"262060;585281;2020-01-11;""sábado"";""03:50:00"";""BA"";116;683;""JEQUIE"";""Não"";""Ingestão de Álcool"";2;""Incêndio"";""Com Vítimas Fatais"";""Plena Noite"";""Decrescente"";""Céu Claro"";""Simples"";""Curva"";""Não"";467511;""Automóvel"";""GM/CELTA 2P SPIRIT"";2006;""Passageiro"";""Lesões Leves"";28;""Masculino"";0;1;0;0;-13",87769527;-40,"13464153;""SR-BA"";""DEL10/3"";""UOP01/BA""",
"262060;583485;2020-01-11;""sábado"";""03:50:00"";""BA"";116;683;""JEQUIE"";""Não"";""Ingestão de Álcool"";2;""Incêndio"";""Com Vítimas Fatais"";""Plena Noite"";""Decrescente"";""Céu Claro"";""Simples"";""Curva"";""Não"";467511;""Automóvel"";""GM/CELTA 2P SPIRIT"";2006;""Condutor"";""Óbito"";21;""Masculino"";0;0;0;1;-13",87769527;-40,"13464153;""SR-BA"";""DEL10/3"";""UOP01/BA""",
"262060;585280;2020-01-11;""sábado"";""03:50:00"";""BA"";116;683;""JEQUIE"";""Não"";""Ingestão de Álcool"";2;""Incêndio"";""Com Vítimas Fatais"";""Plena Noite"";""Decrescente"";""Céu Claro"";""Simples"";""Curva"";""Não"";467512;""Caminhão"";""VW/13.180 CNM"";2010;""Passageiro"";""Lesões Leves"";NA;""Feminino"";0;1;0;0;-13",87769527;-40,"13464153;""SR-BA"";""DEL10/3"";""UOP01/BA""",
"262060;585279;2020-01-11;""sábado"";""03:50:00"";""BA"";116;683;""JEQUIE"";""Não"";""Ingestão de Álcool"";2;""Incêndio"";""Com Vítimas Fatais"";""Plena Noite"";""Decrescente"";""Céu Claro"";""Simples"";""Curva"";""Não"";467512;""Caminhão"";""VW/13.180 CNM"";2010;""Passageiro"";""Lesões Graves"";67;""Masculino"";0;0;1;0;-13",87769527;-40,"13464153;""SR-BA"";""DEL10/3"";""UOP01/BA""",
"262060;585278;2020-01-11;""sábado"";""03:50:00"";""BA"";116;683;""JEQUIE"";""Não"";""Ingestão de Álcool"";2;""Incêndio"";""Com Vítimas Fatais"";""Plena Noite"";""Decrescente"";""Céu Claro"";""Simples"";""Curva"";""Não"";467512;""Caminhão"";""VW/13.180 CNM"";2010;""Condutor"";""Lesões Leves"";62;""Masculino"";0;1;0;0;-13",87769527;-40,"13464153;""SR-BA"";""DEL10/3"";""UOP01/BA""",
"262060;585282;2020-01-11;""sábado"";""03:50:00"";""BA"";116;683;""JEQUIE"";""Não"";""Ingestão de Álcool"";3;""Tombamento"";""Com Vítimas Fatais"";""Plena Noite"";""Decrescente"";""Céu Claro"";""Simples"";""Curva"";""Não"";467511;""Automóvel"";""GM/CELTA 2P SPIRIT"";2006;""Passageiro"";""Lesões Leves"";37;""Masculino"";0;1;0;0;-13",87769527;-40,"13464153;""SR-BA"";""DEL10/3"";""UOP01/BA""",
"262060;585281;2020-01-11;""sábado"";""03:50:00"";""BA"";116;683;""JEQUIE"";""Não"";""Ingestão de Álcool"";3;""Tombamento"";""Com Vítimas Fatais"";""Plena Noite"";""Decrescente"";""Céu Claro"";""Simples"";""Curva"";""Não"";467511;""Automóvel"";""GM/CELTA 2P SPIRIT"";2006;""Passageiro"";""Lesões Leves"";28;""Masculino"";0;1;0;0;-13",87769527;-40,"13464153;""SR-BA"";""DEL10/3"";""UOP01/BA""",
"262060;583485;2020-01-11;""sábado"";""03:50:00"";""BA"";116;683;""JEQUIE"";""Não"";""Ingestão de Álcool"";3;""Tombamento"";""Com Vítimas Fatais"";""Plena Noite"";""Decrescente"";""Céu Claro"";""Simples"";""Curva"";""Não"";467511;""Automóvel"";""GM/CELTA 2P SPIRIT"";2006;""Condutor"";""Óbito"";21;""Masculino"";0;0;0;1;-13",87769527;-40,"13464153;""SR-BA"";""DEL10/3"";""UOP01/BA""",
"262060;585280;2020-01-11;""sábado"";""03:50:00"";""BA"";116;683;""JEQUIE"";""Não"";""Ingestão de Álcool"";3;""Tombamento"";""Com Vítimas Fatais"";""Plena Noite"";""Decrescente"";""Céu Claro"";""Simples"";""Curva"";""Não"";467512;""Caminhão"";""VW/13.180 CNM"";2010;""Passageiro"";""Lesões Leves"";NA;""Feminino"";0;1;0;0;-13",87769527;-40,"13464153;""SR-BA"";""DEL10/3"";""UOP01/BA""",
"262060;585279;2020-01-11;""sábado"";""03:50:00"";""BA"";116;683;""JEQUIE"";""Não"";""Ingestão de Álcool"";3;""Tombamento"";""Com Vítimas Fatais"";""Plena Noite"";""Decrescente"";""Céu Claro"";""Simples"";""Curva"";""Não"";467512;""Caminhão"";""VW/13.180 CNM"";2010;""Passageiro"";""Lesões Graves"";67;""Masculino"";0;0;1;0;-13",87769527;-40,"13464153;""SR-BA"";""DEL10/3"";""UOP01/BA""",
"262060;585278;2020-01-11;""sábado"";""03:50:00"";""BA"";116;683;""JEQUIE"";""Não"";""Ingestão de Álcool"";3;""Tombamento"";""Com Vítimas Fatais"";""Plena Noite"";""Decrescente"";""Céu Claro"";""Simples"";""Curva"";""Não"";467512;""Caminhão"";""VW/13.180 CNM"";2010;""Condutor"";""Lesões Leves"";62;""Masculino"";0;1;0;0;-13",87769527;-40,"13464153;""SR-BA"";""DEL10/3"";""UOP01/BA""",
"262062;585382;2020-01-10;""sexta"";""21:00:00"";""PI"";316;182;""VALENCA DO PIAUI"";""Sim"";""Animais na Pista"";1;""Atropelamento de Animal"";""Com Vítimas Feridas"";""Plena Noite"";""Crescente"";""Nublado"";""Simples"";""Curva"";""Não"";467510;""Motocicleta"";""HONDA/NXR160 BROS ESDD"";2017;""Condutor"";""Lesões Leves"";64;""Masculino"";0;1;0;0;-6",25772823;-41,"9599383;""SR-PI"";""DEL17/4"";""UOP02/PI""",
"262064;583688;2020-01-11;""sábado"";""07:45:00"";""AP"";210;0","3;""MACAPA"";""Sim"";""Falta de Atenção à Condução"";1;""Engavetamento"";""Com Vítimas Feridas"";""Pleno dia"";""Decrescente"";""Céu Claro"";""Dupla"";""Reta"";""Sim"";467554;""Automóvel"";""HYUNDAI/HB20S 1.6M COMF"";2015;""Condutor"";""Ileso"";41;""Masculino"";1;0;0;0;0",07756946;-51,"06333733;""SR-AP"";""UOP01/AP"";"""""
"262064;583684;2020-01-11;""sábado"";""07:45:00"";""AP"";210;0","3;""MACAPA"";""Sim"";""Falta de Atenção à Condução"";1;""Engavetamento"";""Com Vítimas Feridas"";""Pleno dia"";""Decrescente"";""Céu Claro"";""Dupla"";""Reta"";""Sim"";467553;""Automóvel"";""FORD/KA SE PLUS 1.0 SD C"";2019;""Condutor"";""Ileso"";39;""Masculino"";1;0;0;0;0",07756946;-51,"06333733;""SR-AP"";""UOP01/AP"";"""""
"262064;583689;2020-01-11;""sábado"";""07:45:00"";""AP"";210;0","3;""MACAPA"";""Sim"";""Falta de Atenção à Condução"";1;""Engavetamento"";""Com Vítimas Feridas"";""Pleno dia"";""Decrescente"";""Céu Claro"";""Dupla"";""Reta"";""Sim"";467555;""Motocicleta"";""HONDA/CG 125 FAN KS"";2011;""Condutor"";""Lesões Leves"";38;""Masculino"";0;1;0;0;0",07756946;-51,"06333733;""SR-AP"";""UOP01/AP"";"""""
"262064;583688;2020-01-11;""sábado"";""07:45:00"";""AP"";210;0","3;""MACAPA"";""Não"";""Não guardar distância de segurança"";1;""Engavetamento"";""Com Vítimas Feridas"";""Pleno dia"";""Decrescente"";""Céu Claro"";""Dupla"";""Reta"";""Sim"";467554;""Automóvel"";""HYUNDAI/HB20S 1.6M COMF"";2015;""Condutor"";""Ileso"";41;""Masculino"";1;0;0;0;0",07756946;-51,"06333733;""SR-AP"";""UOP01/AP"";"""""
"262064;583684;2020-01-11;""sábado"";""07:45:00"";""AP"";210;0","3;""MACAPA"";""Não"";""Não guardar distância de segurança"";1;""Engavetamento"";""Com Vítimas Feridas"";""Pleno dia"";""Decrescente"";""Céu Claro"";""Dupla"";""Reta"";""Sim"";467553;""Automóvel"";""FORD/KA SE PLUS 1.0 SD C"";2019;""Condutor"";""Ileso"";39;""Masculino"";1;0;0;0;0",07756946;-51,"06333733;""SR-AP"";""UOP01/AP"";"""""
"262064;583689;2020-01-11;""sábado"";""07:45:00"";""AP"";210;0","3;""MACAPA"";""Não"";""Não guardar distância de segurança"";1;""Engavetamento"";""Com Vítimas Feridas"";""Pleno dia"";""Decrescente"";""Céu Claro"";""Dupla"";""Reta"";""Sim"";467555;""Motocicleta"";""HONDA/CG 125 FAN KS"";2011;""Condutor"";""Lesões Leves"";38;""Masculino"";0;1;0;0;0",07756946;-51,"06333733;""SR-AP"";""UOP01/AP"";"""""
"262066;583873;2020-01-11;""sábado"";""08:30:00"";""DF"";40;5;""BRASILIA"";""Sim"";""Falta de Atenção à Condução"";1;""Queda de ocupante de veículo"";""Com Vítimas Feridas"";""Pleno dia"";""Decrescente"";""Céu Claro"";""Simples"";""Reta"";""Sim"";467751;""Motocicleta"";""HONDA/POP 110I"";2017;""Condutor"";""Lesões Leves"";44;""Masculino"";0;1;0;0;-16",020903;-47,"980541;""SR-DF"";""UOP01/DF"";""""",
"262067;NA;2020-01-11;""sábado"";""08:40:00"";""PR"";376;174","4;""MARINGA"";""Sim"";""Falta de Atenção à Condução"";1;""Colisão lateral"";""Com Vítimas Feridas"";""Pleno dia"";""Crescente"";""Sol"";""Múltipla"";""Não Informado"";""Sim"";469185;""Reboque"";""REB/VOLPATO CB"";2008;""Não Informado"";""Não Informado"";NA;""Não Informado"";0;0;0;0;-23",41430102;-51,"94984299;""SR-PR"";""DEL7/7"";""UOP04/PR"""
"262067;585813;2020-01-11;""sábado"";""08:40:00"";""PR"";376;174","4;""MARINGA"";""Sim"";""Falta de Atenção à Condução"";1;""Colisão lateral"";""Com Vítimas Feridas"";""Pleno dia"";""Crescente"";""Sol"";""Múltipla"";""Não Informado"";""Sim"";467764;""Caminhão"";""FORD/F350 TROPICAMPO"";2002;""Condutor"";""Ileso"";56;""Masculino"";1;0;0;0;-23",41430102;-51,"94984299;""SR-PR"";""DEL7/7"";""UOP04/PR"""
"262067;585799;2020-01-11;""sábado"";""08:40:00"";""PR"";376;174","4;""MARINGA"";""Sim"";""Falta de Atenção à Condução"";1;""Colisão lateral"";""Com Vítimas Feridas"";""Pleno dia"";""Crescente"";""Sol"";""Múltipla"";""Não Informado"";""Sim"";467763;""Motocicleta"";""HONDA/CB 300R"";2012;""Condutor"";""Lesões Leves"";23;""Masculino"";0;1;0;0;-23",41430102;-51,"94984299;""SR-PR"";""DEL7/7"";""UOP04/PR"""
"262067;NA;2020-01-11;""sábado"";""08:40:00"";""PR"";376;174","4;""MARINGA"";""Sim"";""Falta de Atenção à Condução"";3;""Queda de ocupante de veículo"";""Com Vítimas Feridas"";""Pleno dia"";""Crescente"";""Sol"";""Múltipla"";""Não Informado"";""Sim"";469185;""Reboque"";""REB/VOLPATO CB"";2008;""Não Informado"";""Não Informado"";NA;""Não Informado"";0;0;0;0;-23",41430102;-51,"94984299;""SR-PR"";""DEL7/7"";""UOP04/PR"""
"262067;585813;2020-01-11;""sábado"";""08:40:00"";""PR"";376;174","4;""MARINGA"";""Sim"";""Falta de Atenção à Condução"";3;""Queda de ocupante de veículo"";""Com Vítimas Feridas"";""Pleno dia"";""Crescente"";""Sol"";""Múltipla"";""Não Informado"";""Sim"";467764;""Caminhão"";""FORD/F350 TROPICAMPO"";2002;""Condutor"";""Ileso"";56;""Masculino"";1;0;0;0;-23",41430102;-51,"94984299;""SR-PR"";""DEL7/7"";""UOP04/PR"""
"262067;585799;2020-01-11;""sábado"";""08:40:00"";""PR"";376;174","4;""MARINGA"";""Sim"";""Falta de Atenção à Condução"";3;""Queda de ocupante de veículo"";""Com Vítimas Feridas"";""Pleno dia"";""Crescente"";""Sol"";""Múltipla"";""Não Informado"";""Sim"";467763;""Motocicleta"";""HONDA/CB 300R"";2012;""Condutor"";""Lesões Leves"";23;""Masculino"";0;1;0;0;-23",41430102;-51,"94984299;""SR-PR"";""DEL7/7"";""UOP04/PR"""
"262067;NA;2020-01-11;""sábado"";""08:40:00"";""PR"";376;174","4;""MARINGA"";""Sim"";""Falta de Atenção à Condução"";2;""Tombamento"";""Com Vítimas Feridas"";""Pleno dia"";""Crescente"";""Sol"";""Múltipla"";""Não Informado"";""Sim"";469185;""Reboque"";""REB/VOLPATO CB"";2008;""Não Informado"";""Não Informado"";NA;""Não Informado"";0;0;0;0;-23",41430102;-51,"94984299;""SR-PR"";""DEL7/7"";""UOP04/PR"""
"262067;585813;2020-01-11;""sábado"";""08:40:00"";""PR"";376;174","4;""MARINGA"";""Sim"";""Falta de Atenção à Condução"";2;""Tombamento"";""Com Vítimas Feridas"";""Pleno dia"";""Crescente"";""Sol"";""Múltipla"";""Não Informado"";""Sim"";467764;""Caminhão"";""FORD/F350 TROPICAMPO"";2002;""Condutor"";""Ileso"";56;""Masculino"";1;0;0;0;-23",41430102;-51,"94984299;""SR-PR"";""DEL7/7"";""UOP04/PR"""
"262067;585799;2020-01-11;""sábado"";""08:40:00"";""PR"";376;174","4;""MARINGA"";""Sim"";""Falta de Atenção à Condução"";2;""Tombamento"";""Com Vítimas Feridas"";""Pleno dia"";""Crescente"";""Sol"";""Múltipla"";""Não Informado"";""Sim"";467763;""Motocicleta"";""HONDA/CB 300R"";2012;""Condutor"";""Lesões Leves"";23;""Masculino"";0;1;0;0;-23",41430102;-51,"94984299;""SR-PR"";""DEL7/7"";""UOP04/PR"""
"262068;584576;2020-01-11;""sábado"";""08:20:00"";""DF"";70;3;""BRASILIA"";""Sim"";""Falta de Atenção à Condução"";1;""Colisão lateral"";""Com Vítimas Feridas"";""Pleno dia"";""Decrescente"";""Céu Claro"";""Simples"";""Reta"";""Sim"";467523;""Automóvel"";""VW/GOL 1.0"";2012;""Condutor"";""Ileso"";52;""Masculino"";1;0;0;0;-15",802453;-48,"080387;""SR-DF"";""UOP06/DF"";""""",
"262068;584573;2020-01-11;""sábado"";""08:20:00"";""DF"";70;3;""BRASILIA"";""Sim"";""Falta de Atenção à Condução"";1;""Colisão lateral"";""Com Vítimas Feridas"";""Pleno dia"";""Decrescente"";""Céu Claro"";""Simples"";""Reta"";""Sim"";467522;""Motocicleta"";""HONDA/CG 160 CARGO"";2018;""Condutor"";""Lesões Leves"";36;""Masculino"";0;1;0;0;-15",802453;-48,"080387;""SR-DF"";""UOP06/DF"";""""",
"262070;583639;2020-01-11;""sábado"";""09:00:00"";""RS"";116;149","4;""CAXIAS DO SUL"";""Sim"";""Ingestão de Álcool"";1;""Colisão traseira"";""Com Vítimas Feridas"";""Pleno dia"";""Decrescente"";""Chuva"";""Dupla"";""Reta"";""Sim"";467575;""Automóvel"";""CITROEN/C3 GLX 14 FLEX"";2006;""Condutor"";""Ileso"";54;""Masculino"";1;0;0;0;-29",15996905;-51,"15645292;""SR-RS"";""DEL9/5"";""UOP01/RS"""
"262070;583636;2020-01-11;""sábado"";""09:00:00"";""RS"";116;149","4;""CAXIAS DO SUL"";""Sim"";""Ingestão de Álcool"";1;""Colisão traseira"";""Com Vítimas Feridas"";""Pleno dia"";""Decrescente"";""Chuva"";""Dupla"";""Reta"";""Sim"";467574;""Camioneta"";""I/DODGE JOURNEY R"";2014;""Condutor"";""Ileso"";46;""Masculino"";1;0;0;0;-29",15996905;-51,"15645292;""SR-RS"";""DEL9/5"";""UOP01/RS"""
"262070;583635;2020-01-11;""sábado"";""09:00:00"";""RS"";116;149","4;""CAXIAS DO SUL"";""Sim"";""Ingestão de Álcool"";1;""Colisão traseira"";""Com Vítimas Feridas"";""Pleno dia"";""Decrescente"";""Chuva"";""Dupla"";""Reta"";""Sim"";467573;""Caminhonete"";""VW/SAVEIRO 1.6"";2007;""Condutor"";""Lesões Graves"";22;""Masculino"";0;0;1;0;-29",15996905;-51,"15645292;""SR-RS"";""DEL9/5"";""UOP01/RS"""
"262071;584459;2020-01-11;""sábado"";""06:00:00"";""RR"";174;539","9;""BOA VISTA"";""Sim"";""Ingestão de Álcool"";1;""Colisão frontal"";""Com Vítimas Fatais"";""Amanhecer"";""Decrescente"";""Céu Claro"";""Simples"";""Reta"";""Não"";467741;""Automóvel"";""GM/CORSA SEDAN"";2004;""Passageiro"";""Lesões Leves"";57;""Masculino"";0;1;0;0;3",081079;-60,"810467;""SR-RR"";""UOP01/RR"";"""""