"id;""pesid"";""data_inversa"";""dia_semana"";""horario"";""uf"";""br"";""km"";""municipio"";""causa_principal"";""causa_acidente"";""ordem_tipo_acidente"";""tipo_acidente"";""classificacao_acidente"";""fase_dia"";""sentido_via"";""condicao_metereologica"";""tipo_pista"";""tracado_via"";""uso_solo"";""id_veiculo"";""tipo_veiculo"";""marca"";""ano_fabricacao_veiculo"";""tipo_envolvido"";""estado_fisico"";""idade"";""sexo"";""ilesos"";""feridos_leves"";""feridos_graves"";""mortos"";""latitude"";""longitude"";""regional"";""delegacia"";""uop""",,,
"262071;583815;2020-01-11;""sábado"";""06:00:00"";""RR"";174;539","9;""BOA VISTA"";""Sim"";""Ingestão de Álcool"";1;""Colisão frontal"";""Com Vítimas Fatais"";""Amanhecer"";""Decrescente"";""Céu Claro"";""Simples"";""Reta"";""Não"";467741;""Automóvel"";""GM/CORSA SEDAN"";2004;""Condutor"";""Óbito"";39;""Masculino"";0;0;0;1;3",081079;-60,"810467;""SR-RR"";""UOP01/RR"";"""""
"262071;583814;2020-01-11;""sábado"";""06:00:00"";""RR"";174;539","9;""BOA VISTA"";""Sim"";""Ingestão de Álcool"";1;""Colisão frontal"";""Com Vítimas Fatais"";""Amanhecer"";""Decrescente"";""Céu Claro"";""Simples"";""Reta"";""Não"";467740;""Caminhonete"";""FORD/PAMPA 4X4 GL"";1990;""Passageiro"";""Óbito"";58;""Feminino"";0;0;0;1;3",081079;-60,"810467;""SR-RR"";""UOP01/RR"";"""""
"262071;583813;2020-01-11;""sábado"";""06:00:00"";""RR"";174;539","9;""BOA VISTA"";""Sim"";""Ingestão de Álcool"";1;""Colisão frontal"";""Com Vítimas Fatais"";""Amanhecer"";""Decrescente"";""Céu Claro"";""Simples"";""Reta"";""Não"";467740;""Caminhonete"";""FORD/PAMPA 4X4 GL"";1990;""Condutor"";""Óbito"";67;""Masculino"";0;0;0;1;3",081079;-60,"810467;""SR-RR"";""UOP01/RR"";"""""
"262073;583535;2020-01-11;""sábado"";""09:00:00"";""PE"";101;5;""GOIANA"";""Sim"";""Falta de Atenção à Condução"";1;""Capotamento"";""Com Vítimas Feridas"";""Pleno dia"";""Decrescente"";""Céu Claro"";""Simples"";""Reta"";""Não"";467540;""Automóvel"";""FIAT/PALIO WEEK ELX FLEX"";2005;""Condutor"";""Lesões Leves"";45;""Masculino"";0;1;0;0;-7",541764;-34,"991394;""SR-PE"";""DEL11/1"";""UOP02/PE""",
"262074;584612;2020-01-11;""sábado"";""08:00:00"";""CE"";20;418","5;""MARACANAU"";""Sim"";""Não guardar distância de segurança"";1;""Colisão traseira"";""Com Vítimas Feridas"";""Pleno dia"";""Crescente"";""Céu Claro"";""Dupla"";""Reta"";""Sim"";467530;""Caminhão"";""VW/13.190 CRM 4X2 4P"";2017;""Condutor"";""Ileso"";43;""Masculino"";1;0;0;0;-3",83693644;-38,"60702991;""SR-CE"";""DEL16/1"";""UOP02/CE"""
"262074;584611;2020-01-11;""sábado"";""08:00:00"";""CE"";20;418","5;""MARACANAU"";""Sim"";""Não guardar distância de segurança"";1;""Colisão traseira"";""Com Vítimas Feridas"";""Pleno dia"";""Crescente"";""Céu Claro"";""Dupla"";""Reta"";""Sim"";467529;""Automóvel"";""VW/GOL 1.0"";2011;""Condutor"";""Ileso"";28;""Masculino"";1;0;0;0;-3",83693644;-38,"60702991;""SR-CE"";""DEL16/1"";""UOP02/CE"""
"262074;584610;2020-01-11;""sábado"";""08:00:00"";""CE"";20;418","5;""MARACANAU"";""Sim"";""Não guardar distância de segurança"";1;""Colisão traseira"";""Com Vítimas Feridas"";""Pleno dia"";""Crescente"";""Céu Claro"";""Dupla"";""Reta"";""Sim"";467528;""Caminhão"";""M.BENZ/ATEGO 2425"";2010;""Condutor"";""Lesões Graves"";48;""Masculino"";0;0;1;0;-3",83693644;-38,"60702991;""SR-CE"";""DEL16/1"";""UOP02/CE"""
"262074;584612;2020-01-11;""sábado"";""08:00:00"";""CE"";20;418","5;""MARACANAU"";""Sim"";""Não guardar distância de segurança"";2;""Colisão transversal"";""Com Vítimas Feridas"";""Pleno dia"";""Crescente"";""Céu Claro"";""Dupla"";""Reta"";""Sim"";467530;""Caminhão"";""VW/13.190 CRM 4X2 4P"";2017;""Condutor"";""Ileso"";43;""Masculino"";1;0;0;0;-3",83693644;-38,"60702991;""SR-CE"";""DEL16/1"";""UOP02/CE"""
"262074;584611;2020-01-11;""sábado"";""08:00:00"";""CE"";20;418","5;""MARACANAU"";""Sim"";""Não guardar distância de segurança"";2;""Colisão transversal"";""Com Vítimas Feridas"";""Pleno dia"";""Crescente"";""Céu Claro"";""Dupla"";""Reta"";""Sim"";467529;""Automóvel"";""VW/GOL 1.0"";2011;""Condutor"";""Ileso"";28;""Masculino"";1;0;0;0;-3",83693644;-38,"60702991;""SR-CE"";""DEL16/1"";""UOP02/CE"""
"262074;584610;2020-01-11;""sábado"";""08:00:00"";""CE"";20;418","5;""MARACANAU"";""Sim"";""Não guardar distância de segurança"";2;""Colisão transversal"";""Com Vítimas Feridas"";""Pleno dia"";""Crescente"";""Céu Claro"";""Dupla"";""Reta"";""Sim"";467528;""Caminhão"";""M.BENZ/ATEGO 2425"";2010;""Condutor"";""Lesões Graves"";48;""Masculino"";0;0;1;0;-3",83693644;-38,"60702991;""SR-CE"";""DEL16/1"";""UOP02/CE"""
"262075;583504;2020-01-11;""sábado"";""08:30:00"";""RJ"";116;167;""SAO JOAO DE MERITI"";""Sim"";""Falta de Atenção à Condução"";1;""Queda de ocupante de veículo"";""Com Vítimas Feridas"";""Pleno dia"";""Decrescente"";""Céu Claro"";""Múltipla"";""Reta"";""Sim"";467520;""Motocicleta"";""HONDA/CG 150 TITAN EX"";2012;""Condutor"";""Lesões Leves"";25;""Masculino"";0;1;0;0;-22",81803977;-43,"30787252;""SR-RJ"";""DEL5/1"";""UOP02/RJ""",
"262076;585209;2020-01-11;""sábado"";""05:00:00"";""PR"";277;34;""MORRETES"";""Sim"";""Falta de Atenção à Condução"";1;""Saída de leito carroçável"";""Com Vítimas Feridas"";""Plena Noite"";""Crescente"";""Nublado"";""Dupla"";""Reta"";""Não"";467521;""Automóvel"";""RENAULT/SCENIC RXE 2.0"";2002;""Condutor"";""Lesões Leves"";60;""Masculino"";0;1;0;0;-25",547373;-48,"790559;""SR-PR"";""DEL7/1"";""UOP07/PR""",
"262078;583525;2020-01-11;""sábado"";""08:45:00"";""SC"";101;41","5;""JOINVILLE"";""Sim"";""Falta de Atenção à Condução"";2;""Tombamento"";""Com Vítimas Feridas"";""Pleno dia"";""Decrescente"";""Nublado"";""Dupla"";""Não Informado"";""Sim"";467525;""Automóvel"";""VW/NOVO GOL TL MBV"";2018;""Condutor"";""Ileso"";33;""Masculino"";1;0;0;0;-26",32013296;-48,"87048125;""SR-SC"";""DEL8/3"";""UOP01/SC"""
"262078;583523;2020-01-11;""sábado"";""08:45:00"";""SC"";101;41","5;""JOINVILLE"";""Sim"";""Falta de Atenção à Condução"";2;""Tombamento"";""Com Vítimas Feridas"";""Pleno dia"";""Decrescente"";""Nublado"";""Dupla"";""Não Informado"";""Sim"";467524;""Motocicleta"";""HONDA/CB 300R"";2009;""Condutor"";""Lesões Leves"";49;""Feminino"";0;1;0;0;-26",32013296;-48,"87048125;""SR-SC"";""DEL8/3"";""UOP01/SC"""
"262078;583525;2020-01-11;""sábado"";""08:45:00"";""SC"";101;41","5;""JOINVILLE"";""Sim"";""Falta de Atenção à Condução"";1;""Colisão traseira"";""Com Vítimas Feridas"";""Pleno dia"";""Decrescente"";""Nublado"";""Dupla"";""Não Informado"";""Sim"";467525;""Automóvel"";""VW/NOVO GOL TL MBV"";2018;""Condutor"";""Ileso"";33;""Masculino"";1;0;0;0;-26",32013296;-48,"87048125;""SR-SC"";""DEL8/3"";""UOP01/SC"""
"262078;583523;2020-01-11;""sábado"";""08:45:00"";""SC"";101;41","5;""JOINVILLE"";""Sim"";""Falta de Atenção à Condução"";1;""Colisão traseira"";""Com Vítimas Feridas"";""Pleno dia"";""Decrescente"";""Nublado"";""Dupla"";""Não Informado"";""Sim"";467524;""Motocicleta"";""HONDA/CB 300R"";2009;""Condutor"";""Lesões Leves"";49;""Feminino"";0;1;0;0;-26",32013296;-48,"87048125;""SR-SC"";""DEL8/3"";""UOP01/SC"""
"262080;583548;2020-01-11;""sábado"";""08:45:00"";""RS"";116;377","9;""TAPES"";""Sim"";""Desobediência às normas de trânsito pelo condutor"";1;""Colisão transversal"";""Com Vítimas Feridas"";""Pleno dia"";""Decrescente"";""Nublado"";""Simples"";""Interseção de vias"";""Não"";467535;""Automóvel"";""GM/MERIVA PREMIUM"";2008;""Passageiro"";""Lesões Graves"";76;""Masculino"";0;0;1;0;-30",74673812;-51,"63195186;""SR-RS"";""DEL2"";""UOP03/RS"""
"262080;583544;2020-01-11;""sábado"";""08:45:00"";""RS"";116;377","9;""TAPES"";""Sim"";""Desobediência às normas de trânsito pelo condutor"";1;""Colisão transversal"";""Com Vítimas Feridas"";""Pleno dia"";""Decrescente"";""Nublado"";""Simples"";""Interseção de vias"";""Não"";467535;""Automóvel"";""GM/MERIVA PREMIUM"";2008;""Condutor"";""Ileso"";45;""Masculino"";1;0;0;0;-30",74673812;-51,"63195186;""SR-RS"";""DEL2"";""UOP03/RS"""
"262080;NA;2020-01-11;""sábado"";""08:45:00"";""RS"";116;377","9;""TAPES"";""Sim"";""Desobediência às normas de trânsito pelo condutor"";1;""Colisão transversal"";""Com Vítimas Feridas"";""Pleno dia"";""Decrescente"";""Nublado"";""Simples"";""Interseção de vias"";""Não"";467546;""Reboque"";""R/RECLAL MT RC"";2016;""Não Informado"";""Não Informado"";NA;""Não Informado"";0;0;0;0;-30",74673812;-51,"63195186;""SR-RS"";""DEL2"";""UOP03/RS"""
"262080;583549;2020-01-11;""sábado"";""08:45:00"";""RS"";116;377","9;""TAPES"";""Sim"";""Desobediência às normas de trânsito pelo condutor"";1;""Colisão transversal"";""Com Vítimas Feridas"";""Pleno dia"";""Decrescente"";""Nublado"";""Simples"";""Interseção de vias"";""Não"";467536;""Automóvel"";""VW/FOX 1.6 GII"";2012;""Passageiro"";""Lesões Leves"";59;""Feminino"";0;1;0;0;-30",74673812;-51,"63195186;""SR-RS"";""DEL2"";""UOP03/RS"""
"262080;583546;2020-01-11;""sábado"";""08:45:00"";""RS"";116;377","9;""TAPES"";""Sim"";""Desobediência às normas de trânsito pelo condutor"";1;""Colisão transversal"";""Com Vítimas Feridas"";""Pleno dia"";""Decrescente"";""Nublado"";""Simples"";""Interseção de vias"";""Não"";467536;""Automóvel"";""VW/FOX 1.6 GII"";2012;""Condutor"";""Ileso"";63;""Masculino"";1;0;0;0;-30",74673812;-51,"63195186;""SR-RS"";""DEL2"";""UOP03/RS"""
"262081;583559;2020-01-11;""sábado"";""08:10:00"";""PR"";376;473","6;""PONTA GROSSA"";""Sim"";""Velocidade Incompatível"";1;""Saída de leito carroçável"";""Sem Vítimas"";""Pleno dia"";""Decrescente"";""Chuva"";""Dupla"";""Curva"";""Não"";467550;""Caminhonete"";""RENAULT/MASTER REVES A"";2018;""Condutor"";""Ileso"";47;""Masculino"";1;0;0;0;-25",03423553;-50,"30549895;""SR-PR"";""DEL7/3"";""UOP01/PR"""
"262082;585510;2020-01-11;""sábado"";""09:10:00"";""SP"";116;310;""SAO LOURENCO DA SERRA"";""Não"";""Falta de Atenção à Condução"";1;""Colisão traseira"";""Com Vítimas Feridas"";""Pleno dia"";""Decrescente"";""Céu Claro"";""Dupla"";""Reta"";""Sim"";467907;""Automóvel"";""GM/CORSA WIND"";1995;""Passageiro"";""Lesões Leves"";9;""Masculino"";0;1;0;0;-23",86057951;-46,"9463557;""SR-SP"";""DEL6/4"";""UOP01/SP""",
"262082;585508;2020-01-11;""sábado"";""09:10:00"";""SP"";116;310;""SAO LOURENCO DA SERRA"";""Não"";""Falta de Atenção à Condução"";1;""Colisão traseira"";""Com Vítimas Feridas"";""Pleno dia"";""Decrescente"";""Céu Claro"";""Dupla"";""Reta"";""Sim"";467907;""Automóvel"";""GM/CORSA WIND"";1995;""Condutor"";""Lesões Leves"";40;""Masculino"";0;1;0;0;-23",86057951;-46,"9463557;""SR-SP"";""DEL6/4"";""UOP01/SP""",
"262082;585511;2020-01-11;""sábado"";""09:10:00"";""SP"";116;310;""SAO LOURENCO DA SERRA"";""Não"";""Falta de Atenção à Condução"";1;""Colisão traseira"";""Com Vítimas Feridas"";""Pleno dia"";""Decrescente"";""Céu Claro"";""Dupla"";""Reta"";""Sim"";467907;""Automóvel"";""GM/CORSA WIND"";1995;""Passageiro"";""Lesões Leves"";7;""Masculino"";0;1;0;0;-23",86057951;-46,"9463557;""SR-SP"";""DEL6/4"";""UOP01/SP""",
"262082;585509;2020-01-11;""sábado"";""09:10:00"";""SP"";116;310;""SAO LOURENCO DA SERRA"";""Não"";""Falta de Atenção à Condução"";1;""Colisão traseira"";""Com Vítimas Feridas"";""Pleno dia"";""Decrescente"";""Céu Claro"";""Dupla"";""Reta"";""Sim"";467907;""Automóvel"";""GM/CORSA WIND"";1995;""Passageiro"";""Lesões Leves"";37;""Feminino"";0;1;0;0;-23",86057951;-46,"9463557;""SR-SP"";""DEL6/4"";""UOP01/SP""",
"262082;585497;2020-01-11;""sábado"";""09:10:00"";""SP"";116;310;""SAO LOURENCO DA SERRA"";""Não"";""Falta de Atenção à Condução"";1;""Colisão traseira"";""Com Vítimas Feridas"";""Pleno dia"";""Decrescente"";""Céu Claro"";""Dupla"";""Reta"";""Sim"";467906;""Caminhão"";""M.BENZ/ACCELO 1016"";2013;""Condutor"";""Ileso"";42;""Masculino"";1;0;0;0;-23",86057951;-46,"9463557;""SR-SP"";""DEL6/4"";""UOP01/SP""",
"262082;585510;2020-01-11;""sábado"";""09:10:00"";""SP"";116;310;""SAO LOURENCO DA SERRA"";""Não"";""Falta de Atenção à Condução"";2;""Capotamento"";""Com Vítimas Feridas"";""Pleno dia"";""Decrescente"";""Céu Claro"";""Dupla"";""Reta"";""Sim"";467907;""Automóvel"";""GM/CORSA WIND"";1995;""Passageiro"";""Lesões Leves"";9;""Masculino"";0;1;0;0;-23",86057951;-46,"9463557;""SR-SP"";""DEL6/4"";""UOP01/SP""",
"262082;585508;2020-01-11;""sábado"";""09:10:00"";""SP"";116;310;""SAO LOURENCO DA SERRA"";""Não"";""Falta de Atenção à Condução"";2;""Capotamento"";""Com Vítimas Feridas"";""Pleno dia"";""Decrescente"";""Céu Claro"";""Dupla"";""Reta"";""Sim"";467907;""Automóvel"";""GM/CORSA WIND"";1995;""Condutor"";""Lesões Leves"";40;""Masculino"";0;1;0;0;-23",86057951;-46,"9463557;""SR-SP"";""DEL6/4"";""UOP01/SP""",
"262082;585511;2020-01-11;""sábado"";""09:10:00"";""SP"";116;310;""SAO LOURENCO DA SERRA"";""Não"";""Falta de Atenção à Condução"";2;""Capotamento"";""Com Vítimas Feridas"";""Pleno dia"";""Decrescente"";""Céu Claro"";""Dupla"";""Reta"";""Sim"";467907;""Automóvel"";""GM/CORSA WIND"";1995;""Passageiro"";""Lesões Leves"";7;""Masculino"";0;1;0;0;-23",86057951;-46,"9463557;""SR-SP"";""DEL6/4"";""UOP01/SP""",
"262082;585509;2020-01-11;""sábado"";""09:10:00"";""SP"";116;310;""SAO LOURENCO DA SERRA"";""Não"";""Falta de Atenção à Condução"";2;""Capotamento"";""Com Vítimas Feridas"";""Pleno dia"";""Decrescente"";""Céu Claro"";""Dupla"";""Reta"";""Sim"";467907;""Automóvel"";""GM/CORSA WIND"";1995;""Passageiro"";""Lesões Leves"";37;""Feminino"";0;1;0;0;-23",86057951;-46,"9463557;""SR-SP"";""DEL6/4"";""UOP01/SP""",
"262082;585497;2020-01-11;""sábado"";""09:10:00"";""SP"";116;310;""SAO LOURENCO DA SERRA"";""Não"";""Falta de Atenção à Condução"";2;""Capotamento"";""Com Vítimas Feridas"";""Pleno dia"";""Decrescente"";""Céu Claro"";""Dupla"";""Reta"";""Sim"";467906;""Caminhão"";""M.BENZ/ACCELO 1016"";2013;""Condutor"";""Ileso"";42;""Masculino"";1;0;0;0;-23",86057951;-46,"9463557;""SR-SP"";""DEL6/4"";""UOP01/SP""",
"262082;585510;2020-01-11;""sábado"";""09:10:00"";""SP"";116;310;""SAO LOURENCO DA SERRA"";""Sim"";""Defeito Mecânico no Veículo"";1;""Colisão traseira"";""Com Vítimas Feridas"";""Pleno dia"";""Decrescente"";""Céu Claro"";""Dupla"";""Reta"";""Sim"";467907;""Automóvel"";""GM/CORSA WIND"";1995;""Passageiro"";""Lesões Leves"";9;""Masculino"";0;1;0;0;-23",86057951;-46,"9463557;""SR-SP"";""DEL6/4"";""UOP01/SP""",
"262082;585508;2020-01-11;""sábado"";""09:10:00"";""SP"";116;310;""SAO LOURENCO DA SERRA"";""Sim"";""Defeito Mecânico no Veículo"";1;""Colisão traseira"";""Com Vítimas Feridas"";""Pleno dia"";""Decrescente"";""Céu Claro"";""Dupla"";""Reta"";""Sim"";467907;""Automóvel"";""GM/CORSA WIND"";1995;""Condutor"";""Lesões Leves"";40;""Masculino"";0;1;0;0;-23",86057951;-46,"9463557;""SR-SP"";""DEL6/4"";""UOP01/SP""",
"262082;585511;2020-01-11;""sábado"";""09:10:00"";""SP"";116;310;""SAO LOURENCO DA SERRA"";""Sim"";""Defeito Mecânico no Veículo"";1;""Colisão traseira"";""Com Vítimas Feridas"";""Pleno dia"";""Decrescente"";""Céu Claro"";""Dupla"";""Reta"";""Sim"";467907;""Automóvel"";""GM/CORSA WIND"";1995;""Passageiro"";""Lesões Leves"";7;""Masculino"";0;1;0;0;-23",86057951;-46,"9463557;""SR-SP"";""DEL6/4"";""UOP01/SP""",
"262082;585509;2020-01-11;""sábado"";""09:10:00"";""SP"";116;310;""SAO LOURENCO DA SERRA"";""Sim"";""Defeito Mecânico no Veículo"";1;""Colisão traseira"";""Com Vítimas Feridas"";""Pleno dia"";""Decrescente"";""Céu Claro"";""Dupla"";""Reta"";""Sim"";467907;""Automóvel"";""GM/CORSA WIND"";1995;""Passageiro"";""Lesões Leves"";37;""Feminino"";0;1;0;0;-23",86057951;-46,"9463557;""SR-SP"";""DEL6/4"";""UOP01/SP""",
"262082;585497;2020-01-11;""sábado"";""09:10:00"";""SP"";116;310;""SAO LOURENCO DA SERRA"";""Sim"";""Defeito Mecânico no Veículo"";1;""Colisão traseira"";""Com Vítimas Feridas"";""Pleno dia"";""Decrescente"";""Céu Claro"";""Dupla"";""Reta"";""Sim"";467906;""Caminhão"";""M.BENZ/ACCELO 1016"";2013;""Condutor"";""Ileso"";42;""Masculino"";1;0;0;0;-23",86057951;-46,"9463557;""SR-SP"";""DEL6/4"";""UOP01/SP""",
"262082;585510;2020-01-11;""sábado"";""09:10:00"";""SP"";116;310;""SAO LOURENCO DA SERRA"";""Sim"";""Defeito Mecânico no Veículo"";2;""Capotamento"";""Com Vítimas Feridas"";""Pleno dia"";""Decrescente"";""Céu Claro"";""Dupla"";""Reta"";""Sim"";467907;""Automóvel"";""GM/CORSA WIND"";1995;""Passageiro"";""Lesões Leves"";9;""Masculino"";0;1;0;0;-23",86057951;-46,"9463557;""SR-SP"";""DEL6/4"";""UOP01/SP""",
"262082;585508;2020-01-11;""sábado"";""09:10:00"";""SP"";116;310;""SAO LOURENCO DA SERRA"";""Sim"";""Defeito Mecânico no Veículo"";2;""Capotamento"";""Com Vítimas Feridas"";""Pleno dia"";""Decrescente"";""Céu Claro"";""Dupla"";""Reta"";""Sim"";467907;""Automóvel"";""GM/CORSA WIND"";1995;""Condutor"";""Lesões Leves"";40;""Masculino"";0;1;0;0;-23",86057951;-46,"9463557;""SR-SP"";""DEL6/4"";""UOP01/SP""",
"262082;585511;2020-01-11;""sábado"";""09:10:00"";""SP"";116;310;""SAO LOURENCO DA SERRA"";""Sim"";""Defeito Mecânico no Veículo"";2;""Capotamento"";""Com Vítimas Feridas"";""Pleno dia"";""Decrescente"";""Céu Claro"";""Dupla"";""Reta"";""Sim"";467907;""Automóvel"";""GM/CORSA WIND"";1995;""Passageiro"";""Lesões Leves"";7;""Masculino"";0;1;0;0;-23",86057951;-46,"9463557;""SR-SP"";""DEL6/4"";""UOP01/SP""",
"262082;585509;2020-01-11;""sábado"";""09:10:00"";""SP"";116;310;""SAO LOURENCO DA SERRA"";""Sim"";""Defeito Mecânico no Veículo"";2;""Capotamento"";""Com Vítimas Feridas"";""Pleno dia"";""Decrescente"";""Céu Claro"";""Dupla"";""Reta"";""Sim"";467907;""Automóvel"";""GM/CORSA WIND"";1995;""Passageiro"";""Lesões Leves"";37;""Feminino"";0;1;0;0;-23",86057951;-46,"9463557;""SR-SP"";""DEL6/4"";""UOP01/SP""",
"262082;585497;2020-01-11;""sábado"";""09:10:00"";""SP"";116;310;""SAO LOURENCO DA SERRA"";""Sim"";""Defeito Mecânico no Veículo"";2;""Capotamento"";""Com Vítimas Feridas"";""Pleno dia"";""Decrescente"";""Céu Claro"";""Dupla"";""Reta"";""Sim"";467906;""Caminhão"";""M.BENZ/ACCELO 1016"";2013;""Condutor"";""Ileso"";42;""Masculino"";1;0;0;0;-23",86057951;-46,"9463557;""SR-SP"";""DEL6/4"";""UOP01/SP""",
"262083;585794;2020-01-11;""sábado"";""09:00:00"";""MG"";381;503;""BETIM"";""Sim"";""Defeito Mecânico no Veículo"";1;""Tombamento"";""Com Vítimas Feridas"";""Pleno dia"";""Crescente"";""Céu Claro"";""Dupla"";""Reta"";""Sim"";467567;""Motocicleta"";""HONDA/CG150 TITAN MIX EX"";2010;""Passageiro"";""Lesões Leves"";31;""Masculino"";0;1;0;0;-20",02957115;-44,"23570061;""SR-MG"";""DEL4/1"";""UOP03/MG""",
"262083;585793;2020-01-11;""sábado"";""09:00:00"";""MG"";381;503;""BETIM"";""Sim"";""Defeito Mecânico no Veículo"";1;""Tombamento"";""Com Vítimas Feridas"";""Pleno dia"";""Crescente"";""Céu Claro"";""Dupla"";""Reta"";""Sim"";467567;""Motocicleta"";""HONDA/CG150 TITAN MIX EX"";2010;""Condutor"";""Lesões Leves"";31;""Masculino"";0;1;0;0;-20",02957115;-44,"23570061;""SR-MG"";""DEL4/1"";""UOP03/MG""",
"262083;585794;2020-01-11;""sábado"";""09:00:00"";""MG"";381;503;""BETIM"";""Sim"";""Defeito Mecânico no Veículo"";2;""Queda de ocupante de veículo"";""Com Vítimas Feridas"";""Pleno dia"";""Crescente"";""Céu Claro"";""Dupla"";""Reta"";""Sim"";467567;""Motocicleta"";""HONDA/CG150 TITAN MIX EX"";2010;""Passageiro"";""Lesões Leves"";31;""Masculino"";0;1;0;0;-20",02957115;-44,"23570061;""SR-MG"";""DEL4/1"";""UOP03/MG""",
"262083;585793;2020-01-11;""sábado"";""09:00:00"";""MG"";381;503;""BETIM"";""Sim"";""Defeito Mecânico no Veículo"";2;""Queda de ocupante de veículo"";""Com Vítimas Feridas"";""Pleno dia"";""Crescente"";""Céu Claro"";""Dupla"";""Reta"";""Sim"";467567;""Motocicleta"";""HONDA/CG150 TITAN MIX EX"";2010;""Condutor"";""Lesões Leves"";31;""Masculino"";0;1;0;0;-20",02957115;-44,"23570061;""SR-MG"";""DEL4/1"";""UOP03/MG""",
"262084;583893;2020-01-11;""sábado"";""08:10:00"";""GO"";153;71;""PORANGATU"";""Sim"";""Ingestão de Álcool"";1;""Colisão lateral"";""Com Vítimas Feridas"";""Pleno dia"";""Crescente"";""Céu Claro"";""Simples"";""Interseção de vias"";""Não"";467597;""Caminhão-trator"";""VOLVO/FH 520 6X4T"";2007;""Condutor"";""Ileso"";38;""Masculino"";1;0;0;0;-13",45846;-49,"135578;""SR-GO"";""DEL1/7"";""UOP01/GO""",
"262084;NA;2020-01-11;""sábado"";""08:10:00"";""GO"";153;71;""PORANGATU"";""Sim"";""Ingestão de Álcool"";1;""Colisão lateral"";""Com Vítimas Feridas"";""Pleno dia"";""Crescente"";""Céu Claro"";""Simples"";""Interseção de vias"";""Não"";467689;""Semireboque"";""SR/GUERRA AG GR"";2013;""Não Informado"";""Não Informado"";NA;""Não Informado"";0;0;0;0;-13",45846;-49,"135578;""SR-GO"";""DEL1/7"";""UOP01/GO""",
"262084;583892;2020-01-11;""sábado"";""08:10:00"";""GO"";153;71;""PORANGATU"";""Sim"";""Ingestão de Álcool"";1;""Colisão lateral"";""Com Vítimas Feridas"";""Pleno dia"";""Crescente"";""Céu Claro"";""Simples"";""Interseção de vias"";""Não"";467596;""Automóvel"";""VW/VOYAGE 1.6 COMFORTL"";2010;""Passageiro"";""Lesões Leves"";20;""Feminino"";0;1;0;0;-13",45846;-49,"135578;""SR-GO"";""DEL1/7"";""UOP01/GO""",
"262084;583891;2020-01-11;""sábado"";""08:10:00"";""GO"";153;71;""PORANGATU"";""Sim"";""Ingestão de Álcool"";1;""Colisão lateral"";""Com Vítimas Feridas"";""Pleno dia"";""Crescente"";""Céu Claro"";""Simples"";""Interseção de vias"";""Não"";467596;""Automóvel"";""VW/VOYAGE 1.6 COMFORTL"";2010;""Condutor"";""Lesões Leves"";29;""Masculino"";0;1;0;0;-13",45846;-49,"135578;""SR-GO"";""DEL1/7"";""UOP01/GO""",
"262084;NA;2020-01-11;""sábado"";""08:10:00"";""GO"";153;71;""PORANGATU"";""Sim"";""Ingestão de Álcool"";1;""Colisão lateral"";""Com Vítimas Feridas"";""Pleno dia"";""Crescente"";""Céu Claro"";""Simples"";""Interseção de vias"";""Não"";467688;""Semireboque"";""SR/GUERRA AG GR"";2013;""Não Informado"";""Não Informado"";NA;""Não Informado"";0;0;0;0;-13",45846;-49,"135578;""SR-GO"";""DEL1/7"";""UOP01/GO""",
"262085;587774;2020-01-11;""sábado"";""08:30:00"";""PB"";101;110","8;""ALHANDRA"";""Sim"";""Falta de Atenção à Condução"";1;""Colisão lateral"";""Sem Vítimas"";""Pleno dia"";""Decrescente"";""Céu Claro"";""Dupla"";""Retorno Regulamentado"";""Não"";468908;""Motocicleta"";"""";NA;""Condutor"";""Não Informado"";NA;""Não Informado"";0;0;0;0;-7",35255626;-34,"94940909;""SR-PB"";""DEL14/1"";""UOP01/PB"""
"262085;NA;2020-01-11;""sábado"";""08:30:00"";""PB"";101;110","8;""ALHANDRA"";""Sim"";""Falta de Atenção à Condução"";1;""Colisão lateral"";""Sem Vítimas"";""Pleno dia"";""Decrescente"";""Céu Claro"";""Dupla"";""Retorno Regulamentado"";""Não"";468907;""Semireboque"";""SR/KRONORTE TANQUE 3E"";2014;""Não Informado"";""Não Informado"";NA;""Não Informado"";0;0;0;0;-7",35255626;-34,"94940909;""SR-PB"";""DEL14/1"";""UOP01/PB"""
"262085;585423;2020-01-11;""sábado"";""08:30:00"";""PB"";101;110","8;""ALHANDRA"";""Sim"";""Falta de Atenção à Condução"";1;""Colisão lateral"";""Sem Vítimas"";""Pleno dia"";""Decrescente"";""Céu Claro"";""Dupla"";""Retorno Regulamentado"";""Não"";467582;""Caminhão-trator"";""VOLVO/FH 420 6X2T"";2014;""Condutor"";""Ileso"";38;""Masculino"";1;0;0;0;-7",35255626;-34,"94940909;""SR-PB"";""DEL14/1"";""UOP01/PB"""
"262086;583627;2020-01-11;""sábado"";""09:00:00"";""GO"";364;316;""MINEIROS"";""Sim"";""Defeito Mecânico no Veículo"";1;""Incêndio"";""Sem Vítimas"";""Pleno dia"";""Decrescente"";""Céu Claro"";""Simples"";""Reta"";""Não"";467601;""Caminhão-trator"";""SCANIA/T113 H 4X2 360"";1997;""Condutor"";""Ileso"";47;""Masculino"";1;0;0;0;-17",446447;-52,"598991;""SR-GO"";""DEL1/5"";""UOP01/GO""",