"id;""pesid"";""data_inversa"";""dia_semana"";""horario"";""uf"";""br"";""km"";""municipio"";""causa_principal"";""causa_acidente"";""ordem_tipo_acidente"";""tipo_acidente"";""classificacao_acidente"";""fase_dia"";""sentido_via"";""condicao_metereologica"";""tipo_pista"";""tracado_via"";""uso_solo"";""id_veiculo"";""tipo_veiculo"";""marca"";""ano_fabricacao_veiculo"";""tipo_envolvido"";""estado_fisico"";""idade"";""sexo"";""ilesos"";""feridos_leves"";""feridos_graves"";""mortos"";""latitude"";""longitude"";""regional"";""delegacia"";""uop""",,,
"262108;583853;2020-01-11;""sábado"";""10:55:00"";""MT"";364;398;""CUIABA"";""Sim"";""Desobediência às normas de trânsito pelo condutor"";1;""Colisão transversal"";""Com Vítimas Feridas"";""Pleno dia"";""Decrescente"";""Céu Claro"";""Dupla"";""Interseção de vias"";""Não"";467655;""Ônibus"";""MBENZ/MPOLO PARADISO R"";2017;""Condutor"";""Ileso"";43;""Masculino"";1;0;0;0;-15",6659853;-55,"961398;""SR-MT"";""DEL2/1"";""UOP01/MT""",
"262109;585777;2020-01-11;""sábado"";""09:30:00"";""PI"";407;453","5;""JAICOS"";""Não"";""Falta de Atenção à Condução"";1;""Saída de leito carroçável"";""Com Vítimas Feridas"";""Pleno dia"";""Crescente"";""Céu Claro"";""Simples"";""Reta"";""Não"";467633;""Caminhonete"";""CHEVROLET/S10 LT DD2A"";2015;""Passageiro"";""Lesões Graves"";40;""Masculino"";0;0;1;0;-7",25800029;-41,"23021722;""SR-PI"";""DEL17/4"";""UOP01/PI"""
"262109;585775;2020-01-11;""sábado"";""09:30:00"";""PI"";407;453","5;""JAICOS"";""Não"";""Falta de Atenção à Condução"";1;""Saída de leito carroçável"";""Com Vítimas Feridas"";""Pleno dia"";""Crescente"";""Céu Claro"";""Simples"";""Reta"";""Não"";467633;""Caminhonete"";""CHEVROLET/S10 LT DD2A"";2015;""Condutor"";""Lesões Graves"";42;""Feminino"";0;0;1;0;-7",25800029;-41,"23021722;""SR-PI"";""DEL17/4"";""UOP01/PI"""
"262109;585777;2020-01-11;""sábado"";""09:30:00"";""PI"";407;453","5;""JAICOS"";""Sim"";""Pista Escorregadia"";1;""Saída de leito carroçável"";""Com Vítimas Feridas"";""Pleno dia"";""Crescente"";""Céu Claro"";""Simples"";""Reta"";""Não"";467633;""Caminhonete"";""CHEVROLET/S10 LT DD2A"";2015;""Passageiro"";""Lesões Graves"";40;""Masculino"";0;0;1;0;-7",25800029;-41,"23021722;""SR-PI"";""DEL17/4"";""UOP01/PI"""
"262109;585775;2020-01-11;""sábado"";""09:30:00"";""PI"";407;453","5;""JAICOS"";""Sim"";""Pista Escorregadia"";1;""Saída de leito carroçável"";""Com Vítimas Feridas"";""Pleno dia"";""Crescente"";""Céu Claro"";""Simples"";""Reta"";""Não"";467633;""Caminhonete"";""CHEVROLET/S10 LT DD2A"";2015;""Condutor"";""Lesões Graves"";42;""Feminino"";0;0;1;0;-7",25800029;-41,"23021722;""SR-PI"";""DEL17/4"";""UOP01/PI"""
"262110;NA;2020-01-11;""sábado"";""11:15:00"";""PR"";153;460;""UNIAO DA VITORIA"";""Sim"";""Defeito Mecânico no Veículo"";1;""Colisão lateral"";""Com Vítimas Feridas"";""Pleno dia"";""Decrescente"";""Nublado"";""Simples"";""Curva"";""Não"";468249;""Semireboque"";""SR/LIBRELATO CACAENCR 3E"";2017;""Não Informado"";""Não Informado"";NA;""Não Informado"";0;0;0;0;-26",23111053;-51,"14174366;""SR-PR"";""DEL7/2"";""UOP02/PR""",
"262110;584402;2020-01-11;""sábado"";""11:15:00"";""PR"";153;460;""UNIAO DA VITORIA"";""Sim"";""Defeito Mecânico no Veículo"";1;""Colisão lateral"";""Com Vítimas Feridas"";""Pleno dia"";""Decrescente"";""Nublado"";""Simples"";""Curva"";""Não"";467713;""Caminhão-trator"";""VOLVO/FH 440 6X2T"";2009;""Condutor"";""Lesões Graves"";58;""Masculino"";0;0;1;0;-26",23111053;-51,"14174366;""SR-PR"";""DEL7/2"";""UOP02/PR""",
"262110;584547;2020-01-11;""sábado"";""11:15:00"";""PR"";153;460;""UNIAO DA VITORIA"";""Sim"";""Defeito Mecânico no Veículo"";1;""Colisão lateral"";""Com Vítimas Feridas"";""Pleno dia"";""Decrescente"";""Nublado"";""Simples"";""Curva"";""Não"";468247;""Caminhão-trator"";""VOLVO/FH 500 6X2T"";2016;""Condutor"";""Ileso"";26;""Masculino"";1;0;0;0;-26",23111053;-51,"14174366;""SR-PR"";""DEL7/2"";""UOP02/PR""",
"262110;NA;2020-01-11;""sábado"";""11:15:00"";""PR"";153;460;""UNIAO DA VITORIA"";""Sim"";""Defeito Mecânico no Veículo"";1;""Colisão lateral"";""Com Vítimas Feridas"";""Pleno dia"";""Decrescente"";""Nublado"";""Simples"";""Curva"";""Não"";468245;""Semireboque"";""SR/FACCHINI SRF RT"";2010;""Não Informado"";""Não Informado"";NA;""Não Informado"";0;0;0;0;-26",23111053;-51,"14174366;""SR-PR"";""DEL7/2"";""UOP02/PR""",
"262110;NA;2020-01-11;""sábado"";""11:15:00"";""PR"";153;460;""UNIAO DA VITORIA"";""Sim"";""Defeito Mecânico no Veículo"";1;""Colisão lateral"";""Com Vítimas Feridas"";""Pleno dia"";""Decrescente"";""Nublado"";""Simples"";""Curva"";""Não"";468243;""Semireboque"";""SR/FACCHINI SRF RT"";2010;""Não Informado"";""Não Informado"";NA;""Não Informado"";0;0;0;0;-26",23111053;-51,"14174366;""SR-PR"";""DEL7/2"";""UOP02/PR""",
"262110;584546;2020-01-11;""sábado"";""11:15:00"";""PR"";153;460;""UNIAO DA VITORIA"";""Sim"";""Defeito Mecânico no Veículo"";1;""Colisão lateral"";""Com Vítimas Feridas"";""Pleno dia"";""Decrescente"";""Nublado"";""Simples"";""Curva"";""Não"";468240;""Caminhão-trator"";""SCANIA/G 420 A4X2"";2009;""Condutor"";""Ileso"";34;""Masculino"";1;0;0;0;-26",23111053;-51,"14174366;""SR-PR"";""DEL7/2"";""UOP02/PR""",
"262110;NA;2020-01-11;""sábado"";""11:15:00"";""PR"";153;460;""UNIAO DA VITORIA"";""Sim"";""Defeito Mecânico no Veículo"";1;""Colisão lateral"";""Com Vítimas Feridas"";""Pleno dia"";""Decrescente"";""Nublado"";""Simples"";""Curva"";""Não"";468235;""Semireboque"";""SR/FACCHINI SRF CF"";2009;""Não Informado"";""Não Informado"";NA;""Não Informado"";0;0;0;0;-26",23111053;-51,"14174366;""SR-PR"";""DEL7/2"";""UOP02/PR""",
"262111;585473;2020-01-11;""sábado"";""11:30:00"";""MG"";381;484","3;""BETIM"";""Não"";""Objeto estático sobre o leito carroçável"";1;""Colisão lateral"";""Com Vítimas Feridas"";""Pleno dia"";""Crescente"";""Céu Claro"";""Dupla"";""Reta"";""Sim"";467825;""Motocicleta"";""HONDA/NC 750X"";2019;""Condutor"";""Lesões Leves"";33;""Masculino"";0;1;0;0;-19",95941827;-44,"08754284;""SR-MG"";""DEL4/1"";""UOP03/MG"""
"262111;585470;2020-01-11;""sábado"";""11:30:00"";""MG"";381;484","3;""BETIM"";""Não"";""Objeto estático sobre o leito carroçável"";1;""Colisão lateral"";""Com Vítimas Feridas"";""Pleno dia"";""Crescente"";""Céu Claro"";""Dupla"";""Reta"";""Sim"";467824;""Automóvel"";""FORD/KA SE AT 1.5 HA C"";2018;""Condutor"";""Ileso"";23;""Feminino"";1;0;0;0;-19",95941827;-44,"08754284;""SR-MG"";""DEL4/1"";""UOP03/MG"""
"262111;585473;2020-01-11;""sábado"";""11:30:00"";""MG"";381;484","3;""BETIM"";""Não"";""Objeto estático sobre o leito carroçável"";2;""Tombamento"";""Com Vítimas Feridas"";""Pleno dia"";""Crescente"";""Céu Claro"";""Dupla"";""Reta"";""Sim"";467825;""Motocicleta"";""HONDA/NC 750X"";2019;""Condutor"";""Lesões Leves"";33;""Masculino"";0;1;0;0;-19",95941827;-44,"08754284;""SR-MG"";""DEL4/1"";""UOP03/MG"""
"262111;585470;2020-01-11;""sábado"";""11:30:00"";""MG"";381;484","3;""BETIM"";""Não"";""Objeto estático sobre o leito carroçável"";2;""Tombamento"";""Com Vítimas Feridas"";""Pleno dia"";""Crescente"";""Céu Claro"";""Dupla"";""Reta"";""Sim"";467824;""Automóvel"";""FORD/KA SE AT 1.5 HA C"";2018;""Condutor"";""Ileso"";23;""Feminino"";1;0;0;0;-19",95941827;-44,"08754284;""SR-MG"";""DEL4/1"";""UOP03/MG"""
"262111;585473;2020-01-11;""sábado"";""11:30:00"";""MG"";381;484","3;""BETIM"";""Não"";""Objeto estático sobre o leito carroçável"";3;""Queda de ocupante de veículo"";""Com Vítimas Feridas"";""Pleno dia"";""Crescente"";""Céu Claro"";""Dupla"";""Reta"";""Sim"";467825;""Motocicleta"";""HONDA/NC 750X"";2019;""Condutor"";""Lesões Leves"";33;""Masculino"";0;1;0;0;-19",95941827;-44,"08754284;""SR-MG"";""DEL4/1"";""UOP03/MG"""
"262111;585470;2020-01-11;""sábado"";""11:30:00"";""MG"";381;484","3;""BETIM"";""Não"";""Objeto estático sobre o leito carroçável"";3;""Queda de ocupante de veículo"";""Com Vítimas Feridas"";""Pleno dia"";""Crescente"";""Céu Claro"";""Dupla"";""Reta"";""Sim"";467824;""Automóvel"";""FORD/KA SE AT 1.5 HA C"";2018;""Condutor"";""Ileso"";23;""Feminino"";1;0;0;0;-19",95941827;-44,"08754284;""SR-MG"";""DEL4/1"";""UOP03/MG"""
"262111;585473;2020-01-11;""sábado"";""11:30:00"";""MG"";381;484","3;""BETIM"";""Sim"";""Falta de Atenção à Condução"";1;""Colisão lateral"";""Com Vítimas Feridas"";""Pleno dia"";""Crescente"";""Céu Claro"";""Dupla"";""Reta"";""Sim"";467825;""Motocicleta"";""HONDA/NC 750X"";2019;""Condutor"";""Lesões Leves"";33;""Masculino"";0;1;0;0;-19",95941827;-44,"08754284;""SR-MG"";""DEL4/1"";""UOP03/MG"""
"262111;585470;2020-01-11;""sábado"";""11:30:00"";""MG"";381;484","3;""BETIM"";""Sim"";""Falta de Atenção à Condução"";1;""Colisão lateral"";""Com Vítimas Feridas"";""Pleno dia"";""Crescente"";""Céu Claro"";""Dupla"";""Reta"";""Sim"";467824;""Automóvel"";""FORD/KA SE AT 1.5 HA C"";2018;""Condutor"";""Ileso"";23;""Feminino"";1;0;0;0;-19",95941827;-44,"08754284;""SR-MG"";""DEL4/1"";""UOP03/MG"""
"262111;585473;2020-01-11;""sábado"";""11:30:00"";""MG"";381;484","3;""BETIM"";""Sim"";""Falta de Atenção à Condução"";2;""Tombamento"";""Com Vítimas Feridas"";""Pleno dia"";""Crescente"";""Céu Claro"";""Dupla"";""Reta"";""Sim"";467825;""Motocicleta"";""HONDA/NC 750X"";2019;""Condutor"";""Lesões Leves"";33;""Masculino"";0;1;0;0;-19",95941827;-44,"08754284;""SR-MG"";""DEL4/1"";""UOP03/MG"""
"262111;585470;2020-01-11;""sábado"";""11:30:00"";""MG"";381;484","3;""BETIM"";""Sim"";""Falta de Atenção à Condução"";2;""Tombamento"";""Com Vítimas Feridas"";""Pleno dia"";""Crescente"";""Céu Claro"";""Dupla"";""Reta"";""Sim"";467824;""Automóvel"";""FORD/KA SE AT 1.5 HA C"";2018;""Condutor"";""Ileso"";23;""Feminino"";1;0;0;0;-19",95941827;-44,"08754284;""SR-MG"";""DEL4/1"";""UOP03/MG"""
"262111;585473;2020-01-11;""sábado"";""11:30:00"";""MG"";381;484","3;""BETIM"";""Sim"";""Falta de Atenção à Condução"";3;""Queda de ocupante de veículo"";""Com Vítimas Feridas"";""Pleno dia"";""Crescente"";""Céu Claro"";""Dupla"";""Reta"";""Sim"";467825;""Motocicleta"";""HONDA/NC 750X"";2019;""Condutor"";""Lesões Leves"";33;""Masculino"";0;1;0;0;-19",95941827;-44,"08754284;""SR-MG"";""DEL4/1"";""UOP03/MG"""
"262111;585470;2020-01-11;""sábado"";""11:30:00"";""MG"";381;484","3;""BETIM"";""Sim"";""Falta de Atenção à Condução"";3;""Queda de ocupante de veículo"";""Com Vítimas Feridas"";""Pleno dia"";""Crescente"";""Céu Claro"";""Dupla"";""Reta"";""Sim"";467824;""Automóvel"";""FORD/KA SE AT 1.5 HA C"";2018;""Condutor"";""Ileso"";23;""Feminino"";1;0;0;0;-19",95941827;-44,"08754284;""SR-MG"";""DEL4/1"";""UOP03/MG"""
"262111;585473;2020-01-11;""sábado"";""11:30:00"";""MG"";381;484","3;""BETIM"";""Não"";""Não guardar distância de segurança"";1;""Colisão lateral"";""Com Vítimas Feridas"";""Pleno dia"";""Crescente"";""Céu Claro"";""Dupla"";""Reta"";""Sim"";467825;""Motocicleta"";""HONDA/NC 750X"";2019;""Condutor"";""Lesões Leves"";33;""Masculino"";0;1;0;0;-19",95941827;-44,"08754284;""SR-MG"";""DEL4/1"";""UOP03/MG"""
"262111;585470;2020-01-11;""sábado"";""11:30:00"";""MG"";381;484","3;""BETIM"";""Não"";""Não guardar distância de segurança"";1;""Colisão lateral"";""Com Vítimas Feridas"";""Pleno dia"";""Crescente"";""Céu Claro"";""Dupla"";""Reta"";""Sim"";467824;""Automóvel"";""FORD/KA SE AT 1.5 HA C"";2018;""Condutor"";""Ileso"";23;""Feminino"";1;0;0;0;-19",95941827;-44,"08754284;""SR-MG"";""DEL4/1"";""UOP03/MG"""
"262111;585473;2020-01-11;""sábado"";""11:30:00"";""MG"";381;484","3;""BETIM"";""Não"";""Não guardar distância de segurança"";2;""Tombamento"";""Com Vítimas Feridas"";""Pleno dia"";""Crescente"";""Céu Claro"";""Dupla"";""Reta"";""Sim"";467825;""Motocicleta"";""HONDA/NC 750X"";2019;""Condutor"";""Lesões Leves"";33;""Masculino"";0;1;0;0;-19",95941827;-44,"08754284;""SR-MG"";""DEL4/1"";""UOP03/MG"""
"262111;585470;2020-01-11;""sábado"";""11:30:00"";""MG"";381;484","3;""BETIM"";""Não"";""Não guardar distância de segurança"";2;""Tombamento"";""Com Vítimas Feridas"";""Pleno dia"";""Crescente"";""Céu Claro"";""Dupla"";""Reta"";""Sim"";467824;""Automóvel"";""FORD/KA SE AT 1.5 HA C"";2018;""Condutor"";""Ileso"";23;""Feminino"";1;0;0;0;-19",95941827;-44,"08754284;""SR-MG"";""DEL4/1"";""UOP03/MG"""
"262111;585473;2020-01-11;""sábado"";""11:30:00"";""MG"";381;484","3;""BETIM"";""Não"";""Não guardar distância de segurança"";3;""Queda de ocupante de veículo"";""Com Vítimas Feridas"";""Pleno dia"";""Crescente"";""Céu Claro"";""Dupla"";""Reta"";""Sim"";467825;""Motocicleta"";""HONDA/NC 750X"";2019;""Condutor"";""Lesões Leves"";33;""Masculino"";0;1;0;0;-19",95941827;-44,"08754284;""SR-MG"";""DEL4/1"";""UOP03/MG"""
"262111;585470;2020-01-11;""sábado"";""11:30:00"";""MG"";381;484","3;""BETIM"";""Não"";""Não guardar distância de segurança"";3;""Queda de ocupante de veículo"";""Com Vítimas Feridas"";""Pleno dia"";""Crescente"";""Céu Claro"";""Dupla"";""Reta"";""Sim"";467824;""Automóvel"";""FORD/KA SE AT 1.5 HA C"";2018;""Condutor"";""Ileso"";23;""Feminino"";1;0;0;0;-19",95941827;-44,"08754284;""SR-MG"";""DEL4/1"";""UOP03/MG"""
"262112;583663;2020-01-11;""sábado"";""11:20:00"";""RS"";470;218;""BENTO GONCALVES"";""Sim"";""Falta de Atenção à Condução"";1;""Colisão transversal"";""Com Vítimas Feridas"";""Pleno dia"";""Decrescente"";""Nublado"";""Simples"";""Interseção de vias"";""Sim"";467594;""Automóvel"";""NISSAN/VERSA 16 S"";2018;""Condutor"";""Lesões Leves"";33;""Masculino"";0;1;0;0;-29",18236765;-51,"5201399;""SR-RS"";""DEL9/6"";""UOP01/RS""",
"262112;583673;2020-01-11;""sábado"";""11:20:00"";""RS"";470;218;""BENTO GONCALVES"";""Sim"";""Falta de Atenção à Condução"";1;""Colisão transversal"";""Com Vítimas Feridas"";""Pleno dia"";""Decrescente"";""Nublado"";""Simples"";""Interseção de vias"";""Sim"";467595;""Camioneta"";""HYUNDAI/IX35 GL"";2017;""Passageiro"";""Ileso"";7;""Feminino"";1;0;0;0;-29",18236765;-51,"5201399;""SR-RS"";""DEL9/6"";""UOP01/RS""",
"262112;583672;2020-01-11;""sábado"";""11:20:00"";""RS"";470;218;""BENTO GONCALVES"";""Sim"";""Falta de Atenção à Condução"";1;""Colisão transversal"";""Com Vítimas Feridas"";""Pleno dia"";""Decrescente"";""Nublado"";""Simples"";""Interseção de vias"";""Sim"";467595;""Camioneta"";""HYUNDAI/IX35 GL"";2017;""Passageiro"";""Ileso"";42;""Feminino"";1;0;0;0;-29",18236765;-51,"5201399;""SR-RS"";""DEL9/6"";""UOP01/RS""",
"262112;583670;2020-01-11;""sábado"";""11:20:00"";""RS"";470;218;""BENTO GONCALVES"";""Sim"";""Falta de Atenção à Condução"";1;""Colisão transversal"";""Com Vítimas Feridas"";""Pleno dia"";""Decrescente"";""Nublado"";""Simples"";""Interseção de vias"";""Sim"";467595;""Camioneta"";""HYUNDAI/IX35 GL"";2017;""Condutor"";""Ileso"";40;""Masculino"";1;0;0;0;-29",18236765;-51,"5201399;""SR-RS"";""DEL9/6"";""UOP01/RS""",
"262113;583611;2020-01-11;""sábado"";""11:00:00"";""PR"";277;116;""CAMPO LARGO"";""Sim"";""Falta de Atenção à Condução"";1;""Colisão lateral"";""Com Vítimas Feridas"";""Pleno dia"";""Decrescente"";""Céu Claro"";""Dupla"";""Reta"";""Não"";467584;""Caminhão-trator"";""SCANIA/G 420 A6X2"";2010;""Condutor"";""Ileso"";41;""Masculino"";1;0;0;0;-25",43342542;-49,"40593292;""SR-PR"";""DEL7/1"";""UOP05/PR""",
"262113;583613;2020-01-11;""sábado"";""11:00:00"";""PR"";277;116;""CAMPO LARGO"";""Sim"";""Falta de Atenção à Condução"";1;""Colisão lateral"";""Com Vítimas Feridas"";""Pleno dia"";""Decrescente"";""Céu Claro"";""Dupla"";""Reta"";""Não"";467585;""Motocicleta"";""HONDA/CG 160 FAN"";2019;""Condutor"";""Lesões Leves"";49;""Masculino"";0;1;0;0;-25",43342542;-49,"40593292;""SR-PR"";""DEL7/1"";""UOP05/PR""",
"262113;NA;2020-01-11;""sábado"";""11:00:00"";""PR"";277;116;""CAMPO LARGO"";""Sim"";""Falta de Atenção à Condução"";1;""Colisão lateral"";""Com Vítimas Feridas"";""Pleno dia"";""Decrescente"";""Céu Claro"";""Dupla"";""Reta"";""Não"";467587;""Semireboque"";""SR/GUERRA AG GR"";2008;""Não Informado"";""Não Informado"";NA;""Não Informado"";0;0;0;0;-25",43342542;-49,"40593292;""SR-PR"";""DEL7/1"";""UOP05/PR""",
"262114;583686;2020-01-11;""sábado"";""12:00:00"";""SP"";381;82;""SAO PAULO"";""Sim"";""Desobediência às normas de trânsito pelo condutor"";1;""Colisão lateral"";""Com Vítimas Feridas"";""Pleno dia"";""Decrescente"";""Céu Claro"";""Dupla"";""Reta"";""Sim"";467638;""Automóvel"";""HYUNDAI/HB20S 1.6M 1.6M"";2013;""Condutor"";""Ileso"";27;""Masculino"";1;0;0;0;-23",42399;-46,"575112;""SR-SP"";""DEL6/3"";""UOP02/SP""",
"262114;583683;2020-01-11;""sábado"";""12:00:00"";""SP"";381;82;""SAO PAULO"";""Sim"";""Desobediência às normas de trânsito pelo condutor"";1;""Colisão lateral"";""Com Vítimas Feridas"";""Pleno dia"";""Decrescente"";""Céu Claro"";""Dupla"";""Reta"";""Sim"";467637;""Motocicleta"";""HONDA/CG 150 TITAN ESD"";2011;""Condutor"";""Lesões Leves"";20;""Masculino"";0;1;0;0;-23",42399;-46,"575112;""SR-SP"";""DEL6/3"";""UOP02/SP""",
"262114;583685;2020-01-11;""sábado"";""12:00:00"";""SP"";381;82;""SAO PAULO"";""Sim"";""Desobediência às normas de trânsito pelo condutor"";1;""Colisão lateral"";""Com Vítimas Feridas"";""Pleno dia"";""Decrescente"";""Céu Claro"";""Dupla"";""Reta"";""Sim"";467637;""Motocicleta"";""HONDA/CG 150 TITAN ESD"";2011;""Passageiro"";""Lesões Leves"";19;""Masculino"";0;1;0;0;-23",42399;-46,"575112;""SR-SP"";""DEL6/3"";""UOP02/SP""",
"262114;583686;2020-01-11;""sábado"";""12:00:00"";""SP"";381;82;""SAO PAULO"";""Não"";""Falta de Atenção à Condução"";1;""Colisão lateral"";""Com Vítimas Feridas"";""Pleno dia"";""Decrescente"";""Céu Claro"";""Dupla"";""Reta"";""Sim"";467638;""Automóvel"";""HYUNDAI/HB20S 1.6M 1.6M"";2013;""Condutor"";""Ileso"";27;""Masculino"";1;0;0;0;-23",42399;-46,"575112;""SR-SP"";""DEL6/3"";""UOP02/SP""",
"262114;583683;2020-01-11;""sábado"";""12:00:00"";""SP"";381;82;""SAO PAULO"";""Não"";""Falta de Atenção à Condução"";1;""Colisão lateral"";""Com Vítimas Feridas"";""Pleno dia"";""Decrescente"";""Céu Claro"";""Dupla"";""Reta"";""Sim"";467637;""Motocicleta"";""HONDA/CG 150 TITAN ESD"";2011;""Condutor"";""Lesões Leves"";20;""Masculino"";0;1;0;0;-23",42399;-46,"575112;""SR-SP"";""DEL6/3"";""UOP02/SP""",
"262114;583685;2020-01-11;""sábado"";""12:00:00"";""SP"";381;82;""SAO PAULO"";""Não"";""Falta de Atenção à Condução"";1;""Colisão lateral"";""Com Vítimas Feridas"";""Pleno dia"";""Decrescente"";""Céu Claro"";""Dupla"";""Reta"";""Sim"";467637;""Motocicleta"";""HONDA/CG 150 TITAN ESD"";2011;""Passageiro"";""Lesões Leves"";19;""Masculino"";0;1;0;0;-23",42399;-46,"575112;""SR-SP"";""DEL6/3"";""UOP02/SP""",
"262115;583582;2020-01-11;""sábado"";""07:30:00"";""TO"";153;749","8;""ALVORADA"";""Não"";""Defeito na Via"";2;""Tombamento"";""Sem Vítimas"";""Pleno dia"";""Decrescente"";""Chuva"";""Simples"";""Reta"";""Não"";467568;""Caminhão"";""FORD/CARGO 1419 S"";2018;""Condutor"";""Ileso"";38;""Masculino"";1;0;0;0;-12",37561488;-49,"14051674;""SR-TO"";""UOP01/TO"";"""""
"262115;583582;2020-01-11;""sábado"";""07:30:00"";""TO"";153;749","8;""ALVORADA"";""Não"";""Defeito na Via"";1;""Saída de leito carroçável"";""Sem Vítimas"";""Pleno dia"";""Decrescente"";""Chuva"";""Simples"";""Reta"";""Não"";467568;""Caminhão"";""FORD/CARGO 1419 S"";2018;""Condutor"";""Ileso"";38;""Masculino"";1;0;0;0;-12",37561488;-49,"14051674;""SR-TO"";""UOP01/TO"";"""""
"262115;583582;2020-01-11;""sábado"";""07:30:00"";""TO"";153;749","8;""ALVORADA"";""Não"";""Pista Escorregadia"";2;""Tombamento"";""Sem Vítimas"";""Pleno dia"";""Decrescente"";""Chuva"";""Simples"";""Reta"";""Não"";467568;""Caminhão"";""FORD/CARGO 1419 S"";2018;""Condutor"";""Ileso"";38;""Masculino"";1;0;0;0;-12",37561488;-49,"14051674;""SR-TO"";""UOP01/TO"";"""""
"262115;583582;2020-01-11;""sábado"";""07:30:00"";""TO"";153;749","8;""ALVORADA"";""Não"";""Pista Escorregadia"";1;""Saída de leito carroçável"";""Sem Vítimas"";""Pleno dia"";""Decrescente"";""Chuva"";""Simples"";""Reta"";""Não"";467568;""Caminhão"";""FORD/CARGO 1419 S"";2018;""Condutor"";""Ileso"";38;""Masculino"";1;0;0;0;-12",37561488;-49,"14051674;""SR-TO"";""UOP01/TO"";"""""
"262115;583582;2020-01-11;""sábado"";""07:30:00"";""TO"";153;749","8;""ALVORADA"";""Não"";""Animais na Pista"";2;""Tombamento"";""Sem Vítimas"";""Pleno dia"";""Decrescente"";""Chuva"";""Simples"";""Reta"";""Não"";467568;""Caminhão"";""FORD/CARGO 1419 S"";2018;""Condutor"";""Ileso"";38;""Masculino"";1;0;0;0;-12",37561488;-49,"14051674;""SR-TO"";""UOP01/TO"";"""""
"262115;583582;2020-01-11;""sábado"";""07:30:00"";""TO"";153;749","8;""ALVORADA"";""Não"";""Animais na Pista"";1;""Saída de leito carroçável"";""Sem Vítimas"";""Pleno dia"";""Decrescente"";""Chuva"";""Simples"";""Reta"";""Não"";467568;""Caminhão"";""FORD/CARGO 1419 S"";2018;""Condutor"";""Ileso"";38;""Masculino"";1;0;0;0;-12",37561488;-49,"14051674;""SR-TO"";""UOP01/TO"";"""""
"262115;583582;2020-01-11;""sábado"";""07:30:00"";""TO"";153;749","8;""ALVORADA"";""Sim"";""Falta de Atenção à Condução"";2;""Tombamento"";""Sem Vítimas"";""Pleno dia"";""Decrescente"";""Chuva"";""Simples"";""Reta"";""Não"";467568;""Caminhão"";""FORD/CARGO 1419 S"";2018;""Condutor"";""Ileso"";38;""Masculino"";1;0;0;0;-12",37561488;-49,"14051674;""SR-TO"";""UOP01/TO"";"""""
"262115;583582;2020-01-11;""sábado"";""07:30:00"";""TO"";153;749","8;""ALVORADA"";""Sim"";""Falta de Atenção à Condução"";1;""Saída de leito carroçável"";""Sem Vítimas"";""Pleno dia"";""Decrescente"";""Chuva"";""Simples"";""Reta"";""Não"";467568;""Caminhão"";""FORD/CARGO 1419 S"";2018;""Condutor"";""Ileso"";38;""Masculino"";1;0;0;0;-12",37561488;-49,"14051674;""SR-TO"";""UOP01/TO"";"""""
"262116;585433;2020-01-11;""sábado"";""12:15:00"";""MG"";116;274","2;""TEOFILO OTONI"";""Sim"";""Ingestão de Álcool"";1;""Colisão lateral"";""Com Vítimas Feridas"";""Pleno dia"";""Crescente"";""Céu Claro"";""Simples"";""Interseção de vias"";""Sim"";467744;""Caminhão"";""M.BENZ/ATEGO 3030 CE"";2016;""Condutor"";""Ileso"";26;""Masculino"";1;0;0;0;-17",83384514;-41,"51094368;""SR-MG"";""DEL4/11"";""UOP01/MG"""
"262116;585438;2020-01-11;""sábado"";""12:15:00"";""MG"";116;274","2;""TEOFILO OTONI"";""Sim"";""Ingestão de Álcool"";1;""Colisão lateral"";""Com Vítimas Feridas"";""Pleno dia"";""Crescente"";""Céu Claro"";""Simples"";""Interseção de vias"";""Sim"";467745;""Bicicleta"";"""";NA;""Condutor"";""Lesões Leves"";60;""Masculino"";0;1;0;0;-17",83384514;-41,"51094368;""SR-MG"";""DEL4/11"";""UOP01/MG"""
"262117;583918;2020-01-11;""sábado"";""12:10:00"";""MG"";381;626","8;""OLIVEIRA"";""Não"";""Velocidade Incompatível"";2;""Tombamento"";""Com Vítimas Feridas"";""Pleno dia"";""Crescente"";""Chuva"";""Dupla"";""Curva"";""Não"";467835;""Caminhão-trator"";""VOLVO/FM 370 6X2T"";2011;""Condutor"";""Lesões Leves"";63;""Masculino"";0;1;0;0;-20",828287;-44,"807964;""SR-MG"";""DEL4/4"";""UOP01/MG"""
"262117;NA;2020-01-11;""sábado"";""12:10:00"";""MG"";381;626","8;""OLIVEIRA"";""Não"";""Velocidade Incompatível"";2;""Tombamento"";""Com Vítimas Feridas"";""Pleno dia"";""Crescente"";""Chuva"";""Dupla"";""Curva"";""Não"";467853;""Semireboque"";""SR/NOMA SRT3E27 CL"";1999;""Não Informado"";""Não Informado"";NA;""Não Informado"";0;0;0;0;-20",828287;-44,"807964;""SR-MG"";""DEL4/4"";""UOP01/MG"""