"id;""pesid"";""data_inversa"";""dia_semana"";""horario"";""uf"";""br"";""km"";""municipio"";""causa_principal"";""causa_acidente"";""ordem_tipo_acidente"";""tipo_acidente"";""classificacao_acidente"";""fase_dia"";""sentido_via"";""condicao_metereologica"";""tipo_pista"";""tracado_via"";""uso_solo"";""id_veiculo"";""tipo_veiculo"";""marca"";""ano_fabricacao_veiculo"";""tipo_envolvido"";""estado_fisico"";""idade"";""sexo"";""ilesos"";""feridos_leves"";""feridos_graves"";""mortos"";""latitude"";""longitude"";""regional"";""delegacia"";""uop""",,,
"262117;583918;2020-01-11;""sábado"";""12:10:00"";""MG"";381;626","8;""OLIVEIRA"";""Não"";""Velocidade Incompatível"";3;""Derramamento de carga"";""Com Vítimas Feridas"";""Pleno dia"";""Crescente"";""Chuva"";""Dupla"";""Curva"";""Não"";467835;""Caminhão-trator"";""VOLVO/FM 370 6X2T"";2011;""Condutor"";""Lesões Leves"";63;""Masculino"";0;1;0;0;-20",828287;-44,"807964;""SR-MG"";""DEL4/4"";""UOP01/MG"""
"262117;NA;2020-01-11;""sábado"";""12:10:00"";""MG"";381;626","8;""OLIVEIRA"";""Não"";""Velocidade Incompatível"";3;""Derramamento de carga"";""Com Vítimas Feridas"";""Pleno dia"";""Crescente"";""Chuva"";""Dupla"";""Curva"";""Não"";467853;""Semireboque"";""SR/NOMA SRT3E27 CL"";1999;""Não Informado"";""Não Informado"";NA;""Não Informado"";0;0;0;0;-20",828287;-44,"807964;""SR-MG"";""DEL4/4"";""UOP01/MG"""
"262117;583918;2020-01-11;""sábado"";""12:10:00"";""MG"";381;626","8;""OLIVEIRA"";""Não"";""Velocidade Incompatível"";1;""Saída de leito carroçável"";""Com Vítimas Feridas"";""Pleno dia"";""Crescente"";""Chuva"";""Dupla"";""Curva"";""Não"";467835;""Caminhão-trator"";""VOLVO/FM 370 6X2T"";2011;""Condutor"";""Lesões Leves"";63;""Masculino"";0;1;0;0;-20",828287;-44,"807964;""SR-MG"";""DEL4/4"";""UOP01/MG"""
"262117;NA;2020-01-11;""sábado"";""12:10:00"";""MG"";381;626","8;""OLIVEIRA"";""Não"";""Velocidade Incompatível"";1;""Saída de leito carroçável"";""Com Vítimas Feridas"";""Pleno dia"";""Crescente"";""Chuva"";""Dupla"";""Curva"";""Não"";467853;""Semireboque"";""SR/NOMA SRT3E27 CL"";1999;""Não Informado"";""Não Informado"";NA;""Não Informado"";0;0;0;0;-20",828287;-44,"807964;""SR-MG"";""DEL4/4"";""UOP01/MG"""
"262117;583918;2020-01-11;""sábado"";""12:10:00"";""MG"";381;626","8;""OLIVEIRA"";""Sim"";""Falta de Atenção à Condução"";2;""Tombamento"";""Com Vítimas Feridas"";""Pleno dia"";""Crescente"";""Chuva"";""Dupla"";""Curva"";""Não"";467835;""Caminhão-trator"";""VOLVO/FM 370 6X2T"";2011;""Condutor"";""Lesões Leves"";63;""Masculino"";0;1;0;0;-20",828287;-44,"807964;""SR-MG"";""DEL4/4"";""UOP01/MG"""
"262117;NA;2020-01-11;""sábado"";""12:10:00"";""MG"";381;626","8;""OLIVEIRA"";""Sim"";""Falta de Atenção à Condução"";2;""Tombamento"";""Com Vítimas Feridas"";""Pleno dia"";""Crescente"";""Chuva"";""Dupla"";""Curva"";""Não"";467853;""Semireboque"";""SR/NOMA SRT3E27 CL"";1999;""Não Informado"";""Não Informado"";NA;""Não Informado"";0;0;0;0;-20",828287;-44,"807964;""SR-MG"";""DEL4/4"";""UOP01/MG"""
"262117;583918;2020-01-11;""sábado"";""12:10:00"";""MG"";381;626","8;""OLIVEIRA"";""Sim"";""Falta de Atenção à Condução"";3;""Derramamento de carga"";""Com Vítimas Feridas"";""Pleno dia"";""Crescente"";""Chuva"";""Dupla"";""Curva"";""Não"";467835;""Caminhão-trator"";""VOLVO/FM 370 6X2T"";2011;""Condutor"";""Lesões Leves"";63;""Masculino"";0;1;0;0;-20",828287;-44,"807964;""SR-MG"";""DEL4/4"";""UOP01/MG"""
"262117;NA;2020-01-11;""sábado"";""12:10:00"";""MG"";381;626","8;""OLIVEIRA"";""Sim"";""Falta de Atenção à Condução"";3;""Derramamento de carga"";""Com Vítimas Feridas"";""Pleno dia"";""Crescente"";""Chuva"";""Dupla"";""Curva"";""Não"";467853;""Semireboque"";""SR/NOMA SRT3E27 CL"";1999;""Não Informado"";""Não Informado"";NA;""Não Informado"";0;0;0;0;-20",828287;-44,"807964;""SR-MG"";""DEL4/4"";""UOP01/MG"""
"262117;583918;2020-01-11;""sábado"";""12:10:00"";""MG"";381;626","8;""OLIVEIRA"";""Sim"";""Falta de Atenção à Condução"";1;""Saída de leito carroçável"";""Com Vítimas Feridas"";""Pleno dia"";""Crescente"";""Chuva"";""Dupla"";""Curva"";""Não"";467835;""Caminhão-trator"";""VOLVO/FM 370 6X2T"";2011;""Condutor"";""Lesões Leves"";63;""Masculino"";0;1;0;0;-20",828287;-44,"807964;""SR-MG"";""DEL4/4"";""UOP01/MG"""
"262117;NA;2020-01-11;""sábado"";""12:10:00"";""MG"";381;626","8;""OLIVEIRA"";""Sim"";""Falta de Atenção à Condução"";1;""Saída de leito carroçável"";""Com Vítimas Feridas"";""Pleno dia"";""Crescente"";""Chuva"";""Dupla"";""Curva"";""Não"";467853;""Semireboque"";""SR/NOMA SRT3E27 CL"";1999;""Não Informado"";""Não Informado"";NA;""Não Informado"";0;0;0;0;-20",828287;-44,"807964;""SR-MG"";""DEL4/4"";""UOP01/MG"""
"262118;583665;2020-01-11;""sábado"";""12:25:00"";""RJ"";101;155;""MACAE"";""Sim"";""Desobediência às normas de trânsito pelo condutor"";1;""Colisão lateral"";""Sem Vítimas"";""Pleno dia"";""Crescente"";""Céu Claro"";""Simples"";""Reta"";""Não"";467629;""Automóvel"";""FIAT/PALIO FIRE ECONOMY"";2009;""Condutor"";""Ileso"";69;""Masculino"";1;0;0;0;-22",25963531;-41,"84126786;""SR-RJ"";""DEL5/2"";""UOP03/RJ""",
"262118;583664;2020-01-11;""sábado"";""12:25:00"";""RJ"";101;155;""MACAE"";""Sim"";""Desobediência às normas de trânsito pelo condutor"";1;""Colisão lateral"";""Sem Vítimas"";""Pleno dia"";""Crescente"";""Céu Claro"";""Simples"";""Reta"";""Não"";467628;""Utilitário"";""I/HYUNDAI SANTA FE V6"";2009;""Condutor"";""Ileso"";72;""Masculino"";1;0;0;0;-22",25963531;-41,"84126786;""SR-RJ"";""DEL5/2"";""UOP03/RJ""",
"262118;583662;2020-01-11;""sábado"";""12:25:00"";""RJ"";101;155;""MACAE"";""Sim"";""Desobediência às normas de trânsito pelo condutor"";1;""Colisão lateral"";""Sem Vítimas"";""Pleno dia"";""Crescente"";""Céu Claro"";""Simples"";""Reta"";""Não"";467627;""Caminhão"";""M.BENZ/L 1620"";2008;""Condutor"";""Ileso"";59;""Masculino"";1;0;0;0;-22",25963531;-41,"84126786;""SR-RJ"";""DEL5/2"";""UOP03/RJ""",
"262119;583682;2020-01-11;""sábado"";""08:55:00"";""TO"";153;211","1;""NOVA OLINDA"";""Sim"";""Condutor Dormindo"";1;""Saída de leito carroçável"";""Com Vítimas Feridas"";""Pleno dia"";""Decrescente"";""Chuva"";""Simples"";""Reta"";""Não"";467570;""Motocicleta"";""HONDA/CG 150 TITAN ESD"";2008;""Passageiro"";""Lesões Graves"";21;""Masculino"";0;0;1;0;-7",74351882;-48,"45084753;""SR-TO"";""UOP04/TO"";"""""
"262119;583655;2020-01-11;""sábado"";""08:55:00"";""TO"";153;211","1;""NOVA OLINDA"";""Sim"";""Condutor Dormindo"";1;""Saída de leito carroçável"";""Com Vítimas Feridas"";""Pleno dia"";""Decrescente"";""Chuva"";""Simples"";""Reta"";""Não"";467570;""Motocicleta"";""HONDA/CG 150 TITAN ESD"";2008;""Condutor"";""Lesões Graves"";17;""Masculino"";0;0;1;0;-7",74351882;-48,"45084753;""SR-TO"";""UOP04/TO"";"""""
"262121;583881;2020-01-11;""sábado"";""12:50:00"";""GO"";40;2;""VALPARAISO DE GOIAS"";""Sim"";""Falta de Atenção à Condução"";1;""Atropelamento de Pedestre"";""Com Vítimas Feridas"";""Pleno dia"";""Crescente"";""Céu Claro"";""Simples"";""Reta"";""Sim"";467753;""Automóvel"";""RENAULT/SANDERO EXP1016V"";2010;""Pedestre"";""Lesões Leves"";27;""Feminino"";0;1;0;0;-16",067129;-47,"984235;""SR-DF"";""UOP01/DF"";""""",
"262121;583880;2020-01-11;""sábado"";""12:50:00"";""GO"";40;2;""VALPARAISO DE GOIAS"";""Sim"";""Falta de Atenção à Condução"";1;""Atropelamento de Pedestre"";""Com Vítimas Feridas"";""Pleno dia"";""Crescente"";""Céu Claro"";""Simples"";""Reta"";""Sim"";467753;""Automóvel"";""RENAULT/SANDERO EXP1016V"";2010;""Condutor"";""Ileso"";31;""Feminino"";1;0;0;0;-16",067129;-47,"984235;""SR-DF"";""UOP01/DF"";""""",
"262121;583881;2020-01-11;""sábado"";""12:50:00"";""GO"";40;2;""VALPARAISO DE GOIAS"";""Sim"";""Falta de Atenção à Condução"";1;""Atropelamento de Pedestre"";""Com Vítimas Feridas"";""Pleno dia"";""Crescente"";""Céu Claro"";""Simples"";""Reta"";""Sim"";467752;""Motocicleta"";""HONDA/CG 160 FAN"";NA;""Pedestre"";""Lesões Leves"";27;""Feminino"";0;1;0;0;-16",067129;-47,"984235;""SR-DF"";""UOP01/DF"";""""",
"262121;583878;2020-01-11;""sábado"";""12:50:00"";""GO"";40;2;""VALPARAISO DE GOIAS"";""Sim"";""Falta de Atenção à Condução"";1;""Atropelamento de Pedestre"";""Com Vítimas Feridas"";""Pleno dia"";""Crescente"";""Céu Claro"";""Simples"";""Reta"";""Sim"";467752;""Motocicleta"";""HONDA/CG 160 FAN"";NA;""Condutor"";""Não Informado"";NA;""Não Informado"";0;0;0;0;-16",067129;-47,"984235;""SR-DF"";""UOP01/DF"";""""",
"262121;583881;2020-01-11;""sábado"";""12:50:00"";""GO"";40;2;""VALPARAISO DE GOIAS"";""Sim"";""Falta de Atenção à Condução"";2;""Colisão lateral"";""Com Vítimas Feridas"";""Pleno dia"";""Crescente"";""Céu Claro"";""Simples"";""Reta"";""Sim"";467753;""Automóvel"";""RENAULT/SANDERO EXP1016V"";2010;""Pedestre"";""Lesões Leves"";27;""Feminino"";0;1;0;0;-16",067129;-47,"984235;""SR-DF"";""UOP01/DF"";""""",
"262121;583880;2020-01-11;""sábado"";""12:50:00"";""GO"";40;2;""VALPARAISO DE GOIAS"";""Sim"";""Falta de Atenção à Condução"";2;""Colisão lateral"";""Com Vítimas Feridas"";""Pleno dia"";""Crescente"";""Céu Claro"";""Simples"";""Reta"";""Sim"";467753;""Automóvel"";""RENAULT/SANDERO EXP1016V"";2010;""Condutor"";""Ileso"";31;""Feminino"";1;0;0;0;-16",067129;-47,"984235;""SR-DF"";""UOP01/DF"";""""",
"262121;583881;2020-01-11;""sábado"";""12:50:00"";""GO"";40;2;""VALPARAISO DE GOIAS"";""Sim"";""Falta de Atenção à Condução"";2;""Colisão lateral"";""Com Vítimas Feridas"";""Pleno dia"";""Crescente"";""Céu Claro"";""Simples"";""Reta"";""Sim"";467752;""Motocicleta"";""HONDA/CG 160 FAN"";NA;""Pedestre"";""Lesões Leves"";27;""Feminino"";0;1;0;0;-16",067129;-47,"984235;""SR-DF"";""UOP01/DF"";""""",
"262121;583878;2020-01-11;""sábado"";""12:50:00"";""GO"";40;2;""VALPARAISO DE GOIAS"";""Sim"";""Falta de Atenção à Condução"";2;""Colisão lateral"";""Com Vítimas Feridas"";""Pleno dia"";""Crescente"";""Céu Claro"";""Simples"";""Reta"";""Sim"";467752;""Motocicleta"";""HONDA/CG 160 FAN"";NA;""Condutor"";""Não Informado"";NA;""Não Informado"";0;0;0;0;-16",067129;-47,"984235;""SR-DF"";""UOP01/DF"";""""",
"262122;583731;2020-01-11;""sábado"";""12:00:00"";""MG"";381;352;""JOAO MONLEVADE"";""Sim"";""Carga excessiva e/ou mal acondicionada"";1;""Saída de leito carroçável"";""Com Vítimas Feridas"";""Pleno dia"";""Decrescente"";""Céu Claro"";""Simples"";""Curva"";""Não"";467651;""Caminhão"";""M.BENZ/L 1620"";2011;""Passageiro"";""Lesões Leves"";27;""Masculino"";0;1;0;0;-19",8581485;-43,"12309926;""SR-MG"";""DEL4/3"";""UOP01/MG""",
"262122;583730;2020-01-11;""sábado"";""12:00:00"";""MG"";381;352;""JOAO MONLEVADE"";""Sim"";""Carga excessiva e/ou mal acondicionada"";1;""Saída de leito carroçável"";""Com Vítimas Feridas"";""Pleno dia"";""Decrescente"";""Céu Claro"";""Simples"";""Curva"";""Não"";467651;""Caminhão"";""M.BENZ/L 1620"";2011;""Condutor"";""Lesões Leves"";40;""Masculino"";0;1;0;0;-19",8581485;-43,"12309926;""SR-MG"";""DEL4/3"";""UOP01/MG""",
"262124;583637;2020-01-11;""sábado"";""12:45:00"";""MG"";381;907","4;""CAMBUI"";""Sim"";""Velocidade Incompatível"";2;""Tombamento"";""Com Vítimas Feridas"";""Pleno dia"";""Crescente"";""Nublado"";""Dupla"";""Não Informado"";""Não"";467610;""Motocicleta"";""JTA-SUZUKI/GSX-R1000 RA"";2018;""Condutor"";""Lesões Graves"";27;""Masculino"";0;0;1;0;-22",67446993;-46,"09750709;""SR-MG"";""DEL09"";""UOP03/MG"""
"262124;583637;2020-01-11;""sábado"";""12:45:00"";""MG"";381;907","4;""CAMBUI"";""Sim"";""Velocidade Incompatível"";1;""Saída de leito carroçável"";""Com Vítimas Feridas"";""Pleno dia"";""Crescente"";""Nublado"";""Dupla"";""Não Informado"";""Não"";467610;""Motocicleta"";""JTA-SUZUKI/GSX-R1000 RA"";2018;""Condutor"";""Lesões Graves"";27;""Masculino"";0;0;1;0;-22",67446993;-46,"09750709;""SR-MG"";""DEL09"";""UOP03/MG"""
"262124;583637;2020-01-11;""sábado"";""12:45:00"";""MG"";381;907","4;""CAMBUI"";""Sim"";""Velocidade Incompatível"";4;""Queda de ocupante de veículo"";""Com Vítimas Feridas"";""Pleno dia"";""Crescente"";""Nublado"";""Dupla"";""Não Informado"";""Não"";467610;""Motocicleta"";""JTA-SUZUKI/GSX-R1000 RA"";2018;""Condutor"";""Lesões Graves"";27;""Masculino"";0;0;1;0;-22",67446993;-46,"09750709;""SR-MG"";""DEL09"";""UOP03/MG"""
"262124;583637;2020-01-11;""sábado"";""12:45:00"";""MG"";381;907","4;""CAMBUI"";""Sim"";""Velocidade Incompatível"";3;""Colisão com objeto estático"";""Com Vítimas Feridas"";""Pleno dia"";""Crescente"";""Nublado"";""Dupla"";""Não Informado"";""Não"";467610;""Motocicleta"";""JTA-SUZUKI/GSX-R1000 RA"";2018;""Condutor"";""Lesões Graves"";27;""Masculino"";0;0;1;0;-22",67446993;-46,"09750709;""SR-MG"";""DEL09"";""UOP03/MG"""
"262125;583620;2020-01-11;""sábado"";""12:20:00"";""MG"";381;481","1;""BETIM"";""Sim"";""Desobediência às normas de trânsito pelo condutor"";1;""Colisão traseira"";""Com Vítimas Feridas"";""Pleno dia"";""Decrescente"";""Céu Claro"";""Dupla"";""Interseção de vias"";""Sim"";467589;""Motocicleta"";""HONDA/NXR160 BROS ESDD"";2018;""Condutor"";""Lesões Graves"";26;""Feminino"";0;0;1;0;-19",95931561;-44,"08825597;""SR-MG"";""DEL4/1"";""UOP03/MG"""
"262125;583632;2020-01-11;""sábado"";""12:20:00"";""MG"";381;481","1;""BETIM"";""Sim"";""Desobediência às normas de trânsito pelo condutor"";1;""Colisão traseira"";""Com Vítimas Feridas"";""Pleno dia"";""Decrescente"";""Céu Claro"";""Dupla"";""Interseção de vias"";""Sim"";467588;""Automóvel"";""GM/CORSA GL 1.6"";1997;""Condutor"";""Ileso"";38;""Feminino"";1;0;0;0;-19",95931561;-44,"08825597;""SR-MG"";""DEL4/1"";""UOP03/MG"""
"262126;583656;2020-01-11;""sábado"";""13:00:00"";""SP"";116;276","5;""EMBU DAS ARTES"";""Sim"";""Falta de Atenção à Condução"";1;""Queda de ocupante de veículo"";""Com Vítimas Feridas"";""Pleno dia"";""Decrescente"";""Sol"";""Dupla"";""Reta"";""Sim"";467619;""Motocicleta"";""HONDA/CBX 250 TWISTER"";2005;""Condutor"";""Lesões Graves"";41;""Masculino"";0;0;1;0;-23",62509785;-46,"81620067;""SR-SP"";""DEL6/4"";""UOP01/SP"""
"262127;583631;2020-01-11;""sábado"";""09:50:00"";""MA"";10;249","8;""IMPERATRIZ"";""Sim"";""Desobediência às normas de trânsito pelo condutor"";1;""Colisão lateral"";""Com Vítimas Feridas"";""Pleno dia"";""Crescente"";""Céu Claro"";""Simples"";""Reta"";""Sim"";467599;""Motocicleta"";""HONDA/CG 125 FAN KS"";2015;""Condutor"";""Lesões Leves"";64;""Masculino"";0;1;0;0;-5",558508;-47,"45417;""SR-MA"";""DEL18/4"";""UOP01/MA"""
"262127;583629;2020-01-11;""sábado"";""09:50:00"";""MA"";10;249","8;""IMPERATRIZ"";""Sim"";""Desobediência às normas de trânsito pelo condutor"";1;""Colisão lateral"";""Com Vítimas Feridas"";""Pleno dia"";""Crescente"";""Céu Claro"";""Simples"";""Reta"";""Sim"";467598;""Automóvel"";""CHEV/PRISMA 10MT JOYE"";2017;""Condutor"";""Ileso"";28;""Masculino"";1;0;0;0;-5",558508;-47,"45417;""SR-MA"";""DEL18/4"";""UOP01/MA"""
"262128;583659;2020-01-11;""sábado"";""13:30:00"";""RJ"";116;166;""RIO DE JANEIRO"";""Sim"";""Falta de Atenção à Condução"";1;""Atropelamento de Pedestre"";""Com Vítimas Feridas"";""Pleno dia"";""Decrescente"";""Sol"";""Múltipla"";""Reta"";""Sim"";467621;""Automóvel"";""I/FORD FOCUS 2L FC FLEX"";2011;""Pedestre"";""Lesões Leves"";43;""Masculino"";0;1;0;0;-22",81560263;-43,"30051808;""SR-RJ"";""DEL5/1"";""UOP02/RJ""",
"262128;583657;2020-01-11;""sábado"";""13:30:00"";""RJ"";116;166;""RIO DE JANEIRO"";""Sim"";""Falta de Atenção à Condução"";1;""Atropelamento de Pedestre"";""Com Vítimas Feridas"";""Pleno dia"";""Decrescente"";""Sol"";""Múltipla"";""Reta"";""Sim"";467621;""Automóvel"";""I/FORD FOCUS 2L FC FLEX"";2011;""Condutor"";""Ileso"";50;""Masculino"";1;0;0;0;-22",81560263;-43,"30051808;""SR-RJ"";""DEL5/1"";""UOP02/RJ""",
"262131;583861;2020-01-11;""sábado"";""13:15:00"";""GO"";40;107;""CRISTALINA"";""Sim"";""Defeito Mecânico no Veículo"";1;""Incêndio"";""Sem Vítimas"";""Pleno dia"";""Decrescente"";""Céu Claro"";""Dupla"";""Reta"";""Não"";467776;""Automóvel"";""I/PEUGEOT 307SD PRES PK"";2009;""Condutor"";""Ileso"";40;""Masculino"";1;0;0;0;-16",831588;-47,"535099;""SR-DF"";""UOP02/DF"";""""",
"262132;583634;2020-01-11;""sábado"";""13:25:00"";""RS"";116;142","4;""CAXIAS DO SUL"";""Sim"";""Falta de Atenção à Condução"";1;""Colisão com objeto estático"";""Com Vítimas Feridas"";""Pleno dia"";""Crescente"";""Nublado"";""Dupla"";""Curva"";""Sim"";467607;""Automóvel"";""FORD/KA GL"";2002;""Condutor"";""Lesões Leves"";57;""Feminino"";0;1;0;0;-29",11727;-51,"115208;""SR-RS"";""DEL9/5"";""UOP01/RS"""
"262133;583716;2020-01-11;""sábado"";""14:15:00"";""PR"";277;584","7;""CASCAVEL"";""Sim"";""Não guardar distância de segurança"";1;""Colisão traseira"";""Com Vítimas Feridas"";""Pleno dia"";""Decrescente"";""Céu Claro"";""Simples"";""Reta"";""Não"";467647;""Automóvel"";""FIAT/PALIO FIRE"";2016;""Passageiro"";""Lesões Leves"";23;""Feminino"";0;1;0;0;-24",96684176;-53,"40258186;""SR-PR"";""DEL7/4"";""UOP01/PR"""
"262133;583715;2020-01-11;""sábado"";""14:15:00"";""PR"";277;584","7;""CASCAVEL"";""Sim"";""Não guardar distância de segurança"";1;""Colisão traseira"";""Com Vítimas Feridas"";""Pleno dia"";""Decrescente"";""Céu Claro"";""Simples"";""Reta"";""Não"";467647;""Automóvel"";""FIAT/PALIO FIRE"";2016;""Passageiro"";""Lesões Leves"";21;""Feminino"";0;1;0;0;-24",96684176;-53,"40258186;""SR-PR"";""DEL7/4"";""UOP01/PR"""
"262133;583714;2020-01-11;""sábado"";""14:15:00"";""PR"";277;584","7;""CASCAVEL"";""Sim"";""Não guardar distância de segurança"";1;""Colisão traseira"";""Com Vítimas Feridas"";""Pleno dia"";""Decrescente"";""Céu Claro"";""Simples"";""Reta"";""Não"";467647;""Automóvel"";""FIAT/PALIO FIRE"";2016;""Condutor"";""Ileso"";22;""Feminino"";1;0;0;0;-24",96684176;-53,"40258186;""SR-PR"";""DEL7/4"";""UOP01/PR"""
"262133;583712;2020-01-11;""sábado"";""14:15:00"";""PR"";277;584","7;""CASCAVEL"";""Sim"";""Não guardar distância de segurança"";1;""Colisão traseira"";""Com Vítimas Feridas"";""Pleno dia"";""Decrescente"";""Céu Claro"";""Simples"";""Reta"";""Não"";467646;""Caminhonete"";""I/FORD RANGER XLS 13F"";2003;""Condutor"";""Ileso"";55;""Masculino"";1;0;0;0;-24",96684176;-53,"40258186;""SR-PR"";""DEL7/4"";""UOP01/PR"""
"262134;583725;2020-01-11;""sábado"";""14:10:00"";""PE"";428;189","6;""PETROLINA"";""Sim"";""Desobediência às normas de trânsito pelo condutor"";1;""Colisão transversal"";""Com Vítimas Feridas"";""Pleno dia"";""Crescente"";""Sol"";""Dupla"";""Retorno Regulamentado"";""Sim"";467635;""Caminhão"";""M.BENZ/LS 1113"";1966;""Condutor"";""Ileso"";61;""Masculino"";1;0;0;0;-9",37795901;-40,"50426096;""SR-PE"";""DEL11/6"";""UOP01/PE"""
"262134;583727;2020-01-11;""sábado"";""14:10:00"";""PE"";428;189","6;""PETROLINA"";""Sim"";""Desobediência às normas de trânsito pelo condutor"";1;""Colisão transversal"";""Com Vítimas Feridas"";""Pleno dia"";""Crescente"";""Sol"";""Dupla"";""Retorno Regulamentado"";""Sim"";467636;""Motocicleta"";""YAMAHA/FACTOR YBR125 K"";2011;""Condutor"";""Lesões Graves"";36;""Masculino"";0;0;1;0;-9",37795901;-40,"50426096;""SR-PE"";""DEL11/6"";""UOP01/PE"""
"262134;583725;2020-01-11;""sábado"";""14:10:00"";""PE"";428;189","6;""PETROLINA"";""Sim"";""Desobediência às normas de trânsito pelo condutor"";2;""Tombamento"";""Com Vítimas Feridas"";""Pleno dia"";""Crescente"";""Sol"";""Dupla"";""Retorno Regulamentado"";""Sim"";467635;""Caminhão"";""M.BENZ/LS 1113"";1966;""Condutor"";""Ileso"";61;""Masculino"";1;0;0;0;-9",37795901;-40,"50426096;""SR-PE"";""DEL11/6"";""UOP01/PE"""
"262134;583727;2020-01-11;""sábado"";""14:10:00"";""PE"";428;189","6;""PETROLINA"";""Sim"";""Desobediência às normas de trânsito pelo condutor"";2;""Tombamento"";""Com Vítimas Feridas"";""Pleno dia"";""Crescente"";""Sol"";""Dupla"";""Retorno Regulamentado"";""Sim"";467636;""Motocicleta"";""YAMAHA/FACTOR YBR125 K"";2011;""Condutor"";""Lesões Graves"";36;""Masculino"";0;0;1;0;-9",37795901;-40,"50426096;""SR-PE"";""DEL11/6"";""UOP01/PE"""
"262135;585820;2020-01-11;""sábado"";""13:00:00"";""MG"";459;40","5;""SANTA RITA DE CALDAS"";""Sim"";""Velocidade Incompatível"";1;""Colisão com objeto estático"";""Com Vítimas Feridas"";""Pleno dia"";""Decrescente"";""Chuva"";""Simples"";""Curva"";""Não"";467731;""Automóvel"";""CHEVROLET/ONIX 1.0MT LT"";2014;""Passageiro"";""Ileso"";22;""Masculino"";1;0;0;0;-21",991396;-46,"329906;""SR-MG"";""DEL09"";""UOP04/MG"""
"262135;585792;2020-01-11;""sábado"";""13:00:00"";""MG"";459;40","5;""SANTA RITA DE CALDAS"";""Sim"";""Velocidade Incompatível"";1;""Colisão com objeto estático"";""Com Vítimas Feridas"";""Pleno dia"";""Decrescente"";""Chuva"";""Simples"";""Curva"";""Não"";467731;""Automóvel"";""CHEVROLET/ONIX 1.0MT LT"";2014;""Condutor"";""Lesões Leves"";23;""Masculino"";0;1;0;0;-21",991396;-46,"329906;""SR-MG"";""DEL09"";""UOP04/MG"""
"262136;583644;2020-01-11;""sábado"";""11:40:00"";""BA"";324;543;""AMELIA RODRIGUES"";""Sim"";""Não guardar distância de segurança"";1;""Colisão traseira"";""Com Vítimas Feridas"";""Pleno dia"";""Decrescente"";""Céu Claro"";""Simples"";""Reta"";""Não"";467612;""Automóvel"";""GM/CORSA SEDAN PREMIUM"";2011;""Condutor"";""Ileso"";74;""Masculino"";1;0;0;0;-12",39713005;-38,"76807002;""SR-BA"";""DEL10/1"";""UOP01/BA""",
"262136;583643;2020-01-11;""sábado"";""11:40:00"";""BA"";324;543;""AMELIA RODRIGUES"";""Sim"";""Não guardar distância de segurança"";1;""Colisão traseira"";""Com Vítimas Feridas"";""Pleno dia"";""Decrescente"";""Céu Claro"";""Simples"";""Reta"";""Não"";467611;""Caminhonete"";""I/FORD RANGER LTDCD4A32C"";2016;""Passageiro"";""Lesões Leves"";72;""Feminino"";0;1;0;0;-12",39713005;-38,"76807002;""SR-BA"";""DEL10/1"";""UOP01/BA""",
"262136;583642;2020-01-11;""sábado"";""11:40:00"";""BA"";324;543;""AMELIA RODRIGUES"";""Sim"";""Não guardar distância de segurança"";1;""Colisão traseira"";""Com Vítimas Feridas"";""Pleno dia"";""Decrescente"";""Céu Claro"";""Simples"";""Reta"";""Não"";467611;""Caminhonete"";""I/FORD RANGER LTDCD4A32C"";2016;""Condutor"";""Ileso"";52;""Masculino"";1;0;0;0;-12",39713005;-38,"76807002;""SR-BA"";""DEL10/1"";""UOP01/BA""",
"262137;583764;2020-01-11;""sábado"";""14:30:00"";""SP"";101;28;""UBATUBA"";""Sim"";""Ingestão de Álcool"";1;""Tombamento"";""Com Vítimas Feridas"";""Pleno dia"";""Crescente"";""Céu Claro"";""Simples"";""Curva"";""Não"";467625;""Motocicleta"";""JTA/SUZUKI GSXR1000"";2014;""Condutor"";""Lesões Leves"";46;""Masculino"";0;1;0;0;-23",37197308;-44,"95650899;""SR-SP"";""DEL6"";""UOP03/SP""",
"262137;583764;2020-01-11;""sábado"";""14:30:00"";""SP"";101;28;""UBATUBA"";""Sim"";""Ingestão de Álcool"";2;""Queda de ocupante de veículo"";""Com Vítimas Feridas"";""Pleno dia"";""Crescente"";""Céu Claro"";""Simples"";""Curva"";""Não"";467625;""Motocicleta"";""JTA/SUZUKI GSXR1000"";2014;""Condutor"";""Lesões Leves"";46;""Masculino"";0;1;0;0;-23",37197308;-44,"95650899;""SR-SP"";""DEL6"";""UOP03/SP""",
"262137;583764;2020-01-11;""sábado"";""14:30:00"";""SP"";101;28;""UBATUBA"";""Sim"";""Ingestão de Álcool"";3;""Colisão com objeto estático"";""Com Vítimas Feridas"";""Pleno dia"";""Crescente"";""Céu Claro"";""Simples"";""Curva"";""Não"";467625;""Motocicleta"";""JTA/SUZUKI GSXR1000"";2014;""Condutor"";""Lesões Leves"";46;""Masculino"";0;1;0;0;-23",37197308;-44,"95650899;""SR-SP"";""DEL6"";""UOP03/SP""",
"262138;583693;2020-01-11;""sábado"";""14:45:00"";""GO"";40;21","5;""LUZIANIA"";""Sim"";""Desobediência às normas de trânsito pelo condutor"";1;""Colisão transversal"";""Com Vítimas Feridas"";""Pleno dia"";""Decrescente"";""Céu Claro"";""Múltipla"";""Reta"";""Sim"";467641;""Motocicleta"";""HONDA/VT600C SHADOW"";2001;""Passageiro"";""Lesões Leves"";33;""Feminino"";0;1;0;0;-16",218542;-47,"915731;""SR-DF"";""UOP01/DF"";"""""