"id;""pesid"";""data_inversa"";""dia_semana"";""horario"";""uf"";""br"";""km"";""municipio"";""causa_principal"";""causa_acidente"";""ordem_tipo_acidente"";""tipo_acidente"";""classificacao_acidente"";""fase_dia"";""sentido_via"";""condicao_metereologica"";""tipo_pista"";""tracado_via"";""uso_solo"";""id_veiculo"";""tipo_veiculo"";""marca"";""ano_fabricacao_veiculo"";""tipo_envolvido"";""estado_fisico"";""idade"";""sexo"";""ilesos"";""feridos_leves"";""feridos_graves"";""mortos"";""latitude"";""longitude"";""regional"";""delegacia"";""uop""",,,
"262138;583692;2020-01-11;""sábado"";""14:45:00"";""GO"";40;21","5;""LUZIANIA"";""Sim"";""Desobediência às normas de trânsito pelo condutor"";1;""Colisão transversal"";""Com Vítimas Feridas"";""Pleno dia"";""Decrescente"";""Céu Claro"";""Múltipla"";""Reta"";""Sim"";467641;""Motocicleta"";""HONDA/VT600C SHADOW"";2001;""Condutor"";""Lesões Leves"";27;""Masculino"";0;1;0;0;-16",218542;-47,"915731;""SR-DF"";""UOP01/DF"";"""""
"262138;583694;2020-01-11;""sábado"";""14:45:00"";""GO"";40;21","5;""LUZIANIA"";""Sim"";""Desobediência às normas de trânsito pelo condutor"";1;""Colisão transversal"";""Com Vítimas Feridas"";""Pleno dia"";""Decrescente"";""Céu Claro"";""Múltipla"";""Reta"";""Sim"";467640;""Automóvel"";""VW/GOL 1.0"";2011;""Condutor"";""Ileso"";43;""Masculino"";1;0;0;0;-16",218542;-47,"915731;""SR-DF"";""UOP01/DF"";"""""
"262139;583811;2020-01-11;""sábado"";""13:45:00"";""MG"";40;431","2;""PARAOPEBA"";""Não"";""Mal Súbito"";3;""Capotamento"";""Com Vítimas Feridas"";""Pleno dia"";""Decrescente"";""Sol"";""Dupla"";""Reta"";""Não"";467667;""Automóvel"";""VW/GOL SPECIAL"";2004;""Condutor"";""Lesões Graves"";57;""Masculino"";0;0;1;0;-19",20036;-44,"47603;""SR-MG"";""DEL4/2"";""UOP01/MG"""
"262139;583811;2020-01-11;""sábado"";""13:45:00"";""MG"";40;431","2;""PARAOPEBA"";""Não"";""Mal Súbito"";1;""Saída de leito carroçável"";""Com Vítimas Feridas"";""Pleno dia"";""Decrescente"";""Sol"";""Dupla"";""Reta"";""Não"";467667;""Automóvel"";""VW/GOL SPECIAL"";2004;""Condutor"";""Lesões Graves"";57;""Masculino"";0;0;1;0;-19",20036;-44,"47603;""SR-MG"";""DEL4/2"";""UOP01/MG"""
"262139;583811;2020-01-11;""sábado"";""13:45:00"";""MG"";40;431","2;""PARAOPEBA"";""Não"";""Mal Súbito"";2;""Colisão com objeto estático"";""Com Vítimas Feridas"";""Pleno dia"";""Decrescente"";""Sol"";""Dupla"";""Reta"";""Não"";467667;""Automóvel"";""VW/GOL SPECIAL"";2004;""Condutor"";""Lesões Graves"";57;""Masculino"";0;0;1;0;-19",20036;-44,"47603;""SR-MG"";""DEL4/2"";""UOP01/MG"""
"262139;583811;2020-01-11;""sábado"";""13:45:00"";""MG"";40;431","2;""PARAOPEBA"";""Sim"";""Condutor Dormindo"";3;""Capotamento"";""Com Vítimas Feridas"";""Pleno dia"";""Decrescente"";""Sol"";""Dupla"";""Reta"";""Não"";467667;""Automóvel"";""VW/GOL SPECIAL"";2004;""Condutor"";""Lesões Graves"";57;""Masculino"";0;0;1;0;-19",20036;-44,"47603;""SR-MG"";""DEL4/2"";""UOP01/MG"""
"262139;583811;2020-01-11;""sábado"";""13:45:00"";""MG"";40;431","2;""PARAOPEBA"";""Sim"";""Condutor Dormindo"";1;""Saída de leito carroçável"";""Com Vítimas Feridas"";""Pleno dia"";""Decrescente"";""Sol"";""Dupla"";""Reta"";""Não"";467667;""Automóvel"";""VW/GOL SPECIAL"";2004;""Condutor"";""Lesões Graves"";57;""Masculino"";0;0;1;0;-19",20036;-44,"47603;""SR-MG"";""DEL4/2"";""UOP01/MG"""
"262139;583811;2020-01-11;""sábado"";""13:45:00"";""MG"";40;431","2;""PARAOPEBA"";""Sim"";""Condutor Dormindo"";2;""Colisão com objeto estático"";""Com Vítimas Feridas"";""Pleno dia"";""Decrescente"";""Sol"";""Dupla"";""Reta"";""Não"";467667;""Automóvel"";""VW/GOL SPECIAL"";2004;""Condutor"";""Lesões Graves"";57;""Masculino"";0;0;1;0;-19",20036;-44,"47603;""SR-MG"";""DEL4/2"";""UOP01/MG"""
"262140;587392;2020-01-11;""sábado"";""14:40:00"";""PR"";476;153","9;""ARAUCARIA"";""Não"";""Falta de Atenção à Condução"";1;""Atropelamento de Pedestre"";""Com Vítimas Feridas"";""Pleno dia"";""Decrescente"";""Céu Claro"";""Dupla"";""Reta"";""Sim"";467643;""Automóvel"";""VW/NOVO FOX HL MD"";2014;""Pedestre"";""Ileso"";48;""Feminino"";1;0;0;0;-25",5816982;-49,"39812541;""SR-PR"";""DEL7/1"";""UOP04/PR"""
"262140;583696;2020-01-11;""sábado"";""14:40:00"";""PR"";476;153","9;""ARAUCARIA"";""Não"";""Falta de Atenção à Condução"";1;""Atropelamento de Pedestre"";""Com Vítimas Feridas"";""Pleno dia"";""Decrescente"";""Céu Claro"";""Dupla"";""Reta"";""Sim"";467643;""Automóvel"";""VW/NOVO FOX HL MD"";2014;""Pedestre"";""Lesões Graves"";63;""Masculino"";0;0;1;0;-25",5816982;-49,"39812541;""SR-PR"";""DEL7/1"";""UOP04/PR"""
"262140;583695;2020-01-11;""sábado"";""14:40:00"";""PR"";476;153","9;""ARAUCARIA"";""Não"";""Falta de Atenção à Condução"";1;""Atropelamento de Pedestre"";""Com Vítimas Feridas"";""Pleno dia"";""Decrescente"";""Céu Claro"";""Dupla"";""Reta"";""Sim"";467643;""Automóvel"";""VW/NOVO FOX HL MD"";2014;""Condutor"";""Ileso"";27;""Masculino"";1;0;0;0;-25",5816982;-49,"39812541;""SR-PR"";""DEL7/1"";""UOP04/PR"""
"262140;587392;2020-01-11;""sábado"";""14:40:00"";""PR"";476;153","9;""ARAUCARIA"";""Sim"";""Falta de Atenção do Pedestre"";1;""Atropelamento de Pedestre"";""Com Vítimas Feridas"";""Pleno dia"";""Decrescente"";""Céu Claro"";""Dupla"";""Reta"";""Sim"";467643;""Automóvel"";""VW/NOVO FOX HL MD"";2014;""Pedestre"";""Ileso"";48;""Feminino"";1;0;0;0;-25",5816982;-49,"39812541;""SR-PR"";""DEL7/1"";""UOP04/PR"""
"262140;583696;2020-01-11;""sábado"";""14:40:00"";""PR"";476;153","9;""ARAUCARIA"";""Sim"";""Falta de Atenção do Pedestre"";1;""Atropelamento de Pedestre"";""Com Vítimas Feridas"";""Pleno dia"";""Decrescente"";""Céu Claro"";""Dupla"";""Reta"";""Sim"";467643;""Automóvel"";""VW/NOVO FOX HL MD"";2014;""Pedestre"";""Lesões Graves"";63;""Masculino"";0;0;1;0;-25",5816982;-49,"39812541;""SR-PR"";""DEL7/1"";""UOP04/PR"""
"262140;583695;2020-01-11;""sábado"";""14:40:00"";""PR"";476;153","9;""ARAUCARIA"";""Sim"";""Falta de Atenção do Pedestre"";1;""Atropelamento de Pedestre"";""Com Vítimas Feridas"";""Pleno dia"";""Decrescente"";""Céu Claro"";""Dupla"";""Reta"";""Sim"";467643;""Automóvel"";""VW/NOVO FOX HL MD"";2014;""Condutor"";""Ileso"";27;""Masculino"";1;0;0;0;-25",5816982;-49,"39812541;""SR-PR"";""DEL7/1"";""UOP04/PR"""
"262142;583645;2020-01-11;""sábado"";""14:00:00"";""RJ"";101;309;""SAO GONCALO"";""Não"";""Falta de Atenção à Condução"";1;""Colisão traseira"";""Com Vítimas Feridas"";""Pleno dia"";""Decrescente"";""Céu Claro"";""Dupla"";""Reta"";""Sim"";467613;""Automóvel"";""FIAT/SIENA FIRE"";2003;""Condutor"";""Ileso"";57;""Masculino"";1;0;0;0;-22",79498873;-43,"03446105;""SR-RJ"";""DEL5/2"";""UOP01/RJ""",
"262142;583859;2020-01-11;""sábado"";""14:00:00"";""RJ"";101;309;""SAO GONCALO"";""Não"";""Falta de Atenção à Condução"";1;""Colisão traseira"";""Com Vítimas Feridas"";""Pleno dia"";""Decrescente"";""Céu Claro"";""Dupla"";""Reta"";""Sim"";467616;""Motocicleta"";""HONDA/CBX 250 TWISTER"";2002;""Condutor"";""Lesões Graves"";38;""Masculino"";0;0;1;0;-22",79498873;-43,"03446105;""SR-RJ"";""DEL5/2"";""UOP01/RJ""",
"262142;583645;2020-01-11;""sábado"";""14:00:00"";""RJ"";101;309;""SAO GONCALO"";""Sim"";""Não guardar distância de segurança"";1;""Colisão traseira"";""Com Vítimas Feridas"";""Pleno dia"";""Decrescente"";""Céu Claro"";""Dupla"";""Reta"";""Sim"";467613;""Automóvel"";""FIAT/SIENA FIRE"";2003;""Condutor"";""Ileso"";57;""Masculino"";1;0;0;0;-22",79498873;-43,"03446105;""SR-RJ"";""DEL5/2"";""UOP01/RJ""",
"262142;583859;2020-01-11;""sábado"";""14:00:00"";""RJ"";101;309;""SAO GONCALO"";""Sim"";""Não guardar distância de segurança"";1;""Colisão traseira"";""Com Vítimas Feridas"";""Pleno dia"";""Decrescente"";""Céu Claro"";""Dupla"";""Reta"";""Sim"";467616;""Motocicleta"";""HONDA/CBX 250 TWISTER"";2002;""Condutor"";""Lesões Graves"";38;""Masculino"";0;0;1;0;-22",79498873;-43,"03446105;""SR-RJ"";""DEL5/2"";""UOP01/RJ""",
"262143;NA;2020-01-11;""sábado"";""13:00:00"";""MA"";226;567","6;""PORTO FRANCO"";""Sim"";""Defeito na Via"";1;""Colisão lateral"";""Com Vítimas Fatais"";""Pleno dia"";""Crescente"";""Céu Claro"";""Simples"";""Reta"";""Não"";467885;""Semireboque"";""SR/NOMA SR2E18RT2 CG"";2004;""Não Informado"";""Não Informado"";NA;""Não Informado"";0;0;0;0;-6",32865709;-47,"35318891;""SR-MA"";""DEL18/4"";""UOP02/MA"""
"262143;NA;2020-01-11;""sábado"";""13:00:00"";""MA"";226;567","6;""PORTO FRANCO"";""Sim"";""Defeito na Via"";1;""Colisão lateral"";""Com Vítimas Fatais"";""Pleno dia"";""Crescente"";""Céu Claro"";""Simples"";""Reta"";""Não"";467884;""Semireboque"";""SR/NOMA SR2E18RT1 CG"";2004;""Não Informado"";""Não Informado"";NA;""Não Informado"";0;0;0;0;-6",32865709;-47,"35318891;""SR-MA"";""DEL18/4"";""UOP02/MA"""
"262143;583840;2020-01-11;""sábado"";""13:00:00"";""MA"";226;567","6;""PORTO FRANCO"";""Sim"";""Defeito na Via"";1;""Colisão lateral"";""Com Vítimas Fatais"";""Pleno dia"";""Crescente"";""Céu Claro"";""Simples"";""Reta"";""Não"";467754;""Automóvel"";""NISSAN/KICKS SV CVT"";2018;""Condutor"";""Óbito"";43;""Feminino"";0;0;0;1;-6",32865709;-47,"35318891;""SR-MA"";""DEL18/4"";""UOP02/MA"""
"262143;583842;2020-01-11;""sábado"";""13:00:00"";""MA"";226;567","6;""PORTO FRANCO"";""Sim"";""Defeito na Via"";1;""Colisão lateral"";""Com Vítimas Fatais"";""Pleno dia"";""Crescente"";""Céu Claro"";""Simples"";""Reta"";""Não"";467755;""Caminhão-trator"";""VOLVO/FH12 420 6X4T"";2004;""Condutor"";""Ileso"";40;""Masculino"";1;0;0;0;-6",32865709;-47,"35318891;""SR-MA"";""DEL18/4"";""UOP02/MA"""
"262146;583763;2020-01-11;""sábado"";""14:00:00"";""ES"";101;269","5;""SERRA"";""Sim"";""Desobediência às normas de trânsito pelo condutor"";3;""Queda de ocupante de veículo"";""Com Vítimas Feridas"";""Pleno dia"";""Decrescente"";""Céu Claro"";""Múltipla"";""Interseção de vias"";""Sim"";467665;""Automóvel"";""TOYOTA/ETIOS HB XPLUS AT"";2019;""Passageiro"";""Ileso"";57;""Feminino"";1;0;0;0;-20",21740496;-40,"26990578;""SR-ES"";""DEL12/2"";""UOP01/ES"""
"262146;583761;2020-01-11;""sábado"";""14:00:00"";""ES"";101;269","5;""SERRA"";""Sim"";""Desobediência às normas de trânsito pelo condutor"";3;""Queda de ocupante de veículo"";""Com Vítimas Feridas"";""Pleno dia"";""Decrescente"";""Céu Claro"";""Múltipla"";""Interseção de vias"";""Sim"";467665;""Automóvel"";""TOYOTA/ETIOS HB XPLUS AT"";2019;""Condutor"";""Ileso"";55;""Masculino"";1;0;0;0;-20",21740496;-40,"26990578;""SR-ES"";""DEL12/2"";""UOP01/ES"""
"262146;583760;2020-01-11;""sábado"";""14:00:00"";""ES"";101;269","5;""SERRA"";""Sim"";""Desobediência às normas de trânsito pelo condutor"";3;""Queda de ocupante de veículo"";""Com Vítimas Feridas"";""Pleno dia"";""Decrescente"";""Céu Claro"";""Múltipla"";""Interseção de vias"";""Sim"";467664;""Motocicleta"";""HONDA/CG 150 FAN ESI"";2011;""Condutor"";""Ileso"";28;""Masculino"";1;0;0;0;-20",21740496;-40,"26990578;""SR-ES"";""DEL12/2"";""UOP01/ES"""
"262146;583759;2020-01-11;""sábado"";""14:00:00"";""ES"";101;269","5;""SERRA"";""Sim"";""Desobediência às normas de trânsito pelo condutor"";3;""Queda de ocupante de veículo"";""Com Vítimas Feridas"";""Pleno dia"";""Decrescente"";""Céu Claro"";""Múltipla"";""Interseção de vias"";""Sim"";467663;""Motocicleta"";""HONDA/CBX 250 TWISTER"";2008;""Passageiro"";""Lesões Leves"";28;""Feminino"";0;1;0;0;-20",21740496;-40,"26990578;""SR-ES"";""DEL12/2"";""UOP01/ES"""
"262146;583757;2020-01-11;""sábado"";""14:00:00"";""ES"";101;269","5;""SERRA"";""Sim"";""Desobediência às normas de trânsito pelo condutor"";3;""Queda de ocupante de veículo"";""Com Vítimas Feridas"";""Pleno dia"";""Decrescente"";""Céu Claro"";""Múltipla"";""Interseção de vias"";""Sim"";467663;""Motocicleta"";""HONDA/CBX 250 TWISTER"";2008;""Condutor"";""Lesões Leves"";34;""Masculino"";0;1;0;0;-20",21740496;-40,"26990578;""SR-ES"";""DEL12/2"";""UOP01/ES"""
"262146;583756;2020-01-11;""sábado"";""14:00:00"";""ES"";101;269","5;""SERRA"";""Sim"";""Desobediência às normas de trânsito pelo condutor"";3;""Queda de ocupante de veículo"";""Com Vítimas Feridas"";""Pleno dia"";""Decrescente"";""Céu Claro"";""Múltipla"";""Interseção de vias"";""Sim"";467662;""Automóvel"";""VW/FOX 1.0 GII"";2011;""Passageiro"";""Ileso"";20;""Feminino"";1;0;0;0;-20",21740496;-40,"26990578;""SR-ES"";""DEL12/2"";""UOP01/ES"""
"262146;583753;2020-01-11;""sábado"";""14:00:00"";""ES"";101;269","5;""SERRA"";""Sim"";""Desobediência às normas de trânsito pelo condutor"";3;""Queda de ocupante de veículo"";""Com Vítimas Feridas"";""Pleno dia"";""Decrescente"";""Céu Claro"";""Múltipla"";""Interseção de vias"";""Sim"";467662;""Automóvel"";""VW/FOX 1.0 GII"";2011;""Passageiro"";""Ileso"";22;""Masculino"";1;0;0;0;-20",21740496;-40,"26990578;""SR-ES"";""DEL12/2"";""UOP01/ES"""
"262146;583751;2020-01-11;""sábado"";""14:00:00"";""ES"";101;269","5;""SERRA"";""Sim"";""Desobediência às normas de trânsito pelo condutor"";3;""Queda de ocupante de veículo"";""Com Vítimas Feridas"";""Pleno dia"";""Decrescente"";""Céu Claro"";""Múltipla"";""Interseção de vias"";""Sim"";467662;""Automóvel"";""VW/FOX 1.0 GII"";2011;""Condutor"";""Ileso"";42;""Feminino"";1;0;0;0;-20",21740496;-40,"26990578;""SR-ES"";""DEL12/2"";""UOP01/ES"""
"262146;583763;2020-01-11;""sábado"";""14:00:00"";""ES"";101;269","5;""SERRA"";""Sim"";""Desobediência às normas de trânsito pelo condutor"";2;""Tombamento"";""Com Vítimas Feridas"";""Pleno dia"";""Decrescente"";""Céu Claro"";""Múltipla"";""Interseção de vias"";""Sim"";467665;""Automóvel"";""TOYOTA/ETIOS HB XPLUS AT"";2019;""Passageiro"";""Ileso"";57;""Feminino"";1;0;0;0;-20",21740496;-40,"26990578;""SR-ES"";""DEL12/2"";""UOP01/ES"""
"262146;583761;2020-01-11;""sábado"";""14:00:00"";""ES"";101;269","5;""SERRA"";""Sim"";""Desobediência às normas de trânsito pelo condutor"";2;""Tombamento"";""Com Vítimas Feridas"";""Pleno dia"";""Decrescente"";""Céu Claro"";""Múltipla"";""Interseção de vias"";""Sim"";467665;""Automóvel"";""TOYOTA/ETIOS HB XPLUS AT"";2019;""Condutor"";""Ileso"";55;""Masculino"";1;0;0;0;-20",21740496;-40,"26990578;""SR-ES"";""DEL12/2"";""UOP01/ES"""
"262146;583760;2020-01-11;""sábado"";""14:00:00"";""ES"";101;269","5;""SERRA"";""Sim"";""Desobediência às normas de trânsito pelo condutor"";2;""Tombamento"";""Com Vítimas Feridas"";""Pleno dia"";""Decrescente"";""Céu Claro"";""Múltipla"";""Interseção de vias"";""Sim"";467664;""Motocicleta"";""HONDA/CG 150 FAN ESI"";2011;""Condutor"";""Ileso"";28;""Masculino"";1;0;0;0;-20",21740496;-40,"26990578;""SR-ES"";""DEL12/2"";""UOP01/ES"""
"262146;583759;2020-01-11;""sábado"";""14:00:00"";""ES"";101;269","5;""SERRA"";""Sim"";""Desobediência às normas de trânsito pelo condutor"";2;""Tombamento"";""Com Vítimas Feridas"";""Pleno dia"";""Decrescente"";""Céu Claro"";""Múltipla"";""Interseção de vias"";""Sim"";467663;""Motocicleta"";""HONDA/CBX 250 TWISTER"";2008;""Passageiro"";""Lesões Leves"";28;""Feminino"";0;1;0;0;-20",21740496;-40,"26990578;""SR-ES"";""DEL12/2"";""UOP01/ES"""
"262146;583757;2020-01-11;""sábado"";""14:00:00"";""ES"";101;269","5;""SERRA"";""Sim"";""Desobediência às normas de trânsito pelo condutor"";2;""Tombamento"";""Com Vítimas Feridas"";""Pleno dia"";""Decrescente"";""Céu Claro"";""Múltipla"";""Interseção de vias"";""Sim"";467663;""Motocicleta"";""HONDA/CBX 250 TWISTER"";2008;""Condutor"";""Lesões Leves"";34;""Masculino"";0;1;0;0;-20",21740496;-40,"26990578;""SR-ES"";""DEL12/2"";""UOP01/ES"""
"262146;583756;2020-01-11;""sábado"";""14:00:00"";""ES"";101;269","5;""SERRA"";""Sim"";""Desobediência às normas de trânsito pelo condutor"";2;""Tombamento"";""Com Vítimas Feridas"";""Pleno dia"";""Decrescente"";""Céu Claro"";""Múltipla"";""Interseção de vias"";""Sim"";467662;""Automóvel"";""VW/FOX 1.0 GII"";2011;""Passageiro"";""Ileso"";20;""Feminino"";1;0;0;0;-20",21740496;-40,"26990578;""SR-ES"";""DEL12/2"";""UOP01/ES"""
"262146;583753;2020-01-11;""sábado"";""14:00:00"";""ES"";101;269","5;""SERRA"";""Sim"";""Desobediência às normas de trânsito pelo condutor"";2;""Tombamento"";""Com Vítimas Feridas"";""Pleno dia"";""Decrescente"";""Céu Claro"";""Múltipla"";""Interseção de vias"";""Sim"";467662;""Automóvel"";""VW/FOX 1.0 GII"";2011;""Passageiro"";""Ileso"";22;""Masculino"";1;0;0;0;-20",21740496;-40,"26990578;""SR-ES"";""DEL12/2"";""UOP01/ES"""
"262146;583751;2020-01-11;""sábado"";""14:00:00"";""ES"";101;269","5;""SERRA"";""Sim"";""Desobediência às normas de trânsito pelo condutor"";2;""Tombamento"";""Com Vítimas Feridas"";""Pleno dia"";""Decrescente"";""Céu Claro"";""Múltipla"";""Interseção de vias"";""Sim"";467662;""Automóvel"";""VW/FOX 1.0 GII"";2011;""Condutor"";""Ileso"";42;""Feminino"";1;0;0;0;-20",21740496;-40,"26990578;""SR-ES"";""DEL12/2"";""UOP01/ES"""
"262146;583763;2020-01-11;""sábado"";""14:00:00"";""ES"";101;269","5;""SERRA"";""Sim"";""Desobediência às normas de trânsito pelo condutor"";1;""Colisão transversal"";""Com Vítimas Feridas"";""Pleno dia"";""Decrescente"";""Céu Claro"";""Múltipla"";""Interseção de vias"";""Sim"";467665;""Automóvel"";""TOYOTA/ETIOS HB XPLUS AT"";2019;""Passageiro"";""Ileso"";57;""Feminino"";1;0;0;0;-20",21740496;-40,"26990578;""SR-ES"";""DEL12/2"";""UOP01/ES"""
"262146;583761;2020-01-11;""sábado"";""14:00:00"";""ES"";101;269","5;""SERRA"";""Sim"";""Desobediência às normas de trânsito pelo condutor"";1;""Colisão transversal"";""Com Vítimas Feridas"";""Pleno dia"";""Decrescente"";""Céu Claro"";""Múltipla"";""Interseção de vias"";""Sim"";467665;""Automóvel"";""TOYOTA/ETIOS HB XPLUS AT"";2019;""Condutor"";""Ileso"";55;""Masculino"";1;0;0;0;-20",21740496;-40,"26990578;""SR-ES"";""DEL12/2"";""UOP01/ES"""
"262146;583760;2020-01-11;""sábado"";""14:00:00"";""ES"";101;269","5;""SERRA"";""Sim"";""Desobediência às normas de trânsito pelo condutor"";1;""Colisão transversal"";""Com Vítimas Feridas"";""Pleno dia"";""Decrescente"";""Céu Claro"";""Múltipla"";""Interseção de vias"";""Sim"";467664;""Motocicleta"";""HONDA/CG 150 FAN ESI"";2011;""Condutor"";""Ileso"";28;""Masculino"";1;0;0;0;-20",21740496;-40,"26990578;""SR-ES"";""DEL12/2"";""UOP01/ES"""
"262146;583759;2020-01-11;""sábado"";""14:00:00"";""ES"";101;269","5;""SERRA"";""Sim"";""Desobediência às normas de trânsito pelo condutor"";1;""Colisão transversal"";""Com Vítimas Feridas"";""Pleno dia"";""Decrescente"";""Céu Claro"";""Múltipla"";""Interseção de vias"";""Sim"";467663;""Motocicleta"";""HONDA/CBX 250 TWISTER"";2008;""Passageiro"";""Lesões Leves"";28;""Feminino"";0;1;0;0;-20",21740496;-40,"26990578;""SR-ES"";""DEL12/2"";""UOP01/ES"""
"262146;583757;2020-01-11;""sábado"";""14:00:00"";""ES"";101;269","5;""SERRA"";""Sim"";""Desobediência às normas de trânsito pelo condutor"";1;""Colisão transversal"";""Com Vítimas Feridas"";""Pleno dia"";""Decrescente"";""Céu Claro"";""Múltipla"";""Interseção de vias"";""Sim"";467663;""Motocicleta"";""HONDA/CBX 250 TWISTER"";2008;""Condutor"";""Lesões Leves"";34;""Masculino"";0;1;0;0;-20",21740496;-40,"26990578;""SR-ES"";""DEL12/2"";""UOP01/ES"""
"262146;583756;2020-01-11;""sábado"";""14:00:00"";""ES"";101;269","5;""SERRA"";""Sim"";""Desobediência às normas de trânsito pelo condutor"";1;""Colisão transversal"";""Com Vítimas Feridas"";""Pleno dia"";""Decrescente"";""Céu Claro"";""Múltipla"";""Interseção de vias"";""Sim"";467662;""Automóvel"";""VW/FOX 1.0 GII"";2011;""Passageiro"";""Ileso"";20;""Feminino"";1;0;0;0;-20",21740496;-40,"26990578;""SR-ES"";""DEL12/2"";""UOP01/ES"""
"262146;583753;2020-01-11;""sábado"";""14:00:00"";""ES"";101;269","5;""SERRA"";""Sim"";""Desobediência às normas de trânsito pelo condutor"";1;""Colisão transversal"";""Com Vítimas Feridas"";""Pleno dia"";""Decrescente"";""Céu Claro"";""Múltipla"";""Interseção de vias"";""Sim"";467662;""Automóvel"";""VW/FOX 1.0 GII"";2011;""Passageiro"";""Ileso"";22;""Masculino"";1;0;0;0;-20",21740496;-40,"26990578;""SR-ES"";""DEL12/2"";""UOP01/ES"""
"262146;583751;2020-01-11;""sábado"";""14:00:00"";""ES"";101;269","5;""SERRA"";""Sim"";""Desobediência às normas de trânsito pelo condutor"";1;""Colisão transversal"";""Com Vítimas Feridas"";""Pleno dia"";""Decrescente"";""Céu Claro"";""Múltipla"";""Interseção de vias"";""Sim"";467662;""Automóvel"";""VW/FOX 1.0 GII"";2011;""Condutor"";""Ileso"";42;""Feminino"";1;0;0;0;-20",21740496;-40,"26990578;""SR-ES"";""DEL12/2"";""UOP01/ES"""
"262146;583763;2020-01-11;""sábado"";""14:00:00"";""ES"";101;269","5;""SERRA"";""Não"";""Falta de Atenção à Condução"";3;""Queda de ocupante de veículo"";""Com Vítimas Feridas"";""Pleno dia"";""Decrescente"";""Céu Claro"";""Múltipla"";""Interseção de vias"";""Sim"";467665;""Automóvel"";""TOYOTA/ETIOS HB XPLUS AT"";2019;""Passageiro"";""Ileso"";57;""Feminino"";1;0;0;0;-20",21740496;-40,"26990578;""SR-ES"";""DEL12/2"";""UOP01/ES"""
"262146;583761;2020-01-11;""sábado"";""14:00:00"";""ES"";101;269","5;""SERRA"";""Não"";""Falta de Atenção à Condução"";3;""Queda de ocupante de veículo"";""Com Vítimas Feridas"";""Pleno dia"";""Decrescente"";""Céu Claro"";""Múltipla"";""Interseção de vias"";""Sim"";467665;""Automóvel"";""TOYOTA/ETIOS HB XPLUS AT"";2019;""Condutor"";""Ileso"";55;""Masculino"";1;0;0;0;-20",21740496;-40,"26990578;""SR-ES"";""DEL12/2"";""UOP01/ES"""
"262146;583760;2020-01-11;""sábado"";""14:00:00"";""ES"";101;269","5;""SERRA"";""Não"";""Falta de Atenção à Condução"";3;""Queda de ocupante de veículo"";""Com Vítimas Feridas"";""Pleno dia"";""Decrescente"";""Céu Claro"";""Múltipla"";""Interseção de vias"";""Sim"";467664;""Motocicleta"";""HONDA/CG 150 FAN ESI"";2011;""Condutor"";""Ileso"";28;""Masculino"";1;0;0;0;-20",21740496;-40,"26990578;""SR-ES"";""DEL12/2"";""UOP01/ES"""
"262146;583759;2020-01-11;""sábado"";""14:00:00"";""ES"";101;269","5;""SERRA"";""Não"";""Falta de Atenção à Condução"";3;""Queda de ocupante de veículo"";""Com Vítimas Feridas"";""Pleno dia"";""Decrescente"";""Céu Claro"";""Múltipla"";""Interseção de vias"";""Sim"";467663;""Motocicleta"";""HONDA/CBX 250 TWISTER"";2008;""Passageiro"";""Lesões Leves"";28;""Feminino"";0;1;0;0;-20",21740496;-40,"26990578;""SR-ES"";""DEL12/2"";""UOP01/ES"""
"262146;583757;2020-01-11;""sábado"";""14:00:00"";""ES"";101;269","5;""SERRA"";""Não"";""Falta de Atenção à Condução"";3;""Queda de ocupante de veículo"";""Com Vítimas Feridas"";""Pleno dia"";""Decrescente"";""Céu Claro"";""Múltipla"";""Interseção de vias"";""Sim"";467663;""Motocicleta"";""HONDA/CBX 250 TWISTER"";2008;""Condutor"";""Lesões Leves"";34;""Masculino"";0;1;0;0;-20",21740496;-40,"26990578;""SR-ES"";""DEL12/2"";""UOP01/ES"""
"262146;583756;2020-01-11;""sábado"";""14:00:00"";""ES"";101;269","5;""SERRA"";""Não"";""Falta de Atenção à Condução"";3;""Queda de ocupante de veículo"";""Com Vítimas Feridas"";""Pleno dia"";""Decrescente"";""Céu Claro"";""Múltipla"";""Interseção de vias"";""Sim"";467662;""Automóvel"";""VW/FOX 1.0 GII"";2011;""Passageiro"";""Ileso"";20;""Feminino"";1;0;0;0;-20",21740496;-40,"26990578;""SR-ES"";""DEL12/2"";""UOP01/ES"""
"262146;583753;2020-01-11;""sábado"";""14:00:00"";""ES"";101;269","5;""SERRA"";""Não"";""Falta de Atenção à Condução"";3;""Queda de ocupante de veículo"";""Com Vítimas Feridas"";""Pleno dia"";""Decrescente"";""Céu Claro"";""Múltipla"";""Interseção de vias"";""Sim"";467662;""Automóvel"";""VW/FOX 1.0 GII"";2011;""Passageiro"";""Ileso"";22;""Masculino"";1;0;0;0;-20",21740496;-40,"26990578;""SR-ES"";""DEL12/2"";""UOP01/ES"""