"id;""pesid"";""data_inversa"";""dia_semana"";""horario"";""uf"";""br"";""km"";""municipio"";""causa_principal"";""causa_acidente"";""ordem_tipo_acidente"";""tipo_acidente"";""classificacao_acidente"";""fase_dia"";""sentido_via"";""condicao_metereologica"";""tipo_pista"";""tracado_via"";""uso_solo"";""id_veiculo"";""tipo_veiculo"";""marca"";""ano_fabricacao_veiculo"";""tipo_envolvido"";""estado_fisico"";""idade"";""sexo"";""ilesos"";""feridos_leves"";""feridos_graves"";""mortos"";""latitude"";""longitude"";""regional"";""delegacia"";""uop""",,,
"262146;583751;2020-01-11;""sábado"";""14:00:00"";""ES"";101;269","5;""SERRA"";""Não"";""Falta de Atenção à Condução"";3;""Queda de ocupante de veículo"";""Com Vítimas Feridas"";""Pleno dia"";""Decrescente"";""Céu Claro"";""Múltipla"";""Interseção de vias"";""Sim"";467662;""Automóvel"";""VW/FOX 1.0 GII"";2011;""Condutor"";""Ileso"";42;""Feminino"";1;0;0;0;-20",21740496;-40,"26990578;""SR-ES"";""DEL12/2"";""UOP01/ES"""
"262146;583763;2020-01-11;""sábado"";""14:00:00"";""ES"";101;269","5;""SERRA"";""Não"";""Falta de Atenção à Condução"";2;""Tombamento"";""Com Vítimas Feridas"";""Pleno dia"";""Decrescente"";""Céu Claro"";""Múltipla"";""Interseção de vias"";""Sim"";467665;""Automóvel"";""TOYOTA/ETIOS HB XPLUS AT"";2019;""Passageiro"";""Ileso"";57;""Feminino"";1;0;0;0;-20",21740496;-40,"26990578;""SR-ES"";""DEL12/2"";""UOP01/ES"""
"262146;583761;2020-01-11;""sábado"";""14:00:00"";""ES"";101;269","5;""SERRA"";""Não"";""Falta de Atenção à Condução"";2;""Tombamento"";""Com Vítimas Feridas"";""Pleno dia"";""Decrescente"";""Céu Claro"";""Múltipla"";""Interseção de vias"";""Sim"";467665;""Automóvel"";""TOYOTA/ETIOS HB XPLUS AT"";2019;""Condutor"";""Ileso"";55;""Masculino"";1;0;0;0;-20",21740496;-40,"26990578;""SR-ES"";""DEL12/2"";""UOP01/ES"""
"262146;583760;2020-01-11;""sábado"";""14:00:00"";""ES"";101;269","5;""SERRA"";""Não"";""Falta de Atenção à Condução"";2;""Tombamento"";""Com Vítimas Feridas"";""Pleno dia"";""Decrescente"";""Céu Claro"";""Múltipla"";""Interseção de vias"";""Sim"";467664;""Motocicleta"";""HONDA/CG 150 FAN ESI"";2011;""Condutor"";""Ileso"";28;""Masculino"";1;0;0;0;-20",21740496;-40,"26990578;""SR-ES"";""DEL12/2"";""UOP01/ES"""
"262146;583759;2020-01-11;""sábado"";""14:00:00"";""ES"";101;269","5;""SERRA"";""Não"";""Falta de Atenção à Condução"";2;""Tombamento"";""Com Vítimas Feridas"";""Pleno dia"";""Decrescente"";""Céu Claro"";""Múltipla"";""Interseção de vias"";""Sim"";467663;""Motocicleta"";""HONDA/CBX 250 TWISTER"";2008;""Passageiro"";""Lesões Leves"";28;""Feminino"";0;1;0;0;-20",21740496;-40,"26990578;""SR-ES"";""DEL12/2"";""UOP01/ES"""
"262146;583757;2020-01-11;""sábado"";""14:00:00"";""ES"";101;269","5;""SERRA"";""Não"";""Falta de Atenção à Condução"";2;""Tombamento"";""Com Vítimas Feridas"";""Pleno dia"";""Decrescente"";""Céu Claro"";""Múltipla"";""Interseção de vias"";""Sim"";467663;""Motocicleta"";""HONDA/CBX 250 TWISTER"";2008;""Condutor"";""Lesões Leves"";34;""Masculino"";0;1;0;0;-20",21740496;-40,"26990578;""SR-ES"";""DEL12/2"";""UOP01/ES"""
"262146;583756;2020-01-11;""sábado"";""14:00:00"";""ES"";101;269","5;""SERRA"";""Não"";""Falta de Atenção à Condução"";2;""Tombamento"";""Com Vítimas Feridas"";""Pleno dia"";""Decrescente"";""Céu Claro"";""Múltipla"";""Interseção de vias"";""Sim"";467662;""Automóvel"";""VW/FOX 1.0 GII"";2011;""Passageiro"";""Ileso"";20;""Feminino"";1;0;0;0;-20",21740496;-40,"26990578;""SR-ES"";""DEL12/2"";""UOP01/ES"""
"262146;583753;2020-01-11;""sábado"";""14:00:00"";""ES"";101;269","5;""SERRA"";""Não"";""Falta de Atenção à Condução"";2;""Tombamento"";""Com Vítimas Feridas"";""Pleno dia"";""Decrescente"";""Céu Claro"";""Múltipla"";""Interseção de vias"";""Sim"";467662;""Automóvel"";""VW/FOX 1.0 GII"";2011;""Passageiro"";""Ileso"";22;""Masculino"";1;0;0;0;-20",21740496;-40,"26990578;""SR-ES"";""DEL12/2"";""UOP01/ES"""
"262146;583751;2020-01-11;""sábado"";""14:00:00"";""ES"";101;269","5;""SERRA"";""Não"";""Falta de Atenção à Condução"";2;""Tombamento"";""Com Vítimas Feridas"";""Pleno dia"";""Decrescente"";""Céu Claro"";""Múltipla"";""Interseção de vias"";""Sim"";467662;""Automóvel"";""VW/FOX 1.0 GII"";2011;""Condutor"";""Ileso"";42;""Feminino"";1;0;0;0;-20",21740496;-40,"26990578;""SR-ES"";""DEL12/2"";""UOP01/ES"""
"262146;583763;2020-01-11;""sábado"";""14:00:00"";""ES"";101;269","5;""SERRA"";""Não"";""Falta de Atenção à Condução"";1;""Colisão transversal"";""Com Vítimas Feridas"";""Pleno dia"";""Decrescente"";""Céu Claro"";""Múltipla"";""Interseção de vias"";""Sim"";467665;""Automóvel"";""TOYOTA/ETIOS HB XPLUS AT"";2019;""Passageiro"";""Ileso"";57;""Feminino"";1;0;0;0;-20",21740496;-40,"26990578;""SR-ES"";""DEL12/2"";""UOP01/ES"""
"262146;583761;2020-01-11;""sábado"";""14:00:00"";""ES"";101;269","5;""SERRA"";""Não"";""Falta de Atenção à Condução"";1;""Colisão transversal"";""Com Vítimas Feridas"";""Pleno dia"";""Decrescente"";""Céu Claro"";""Múltipla"";""Interseção de vias"";""Sim"";467665;""Automóvel"";""TOYOTA/ETIOS HB XPLUS AT"";2019;""Condutor"";""Ileso"";55;""Masculino"";1;0;0;0;-20",21740496;-40,"26990578;""SR-ES"";""DEL12/2"";""UOP01/ES"""
"262146;583760;2020-01-11;""sábado"";""14:00:00"";""ES"";101;269","5;""SERRA"";""Não"";""Falta de Atenção à Condução"";1;""Colisão transversal"";""Com Vítimas Feridas"";""Pleno dia"";""Decrescente"";""Céu Claro"";""Múltipla"";""Interseção de vias"";""Sim"";467664;""Motocicleta"";""HONDA/CG 150 FAN ESI"";2011;""Condutor"";""Ileso"";28;""Masculino"";1;0;0;0;-20",21740496;-40,"26990578;""SR-ES"";""DEL12/2"";""UOP01/ES"""
"262146;583759;2020-01-11;""sábado"";""14:00:00"";""ES"";101;269","5;""SERRA"";""Não"";""Falta de Atenção à Condução"";1;""Colisão transversal"";""Com Vítimas Feridas"";""Pleno dia"";""Decrescente"";""Céu Claro"";""Múltipla"";""Interseção de vias"";""Sim"";467663;""Motocicleta"";""HONDA/CBX 250 TWISTER"";2008;""Passageiro"";""Lesões Leves"";28;""Feminino"";0;1;0;0;-20",21740496;-40,"26990578;""SR-ES"";""DEL12/2"";""UOP01/ES"""
"262146;583757;2020-01-11;""sábado"";""14:00:00"";""ES"";101;269","5;""SERRA"";""Não"";""Falta de Atenção à Condução"";1;""Colisão transversal"";""Com Vítimas Feridas"";""Pleno dia"";""Decrescente"";""Céu Claro"";""Múltipla"";""Interseção de vias"";""Sim"";467663;""Motocicleta"";""HONDA/CBX 250 TWISTER"";2008;""Condutor"";""Lesões Leves"";34;""Masculino"";0;1;0;0;-20",21740496;-40,"26990578;""SR-ES"";""DEL12/2"";""UOP01/ES"""
"262146;583756;2020-01-11;""sábado"";""14:00:00"";""ES"";101;269","5;""SERRA"";""Não"";""Falta de Atenção à Condução"";1;""Colisão transversal"";""Com Vítimas Feridas"";""Pleno dia"";""Decrescente"";""Céu Claro"";""Múltipla"";""Interseção de vias"";""Sim"";467662;""Automóvel"";""VW/FOX 1.0 GII"";2011;""Passageiro"";""Ileso"";20;""Feminino"";1;0;0;0;-20",21740496;-40,"26990578;""SR-ES"";""DEL12/2"";""UOP01/ES"""
"262146;583753;2020-01-11;""sábado"";""14:00:00"";""ES"";101;269","5;""SERRA"";""Não"";""Falta de Atenção à Condução"";1;""Colisão transversal"";""Com Vítimas Feridas"";""Pleno dia"";""Decrescente"";""Céu Claro"";""Múltipla"";""Interseção de vias"";""Sim"";467662;""Automóvel"";""VW/FOX 1.0 GII"";2011;""Passageiro"";""Ileso"";22;""Masculino"";1;0;0;0;-20",21740496;-40,"26990578;""SR-ES"";""DEL12/2"";""UOP01/ES"""
"262146;583751;2020-01-11;""sábado"";""14:00:00"";""ES"";101;269","5;""SERRA"";""Não"";""Falta de Atenção à Condução"";1;""Colisão transversal"";""Com Vítimas Feridas"";""Pleno dia"";""Decrescente"";""Céu Claro"";""Múltipla"";""Interseção de vias"";""Sim"";467662;""Automóvel"";""VW/FOX 1.0 GII"";2011;""Condutor"";""Ileso"";42;""Feminino"";1;0;0;0;-20",21740496;-40,"26990578;""SR-ES"";""DEL12/2"";""UOP01/ES"""
"262147;585661;2020-01-11;""sábado"";""14:00:00"";""ES"";101;288;""CARIACICA"";""Sim"";""Falta de Atenção à Condução"";1;""Saída de leito carroçável"";""Com Vítimas Feridas"";""Pleno dia"";""Crescente"";""Céu Claro"";""Dupla"";""Reta"";""Sim"";467795;""Camioneta"";""FORD/ECOSPORT FSL1.6FLEX"";2011;""Condutor"";""Lesões Leves"";46;""Masculino"";0;1;0;0;-20",27160351;-40,"39091743;""SR-ES"";""DEL12/1"";""UOP01/ES""",
"262149;583794;2020-01-11;""sábado"";""15:15:00"";""PR"";369;142;""IBIPORA"";""Sim"";""Ingestão de Álcool"";1;""Colisão frontal"";""Com Vítimas Feridas"";""Pleno dia"";""Crescente"";""Nublado"";""Simples"";""Reta"";""Sim"";467649;""Camioneta"";""JEEP/RENEGADE SPORT AT"";2015;""Testemunha"";""Não Informado"";NA;""Não Informado"";0;0;0;0;-23",29061232;-51,"08513251;""SR-PR"";""DEL7/7"";""UOP01/PR""",
"262149;583710;2020-01-11;""sábado"";""15:15:00"";""PR"";369;142;""IBIPORA"";""Sim"";""Ingestão de Álcool"";1;""Colisão frontal"";""Com Vítimas Feridas"";""Pleno dia"";""Crescente"";""Nublado"";""Simples"";""Reta"";""Sim"";467649;""Camioneta"";""JEEP/RENEGADE SPORT AT"";2015;""Condutor"";""Ileso"";30;""Feminino"";1;0;0;0;-23",29061232;-51,"08513251;""SR-PR"";""DEL7/7"";""UOP01/PR""",
"262149;583794;2020-01-11;""sábado"";""15:15:00"";""PR"";369;142;""IBIPORA"";""Sim"";""Ingestão de Álcool"";1;""Colisão frontal"";""Com Vítimas Feridas"";""Pleno dia"";""Crescente"";""Nublado"";""Simples"";""Reta"";""Sim"";467648;""Automóvel"";""GM/CELTA 5 PORTAS SUPER"";2002;""Testemunha"";""Não Informado"";NA;""Não Informado"";0;0;0;0;-23",29061232;-51,"08513251;""SR-PR"";""DEL7/7"";""UOP01/PR""",
"262149;583709;2020-01-11;""sábado"";""15:15:00"";""PR"";369;142;""IBIPORA"";""Sim"";""Ingestão de Álcool"";1;""Colisão frontal"";""Com Vítimas Feridas"";""Pleno dia"";""Crescente"";""Nublado"";""Simples"";""Reta"";""Sim"";467648;""Automóvel"";""GM/CELTA 5 PORTAS SUPER"";2002;""Condutor"";""Lesões Graves"";33;""Feminino"";0;0;1;0;-23",29061232;-51,"08513251;""SR-PR"";""DEL7/7"";""UOP01/PR""",
"262150;583976;2020-01-11;""sábado"";""11:30:00"";""RJ"";40;119;""DUQUE DE CAXIAS"";""Sim"";""Ingestão de álcool e/ou substâncias psicoativas pelo pedestre"";1;""Atropelamento de Pedestre"";""Com Vítimas Feridas"";""Pleno dia"";""Crescente"";""Sol"";""Múltipla"";""Reta"";""Sim"";467883;""Automóvel"";""HONDA/CITY LX FLEX"";2014;""Pedestre"";""Lesões Leves"";NA;""Masculino"";0;1;0;0;-22",76375592;-43,"28683062;""SR-RJ"";""DEL5/1"";""UOP01/RJ""",
"262150;583975;2020-01-11;""sábado"";""11:30:00"";""RJ"";40;119;""DUQUE DE CAXIAS"";""Sim"";""Ingestão de álcool e/ou substâncias psicoativas pelo pedestre"";1;""Atropelamento de Pedestre"";""Com Vítimas Feridas"";""Pleno dia"";""Crescente"";""Sol"";""Múltipla"";""Reta"";""Sim"";467883;""Automóvel"";""HONDA/CITY LX FLEX"";2014;""Passageiro"";""Ileso"";49;""Feminino"";1;0;0;0;-22",76375592;-43,"28683062;""SR-RJ"";""DEL5/1"";""UOP01/RJ""",
"262150;583974;2020-01-11;""sábado"";""11:30:00"";""RJ"";40;119;""DUQUE DE CAXIAS"";""Sim"";""Ingestão de álcool e/ou substâncias psicoativas pelo pedestre"";1;""Atropelamento de Pedestre"";""Com Vítimas Feridas"";""Pleno dia"";""Crescente"";""Sol"";""Múltipla"";""Reta"";""Sim"";467883;""Automóvel"";""HONDA/CITY LX FLEX"";2014;""Condutor"";""Ileso"";40;""Masculino"";1;0;0;0;-22",76375592;-43,"28683062;""SR-RJ"";""DEL5/1"";""UOP01/RJ""",
"262151;583671;2020-01-11;""sábado"";""12:00:00"";""RJ"";493;107;""ITAGUAI"";""Sim"";""Falta de Atenção à Condução"";1;""Saída de leito carroçável"";""Com Vítimas Feridas"";""Pleno dia"";""Crescente"";""Céu Claro"";""Dupla"";""Reta"";""Não"";467626;""Camioneta"";""I/MMC AIRTREK MIVEC"";2007;""Condutor"";""Lesões Graves"";53;""Masculino"";0;0;1;0;-22",80846598;-43,"79562378;""SR-RJ"";""DEL5/3"";""UOP01/RJ""",
"262151;583671;2020-01-11;""sábado"";""12:00:00"";""RJ"";493;107;""ITAGUAI"";""Sim"";""Falta de Atenção à Condução"";2;""Capotamento"";""Com Vítimas Feridas"";""Pleno dia"";""Crescente"";""Céu Claro"";""Dupla"";""Reta"";""Não"";467626;""Camioneta"";""I/MMC AIRTREK MIVEC"";2007;""Condutor"";""Lesões Graves"";53;""Masculino"";0;0;1;0;-22",80846598;-43,"79562378;""SR-RJ"";""DEL5/3"";""UOP01/RJ""",
"262152;583729;2020-01-11;""sábado"";""15:00:00"";""PR"";373;175","3;""PONTA GROSSA"";""Sim"";""Falta de Atenção à Condução"";2;""Tombamento"";""Com Vítimas Feridas"";""Pleno dia"";""Crescente"";""Chuva"";""Dupla"";""Retorno Regulamentado"";""Sim"";467677;""Motocicleta"";""BMW/G650 GS"";2013;""Condutor"";""Lesões Leves"";20;""Masculino"";0;1;0;0;-25",06521612;-50,"21305025;""SR-PR"";""DEL7/3"";""UOP01/PR"""
"262152;583728;2020-01-11;""sábado"";""15:00:00"";""PR"";373;175","3;""PONTA GROSSA"";""Sim"";""Falta de Atenção à Condução"";2;""Tombamento"";""Com Vítimas Feridas"";""Pleno dia"";""Crescente"";""Chuva"";""Dupla"";""Retorno Regulamentado"";""Sim"";467676;""Motocicleta"";""HONDA/CG 125 FAN KS"";2015;""Condutor"";""Lesões Leves"";38;""Masculino"";0;1;0;0;-25",06521612;-50,"21305025;""SR-PR"";""DEL7/3"";""UOP01/PR"""
"262152;583729;2020-01-11;""sábado"";""15:00:00"";""PR"";373;175","3;""PONTA GROSSA"";""Sim"";""Falta de Atenção à Condução"";1;""Colisão transversal"";""Com Vítimas Feridas"";""Pleno dia"";""Crescente"";""Chuva"";""Dupla"";""Retorno Regulamentado"";""Sim"";467677;""Motocicleta"";""BMW/G650 GS"";2013;""Condutor"";""Lesões Leves"";20;""Masculino"";0;1;0;0;-25",06521612;-50,"21305025;""SR-PR"";""DEL7/3"";""UOP01/PR"""
"262152;583728;2020-01-11;""sábado"";""15:00:00"";""PR"";373;175","3;""PONTA GROSSA"";""Sim"";""Falta de Atenção à Condução"";1;""Colisão transversal"";""Com Vítimas Feridas"";""Pleno dia"";""Crescente"";""Chuva"";""Dupla"";""Retorno Regulamentado"";""Sim"";467676;""Motocicleta"";""HONDA/CG 125 FAN KS"";2015;""Condutor"";""Lesões Leves"";38;""Masculino"";0;1;0;0;-25",06521612;-50,"21305025;""SR-PR"";""DEL7/3"";""UOP01/PR"""
"262153;583743;2020-01-11;""sábado"";""15:40:00"";""RS"";116;190","5;""NOVA PETROPOLIS"";""Sim"";""Velocidade Incompatível"";1;""Colisão traseira"";""Com Vítimas Feridas"";""Pleno dia"";""Crescente"";""Céu Claro"";""Simples"";""Curva"";""Não"";467671;""Automóvel"";""GM/VECTRA GLS"";1998;""Condutor"";""Ileso"";24;""Masculino"";1;0;0;0;-29",42252397;-51,"13228812;""SR-RS"";""DEL9/5"";""UOP02/RS"""
"262153;583738;2020-01-11;""sábado"";""15:40:00"";""RS"";116;190","5;""NOVA PETROPOLIS"";""Sim"";""Velocidade Incompatível"";1;""Colisão traseira"";""Com Vítimas Feridas"";""Pleno dia"";""Crescente"";""Céu Claro"";""Simples"";""Curva"";""Não"";467670;""Motocicleta"";""I/DUCATI 1199 PANIG S A"";2013;""Condutor"";""Lesões Graves"";35;""Masculino"";0;0;1;0;-29",42252397;-51,"13228812;""SR-RS"";""DEL9/5"";""UOP02/RS"""
"262154;583669;2020-01-11;""sábado"";""15:23:00"";""PR"";116;210;""RIO NEGRO"";""Sim"";""Desobediência às normas de trânsito pelo condutor"";1;""Colisão frontal"";""Com Vítimas Feridas"";""Pleno dia"";""Crescente"";""Céu Claro"";""Simples"";""Reta"";""Sim"";467631;""Caminhão-trator"";""VOLVO/FH 440 6X2T"";2011;""Passageiro"";""Ileso"";36;""Feminino"";1;0;0;0;-26",07479435;-49,"76117178;""SR-SC"";""DEL8/6"";""UOP01/SC""",
"262154;583666;2020-01-11;""sábado"";""15:23:00"";""PR"";116;210;""RIO NEGRO"";""Sim"";""Desobediência às normas de trânsito pelo condutor"";1;""Colisão frontal"";""Com Vítimas Feridas"";""Pleno dia"";""Crescente"";""Céu Claro"";""Simples"";""Reta"";""Sim"";467631;""Caminhão-trator"";""VOLVO/FH 440 6X2T"";2011;""Condutor"";""Ileso"";43;""Masculino"";1;0;0;0;-26",07479435;-49,"76117178;""SR-SC"";""DEL8/6"";""UOP01/SC""",
"262154;583841;2020-01-11;""sábado"";""15:23:00"";""PR"";116;210;""RIO NEGRO"";""Sim"";""Desobediência às normas de trânsito pelo condutor"";1;""Colisão frontal"";""Com Vítimas Feridas"";""Pleno dia"";""Crescente"";""Céu Claro"";""Simples"";""Reta"";""Sim"";467630;""Motocicleta"";""HONDA/CG 150 TITAN KS"";2005;""Condutor"";""Lesões Graves"";32;""Masculino"";0;0;1;0;-26",07479435;-49,"76117178;""SR-SC"";""DEL8/6"";""UOP01/SC""",
"262154;NA;2020-01-11;""sábado"";""15:23:00"";""PR"";116;210;""RIO NEGRO"";""Sim"";""Desobediência às normas de trânsito pelo condutor"";1;""Colisão frontal"";""Com Vítimas Feridas"";""Pleno dia"";""Crescente"";""Céu Claro"";""Simples"";""Reta"";""Sim"";467645;""Semireboque"";""REB/SCHIFFER SSC3E CA"";2011;""Não Informado"";""Não Informado"";NA;""Não Informado"";0;0;0;0;-26",07479435;-49,"76117178;""SR-SC"";""DEL8/6"";""UOP01/SC""",
"262154;583669;2020-01-11;""sábado"";""15:23:00"";""PR"";116;210;""RIO NEGRO"";""Sim"";""Desobediência às normas de trânsito pelo condutor"";2;""Saída de leito carroçável"";""Com Vítimas Feridas"";""Pleno dia"";""Crescente"";""Céu Claro"";""Simples"";""Reta"";""Sim"";467631;""Caminhão-trator"";""VOLVO/FH 440 6X2T"";2011;""Passageiro"";""Ileso"";36;""Feminino"";1;0;0;0;-26",07479435;-49,"76117178;""SR-SC"";""DEL8/6"";""UOP01/SC""",
"262154;583666;2020-01-11;""sábado"";""15:23:00"";""PR"";116;210;""RIO NEGRO"";""Sim"";""Desobediência às normas de trânsito pelo condutor"";2;""Saída de leito carroçável"";""Com Vítimas Feridas"";""Pleno dia"";""Crescente"";""Céu Claro"";""Simples"";""Reta"";""Sim"";467631;""Caminhão-trator"";""VOLVO/FH 440 6X2T"";2011;""Condutor"";""Ileso"";43;""Masculino"";1;0;0;0;-26",07479435;-49,"76117178;""SR-SC"";""DEL8/6"";""UOP01/SC""",
"262154;583841;2020-01-11;""sábado"";""15:23:00"";""PR"";116;210;""RIO NEGRO"";""Sim"";""Desobediência às normas de trânsito pelo condutor"";2;""Saída de leito carroçável"";""Com Vítimas Feridas"";""Pleno dia"";""Crescente"";""Céu Claro"";""Simples"";""Reta"";""Sim"";467630;""Motocicleta"";""HONDA/CG 150 TITAN KS"";2005;""Condutor"";""Lesões Graves"";32;""Masculino"";0;0;1;0;-26",07479435;-49,"76117178;""SR-SC"";""DEL8/6"";""UOP01/SC""",
"262154;NA;2020-01-11;""sábado"";""15:23:00"";""PR"";116;210;""RIO NEGRO"";""Sim"";""Desobediência às normas de trânsito pelo condutor"";2;""Saída de leito carroçável"";""Com Vítimas Feridas"";""Pleno dia"";""Crescente"";""Céu Claro"";""Simples"";""Reta"";""Sim"";467645;""Semireboque"";""REB/SCHIFFER SSC3E CA"";2011;""Não Informado"";""Não Informado"";NA;""Não Informado"";0;0;0;0;-26",07479435;-49,"76117178;""SR-SC"";""DEL8/6"";""UOP01/SC""",
"262155;583765;2020-01-11;""sábado"";""16:00:00"";""RJ"";485;0","3;""ITATIAIA"";""Sim"";""Falta de Atenção à Condução"";2;""Atropelamento de Pedestre"";""Com Vítimas Feridas"";""Pleno dia"";""Decrescente"";""Chuva"";""Simples"";""Reta"";""Sim"";467669;""Motocicleta"";""HONDA/CB600F HORNET"";2013;""Pedestre"";""Lesões Leves"";27;""Masculino"";0;1;0;0;-22",491928;-44,"563503;""SR-RJ"";""DEL5/7"";""UOP02/RJ"""
"262155;583754;2020-01-11;""sábado"";""16:00:00"";""RJ"";485;0","3;""ITATIAIA"";""Sim"";""Falta de Atenção à Condução"";2;""Atropelamento de Pedestre"";""Com Vítimas Feridas"";""Pleno dia"";""Decrescente"";""Chuva"";""Simples"";""Reta"";""Sim"";467669;""Motocicleta"";""HONDA/CB600F HORNET"";2013;""Passageiro"";""Lesões Leves"";25;""Feminino"";0;1;0;0;-22",491928;-44,"563503;""SR-RJ"";""DEL5/7"";""UOP02/RJ"""
"262155;583750;2020-01-11;""sábado"";""16:00:00"";""RJ"";485;0","3;""ITATIAIA"";""Sim"";""Falta de Atenção à Condução"";2;""Atropelamento de Pedestre"";""Com Vítimas Feridas"";""Pleno dia"";""Decrescente"";""Chuva"";""Simples"";""Reta"";""Sim"";467669;""Motocicleta"";""HONDA/CB600F HORNET"";2013;""Condutor"";""Lesões Graves"";24;""Masculino"";0;0;1;0;-22",491928;-44,"563503;""SR-RJ"";""DEL5/7"";""UOP02/RJ"""
"262155;583765;2020-01-11;""sábado"";""16:00:00"";""RJ"";485;0","3;""ITATIAIA"";""Sim"";""Falta de Atenção à Condução"";2;""Atropelamento de Pedestre"";""Com Vítimas Feridas"";""Pleno dia"";""Decrescente"";""Chuva"";""Simples"";""Reta"";""Sim"";467668;""Motocicleta"";""YAMAHA/YBR125 FACTOR ED"";2014;""Pedestre"";""Lesões Leves"";27;""Masculino"";0;1;0;0;-22",491928;-44,"563503;""SR-RJ"";""DEL5/7"";""UOP02/RJ"""
"262155;583746;2020-01-11;""sábado"";""16:00:00"";""RJ"";485;0","3;""ITATIAIA"";""Sim"";""Falta de Atenção à Condução"";2;""Atropelamento de Pedestre"";""Com Vítimas Feridas"";""Pleno dia"";""Decrescente"";""Chuva"";""Simples"";""Reta"";""Sim"";467668;""Motocicleta"";""YAMAHA/YBR125 FACTOR ED"";2014;""Passageiro"";""Lesões Leves"";20;""Feminino"";0;1;0;0;-22",491928;-44,"563503;""SR-RJ"";""DEL5/7"";""UOP02/RJ"""
"262155;583744;2020-01-11;""sábado"";""16:00:00"";""RJ"";485;0","3;""ITATIAIA"";""Sim"";""Falta de Atenção à Condução"";2;""Atropelamento de Pedestre"";""Com Vítimas Feridas"";""Pleno dia"";""Decrescente"";""Chuva"";""Simples"";""Reta"";""Sim"";467668;""Motocicleta"";""YAMAHA/YBR125 FACTOR ED"";2014;""Condutor"";""Lesões Leves"";21;""Masculino"";0;1;0;0;-22",491928;-44,"563503;""SR-RJ"";""DEL5/7"";""UOP02/RJ"""
"262155;583765;2020-01-11;""sábado"";""16:00:00"";""RJ"";485;0","3;""ITATIAIA"";""Sim"";""Falta de Atenção à Condução"";1;""Colisão lateral"";""Com Vítimas Feridas"";""Pleno dia"";""Decrescente"";""Chuva"";""Simples"";""Reta"";""Sim"";467669;""Motocicleta"";""HONDA/CB600F HORNET"";2013;""Pedestre"";""Lesões Leves"";27;""Masculino"";0;1;0;0;-22",491928;-44,"563503;""SR-RJ"";""DEL5/7"";""UOP02/RJ"""
"262155;583754;2020-01-11;""sábado"";""16:00:00"";""RJ"";485;0","3;""ITATIAIA"";""Sim"";""Falta de Atenção à Condução"";1;""Colisão lateral"";""Com Vítimas Feridas"";""Pleno dia"";""Decrescente"";""Chuva"";""Simples"";""Reta"";""Sim"";467669;""Motocicleta"";""HONDA/CB600F HORNET"";2013;""Passageiro"";""Lesões Leves"";25;""Feminino"";0;1;0;0;-22",491928;-44,"563503;""SR-RJ"";""DEL5/7"";""UOP02/RJ"""
"262155;583750;2020-01-11;""sábado"";""16:00:00"";""RJ"";485;0","3;""ITATIAIA"";""Sim"";""Falta de Atenção à Condução"";1;""Colisão lateral"";""Com Vítimas Feridas"";""Pleno dia"";""Decrescente"";""Chuva"";""Simples"";""Reta"";""Sim"";467669;""Motocicleta"";""HONDA/CB600F HORNET"";2013;""Condutor"";""Lesões Graves"";24;""Masculino"";0;0;1;0;-22",491928;-44,"563503;""SR-RJ"";""DEL5/7"";""UOP02/RJ"""
"262155;583765;2020-01-11;""sábado"";""16:00:00"";""RJ"";485;0","3;""ITATIAIA"";""Sim"";""Falta de Atenção à Condução"";1;""Colisão lateral"";""Com Vítimas Feridas"";""Pleno dia"";""Decrescente"";""Chuva"";""Simples"";""Reta"";""Sim"";467668;""Motocicleta"";""YAMAHA/YBR125 FACTOR ED"";2014;""Pedestre"";""Lesões Leves"";27;""Masculino"";0;1;0;0;-22",491928;-44,"563503;""SR-RJ"";""DEL5/7"";""UOP02/RJ"""
"262155;583746;2020-01-11;""sábado"";""16:00:00"";""RJ"";485;0","3;""ITATIAIA"";""Sim"";""Falta de Atenção à Condução"";1;""Colisão lateral"";""Com Vítimas Feridas"";""Pleno dia"";""Decrescente"";""Chuva"";""Simples"";""Reta"";""Sim"";467668;""Motocicleta"";""YAMAHA/YBR125 FACTOR ED"";2014;""Passageiro"";""Lesões Leves"";20;""Feminino"";0;1;0;0;-22",491928;-44,"563503;""SR-RJ"";""DEL5/7"";""UOP02/RJ"""
"262155;583744;2020-01-11;""sábado"";""16:00:00"";""RJ"";485;0","3;""ITATIAIA"";""Sim"";""Falta de Atenção à Condução"";1;""Colisão lateral"";""Com Vítimas Feridas"";""Pleno dia"";""Decrescente"";""Chuva"";""Simples"";""Reta"";""Sim"";467668;""Motocicleta"";""YAMAHA/YBR125 FACTOR ED"";2014;""Condutor"";""Lesões Leves"";21;""Masculino"";0;1;0;0;-22",491928;-44,"563503;""SR-RJ"";""DEL5/7"";""UOP02/RJ"""