"id;""pesid"";""data_inversa"";""dia_semana"";""horario"";""uf"";""br"";""km"";""municipio"";""causa_principal"";""causa_acidente"";""ordem_tipo_acidente"";""tipo_acidente"";""classificacao_acidente"";""fase_dia"";""sentido_via"";""condicao_metereologica"";""tipo_pista"";""tracado_via"";""uso_solo"";""id_veiculo"";""tipo_veiculo"";""marca"";""ano_fabricacao_veiculo"";""tipo_envolvido"";""estado_fisico"";""idade"";""sexo"";""ilesos"";""feridos_leves"";""feridos_graves"";""mortos"";""latitude"";""longitude"";""regional"";""delegacia"";""uop""",,,
"262156;583752;2020-01-11;""sábado"";""12:20:00"";""SC"";116;144","8;""SANTA CECILIA"";""Sim"";""Velocidade Incompatível"";1;""Tombamento"";""Com Vítimas Feridas"";""Pleno dia"";""Crescente"";""Nublado"";""Simples"";""Curva"";""Não"";467687;""Caminhão"";""SCANIA/P 310 B8X2"";2018;""Passageiro"";""Lesões Leves"";120;""Masculino"";0;1;0;0;-26",99398389;-50,"39844506;""SR-SC"";""DEL8/6"";""UOP02/SC"""
"262156;583748;2020-01-11;""sábado"";""12:20:00"";""SC"";116;144","8;""SANTA CECILIA"";""Sim"";""Velocidade Incompatível"";1;""Tombamento"";""Com Vítimas Feridas"";""Pleno dia"";""Crescente"";""Nublado"";""Simples"";""Curva"";""Não"";467687;""Caminhão"";""SCANIA/P 310 B8X2"";2018;""Passageiro"";""Lesões Leves"";30;""Feminino"";0;1;0;0;-26",99398389;-50,"39844506;""SR-SC"";""DEL8/6"";""UOP02/SC"""
"262156;583747;2020-01-11;""sábado"";""12:20:00"";""SC"";116;144","8;""SANTA CECILIA"";""Sim"";""Velocidade Incompatível"";1;""Tombamento"";""Com Vítimas Feridas"";""Pleno dia"";""Crescente"";""Nublado"";""Simples"";""Curva"";""Não"";467687;""Caminhão"";""SCANIA/P 310 B8X2"";2018;""Condutor"";""Lesões Leves"";28;""Masculino"";0;1;0;0;-26",99398389;-50,"39844506;""SR-SC"";""DEL8/6"";""UOP02/SC"""
"262156;583752;2020-01-11;""sábado"";""12:20:00"";""SC"";116;144","8;""SANTA CECILIA"";""Sim"";""Velocidade Incompatível"";2;""Saída de leito carroçável"";""Com Vítimas Feridas"";""Pleno dia"";""Crescente"";""Nublado"";""Simples"";""Curva"";""Não"";467687;""Caminhão"";""SCANIA/P 310 B8X2"";2018;""Passageiro"";""Lesões Leves"";120;""Masculino"";0;1;0;0;-26",99398389;-50,"39844506;""SR-SC"";""DEL8/6"";""UOP02/SC"""
"262156;583748;2020-01-11;""sábado"";""12:20:00"";""SC"";116;144","8;""SANTA CECILIA"";""Sim"";""Velocidade Incompatível"";2;""Saída de leito carroçável"";""Com Vítimas Feridas"";""Pleno dia"";""Crescente"";""Nublado"";""Simples"";""Curva"";""Não"";467687;""Caminhão"";""SCANIA/P 310 B8X2"";2018;""Passageiro"";""Lesões Leves"";30;""Feminino"";0;1;0;0;-26",99398389;-50,"39844506;""SR-SC"";""DEL8/6"";""UOP02/SC"""
"262156;583747;2020-01-11;""sábado"";""12:20:00"";""SC"";116;144","8;""SANTA CECILIA"";""Sim"";""Velocidade Incompatível"";2;""Saída de leito carroçável"";""Com Vítimas Feridas"";""Pleno dia"";""Crescente"";""Nublado"";""Simples"";""Curva"";""Não"";467687;""Caminhão"";""SCANIA/P 310 B8X2"";2018;""Condutor"";""Lesões Leves"";28;""Masculino"";0;1;0;0;-26",99398389;-50,"39844506;""SR-SC"";""DEL8/6"";""UOP02/SC"""
"262157;583854;2020-01-11;""sábado"";""16:34:00"";""GO"";40;4","3;""VALPARAISO DE GOIAS"";""Sim"";""Desobediência às normas de trânsito pelo condutor"";1;""Colisão transversal"";""Com Vítimas Feridas"";""Pleno dia"";""Decrescente"";""Céu Claro"";""Dupla"";""Reta"";""Sim"";467779;""Utilitário"";""CHEV/TRAILBLAZER LT D4A"";2018;""Condutor"";""Lesões Leves"";36;""Masculino"";0;1;0;0;-16",085241;-47,"986752;""SR-DF"";""UOP01/DF"";"""""
"262157;583855;2020-01-11;""sábado"";""16:34:00"";""GO"";40;4","3;""VALPARAISO DE GOIAS"";""Sim"";""Desobediência às normas de trânsito pelo condutor"";1;""Colisão transversal"";""Com Vítimas Feridas"";""Pleno dia"";""Decrescente"";""Céu Claro"";""Dupla"";""Reta"";""Sim"";467779;""Utilitário"";""CHEV/TRAILBLAZER LT D4A"";2018;""Passageiro"";""Ileso"";36;""Masculino"";1;0;0;0;-16",085241;-47,"986752;""SR-DF"";""UOP01/DF"";"""""
"262157;583857;2020-01-11;""sábado"";""16:34:00"";""GO"";40;4","3;""VALPARAISO DE GOIAS"";""Sim"";""Desobediência às normas de trânsito pelo condutor"";1;""Colisão transversal"";""Com Vítimas Feridas"";""Pleno dia"";""Decrescente"";""Céu Claro"";""Dupla"";""Reta"";""Sim"";467779;""Utilitário"";""CHEV/TRAILBLAZER LT D4A"";2018;""Passageiro"";""Ileso"";33;""Masculino"";1;0;0;0;-16",085241;-47,"986752;""SR-DF"";""UOP01/DF"";"""""
"262157;583860;2020-01-11;""sábado"";""16:34:00"";""GO"";40;4","3;""VALPARAISO DE GOIAS"";""Sim"";""Desobediência às normas de trânsito pelo condutor"";1;""Colisão transversal"";""Com Vítimas Feridas"";""Pleno dia"";""Decrescente"";""Céu Claro"";""Dupla"";""Reta"";""Sim"";467779;""Utilitário"";""CHEV/TRAILBLAZER LT D4A"";2018;""Passageiro"";""Ileso"";35;""Masculino"";1;0;0;0;-16",085241;-47,"986752;""SR-DF"";""UOP01/DF"";"""""
"262157;583850;2020-01-11;""sábado"";""16:34:00"";""GO"";40;4","3;""VALPARAISO DE GOIAS"";""Sim"";""Desobediência às normas de trânsito pelo condutor"";1;""Colisão transversal"";""Com Vítimas Feridas"";""Pleno dia"";""Decrescente"";""Céu Claro"";""Dupla"";""Reta"";""Sim"";467772;""Automóvel"";""I/CHEVROLET AGILE LTZ"";2013;""Passageiro"";""Lesões Leves"";38;""Feminino"";0;1;0;0;-16",085241;-47,"986752;""SR-DF"";""UOP01/DF"";"""""
"262157;583849;2020-01-11;""sábado"";""16:34:00"";""GO"";40;4","3;""VALPARAISO DE GOIAS"";""Sim"";""Desobediência às normas de trânsito pelo condutor"";1;""Colisão transversal"";""Com Vítimas Feridas"";""Pleno dia"";""Decrescente"";""Céu Claro"";""Dupla"";""Reta"";""Sim"";467772;""Automóvel"";""I/CHEVROLET AGILE LTZ"";2013;""Passageiro"";""Lesões Leves"";43;""Masculino"";0;1;0;0;-16",085241;-47,"986752;""SR-DF"";""UOP01/DF"";"""""
"262157;583848;2020-01-11;""sábado"";""16:34:00"";""GO"";40;4","3;""VALPARAISO DE GOIAS"";""Sim"";""Desobediência às normas de trânsito pelo condutor"";1;""Colisão transversal"";""Com Vítimas Feridas"";""Pleno dia"";""Decrescente"";""Céu Claro"";""Dupla"";""Reta"";""Sim"";467772;""Automóvel"";""I/CHEVROLET AGILE LTZ"";2013;""Condutor"";""Ileso"";40;""Feminino"";1;0;0;0;-16",085241;-47,"986752;""SR-DF"";""UOP01/DF"";"""""
"262157;583854;2020-01-11;""sábado"";""16:34:00"";""GO"";40;4","3;""VALPARAISO DE GOIAS"";""Sim"";""Desobediência às normas de trânsito pelo condutor"";2;""Colisão com objeto estático"";""Com Vítimas Feridas"";""Pleno dia"";""Decrescente"";""Céu Claro"";""Dupla"";""Reta"";""Sim"";467779;""Utilitário"";""CHEV/TRAILBLAZER LT D4A"";2018;""Condutor"";""Lesões Leves"";36;""Masculino"";0;1;0;0;-16",085241;-47,"986752;""SR-DF"";""UOP01/DF"";"""""
"262157;583855;2020-01-11;""sábado"";""16:34:00"";""GO"";40;4","3;""VALPARAISO DE GOIAS"";""Sim"";""Desobediência às normas de trânsito pelo condutor"";2;""Colisão com objeto estático"";""Com Vítimas Feridas"";""Pleno dia"";""Decrescente"";""Céu Claro"";""Dupla"";""Reta"";""Sim"";467779;""Utilitário"";""CHEV/TRAILBLAZER LT D4A"";2018;""Passageiro"";""Ileso"";36;""Masculino"";1;0;0;0;-16",085241;-47,"986752;""SR-DF"";""UOP01/DF"";"""""
"262157;583857;2020-01-11;""sábado"";""16:34:00"";""GO"";40;4","3;""VALPARAISO DE GOIAS"";""Sim"";""Desobediência às normas de trânsito pelo condutor"";2;""Colisão com objeto estático"";""Com Vítimas Feridas"";""Pleno dia"";""Decrescente"";""Céu Claro"";""Dupla"";""Reta"";""Sim"";467779;""Utilitário"";""CHEV/TRAILBLAZER LT D4A"";2018;""Passageiro"";""Ileso"";33;""Masculino"";1;0;0;0;-16",085241;-47,"986752;""SR-DF"";""UOP01/DF"";"""""
"262157;583860;2020-01-11;""sábado"";""16:34:00"";""GO"";40;4","3;""VALPARAISO DE GOIAS"";""Sim"";""Desobediência às normas de trânsito pelo condutor"";2;""Colisão com objeto estático"";""Com Vítimas Feridas"";""Pleno dia"";""Decrescente"";""Céu Claro"";""Dupla"";""Reta"";""Sim"";467779;""Utilitário"";""CHEV/TRAILBLAZER LT D4A"";2018;""Passageiro"";""Ileso"";35;""Masculino"";1;0;0;0;-16",085241;-47,"986752;""SR-DF"";""UOP01/DF"";"""""
"262157;583850;2020-01-11;""sábado"";""16:34:00"";""GO"";40;4","3;""VALPARAISO DE GOIAS"";""Sim"";""Desobediência às normas de trânsito pelo condutor"";2;""Colisão com objeto estático"";""Com Vítimas Feridas"";""Pleno dia"";""Decrescente"";""Céu Claro"";""Dupla"";""Reta"";""Sim"";467772;""Automóvel"";""I/CHEVROLET AGILE LTZ"";2013;""Passageiro"";""Lesões Leves"";38;""Feminino"";0;1;0;0;-16",085241;-47,"986752;""SR-DF"";""UOP01/DF"";"""""
"262157;583849;2020-01-11;""sábado"";""16:34:00"";""GO"";40;4","3;""VALPARAISO DE GOIAS"";""Sim"";""Desobediência às normas de trânsito pelo condutor"";2;""Colisão com objeto estático"";""Com Vítimas Feridas"";""Pleno dia"";""Decrescente"";""Céu Claro"";""Dupla"";""Reta"";""Sim"";467772;""Automóvel"";""I/CHEVROLET AGILE LTZ"";2013;""Passageiro"";""Lesões Leves"";43;""Masculino"";0;1;0;0;-16",085241;-47,"986752;""SR-DF"";""UOP01/DF"";"""""
"262157;583848;2020-01-11;""sábado"";""16:34:00"";""GO"";40;4","3;""VALPARAISO DE GOIAS"";""Sim"";""Desobediência às normas de trânsito pelo condutor"";2;""Colisão com objeto estático"";""Com Vítimas Feridas"";""Pleno dia"";""Decrescente"";""Céu Claro"";""Dupla"";""Reta"";""Sim"";467772;""Automóvel"";""I/CHEVROLET AGILE LTZ"";2013;""Condutor"";""Ileso"";40;""Feminino"";1;0;0;0;-16",085241;-47,"986752;""SR-DF"";""UOP01/DF"";"""""
"262158;583680;2020-01-10;""sexta"";""05:00:00"";""SC"";282;359","1;""ERVAL VELHO"";""Sim"";""Ingestão de Álcool"";2;""Saída de leito carroçável"";""Com Vítimas Fatais"";""Plena Noite"";""Crescente"";""Ignorado"";""Simples"";""Reta"";""Não"";467639;""Automóvel"";""GM/CORSA WIND"";1995;""Condutor"";""Óbito"";53;""Masculino"";0;0;0;1;-27",324184;-51,"36026;""SR-SC"";""DEL7"";""UOP07/SC"""
"262158;583680;2020-01-10;""sexta"";""05:00:00"";""SC"";282;359","1;""ERVAL VELHO"";""Sim"";""Ingestão de Álcool"";1;""Colisão com objeto estático"";""Com Vítimas Fatais"";""Plena Noite"";""Crescente"";""Ignorado"";""Simples"";""Reta"";""Não"";467639;""Automóvel"";""GM/CORSA WIND"";1995;""Condutor"";""Óbito"";53;""Masculino"";0;0;0;1;-27",324184;-51,"36026;""SR-SC"";""DEL7"";""UOP07/SC"""
"262159;583933;2020-01-11;""sábado"";""16:15:00"";""MG"";40;503","8;""ESMERALDAS"";""Não"";""Velocidade Incompatível"";2;""Tombamento"";""Sem Vítimas"";""Pleno dia"";""Crescente"";""Céu Claro"";""Dupla"";""Não Informado"";""Sim"";467781;""Motocicleta"";""HONDA/CB 300R"";2013;""Condutor"";""Não Informado"";NA;""Não Informado"";0;0;0;0;-19",72839;-44,"15327;""SR-MG"";""DEL4/2"";""UOP01/MG"""
"262159;583934;2020-01-11;""sábado"";""16:15:00"";""MG"";40;503","8;""ESMERALDAS"";""Não"";""Velocidade Incompatível"";2;""Tombamento"";""Sem Vítimas"";""Pleno dia"";""Crescente"";""Céu Claro"";""Dupla"";""Não Informado"";""Sim"";467780;""Automóvel"";""CITROEN/C3 AIRCROSS EXCA"";2012;""Condutor"";""Ileso"";44;""Masculino"";1;0;0;0;-19",72839;-44,"15327;""SR-MG"";""DEL4/2"";""UOP01/MG"""
"262159;583933;2020-01-11;""sábado"";""16:15:00"";""MG"";40;503","8;""ESMERALDAS"";""Não"";""Velocidade Incompatível"";1;""Colisão traseira"";""Sem Vítimas"";""Pleno dia"";""Crescente"";""Céu Claro"";""Dupla"";""Não Informado"";""Sim"";467781;""Motocicleta"";""HONDA/CB 300R"";2013;""Condutor"";""Não Informado"";NA;""Não Informado"";0;0;0;0;-19",72839;-44,"15327;""SR-MG"";""DEL4/2"";""UOP01/MG"""
"262159;583934;2020-01-11;""sábado"";""16:15:00"";""MG"";40;503","8;""ESMERALDAS"";""Não"";""Velocidade Incompatível"";1;""Colisão traseira"";""Sem Vítimas"";""Pleno dia"";""Crescente"";""Céu Claro"";""Dupla"";""Não Informado"";""Sim"";467780;""Automóvel"";""CITROEN/C3 AIRCROSS EXCA"";2012;""Condutor"";""Ileso"";44;""Masculino"";1;0;0;0;-19",72839;-44,"15327;""SR-MG"";""DEL4/2"";""UOP01/MG"""
"262159;583933;2020-01-11;""sábado"";""16:15:00"";""MG"";40;503","8;""ESMERALDAS"";""Não"";""Velocidade Incompatível"";3;""Queda de ocupante de veículo"";""Sem Vítimas"";""Pleno dia"";""Crescente"";""Céu Claro"";""Dupla"";""Não Informado"";""Sim"";467781;""Motocicleta"";""HONDA/CB 300R"";2013;""Condutor"";""Não Informado"";NA;""Não Informado"";0;0;0;0;-19",72839;-44,"15327;""SR-MG"";""DEL4/2"";""UOP01/MG"""
"262159;583934;2020-01-11;""sábado"";""16:15:00"";""MG"";40;503","8;""ESMERALDAS"";""Não"";""Velocidade Incompatível"";3;""Queda de ocupante de veículo"";""Sem Vítimas"";""Pleno dia"";""Crescente"";""Céu Claro"";""Dupla"";""Não Informado"";""Sim"";467780;""Automóvel"";""CITROEN/C3 AIRCROSS EXCA"";2012;""Condutor"";""Ileso"";44;""Masculino"";1;0;0;0;-19",72839;-44,"15327;""SR-MG"";""DEL4/2"";""UOP01/MG"""
"262159;583933;2020-01-11;""sábado"";""16:15:00"";""MG"";40;503","8;""ESMERALDAS"";""Não"";""Velocidade Incompatível"";4;""Colisão com objeto estático"";""Sem Vítimas"";""Pleno dia"";""Crescente"";""Céu Claro"";""Dupla"";""Não Informado"";""Sim"";467781;""Motocicleta"";""HONDA/CB 300R"";2013;""Condutor"";""Não Informado"";NA;""Não Informado"";0;0;0;0;-19",72839;-44,"15327;""SR-MG"";""DEL4/2"";""UOP01/MG"""
"262159;583934;2020-01-11;""sábado"";""16:15:00"";""MG"";40;503","8;""ESMERALDAS"";""Não"";""Velocidade Incompatível"";4;""Colisão com objeto estático"";""Sem Vítimas"";""Pleno dia"";""Crescente"";""Céu Claro"";""Dupla"";""Não Informado"";""Sim"";467780;""Automóvel"";""CITROEN/C3 AIRCROSS EXCA"";2012;""Condutor"";""Ileso"";44;""Masculino"";1;0;0;0;-19",72839;-44,"15327;""SR-MG"";""DEL4/2"";""UOP01/MG"""
"262159;583933;2020-01-11;""sábado"";""16:15:00"";""MG"";40;503","8;""ESMERALDAS"";""Não"";""Falta de Atenção à Condução"";2;""Tombamento"";""Sem Vítimas"";""Pleno dia"";""Crescente"";""Céu Claro"";""Dupla"";""Não Informado"";""Sim"";467781;""Motocicleta"";""HONDA/CB 300R"";2013;""Condutor"";""Não Informado"";NA;""Não Informado"";0;0;0;0;-19",72839;-44,"15327;""SR-MG"";""DEL4/2"";""UOP01/MG"""
"262159;583934;2020-01-11;""sábado"";""16:15:00"";""MG"";40;503","8;""ESMERALDAS"";""Não"";""Falta de Atenção à Condução"";2;""Tombamento"";""Sem Vítimas"";""Pleno dia"";""Crescente"";""Céu Claro"";""Dupla"";""Não Informado"";""Sim"";467780;""Automóvel"";""CITROEN/C3 AIRCROSS EXCA"";2012;""Condutor"";""Ileso"";44;""Masculino"";1;0;0;0;-19",72839;-44,"15327;""SR-MG"";""DEL4/2"";""UOP01/MG"""
"262159;583933;2020-01-11;""sábado"";""16:15:00"";""MG"";40;503","8;""ESMERALDAS"";""Não"";""Falta de Atenção à Condução"";1;""Colisão traseira"";""Sem Vítimas"";""Pleno dia"";""Crescente"";""Céu Claro"";""Dupla"";""Não Informado"";""Sim"";467781;""Motocicleta"";""HONDA/CB 300R"";2013;""Condutor"";""Não Informado"";NA;""Não Informado"";0;0;0;0;-19",72839;-44,"15327;""SR-MG"";""DEL4/2"";""UOP01/MG"""
"262159;583934;2020-01-11;""sábado"";""16:15:00"";""MG"";40;503","8;""ESMERALDAS"";""Não"";""Falta de Atenção à Condução"";1;""Colisão traseira"";""Sem Vítimas"";""Pleno dia"";""Crescente"";""Céu Claro"";""Dupla"";""Não Informado"";""Sim"";467780;""Automóvel"";""CITROEN/C3 AIRCROSS EXCA"";2012;""Condutor"";""Ileso"";44;""Masculino"";1;0;0;0;-19",72839;-44,"15327;""SR-MG"";""DEL4/2"";""UOP01/MG"""
"262159;583933;2020-01-11;""sábado"";""16:15:00"";""MG"";40;503","8;""ESMERALDAS"";""Não"";""Falta de Atenção à Condução"";3;""Queda de ocupante de veículo"";""Sem Vítimas"";""Pleno dia"";""Crescente"";""Céu Claro"";""Dupla"";""Não Informado"";""Sim"";467781;""Motocicleta"";""HONDA/CB 300R"";2013;""Condutor"";""Não Informado"";NA;""Não Informado"";0;0;0;0;-19",72839;-44,"15327;""SR-MG"";""DEL4/2"";""UOP01/MG"""
"262159;583934;2020-01-11;""sábado"";""16:15:00"";""MG"";40;503","8;""ESMERALDAS"";""Não"";""Falta de Atenção à Condução"";3;""Queda de ocupante de veículo"";""Sem Vítimas"";""Pleno dia"";""Crescente"";""Céu Claro"";""Dupla"";""Não Informado"";""Sim"";467780;""Automóvel"";""CITROEN/C3 AIRCROSS EXCA"";2012;""Condutor"";""Ileso"";44;""Masculino"";1;0;0;0;-19",72839;-44,"15327;""SR-MG"";""DEL4/2"";""UOP01/MG"""
"262159;583933;2020-01-11;""sábado"";""16:15:00"";""MG"";40;503","8;""ESMERALDAS"";""Não"";""Falta de Atenção à Condução"";4;""Colisão com objeto estático"";""Sem Vítimas"";""Pleno dia"";""Crescente"";""Céu Claro"";""Dupla"";""Não Informado"";""Sim"";467781;""Motocicleta"";""HONDA/CB 300R"";2013;""Condutor"";""Não Informado"";NA;""Não Informado"";0;0;0;0;-19",72839;-44,"15327;""SR-MG"";""DEL4/2"";""UOP01/MG"""
"262159;583934;2020-01-11;""sábado"";""16:15:00"";""MG"";40;503","8;""ESMERALDAS"";""Não"";""Falta de Atenção à Condução"";4;""Colisão com objeto estático"";""Sem Vítimas"";""Pleno dia"";""Crescente"";""Céu Claro"";""Dupla"";""Não Informado"";""Sim"";467780;""Automóvel"";""CITROEN/C3 AIRCROSS EXCA"";2012;""Condutor"";""Ileso"";44;""Masculino"";1;0;0;0;-19",72839;-44,"15327;""SR-MG"";""DEL4/2"";""UOP01/MG"""
"262159;583933;2020-01-11;""sábado"";""16:15:00"";""MG"";40;503","8;""ESMERALDAS"";""Não"";""Desobediência às normas de trânsito pelo condutor"";2;""Tombamento"";""Sem Vítimas"";""Pleno dia"";""Crescente"";""Céu Claro"";""Dupla"";""Não Informado"";""Sim"";467781;""Motocicleta"";""HONDA/CB 300R"";2013;""Condutor"";""Não Informado"";NA;""Não Informado"";0;0;0;0;-19",72839;-44,"15327;""SR-MG"";""DEL4/2"";""UOP01/MG"""
"262159;583934;2020-01-11;""sábado"";""16:15:00"";""MG"";40;503","8;""ESMERALDAS"";""Não"";""Desobediência às normas de trânsito pelo condutor"";2;""Tombamento"";""Sem Vítimas"";""Pleno dia"";""Crescente"";""Céu Claro"";""Dupla"";""Não Informado"";""Sim"";467780;""Automóvel"";""CITROEN/C3 AIRCROSS EXCA"";2012;""Condutor"";""Ileso"";44;""Masculino"";1;0;0;0;-19",72839;-44,"15327;""SR-MG"";""DEL4/2"";""UOP01/MG"""
"262159;583933;2020-01-11;""sábado"";""16:15:00"";""MG"";40;503","8;""ESMERALDAS"";""Não"";""Desobediência às normas de trânsito pelo condutor"";1;""Colisão traseira"";""Sem Vítimas"";""Pleno dia"";""Crescente"";""Céu Claro"";""Dupla"";""Não Informado"";""Sim"";467781;""Motocicleta"";""HONDA/CB 300R"";2013;""Condutor"";""Não Informado"";NA;""Não Informado"";0;0;0;0;-19",72839;-44,"15327;""SR-MG"";""DEL4/2"";""UOP01/MG"""
"262159;583934;2020-01-11;""sábado"";""16:15:00"";""MG"";40;503","8;""ESMERALDAS"";""Não"";""Desobediência às normas de trânsito pelo condutor"";1;""Colisão traseira"";""Sem Vítimas"";""Pleno dia"";""Crescente"";""Céu Claro"";""Dupla"";""Não Informado"";""Sim"";467780;""Automóvel"";""CITROEN/C3 AIRCROSS EXCA"";2012;""Condutor"";""Ileso"";44;""Masculino"";1;0;0;0;-19",72839;-44,"15327;""SR-MG"";""DEL4/2"";""UOP01/MG"""
"262159;583933;2020-01-11;""sábado"";""16:15:00"";""MG"";40;503","8;""ESMERALDAS"";""Não"";""Desobediência às normas de trânsito pelo condutor"";3;""Queda de ocupante de veículo"";""Sem Vítimas"";""Pleno dia"";""Crescente"";""Céu Claro"";""Dupla"";""Não Informado"";""Sim"";467781;""Motocicleta"";""HONDA/CB 300R"";2013;""Condutor"";""Não Informado"";NA;""Não Informado"";0;0;0;0;-19",72839;-44,"15327;""SR-MG"";""DEL4/2"";""UOP01/MG"""
"262159;583934;2020-01-11;""sábado"";""16:15:00"";""MG"";40;503","8;""ESMERALDAS"";""Não"";""Desobediência às normas de trânsito pelo condutor"";3;""Queda de ocupante de veículo"";""Sem Vítimas"";""Pleno dia"";""Crescente"";""Céu Claro"";""Dupla"";""Não Informado"";""Sim"";467780;""Automóvel"";""CITROEN/C3 AIRCROSS EXCA"";2012;""Condutor"";""Ileso"";44;""Masculino"";1;0;0;0;-19",72839;-44,"15327;""SR-MG"";""DEL4/2"";""UOP01/MG"""
"262159;583933;2020-01-11;""sábado"";""16:15:00"";""MG"";40;503","8;""ESMERALDAS"";""Não"";""Desobediência às normas de trânsito pelo condutor"";4;""Colisão com objeto estático"";""Sem Vítimas"";""Pleno dia"";""Crescente"";""Céu Claro"";""Dupla"";""Não Informado"";""Sim"";467781;""Motocicleta"";""HONDA/CB 300R"";2013;""Condutor"";""Não Informado"";NA;""Não Informado"";0;0;0;0;-19",72839;-44,"15327;""SR-MG"";""DEL4/2"";""UOP01/MG"""
"262159;583934;2020-01-11;""sábado"";""16:15:00"";""MG"";40;503","8;""ESMERALDAS"";""Não"";""Desobediência às normas de trânsito pelo condutor"";4;""Colisão com objeto estático"";""Sem Vítimas"";""Pleno dia"";""Crescente"";""Céu Claro"";""Dupla"";""Não Informado"";""Sim"";467780;""Automóvel"";""CITROEN/C3 AIRCROSS EXCA"";2012;""Condutor"";""Ileso"";44;""Masculino"";1;0;0;0;-19",72839;-44,"15327;""SR-MG"";""DEL4/2"";""UOP01/MG"""
"262159;583933;2020-01-11;""sábado"";""16:15:00"";""MG"";40;503","8;""ESMERALDAS"";""Sim"";""Ingestão de Álcool"";2;""Tombamento"";""Sem Vítimas"";""Pleno dia"";""Crescente"";""Céu Claro"";""Dupla"";""Não Informado"";""Sim"";467781;""Motocicleta"";""HONDA/CB 300R"";2013;""Condutor"";""Não Informado"";NA;""Não Informado"";0;0;0;0;-19",72839;-44,"15327;""SR-MG"";""DEL4/2"";""UOP01/MG"""
"262159;583934;2020-01-11;""sábado"";""16:15:00"";""MG"";40;503","8;""ESMERALDAS"";""Sim"";""Ingestão de Álcool"";2;""Tombamento"";""Sem Vítimas"";""Pleno dia"";""Crescente"";""Céu Claro"";""Dupla"";""Não Informado"";""Sim"";467780;""Automóvel"";""CITROEN/C3 AIRCROSS EXCA"";2012;""Condutor"";""Ileso"";44;""Masculino"";1;0;0;0;-19",72839;-44,"15327;""SR-MG"";""DEL4/2"";""UOP01/MG"""
"262159;583933;2020-01-11;""sábado"";""16:15:00"";""MG"";40;503","8;""ESMERALDAS"";""Sim"";""Ingestão de Álcool"";1;""Colisão traseira"";""Sem Vítimas"";""Pleno dia"";""Crescente"";""Céu Claro"";""Dupla"";""Não Informado"";""Sim"";467781;""Motocicleta"";""HONDA/CB 300R"";2013;""Condutor"";""Não Informado"";NA;""Não Informado"";0;0;0;0;-19",72839;-44,"15327;""SR-MG"";""DEL4/2"";""UOP01/MG"""
"262159;583934;2020-01-11;""sábado"";""16:15:00"";""MG"";40;503","8;""ESMERALDAS"";""Sim"";""Ingestão de Álcool"";1;""Colisão traseira"";""Sem Vítimas"";""Pleno dia"";""Crescente"";""Céu Claro"";""Dupla"";""Não Informado"";""Sim"";467780;""Automóvel"";""CITROEN/C3 AIRCROSS EXCA"";2012;""Condutor"";""Ileso"";44;""Masculino"";1;0;0;0;-19",72839;-44,"15327;""SR-MG"";""DEL4/2"";""UOP01/MG"""
"262159;583933;2020-01-11;""sábado"";""16:15:00"";""MG"";40;503","8;""ESMERALDAS"";""Sim"";""Ingestão de Álcool"";3;""Queda de ocupante de veículo"";""Sem Vítimas"";""Pleno dia"";""Crescente"";""Céu Claro"";""Dupla"";""Não Informado"";""Sim"";467781;""Motocicleta"";""HONDA/CB 300R"";2013;""Condutor"";""Não Informado"";NA;""Não Informado"";0;0;0;0;-19",72839;-44,"15327;""SR-MG"";""DEL4/2"";""UOP01/MG"""
"262159;583934;2020-01-11;""sábado"";""16:15:00"";""MG"";40;503","8;""ESMERALDAS"";""Sim"";""Ingestão de Álcool"";3;""Queda de ocupante de veículo"";""Sem Vítimas"";""Pleno dia"";""Crescente"";""Céu Claro"";""Dupla"";""Não Informado"";""Sim"";467780;""Automóvel"";""CITROEN/C3 AIRCROSS EXCA"";2012;""Condutor"";""Ileso"";44;""Masculino"";1;0;0;0;-19",72839;-44,"15327;""SR-MG"";""DEL4/2"";""UOP01/MG"""
"262159;583933;2020-01-11;""sábado"";""16:15:00"";""MG"";40;503","8;""ESMERALDAS"";""Sim"";""Ingestão de Álcool"";4;""Colisão com objeto estático"";""Sem Vítimas"";""Pleno dia"";""Crescente"";""Céu Claro"";""Dupla"";""Não Informado"";""Sim"";467781;""Motocicleta"";""HONDA/CB 300R"";2013;""Condutor"";""Não Informado"";NA;""Não Informado"";0;0;0;0;-19",72839;-44,"15327;""SR-MG"";""DEL4/2"";""UOP01/MG"""
"262159;583934;2020-01-11;""sábado"";""16:15:00"";""MG"";40;503","8;""ESMERALDAS"";""Sim"";""Ingestão de Álcool"";4;""Colisão com objeto estático"";""Sem Vítimas"";""Pleno dia"";""Crescente"";""Céu Claro"";""Dupla"";""Não Informado"";""Sim"";467780;""Automóvel"";""CITROEN/C3 AIRCROSS EXCA"";2012;""Condutor"";""Ileso"";44;""Masculino"";1;0;0;0;-19",72839;-44,"15327;""SR-MG"";""DEL4/2"";""UOP01/MG"""
"262160;584532;2020-01-11;""sábado"";""16:30:00"";""GO"";364;322;""PORTELANDIA"";""Sim"";""Velocidade Incompatível"";1;""Colisão traseira"";""Com Vítimas Feridas"";""Pleno dia"";""Decrescente"";""Chuva"";""Simples"";""Curva"";""Não"";467711;""Automóvel"";""HYUNDAI/HB20 1.6M 1.6M"";2012;""Passageiro"";""Lesões Leves"";78;""Masculino"";0;1;0;0;-17",40715;-52,"644875;""SR-GO"";""DEL1/5"";""UOP01/GO""",