"id;""pesid"";""data_inversa"";""dia_semana"";""horario"";""uf"";""br"";""km"";""municipio"";""causa_principal"";""causa_acidente"";""ordem_tipo_acidente"";""tipo_acidente"";""classificacao_acidente"";""fase_dia"";""sentido_via"";""condicao_metereologica"";""tipo_pista"";""tracado_via"";""uso_solo"";""id_veiculo"";""tipo_veiculo"";""marca"";""ano_fabricacao_veiculo"";""tipo_envolvido"";""estado_fisico"";""idade"";""sexo"";""ilesos"";""feridos_leves"";""feridos_graves"";""mortos"";""latitude"";""longitude"";""regional"";""delegacia"";""uop""",,,
"262160;584530;2020-01-11;""sábado"";""16:30:00"";""GO"";364;322;""PORTELANDIA"";""Sim"";""Velocidade Incompatível"";1;""Colisão traseira"";""Com Vítimas Feridas"";""Pleno dia"";""Decrescente"";""Chuva"";""Simples"";""Curva"";""Não"";467711;""Automóvel"";""HYUNDAI/HB20 1.6M 1.6M"";2012;""Condutor"";""Lesões Leves"";48;""Masculino"";0;1;0;0;-17",40715;-52,"644875;""SR-GO"";""DEL1/5"";""UOP01/GO""",
"262160;584527;2020-01-11;""sábado"";""16:30:00"";""GO"";364;322;""PORTELANDIA"";""Sim"";""Velocidade Incompatível"";1;""Colisão traseira"";""Com Vítimas Feridas"";""Pleno dia"";""Decrescente"";""Chuva"";""Simples"";""Curva"";""Não"";467710;""Automóvel"";""HONDA/CIVIC LXS FLEX"";2008;""Passageiro"";""Lesões Leves"";23;""Masculino"";0;1;0;0;-17",40715;-52,"644875;""SR-GO"";""DEL1/5"";""UOP01/GO""",
"262160;584521;2020-01-11;""sábado"";""16:30:00"";""GO"";364;322;""PORTELANDIA"";""Sim"";""Velocidade Incompatível"";1;""Colisão traseira"";""Com Vítimas Feridas"";""Pleno dia"";""Decrescente"";""Chuva"";""Simples"";""Curva"";""Não"";467710;""Automóvel"";""HONDA/CIVIC LXS FLEX"";2008;""Passageiro"";""Lesões Leves"";11;""Masculino"";0;1;0;0;-17",40715;-52,"644875;""SR-GO"";""DEL1/5"";""UOP01/GO""",
"262160;584519;2020-01-11;""sábado"";""16:30:00"";""GO"";364;322;""PORTELANDIA"";""Sim"";""Velocidade Incompatível"";1;""Colisão traseira"";""Com Vítimas Feridas"";""Pleno dia"";""Decrescente"";""Chuva"";""Simples"";""Curva"";""Não"";467710;""Automóvel"";""HONDA/CIVIC LXS FLEX"";2008;""Condutor"";""Ileso"";54;""Masculino"";1;0;0;0;-17",40715;-52,"644875;""SR-GO"";""DEL1/5"";""UOP01/GO""",
"262160;584528;2020-01-11;""sábado"";""16:30:00"";""GO"";364;322;""PORTELANDIA"";""Sim"";""Velocidade Incompatível"";1;""Colisão traseira"";""Com Vítimas Feridas"";""Pleno dia"";""Decrescente"";""Chuva"";""Simples"";""Curva"";""Não"";467710;""Automóvel"";""HONDA/CIVIC LXS FLEX"";2008;""Passageiro"";""Ileso"";44;""Feminino"";1;0;0;0;-17",40715;-52,"644875;""SR-GO"";""DEL1/5"";""UOP01/GO""",
"262160;584532;2020-01-11;""sábado"";""16:30:00"";""GO"";364;322;""PORTELANDIA"";""Sim"";""Velocidade Incompatível"";2;""Colisão lateral"";""Com Vítimas Feridas"";""Pleno dia"";""Decrescente"";""Chuva"";""Simples"";""Curva"";""Não"";467711;""Automóvel"";""HYUNDAI/HB20 1.6M 1.6M"";2012;""Passageiro"";""Lesões Leves"";78;""Masculino"";0;1;0;0;-17",40715;-52,"644875;""SR-GO"";""DEL1/5"";""UOP01/GO""",
"262160;584530;2020-01-11;""sábado"";""16:30:00"";""GO"";364;322;""PORTELANDIA"";""Sim"";""Velocidade Incompatível"";2;""Colisão lateral"";""Com Vítimas Feridas"";""Pleno dia"";""Decrescente"";""Chuva"";""Simples"";""Curva"";""Não"";467711;""Automóvel"";""HYUNDAI/HB20 1.6M 1.6M"";2012;""Condutor"";""Lesões Leves"";48;""Masculino"";0;1;0;0;-17",40715;-52,"644875;""SR-GO"";""DEL1/5"";""UOP01/GO""",
"262160;584527;2020-01-11;""sábado"";""16:30:00"";""GO"";364;322;""PORTELANDIA"";""Sim"";""Velocidade Incompatível"";2;""Colisão lateral"";""Com Vítimas Feridas"";""Pleno dia"";""Decrescente"";""Chuva"";""Simples"";""Curva"";""Não"";467710;""Automóvel"";""HONDA/CIVIC LXS FLEX"";2008;""Passageiro"";""Lesões Leves"";23;""Masculino"";0;1;0;0;-17",40715;-52,"644875;""SR-GO"";""DEL1/5"";""UOP01/GO""",
"262160;584521;2020-01-11;""sábado"";""16:30:00"";""GO"";364;322;""PORTELANDIA"";""Sim"";""Velocidade Incompatível"";2;""Colisão lateral"";""Com Vítimas Feridas"";""Pleno dia"";""Decrescente"";""Chuva"";""Simples"";""Curva"";""Não"";467710;""Automóvel"";""HONDA/CIVIC LXS FLEX"";2008;""Passageiro"";""Lesões Leves"";11;""Masculino"";0;1;0;0;-17",40715;-52,"644875;""SR-GO"";""DEL1/5"";""UOP01/GO""",
"262160;584519;2020-01-11;""sábado"";""16:30:00"";""GO"";364;322;""PORTELANDIA"";""Sim"";""Velocidade Incompatível"";2;""Colisão lateral"";""Com Vítimas Feridas"";""Pleno dia"";""Decrescente"";""Chuva"";""Simples"";""Curva"";""Não"";467710;""Automóvel"";""HONDA/CIVIC LXS FLEX"";2008;""Condutor"";""Ileso"";54;""Masculino"";1;0;0;0;-17",40715;-52,"644875;""SR-GO"";""DEL1/5"";""UOP01/GO""",
"262160;584528;2020-01-11;""sábado"";""16:30:00"";""GO"";364;322;""PORTELANDIA"";""Sim"";""Velocidade Incompatível"";2;""Colisão lateral"";""Com Vítimas Feridas"";""Pleno dia"";""Decrescente"";""Chuva"";""Simples"";""Curva"";""Não"";467710;""Automóvel"";""HONDA/CIVIC LXS FLEX"";2008;""Passageiro"";""Ileso"";44;""Feminino"";1;0;0;0;-17",40715;-52,"644875;""SR-GO"";""DEL1/5"";""UOP01/GO""",
"262160;584532;2020-01-11;""sábado"";""16:30:00"";""GO"";364;322;""PORTELANDIA"";""Não"";""Ingestão de Álcool"";1;""Colisão traseira"";""Com Vítimas Feridas"";""Pleno dia"";""Decrescente"";""Chuva"";""Simples"";""Curva"";""Não"";467711;""Automóvel"";""HYUNDAI/HB20 1.6M 1.6M"";2012;""Passageiro"";""Lesões Leves"";78;""Masculino"";0;1;0;0;-17",40715;-52,"644875;""SR-GO"";""DEL1/5"";""UOP01/GO""",
"262160;584530;2020-01-11;""sábado"";""16:30:00"";""GO"";364;322;""PORTELANDIA"";""Não"";""Ingestão de Álcool"";1;""Colisão traseira"";""Com Vítimas Feridas"";""Pleno dia"";""Decrescente"";""Chuva"";""Simples"";""Curva"";""Não"";467711;""Automóvel"";""HYUNDAI/HB20 1.6M 1.6M"";2012;""Condutor"";""Lesões Leves"";48;""Masculino"";0;1;0;0;-17",40715;-52,"644875;""SR-GO"";""DEL1/5"";""UOP01/GO""",
"262160;584527;2020-01-11;""sábado"";""16:30:00"";""GO"";364;322;""PORTELANDIA"";""Não"";""Ingestão de Álcool"";1;""Colisão traseira"";""Com Vítimas Feridas"";""Pleno dia"";""Decrescente"";""Chuva"";""Simples"";""Curva"";""Não"";467710;""Automóvel"";""HONDA/CIVIC LXS FLEX"";2008;""Passageiro"";""Lesões Leves"";23;""Masculino"";0;1;0;0;-17",40715;-52,"644875;""SR-GO"";""DEL1/5"";""UOP01/GO""",
"262160;584521;2020-01-11;""sábado"";""16:30:00"";""GO"";364;322;""PORTELANDIA"";""Não"";""Ingestão de Álcool"";1;""Colisão traseira"";""Com Vítimas Feridas"";""Pleno dia"";""Decrescente"";""Chuva"";""Simples"";""Curva"";""Não"";467710;""Automóvel"";""HONDA/CIVIC LXS FLEX"";2008;""Passageiro"";""Lesões Leves"";11;""Masculino"";0;1;0;0;-17",40715;-52,"644875;""SR-GO"";""DEL1/5"";""UOP01/GO""",
"262160;584519;2020-01-11;""sábado"";""16:30:00"";""GO"";364;322;""PORTELANDIA"";""Não"";""Ingestão de Álcool"";1;""Colisão traseira"";""Com Vítimas Feridas"";""Pleno dia"";""Decrescente"";""Chuva"";""Simples"";""Curva"";""Não"";467710;""Automóvel"";""HONDA/CIVIC LXS FLEX"";2008;""Condutor"";""Ileso"";54;""Masculino"";1;0;0;0;-17",40715;-52,"644875;""SR-GO"";""DEL1/5"";""UOP01/GO""",
"262160;584528;2020-01-11;""sábado"";""16:30:00"";""GO"";364;322;""PORTELANDIA"";""Não"";""Ingestão de Álcool"";1;""Colisão traseira"";""Com Vítimas Feridas"";""Pleno dia"";""Decrescente"";""Chuva"";""Simples"";""Curva"";""Não"";467710;""Automóvel"";""HONDA/CIVIC LXS FLEX"";2008;""Passageiro"";""Ileso"";44;""Feminino"";1;0;0;0;-17",40715;-52,"644875;""SR-GO"";""DEL1/5"";""UOP01/GO""",
"262160;584532;2020-01-11;""sábado"";""16:30:00"";""GO"";364;322;""PORTELANDIA"";""Não"";""Ingestão de Álcool"";2;""Colisão lateral"";""Com Vítimas Feridas"";""Pleno dia"";""Decrescente"";""Chuva"";""Simples"";""Curva"";""Não"";467711;""Automóvel"";""HYUNDAI/HB20 1.6M 1.6M"";2012;""Passageiro"";""Lesões Leves"";78;""Masculino"";0;1;0;0;-17",40715;-52,"644875;""SR-GO"";""DEL1/5"";""UOP01/GO""",
"262160;584530;2020-01-11;""sábado"";""16:30:00"";""GO"";364;322;""PORTELANDIA"";""Não"";""Ingestão de Álcool"";2;""Colisão lateral"";""Com Vítimas Feridas"";""Pleno dia"";""Decrescente"";""Chuva"";""Simples"";""Curva"";""Não"";467711;""Automóvel"";""HYUNDAI/HB20 1.6M 1.6M"";2012;""Condutor"";""Lesões Leves"";48;""Masculino"";0;1;0;0;-17",40715;-52,"644875;""SR-GO"";""DEL1/5"";""UOP01/GO""",
"262160;584527;2020-01-11;""sábado"";""16:30:00"";""GO"";364;322;""PORTELANDIA"";""Não"";""Ingestão de Álcool"";2;""Colisão lateral"";""Com Vítimas Feridas"";""Pleno dia"";""Decrescente"";""Chuva"";""Simples"";""Curva"";""Não"";467710;""Automóvel"";""HONDA/CIVIC LXS FLEX"";2008;""Passageiro"";""Lesões Leves"";23;""Masculino"";0;1;0;0;-17",40715;-52,"644875;""SR-GO"";""DEL1/5"";""UOP01/GO""",
"262160;584521;2020-01-11;""sábado"";""16:30:00"";""GO"";364;322;""PORTELANDIA"";""Não"";""Ingestão de Álcool"";2;""Colisão lateral"";""Com Vítimas Feridas"";""Pleno dia"";""Decrescente"";""Chuva"";""Simples"";""Curva"";""Não"";467710;""Automóvel"";""HONDA/CIVIC LXS FLEX"";2008;""Passageiro"";""Lesões Leves"";11;""Masculino"";0;1;0;0;-17",40715;-52,"644875;""SR-GO"";""DEL1/5"";""UOP01/GO""",
"262160;584519;2020-01-11;""sábado"";""16:30:00"";""GO"";364;322;""PORTELANDIA"";""Não"";""Ingestão de Álcool"";2;""Colisão lateral"";""Com Vítimas Feridas"";""Pleno dia"";""Decrescente"";""Chuva"";""Simples"";""Curva"";""Não"";467710;""Automóvel"";""HONDA/CIVIC LXS FLEX"";2008;""Condutor"";""Ileso"";54;""Masculino"";1;0;0;0;-17",40715;-52,"644875;""SR-GO"";""DEL1/5"";""UOP01/GO""",
"262160;584528;2020-01-11;""sábado"";""16:30:00"";""GO"";364;322;""PORTELANDIA"";""Não"";""Ingestão de Álcool"";2;""Colisão lateral"";""Com Vítimas Feridas"";""Pleno dia"";""Decrescente"";""Chuva"";""Simples"";""Curva"";""Não"";467710;""Automóvel"";""HONDA/CIVIC LXS FLEX"";2008;""Passageiro"";""Ileso"";44;""Feminino"";1;0;0;0;-17",40715;-52,"644875;""SR-GO"";""DEL1/5"";""UOP01/GO""",
"262160;584532;2020-01-11;""sábado"";""16:30:00"";""GO"";364;322;""PORTELANDIA"";""Não"";""Falta de Atenção à Condução"";1;""Colisão traseira"";""Com Vítimas Feridas"";""Pleno dia"";""Decrescente"";""Chuva"";""Simples"";""Curva"";""Não"";467711;""Automóvel"";""HYUNDAI/HB20 1.6M 1.6M"";2012;""Passageiro"";""Lesões Leves"";78;""Masculino"";0;1;0;0;-17",40715;-52,"644875;""SR-GO"";""DEL1/5"";""UOP01/GO""",
"262160;584530;2020-01-11;""sábado"";""16:30:00"";""GO"";364;322;""PORTELANDIA"";""Não"";""Falta de Atenção à Condução"";1;""Colisão traseira"";""Com Vítimas Feridas"";""Pleno dia"";""Decrescente"";""Chuva"";""Simples"";""Curva"";""Não"";467711;""Automóvel"";""HYUNDAI/HB20 1.6M 1.6M"";2012;""Condutor"";""Lesões Leves"";48;""Masculino"";0;1;0;0;-17",40715;-52,"644875;""SR-GO"";""DEL1/5"";""UOP01/GO""",
"262160;584527;2020-01-11;""sábado"";""16:30:00"";""GO"";364;322;""PORTELANDIA"";""Não"";""Falta de Atenção à Condução"";1;""Colisão traseira"";""Com Vítimas Feridas"";""Pleno dia"";""Decrescente"";""Chuva"";""Simples"";""Curva"";""Não"";467710;""Automóvel"";""HONDA/CIVIC LXS FLEX"";2008;""Passageiro"";""Lesões Leves"";23;""Masculino"";0;1;0;0;-17",40715;-52,"644875;""SR-GO"";""DEL1/5"";""UOP01/GO""",
"262160;584521;2020-01-11;""sábado"";""16:30:00"";""GO"";364;322;""PORTELANDIA"";""Não"";""Falta de Atenção à Condução"";1;""Colisão traseira"";""Com Vítimas Feridas"";""Pleno dia"";""Decrescente"";""Chuva"";""Simples"";""Curva"";""Não"";467710;""Automóvel"";""HONDA/CIVIC LXS FLEX"";2008;""Passageiro"";""Lesões Leves"";11;""Masculino"";0;1;0;0;-17",40715;-52,"644875;""SR-GO"";""DEL1/5"";""UOP01/GO""",
"262160;584519;2020-01-11;""sábado"";""16:30:00"";""GO"";364;322;""PORTELANDIA"";""Não"";""Falta de Atenção à Condução"";1;""Colisão traseira"";""Com Vítimas Feridas"";""Pleno dia"";""Decrescente"";""Chuva"";""Simples"";""Curva"";""Não"";467710;""Automóvel"";""HONDA/CIVIC LXS FLEX"";2008;""Condutor"";""Ileso"";54;""Masculino"";1;0;0;0;-17",40715;-52,"644875;""SR-GO"";""DEL1/5"";""UOP01/GO""",
"262160;584528;2020-01-11;""sábado"";""16:30:00"";""GO"";364;322;""PORTELANDIA"";""Não"";""Falta de Atenção à Condução"";1;""Colisão traseira"";""Com Vítimas Feridas"";""Pleno dia"";""Decrescente"";""Chuva"";""Simples"";""Curva"";""Não"";467710;""Automóvel"";""HONDA/CIVIC LXS FLEX"";2008;""Passageiro"";""Ileso"";44;""Feminino"";1;0;0;0;-17",40715;-52,"644875;""SR-GO"";""DEL1/5"";""UOP01/GO""",
"262160;584532;2020-01-11;""sábado"";""16:30:00"";""GO"";364;322;""PORTELANDIA"";""Não"";""Falta de Atenção à Condução"";2;""Colisão lateral"";""Com Vítimas Feridas"";""Pleno dia"";""Decrescente"";""Chuva"";""Simples"";""Curva"";""Não"";467711;""Automóvel"";""HYUNDAI/HB20 1.6M 1.6M"";2012;""Passageiro"";""Lesões Leves"";78;""Masculino"";0;1;0;0;-17",40715;-52,"644875;""SR-GO"";""DEL1/5"";""UOP01/GO""",
"262160;584530;2020-01-11;""sábado"";""16:30:00"";""GO"";364;322;""PORTELANDIA"";""Não"";""Falta de Atenção à Condução"";2;""Colisão lateral"";""Com Vítimas Feridas"";""Pleno dia"";""Decrescente"";""Chuva"";""Simples"";""Curva"";""Não"";467711;""Automóvel"";""HYUNDAI/HB20 1.6M 1.6M"";2012;""Condutor"";""Lesões Leves"";48;""Masculino"";0;1;0;0;-17",40715;-52,"644875;""SR-GO"";""DEL1/5"";""UOP01/GO""",
"262160;584527;2020-01-11;""sábado"";""16:30:00"";""GO"";364;322;""PORTELANDIA"";""Não"";""Falta de Atenção à Condução"";2;""Colisão lateral"";""Com Vítimas Feridas"";""Pleno dia"";""Decrescente"";""Chuva"";""Simples"";""Curva"";""Não"";467710;""Automóvel"";""HONDA/CIVIC LXS FLEX"";2008;""Passageiro"";""Lesões Leves"";23;""Masculino"";0;1;0;0;-17",40715;-52,"644875;""SR-GO"";""DEL1/5"";""UOP01/GO""",
"262160;584521;2020-01-11;""sábado"";""16:30:00"";""GO"";364;322;""PORTELANDIA"";""Não"";""Falta de Atenção à Condução"";2;""Colisão lateral"";""Com Vítimas Feridas"";""Pleno dia"";""Decrescente"";""Chuva"";""Simples"";""Curva"";""Não"";467710;""Automóvel"";""HONDA/CIVIC LXS FLEX"";2008;""Passageiro"";""Lesões Leves"";11;""Masculino"";0;1;0;0;-17",40715;-52,"644875;""SR-GO"";""DEL1/5"";""UOP01/GO""",
"262160;584519;2020-01-11;""sábado"";""16:30:00"";""GO"";364;322;""PORTELANDIA"";""Não"";""Falta de Atenção à Condução"";2;""Colisão lateral"";""Com Vítimas Feridas"";""Pleno dia"";""Decrescente"";""Chuva"";""Simples"";""Curva"";""Não"";467710;""Automóvel"";""HONDA/CIVIC LXS FLEX"";2008;""Condutor"";""Ileso"";54;""Masculino"";1;0;0;0;-17",40715;-52,"644875;""SR-GO"";""DEL1/5"";""UOP01/GO""",
"262160;584528;2020-01-11;""sábado"";""16:30:00"";""GO"";364;322;""PORTELANDIA"";""Não"";""Falta de Atenção à Condução"";2;""Colisão lateral"";""Com Vítimas Feridas"";""Pleno dia"";""Decrescente"";""Chuva"";""Simples"";""Curva"";""Não"";467710;""Automóvel"";""HONDA/CIVIC LXS FLEX"";2008;""Passageiro"";""Ileso"";44;""Feminino"";1;0;0;0;-17",40715;-52,"644875;""SR-GO"";""DEL1/5"";""UOP01/GO""",
"262161;583691;2020-01-11;""sábado"";""13:10:00"";""RJ"";116;235;""PIRAI"";""Sim"";""Defeito Mecânico no Veículo"";1;""Queda de ocupante de veículo"";""Com Vítimas Feridas"";""Pleno dia"";""Decrescente"";""Céu Claro"";""Dupla"";""Reta"";""Não"";467642;""Motocicleta"";""HONDA/NXR160 BROS ESDD"";2019;""Condutor"";""Lesões Leves"";30;""Masculino"";0;1;0;0;-22",66934677;-43,"85528603;""SR-RJ"";""DEL5/7"";""UOP01/RJ""",
"262162;583882;2020-01-11;""sábado"";""16:00:00"";""RS"";116;526;""PELOTAS"";""Não"";""Falta de Atenção do Pedestre"";1;""Tombamento"";""Com Vítimas Feridas"";""Pleno dia"";""Decrescente"";""Céu Claro"";""Simples"";""Rotatória"";""Sim"";467684;""Caminhão-trator"";""M.BENZ/LS 1941"";1990;""Condutor"";""Lesões Leves"";51;""Masculino"";0;1;0;0;-31",74307729;-52,"39966642;""SR-RS"";""DEL9/7"";""UOP01/RS""",
"262162;NA;2020-01-11;""sábado"";""16:00:00"";""RS"";116;526;""PELOTAS"";""Não"";""Falta de Atenção do Pedestre"";1;""Tombamento"";""Com Vítimas Feridas"";""Pleno dia"";""Decrescente"";""Céu Claro"";""Simples"";""Rotatória"";""Sim"";467806;""Semireboque"";""REB/RANDON SR GR TR"";1997;""Não Informado"";""Não Informado"";NA;""Não Informado"";0;0;0;0;-31",74307729;-52,"39966642;""SR-RS"";""DEL9/7"";""UOP01/RS""",
"262162;583882;2020-01-11;""sábado"";""16:00:00"";""RS"";116;526;""PELOTAS"";""Não"";""Falta de Atenção do Pedestre"";2;""Derramamento de carga"";""Com Vítimas Feridas"";""Pleno dia"";""Decrescente"";""Céu Claro"";""Simples"";""Rotatória"";""Sim"";467684;""Caminhão-trator"";""M.BENZ/LS 1941"";1990;""Condutor"";""Lesões Leves"";51;""Masculino"";0;1;0;0;-31",74307729;-52,"39966642;""SR-RS"";""DEL9/7"";""UOP01/RS""",
"262162;NA;2020-01-11;""sábado"";""16:00:00"";""RS"";116;526;""PELOTAS"";""Não"";""Falta de Atenção do Pedestre"";2;""Derramamento de carga"";""Com Vítimas Feridas"";""Pleno dia"";""Decrescente"";""Céu Claro"";""Simples"";""Rotatória"";""Sim"";467806;""Semireboque"";""REB/RANDON SR GR TR"";1997;""Não Informado"";""Não Informado"";NA;""Não Informado"";0;0;0;0;-31",74307729;-52,"39966642;""SR-RS"";""DEL9/7"";""UOP01/RS""",
"262162;583882;2020-01-11;""sábado"";""16:00:00"";""RS"";116;526;""PELOTAS"";""Sim"";""Ingestão de Álcool"";1;""Tombamento"";""Com Vítimas Feridas"";""Pleno dia"";""Decrescente"";""Céu Claro"";""Simples"";""Rotatória"";""Sim"";467684;""Caminhão-trator"";""M.BENZ/LS 1941"";1990;""Condutor"";""Lesões Leves"";51;""Masculino"";0;1;0;0;-31",74307729;-52,"39966642;""SR-RS"";""DEL9/7"";""UOP01/RS""",
"262162;NA;2020-01-11;""sábado"";""16:00:00"";""RS"";116;526;""PELOTAS"";""Sim"";""Ingestão de Álcool"";1;""Tombamento"";""Com Vítimas Feridas"";""Pleno dia"";""Decrescente"";""Céu Claro"";""Simples"";""Rotatória"";""Sim"";467806;""Semireboque"";""REB/RANDON SR GR TR"";1997;""Não Informado"";""Não Informado"";NA;""Não Informado"";0;0;0;0;-31",74307729;-52,"39966642;""SR-RS"";""DEL9/7"";""UOP01/RS""",
"262162;583882;2020-01-11;""sábado"";""16:00:00"";""RS"";116;526;""PELOTAS"";""Sim"";""Ingestão de Álcool"";2;""Derramamento de carga"";""Com Vítimas Feridas"";""Pleno dia"";""Decrescente"";""Céu Claro"";""Simples"";""Rotatória"";""Sim"";467684;""Caminhão-trator"";""M.BENZ/LS 1941"";1990;""Condutor"";""Lesões Leves"";51;""Masculino"";0;1;0;0;-31",74307729;-52,"39966642;""SR-RS"";""DEL9/7"";""UOP01/RS""",
"262162;NA;2020-01-11;""sábado"";""16:00:00"";""RS"";116;526;""PELOTAS"";""Sim"";""Ingestão de Álcool"";2;""Derramamento de carga"";""Com Vítimas Feridas"";""Pleno dia"";""Decrescente"";""Céu Claro"";""Simples"";""Rotatória"";""Sim"";467806;""Semireboque"";""REB/RANDON SR GR TR"";1997;""Não Informado"";""Não Informado"";NA;""Não Informado"";0;0;0;0;-31",74307729;-52,"39966642;""SR-RS"";""DEL9/7"";""UOP01/RS""",
"262163;585175;2020-01-11;""sábado"";""14:55:00"";""PR"";376;221","7;""CAMBIRA"";""Sim"";""Velocidade Incompatível"";1;""Saída de leito carroçável"";""Com Vítimas Feridas"";""Pleno dia"";""Crescente"";""Sol"";""Dupla"";""Curva"";""Não"";467666;""Motocicleta"";""KAWASAKI/NINJA ZX-10R"";2012;""Condutor"";""Lesões Leves"";38;""Masculino"";0;1;0;0;-23",60240151;-51,"60066694;""SR-PR"";""DEL7/7"";""UOP03/PR"""
"262163;585175;2020-01-11;""sábado"";""14:55:00"";""PR"";376;221","7;""CAMBIRA"";""Sim"";""Velocidade Incompatível"";2;""Tombamento"";""Com Vítimas Feridas"";""Pleno dia"";""Crescente"";""Sol"";""Dupla"";""Curva"";""Não"";467666;""Motocicleta"";""KAWASAKI/NINJA ZX-10R"";2012;""Condutor"";""Lesões Leves"";38;""Masculino"";0;1;0;0;-23",60240151;-51,"60066694;""SR-PR"";""DEL7/7"";""UOP03/PR"""
"262164;585566;2020-01-11;""sábado"";""15:34:00"";""MT"";163;838;""SINOP"";""Sim"";""Desobediência às normas de trânsito pelo condutor"";1;""Colisão transversal"";""Sem Vítimas"";""Pleno dia"";""Crescente"";""Céu Claro"";""Simples"";""Interseção de vias"";""Sim"";467691;""Automóvel"";""GM/CELTA 3 PORTAS SUPER"";2003;""Condutor"";""Ileso"";26;""Masculino"";1;0;0;0;-11",960007;-55,"516914;""SR-MT"";""DEL2/6"";""UOP02/MT""",
"262164;585567;2020-01-11;""sábado"";""15:34:00"";""MT"";163;838;""SINOP"";""Sim"";""Desobediência às normas de trânsito pelo condutor"";1;""Colisão transversal"";""Sem Vítimas"";""Pleno dia"";""Crescente"";""Céu Claro"";""Simples"";""Interseção de vias"";""Sim"";467690;""Motocicleta"";""HONDA/NXR160 BROS ESD"";2015;""Passageiro"";""Ileso"";24;""Feminino"";1;0;0;0;-11",960007;-55,"516914;""SR-MT"";""DEL2/6"";""UOP02/MT""",
"262164;585565;2020-01-11;""sábado"";""15:34:00"";""MT"";163;838;""SINOP"";""Sim"";""Desobediência às normas de trânsito pelo condutor"";1;""Colisão transversal"";""Sem Vítimas"";""Pleno dia"";""Crescente"";""Céu Claro"";""Simples"";""Interseção de vias"";""Sim"";467690;""Motocicleta"";""HONDA/NXR160 BROS ESD"";2015;""Condutor"";""Ileso"";35;""Masculino"";1;0;0;0;-11",960007;-55,"516914;""SR-MT"";""DEL2/6"";""UOP02/MT""",
"262165;583799;2020-01-11;""sábado"";""16:00:00"";""RO"";364;197","2;""PIMENTA BUENO"";""Sim"";""Falta de Atenção à Condução"";1;""Colisão transversal"";""Com Vítimas Feridas"";""Pleno dia"";""Crescente"";""Nublado"";""Simples"";""Reta"";""Sim"";467659;""Automóvel"";""FIAT/ARGO DRIVE 1.3 GSR"";2017;""Condutor"";""Ileso"";47;""Masculino"";1;0;0;0;-11",67880278;-61,"1878925;""SR-RO"";""DEL21/2"";""UOP02/RO"""
"262165;583800;2020-01-11;""sábado"";""16:00:00"";""RO"";364;197","2;""PIMENTA BUENO"";""Sim"";""Falta de Atenção à Condução"";1;""Colisão transversal"";""Com Vítimas Feridas"";""Pleno dia"";""Crescente"";""Nublado"";""Simples"";""Reta"";""Sim"";467660;""Motocicleta"";""HONDA/NXR150 BROS ES"";2014;""Condutor"";""Lesões Leves"";25;""Masculino"";0;1;0;0;-11",67880278;-61,"1878925;""SR-RO"";""DEL21/2"";""UOP02/RO"""
"262165;583799;2020-01-11;""sábado"";""16:00:00"";""RO"";364;197","2;""PIMENTA BUENO"";""Não"";""Desobediência às normas de trânsito pelo condutor"";1;""Colisão transversal"";""Com Vítimas Feridas"";""Pleno dia"";""Crescente"";""Nublado"";""Simples"";""Reta"";""Sim"";467659;""Automóvel"";""FIAT/ARGO DRIVE 1.3 GSR"";2017;""Condutor"";""Ileso"";47;""Masculino"";1;0;0;0;-11",67880278;-61,"1878925;""SR-RO"";""DEL21/2"";""UOP02/RO"""
"262165;583800;2020-01-11;""sábado"";""16:00:00"";""RO"";364;197","2;""PIMENTA BUENO"";""Não"";""Desobediência às normas de trânsito pelo condutor"";1;""Colisão transversal"";""Com Vítimas Feridas"";""Pleno dia"";""Crescente"";""Nublado"";""Simples"";""Reta"";""Sim"";467660;""Motocicleta"";""HONDA/NXR150 BROS ES"";2014;""Condutor"";""Lesões Leves"";25;""Masculino"";0;1;0;0;-11",67880278;-61,"1878925;""SR-RO"";""DEL21/2"";""UOP02/RO"""
"262166;583770;2020-01-11;""sábado"";""16:10:00"";""MG"";381;454;""BELO HORIZONTE"";""Sim"";""Não guardar distância de segurança"";1;""Engavetamento"";""Com Vítimas Feridas"";""Pleno dia"";""Crescente"";""Sol"";""Simples"";""Não Informado"";""Sim"";467682;""Automóvel"";""VW/VOYAGE 1.6 COMFORTL"";2012;""Condutor"";""Ileso"";47;""Feminino"";1;0;0;0;-19",84128025;-43,"87161613;""SR-MG"";""DEL4/1"";""UOP01/MG""",
"262166;583769;2020-01-11;""sábado"";""16:10:00"";""MG"";381;454;""BELO HORIZONTE"";""Sim"";""Não guardar distância de segurança"";1;""Engavetamento"";""Com Vítimas Feridas"";""Pleno dia"";""Crescente"";""Sol"";""Simples"";""Não Informado"";""Sim"";467681;""Automóvel"";""VW/GOL 1.0"";2007;""Passageiro"";""Lesões Leves"";25;""Masculino"";0;1;0;0;-19",84128025;-43,"87161613;""SR-MG"";""DEL4/1"";""UOP01/MG""",