"id;""pesid"";""data_inversa"";""dia_semana"";""horario"";""uf"";""br"";""km"";""municipio"";""causa_principal"";""causa_acidente"";""ordem_tipo_acidente"";""tipo_acidente"";""classificacao_acidente"";""fase_dia"";""sentido_via"";""condicao_metereologica"";""tipo_pista"";""tracado_via"";""uso_solo"";""id_veiculo"";""tipo_veiculo"";""marca"";""ano_fabricacao_veiculo"";""tipo_envolvido"";""estado_fisico"";""idade"";""sexo"";""ilesos"";""feridos_leves"";""feridos_graves"";""mortos"";""latitude"";""longitude"";""regional"";""delegacia"";""uop""",,,
"262166;583768;2020-01-11;""sábado"";""16:10:00"";""MG"";381;454;""BELO HORIZONTE"";""Sim"";""Não guardar distância de segurança"";1;""Engavetamento"";""Com Vítimas Feridas"";""Pleno dia"";""Crescente"";""Sol"";""Simples"";""Não Informado"";""Sim"";467681;""Automóvel"";""VW/GOL 1.0"";2007;""Condutor"";""Ileso"";43;""Masculino"";1;0;0;0;-19",84128025;-43,"87161613;""SR-MG"";""DEL4/1"";""UOP01/MG""",
"262166;583767;2020-01-11;""sábado"";""16:10:00"";""MG"";381;454;""BELO HORIZONTE"";""Sim"";""Não guardar distância de segurança"";1;""Engavetamento"";""Com Vítimas Feridas"";""Pleno dia"";""Crescente"";""Sol"";""Simples"";""Não Informado"";""Sim"";467680;""Automóvel"";""VW/NOVO GOL 1.6"";2014;""Passageiro"";""Lesões Leves"";61;""Feminino"";0;1;0;0;-19",84128025;-43,"87161613;""SR-MG"";""DEL4/1"";""UOP01/MG""",
"262166;583758;2020-01-11;""sábado"";""16:10:00"";""MG"";381;454;""BELO HORIZONTE"";""Sim"";""Não guardar distância de segurança"";1;""Engavetamento"";""Com Vítimas Feridas"";""Pleno dia"";""Crescente"";""Sol"";""Simples"";""Não Informado"";""Sim"";467680;""Automóvel"";""VW/NOVO GOL 1.6"";2014;""Condutor"";""Lesões Leves"";66;""Masculino"";0;1;0;0;-19",84128025;-43,"87161613;""SR-MG"";""DEL4/1"";""UOP01/MG""",
"262166;583770;2020-01-11;""sábado"";""16:10:00"";""MG"";381;454;""BELO HORIZONTE"";""Não"";""Desobediência às normas de trânsito pelo condutor"";1;""Engavetamento"";""Com Vítimas Feridas"";""Pleno dia"";""Crescente"";""Sol"";""Simples"";""Não Informado"";""Sim"";467682;""Automóvel"";""VW/VOYAGE 1.6 COMFORTL"";2012;""Condutor"";""Ileso"";47;""Feminino"";1;0;0;0;-19",84128025;-43,"87161613;""SR-MG"";""DEL4/1"";""UOP01/MG""",
"262166;583769;2020-01-11;""sábado"";""16:10:00"";""MG"";381;454;""BELO HORIZONTE"";""Não"";""Desobediência às normas de trânsito pelo condutor"";1;""Engavetamento"";""Com Vítimas Feridas"";""Pleno dia"";""Crescente"";""Sol"";""Simples"";""Não Informado"";""Sim"";467681;""Automóvel"";""VW/GOL 1.0"";2007;""Passageiro"";""Lesões Leves"";25;""Masculino"";0;1;0;0;-19",84128025;-43,"87161613;""SR-MG"";""DEL4/1"";""UOP01/MG""",
"262166;583768;2020-01-11;""sábado"";""16:10:00"";""MG"";381;454;""BELO HORIZONTE"";""Não"";""Desobediência às normas de trânsito pelo condutor"";1;""Engavetamento"";""Com Vítimas Feridas"";""Pleno dia"";""Crescente"";""Sol"";""Simples"";""Não Informado"";""Sim"";467681;""Automóvel"";""VW/GOL 1.0"";2007;""Condutor"";""Ileso"";43;""Masculino"";1;0;0;0;-19",84128025;-43,"87161613;""SR-MG"";""DEL4/1"";""UOP01/MG""",
"262166;583767;2020-01-11;""sábado"";""16:10:00"";""MG"";381;454;""BELO HORIZONTE"";""Não"";""Desobediência às normas de trânsito pelo condutor"";1;""Engavetamento"";""Com Vítimas Feridas"";""Pleno dia"";""Crescente"";""Sol"";""Simples"";""Não Informado"";""Sim"";467680;""Automóvel"";""VW/NOVO GOL 1.6"";2014;""Passageiro"";""Lesões Leves"";61;""Feminino"";0;1;0;0;-19",84128025;-43,"87161613;""SR-MG"";""DEL4/1"";""UOP01/MG""",
"262166;583758;2020-01-11;""sábado"";""16:10:00"";""MG"";381;454;""BELO HORIZONTE"";""Não"";""Desobediência às normas de trânsito pelo condutor"";1;""Engavetamento"";""Com Vítimas Feridas"";""Pleno dia"";""Crescente"";""Sol"";""Simples"";""Não Informado"";""Sim"";467680;""Automóvel"";""VW/NOVO GOL 1.6"";2014;""Condutor"";""Lesões Leves"";66;""Masculino"";0;1;0;0;-19",84128025;-43,"87161613;""SR-MG"";""DEL4/1"";""UOP01/MG""",
"262167;583719;2020-01-11;""sábado"";""16:30:00"";""RJ"";40;84;""PETROPOLIS"";""Sim"";""Velocidade Incompatível"";1;""Queda de ocupante de veículo"";""Com Vítimas Feridas"";""Pleno dia"";""Crescente"";""Garoa/Chuvisco"";""Simples"";""Curva"";""Não"";467653;""Motocicleta"";""HARLEY DAVIDSON/FLST"";2008;""Condutor"";""Lesões Leves"";56;""Masculino"";0;1;0;0;-22",52145512;-43,"23707996;""SR-RJ"";""DEL5/6"";""UOP03/RJ""",
"262168;583766;2020-01-11;""sábado"";""15:30:00"";""SC"";282;525;""XAXIM"";""Sim"";""Falta de Atenção à Condução"";1;""Colisão lateral"";""Com Vítimas Feridas"";""Pleno dia"";""Crescente"";""Nublado"";""Simples"";""Curva"";""Não"";467695;""Bicicleta"";"""";NA;""Condutor"";""Lesões Leves"";45;""Masculino"";0;1;0;0;-26",965441;-52,"566383;""SR-SC"";""DEL7"";""UOP01/SC""",
"262168;583762;2020-01-11;""sábado"";""15:30:00"";""SC"";282;525;""XAXIM"";""Sim"";""Falta de Atenção à Condução"";1;""Colisão lateral"";""Com Vítimas Feridas"";""Pleno dia"";""Crescente"";""Nublado"";""Simples"";""Curva"";""Não"";467644;""Automóvel"";""VW/FUSCA 1200"";1963;""Condutor"";""Ileso"";53;""Feminino"";1;0;0;0;-26",965441;-52,"566383;""SR-SC"";""DEL7"";""UOP01/SC""",
"262170;585573;2020-01-11;""sábado"";""17:00:00"";""AL"";424;93","7;""SATUBA"";""Sim"";""Ultrapassagem Indevida"";1;""Colisão frontal"";""Com Vítimas Feridas"";""Pleno dia"";""Decrescente"";""Céu Claro"";""Simples"";""Curva"";""Não"";467771;""Automóvel"";""PEUGEOT/208 ALLURE"";2013;""Condutor"";""Ileso"";31;""Feminino"";1;0;0;0;-9",59677301;-35,"87859208;""SR-AL"";""DEL13/2"";""UOP01/AL"""
"262170;585711;2020-01-11;""sábado"";""17:00:00"";""AL"";424;93","7;""SATUBA"";""Sim"";""Ultrapassagem Indevida"";1;""Colisão frontal"";""Com Vítimas Feridas"";""Pleno dia"";""Decrescente"";""Céu Claro"";""Simples"";""Curva"";""Não"";467771;""Automóvel"";""PEUGEOT/208 ALLURE"";2013;""Passageiro"";""Ileso"";20;""Masculino"";1;0;0;0;-9",59677301;-35,"87859208;""SR-AL"";""DEL13/2"";""UOP01/AL"""
"262170;585572;2020-01-11;""sábado"";""17:00:00"";""AL"";424;93","7;""SATUBA"";""Sim"";""Ultrapassagem Indevida"";1;""Colisão frontal"";""Com Vítimas Feridas"";""Pleno dia"";""Decrescente"";""Céu Claro"";""Simples"";""Curva"";""Não"";467770;""Ciclomotor"";""I/TRAXX JL50Q 2"";NA;""Condutor"";""Lesões Graves"";61;""Masculino"";0;0;1;0;-9",59677301;-35,"87859208;""SR-AL"";""DEL13/2"";""UOP01/AL"""
"262170;585570;2020-01-11;""sábado"";""17:00:00"";""AL"";424;93","7;""SATUBA"";""Sim"";""Ultrapassagem Indevida"";1;""Colisão frontal"";""Com Vítimas Feridas"";""Pleno dia"";""Decrescente"";""Céu Claro"";""Simples"";""Curva"";""Não"";467769;""Motocicleta"";""HONDA/CB250F TWISTER CBS"";2019;""Condutor"";""Lesões Graves"";41;""Masculino"";0;0;1;0;-9",59677301;-35,"87859208;""SR-AL"";""DEL13/2"";""UOP01/AL"""
"262171;583902;2020-01-11;""sábado"";""17:00:00"";""RN"";101;101;""PARNAMIRIM"";""Sim"";""Não guardar distância de segurança"";1;""Colisão traseira"";""Com Vítimas Feridas"";""Anoitecer"";""Crescente"";""Nublado"";""Dupla"";""Viaduto"";""Sim"";467826;""Motocicleta"";""HONDA/CG 125 FAN"";2008;""Condutor"";""Lesões Leves"";25;""Masculino"";0;1;0;0;-5",88681084;-35,"23143404;""SR-RN"";""DEL15/1"";""UOP01/RN""",
"262171;583904;2020-01-11;""sábado"";""17:00:00"";""RN"";101;101;""PARNAMIRIM"";""Sim"";""Não guardar distância de segurança"";1;""Colisão traseira"";""Com Vítimas Feridas"";""Anoitecer"";""Crescente"";""Nublado"";""Dupla"";""Viaduto"";""Sim"";467827;""Automóvel"";""TOYOTA/ETIOS HB XLS"";NA;""Condutor"";""Não Informado"";NA;""Não Informado"";0;0;0;0;-5",88681084;-35,"23143404;""SR-RN"";""DEL15/1"";""UOP01/RN""",
"262172;585462;2020-01-11;""sábado"";""17:25:00"";""MG"";40;552","1;""NOVA LIMA"";""Sim"";""Velocidade Incompatível"";1;""Colisão traseira"";""Com Vítimas Feridas"";""Pleno dia"";""Decrescente"";""Céu Claro"";""Dupla"";""Reta"";""Sim"";467673;""Motocicleta"";""I/HONDA CBR 1000RR SP"";2017;""Condutor"";""Lesões Graves"";58;""Masculino"";0;0;1;0;-20",06300602;-43,"97840023;""SR-MG"";""DEL4/1"";""UOP02/MG"""
"262172;585460;2020-01-11;""sábado"";""17:25:00"";""MG"";40;552","1;""NOVA LIMA"";""Sim"";""Velocidade Incompatível"";1;""Colisão traseira"";""Com Vítimas Feridas"";""Pleno dia"";""Decrescente"";""Céu Claro"";""Dupla"";""Reta"";""Sim"";467672;""Utilitário"";""JEEP/COMPASS TRAILHAWK D"";2016;""Condutor"";""Ileso"";50;""Masculino"";1;0;0;0;-20",06300602;-43,"97840023;""SR-MG"";""DEL4/1"";""UOP02/MG"""
"262172;585462;2020-01-11;""sábado"";""17:25:00"";""MG"";40;552","1;""NOVA LIMA"";""Sim"";""Velocidade Incompatível"";2;""Capotamento"";""Com Vítimas Feridas"";""Pleno dia"";""Decrescente"";""Céu Claro"";""Dupla"";""Reta"";""Sim"";467673;""Motocicleta"";""I/HONDA CBR 1000RR SP"";2017;""Condutor"";""Lesões Graves"";58;""Masculino"";0;0;1;0;-20",06300602;-43,"97840023;""SR-MG"";""DEL4/1"";""UOP02/MG"""
"262172;585460;2020-01-11;""sábado"";""17:25:00"";""MG"";40;552","1;""NOVA LIMA"";""Sim"";""Velocidade Incompatível"";2;""Capotamento"";""Com Vítimas Feridas"";""Pleno dia"";""Decrescente"";""Céu Claro"";""Dupla"";""Reta"";""Sim"";467672;""Utilitário"";""JEEP/COMPASS TRAILHAWK D"";2016;""Condutor"";""Ileso"";50;""Masculino"";1;0;0;0;-20",06300602;-43,"97840023;""SR-MG"";""DEL4/1"";""UOP02/MG"""
"262172;585462;2020-01-11;""sábado"";""17:25:00"";""MG"";40;552","1;""NOVA LIMA"";""Não"";""Não guardar distância de segurança"";1;""Colisão traseira"";""Com Vítimas Feridas"";""Pleno dia"";""Decrescente"";""Céu Claro"";""Dupla"";""Reta"";""Sim"";467673;""Motocicleta"";""I/HONDA CBR 1000RR SP"";2017;""Condutor"";""Lesões Graves"";58;""Masculino"";0;0;1;0;-20",06300602;-43,"97840023;""SR-MG"";""DEL4/1"";""UOP02/MG"""
"262172;585460;2020-01-11;""sábado"";""17:25:00"";""MG"";40;552","1;""NOVA LIMA"";""Não"";""Não guardar distância de segurança"";1;""Colisão traseira"";""Com Vítimas Feridas"";""Pleno dia"";""Decrescente"";""Céu Claro"";""Dupla"";""Reta"";""Sim"";467672;""Utilitário"";""JEEP/COMPASS TRAILHAWK D"";2016;""Condutor"";""Ileso"";50;""Masculino"";1;0;0;0;-20",06300602;-43,"97840023;""SR-MG"";""DEL4/1"";""UOP02/MG"""
"262172;585462;2020-01-11;""sábado"";""17:25:00"";""MG"";40;552","1;""NOVA LIMA"";""Não"";""Não guardar distância de segurança"";2;""Capotamento"";""Com Vítimas Feridas"";""Pleno dia"";""Decrescente"";""Céu Claro"";""Dupla"";""Reta"";""Sim"";467673;""Motocicleta"";""I/HONDA CBR 1000RR SP"";2017;""Condutor"";""Lesões Graves"";58;""Masculino"";0;0;1;0;-20",06300602;-43,"97840023;""SR-MG"";""DEL4/1"";""UOP02/MG"""
"262172;585460;2020-01-11;""sábado"";""17:25:00"";""MG"";40;552","1;""NOVA LIMA"";""Não"";""Não guardar distância de segurança"";2;""Capotamento"";""Com Vítimas Feridas"";""Pleno dia"";""Decrescente"";""Céu Claro"";""Dupla"";""Reta"";""Sim"";467672;""Utilitário"";""JEEP/COMPASS TRAILHAWK D"";2016;""Condutor"";""Ileso"";50;""Masculino"";1;0;0;0;-20",06300602;-43,"97840023;""SR-MG"";""DEL4/1"";""UOP02/MG"""
"262173;583823;2020-01-11;""sábado"";""15:30:00"";""PE"";428;61","5;""SANTA MARIA DA BOA VISTA"";""Sim"";""Condutor Dormindo"";1;""Saída de leito carroçável"";""Com Vítimas Feridas"";""Pleno dia"";""Crescente"";""Céu Claro"";""Simples"";""Reta"";""Não"";467728;""Automóvel"";""VW/VOYAGE CL MB"";2014;""Passageiro"";""Lesões Leves"";NA;""Feminino"";0;1;0;0;-8",63437585;-39,"71140213;""SR-PE"";""DEL11/6"";""UOP03/PE"""
"262173;583819;2020-01-11;""sábado"";""15:30:00"";""PE"";428;61","5;""SANTA MARIA DA BOA VISTA"";""Sim"";""Condutor Dormindo"";1;""Saída de leito carroçável"";""Com Vítimas Feridas"";""Pleno dia"";""Crescente"";""Céu Claro"";""Simples"";""Reta"";""Não"";467728;""Automóvel"";""VW/VOYAGE CL MB"";2014;""Passageiro"";""Lesões Leves"";39;""Feminino"";0;1;0;0;-8",63437585;-39,"71140213;""SR-PE"";""DEL11/6"";""UOP03/PE"""
"262173;583816;2020-01-11;""sábado"";""15:30:00"";""PE"";428;61","5;""SANTA MARIA DA BOA VISTA"";""Sim"";""Condutor Dormindo"";1;""Saída de leito carroçável"";""Com Vítimas Feridas"";""Pleno dia"";""Crescente"";""Céu Claro"";""Simples"";""Reta"";""Não"";467728;""Automóvel"";""VW/VOYAGE CL MB"";2014;""Condutor"";""Lesões Leves"";60;""Masculino"";0;1;0;0;-8",63437585;-39,"71140213;""SR-PE"";""DEL11/6"";""UOP03/PE"""
"262174;583907;2020-01-11;""sábado"";""17:42:00"";""SP"";116;167;""JACAREI"";""Sim"";""Falta de Atenção à Condução"";1;""Colisão com objeto estático"";""Sem Vítimas"";""Anoitecer"";""Decrescente"";""Nublado"";""Simples"";""Desvio Temporário"";""Sim"";467831;""Automóvel"";""VW/FOX 1.0"";2009;""Condutor"";""Ileso"";39;""Feminino"";1;0;0;0;-23",30254924;-46,"02640493;""SR-SP"";""DEL6/2"";""UOP01/SP""",
"262175;585770;2020-01-11;""sábado"";""14:45:00"";""BA"";116;901;""CANDIDO SALES"";""Sim"";""Falta de Atenção à Condução"";1;""Tombamento"";""Com Vítimas Feridas"";""Pleno dia"";""Crescente"";""Céu Claro"";""Simples"";""Reta"";""Não"";467652;""Caminhão-trator"";""M.BENZ/AXOR 2644S6X4"";2014;""Condutor"";""Lesões Leves"";35;""Masculino"";0;1;0;0;-15",36850535;-41,"18454395;""SR-BA"";""DEL10/8"";""UOP03/BA""",
"262176;583831;2020-01-11;""sábado"";""16:35:00"";""PR"";163;185;""SANTA TEREZA DO OESTE"";""Sim"";""Pista Escorregadia"";3;""Capotamento"";""Com Vítimas Feridas"";""Pleno dia"";""Decrescente"";""Nublado"";""Dupla"";""Curva"";""Não"";467678;""Automóvel"";""HONDA/FIT TWIST"";2012;""Passageiro"";""Ileso"";58;""Feminino"";1;0;0;0;-25",13565591;-53,"58359882;""SR-PR"";""DEL7/4"";""UOP06/PR""",
"262176;583830;2020-01-11;""sábado"";""16:35:00"";""PR"";163;185;""SANTA TEREZA DO OESTE"";""Sim"";""Pista Escorregadia"";3;""Capotamento"";""Com Vítimas Feridas"";""Pleno dia"";""Decrescente"";""Nublado"";""Dupla"";""Curva"";""Não"";467678;""Automóvel"";""HONDA/FIT TWIST"";2012;""Condutor"";""Lesões Leves"";62;""Masculino"";0;1;0;0;-25",13565591;-53,"58359882;""SR-PR"";""DEL7/4"";""UOP06/PR""",
"262176;583831;2020-01-11;""sábado"";""16:35:00"";""PR"";163;185;""SANTA TEREZA DO OESTE"";""Sim"";""Pista Escorregadia"";2;""Colisão com objeto estático"";""Com Vítimas Feridas"";""Pleno dia"";""Decrescente"";""Nublado"";""Dupla"";""Curva"";""Não"";467678;""Automóvel"";""HONDA/FIT TWIST"";2012;""Passageiro"";""Ileso"";58;""Feminino"";1;0;0;0;-25",13565591;-53,"58359882;""SR-PR"";""DEL7/4"";""UOP06/PR""",
"262176;583830;2020-01-11;""sábado"";""16:35:00"";""PR"";163;185;""SANTA TEREZA DO OESTE"";""Sim"";""Pista Escorregadia"";2;""Colisão com objeto estático"";""Com Vítimas Feridas"";""Pleno dia"";""Decrescente"";""Nublado"";""Dupla"";""Curva"";""Não"";467678;""Automóvel"";""HONDA/FIT TWIST"";2012;""Condutor"";""Lesões Leves"";62;""Masculino"";0;1;0;0;-25",13565591;-53,"58359882;""SR-PR"";""DEL7/4"";""UOP06/PR""",
"262176;583831;2020-01-11;""sábado"";""16:35:00"";""PR"";163;185;""SANTA TEREZA DO OESTE"";""Sim"";""Pista Escorregadia"";1;""Saída de leito carroçável"";""Com Vítimas Feridas"";""Pleno dia"";""Decrescente"";""Nublado"";""Dupla"";""Curva"";""Não"";467678;""Automóvel"";""HONDA/FIT TWIST"";2012;""Passageiro"";""Ileso"";58;""Feminino"";1;0;0;0;-25",13565591;-53,"58359882;""SR-PR"";""DEL7/4"";""UOP06/PR""",
"262176;583830;2020-01-11;""sábado"";""16:35:00"";""PR"";163;185;""SANTA TEREZA DO OESTE"";""Sim"";""Pista Escorregadia"";1;""Saída de leito carroçável"";""Com Vítimas Feridas"";""Pleno dia"";""Decrescente"";""Nublado"";""Dupla"";""Curva"";""Não"";467678;""Automóvel"";""HONDA/FIT TWIST"";2012;""Condutor"";""Lesões Leves"";62;""Masculino"";0;1;0;0;-25",13565591;-53,"58359882;""SR-PR"";""DEL7/4"";""UOP06/PR""",
"262177;583742;2020-01-11;""sábado"";""17:40:00"";""RS"";386;342","8;""LAJEADO"";""Sim"";""Mal Súbito"";4;""Capotamento"";""Com Vítimas Feridas"";""Pleno dia"";""Crescente"";""Céu Claro"";""Simples"";""Reta"";""Sim"";467679;""Automóvel"";""GM/ASTRA HB 4P ADVANTAGE"";2009;""Passageiro"";""Lesões Leves"";1;""Masculino"";0;1;0;0;-29",431631;-52,"011932;""SR-RS"";""DEL9/4"";""UOP01/RS"""
"262177;583741;2020-01-11;""sábado"";""17:40:00"";""RS"";386;342","8;""LAJEADO"";""Sim"";""Mal Súbito"";4;""Capotamento"";""Com Vítimas Feridas"";""Pleno dia"";""Crescente"";""Céu Claro"";""Simples"";""Reta"";""Sim"";467679;""Automóvel"";""GM/ASTRA HB 4P ADVANTAGE"";2009;""Condutor"";""Lesões Leves"";32;""Feminino"";0;1;0;0;-29",431631;-52,"011932;""SR-RS"";""DEL9/4"";""UOP01/RS"""
"262177;583742;2020-01-11;""sábado"";""17:40:00"";""RS"";386;342","8;""LAJEADO"";""Sim"";""Mal Súbito"";3;""Colisão com objeto estático"";""Com Vítimas Feridas"";""Pleno dia"";""Crescente"";""Céu Claro"";""Simples"";""Reta"";""Sim"";467679;""Automóvel"";""GM/ASTRA HB 4P ADVANTAGE"";2009;""Passageiro"";""Lesões Leves"";1;""Masculino"";0;1;0;0;-29",431631;-52,"011932;""SR-RS"";""DEL9/4"";""UOP01/RS"""
"262177;583741;2020-01-11;""sábado"";""17:40:00"";""RS"";386;342","8;""LAJEADO"";""Sim"";""Mal Súbito"";3;""Colisão com objeto estático"";""Com Vítimas Feridas"";""Pleno dia"";""Crescente"";""Céu Claro"";""Simples"";""Reta"";""Sim"";467679;""Automóvel"";""GM/ASTRA HB 4P ADVANTAGE"";2009;""Condutor"";""Lesões Leves"";32;""Feminino"";0;1;0;0;-29",431631;-52,"011932;""SR-RS"";""DEL9/4"";""UOP01/RS"""
"262177;583742;2020-01-11;""sábado"";""17:40:00"";""RS"";386;342","8;""LAJEADO"";""Sim"";""Mal Súbito"";2;""Colisão com objeto estático"";""Com Vítimas Feridas"";""Pleno dia"";""Crescente"";""Céu Claro"";""Simples"";""Reta"";""Sim"";467679;""Automóvel"";""GM/ASTRA HB 4P ADVANTAGE"";2009;""Passageiro"";""Lesões Leves"";1;""Masculino"";0;1;0;0;-29",431631;-52,"011932;""SR-RS"";""DEL9/4"";""UOP01/RS"""
"262177;583741;2020-01-11;""sábado"";""17:40:00"";""RS"";386;342","8;""LAJEADO"";""Sim"";""Mal Súbito"";2;""Colisão com objeto estático"";""Com Vítimas Feridas"";""Pleno dia"";""Crescente"";""Céu Claro"";""Simples"";""Reta"";""Sim"";467679;""Automóvel"";""GM/ASTRA HB 4P ADVANTAGE"";2009;""Condutor"";""Lesões Leves"";32;""Feminino"";0;1;0;0;-29",431631;-52,"011932;""SR-RS"";""DEL9/4"";""UOP01/RS"""
"262177;583742;2020-01-11;""sábado"";""17:40:00"";""RS"";386;342","8;""LAJEADO"";""Sim"";""Mal Súbito"";1;""Saída de leito carroçável"";""Com Vítimas Feridas"";""Pleno dia"";""Crescente"";""Céu Claro"";""Simples"";""Reta"";""Sim"";467679;""Automóvel"";""GM/ASTRA HB 4P ADVANTAGE"";2009;""Passageiro"";""Lesões Leves"";1;""Masculino"";0;1;0;0;-29",431631;-52,"011932;""SR-RS"";""DEL9/4"";""UOP01/RS"""
"262177;583741;2020-01-11;""sábado"";""17:40:00"";""RS"";386;342","8;""LAJEADO"";""Sim"";""Mal Súbito"";1;""Saída de leito carroçável"";""Com Vítimas Feridas"";""Pleno dia"";""Crescente"";""Céu Claro"";""Simples"";""Reta"";""Sim"";467679;""Automóvel"";""GM/ASTRA HB 4P ADVANTAGE"";2009;""Condutor"";""Lesões Leves"";32;""Feminino"";0;1;0;0;-29",431631;-52,"011932;""SR-RS"";""DEL9/4"";""UOP01/RS"""
"262177;583742;2020-01-11;""sábado"";""17:40:00"";""RS"";386;342","8;""LAJEADO"";""Não"";""Velocidade Incompatível"";4;""Capotamento"";""Com Vítimas Feridas"";""Pleno dia"";""Crescente"";""Céu Claro"";""Simples"";""Reta"";""Sim"";467679;""Automóvel"";""GM/ASTRA HB 4P ADVANTAGE"";2009;""Passageiro"";""Lesões Leves"";1;""Masculino"";0;1;0;0;-29",431631;-52,"011932;""SR-RS"";""DEL9/4"";""UOP01/RS"""
"262177;583741;2020-01-11;""sábado"";""17:40:00"";""RS"";386;342","8;""LAJEADO"";""Não"";""Velocidade Incompatível"";4;""Capotamento"";""Com Vítimas Feridas"";""Pleno dia"";""Crescente"";""Céu Claro"";""Simples"";""Reta"";""Sim"";467679;""Automóvel"";""GM/ASTRA HB 4P ADVANTAGE"";2009;""Condutor"";""Lesões Leves"";32;""Feminino"";0;1;0;0;-29",431631;-52,"011932;""SR-RS"";""DEL9/4"";""UOP01/RS"""
"262177;583742;2020-01-11;""sábado"";""17:40:00"";""RS"";386;342","8;""LAJEADO"";""Não"";""Velocidade Incompatível"";3;""Colisão com objeto estático"";""Com Vítimas Feridas"";""Pleno dia"";""Crescente"";""Céu Claro"";""Simples"";""Reta"";""Sim"";467679;""Automóvel"";""GM/ASTRA HB 4P ADVANTAGE"";2009;""Passageiro"";""Lesões Leves"";1;""Masculino"";0;1;0;0;-29",431631;-52,"011932;""SR-RS"";""DEL9/4"";""UOP01/RS"""
"262177;583741;2020-01-11;""sábado"";""17:40:00"";""RS"";386;342","8;""LAJEADO"";""Não"";""Velocidade Incompatível"";3;""Colisão com objeto estático"";""Com Vítimas Feridas"";""Pleno dia"";""Crescente"";""Céu Claro"";""Simples"";""Reta"";""Sim"";467679;""Automóvel"";""GM/ASTRA HB 4P ADVANTAGE"";2009;""Condutor"";""Lesões Leves"";32;""Feminino"";0;1;0;0;-29",431631;-52,"011932;""SR-RS"";""DEL9/4"";""UOP01/RS"""
"262177;583742;2020-01-11;""sábado"";""17:40:00"";""RS"";386;342","8;""LAJEADO"";""Não"";""Velocidade Incompatível"";2;""Colisão com objeto estático"";""Com Vítimas Feridas"";""Pleno dia"";""Crescente"";""Céu Claro"";""Simples"";""Reta"";""Sim"";467679;""Automóvel"";""GM/ASTRA HB 4P ADVANTAGE"";2009;""Passageiro"";""Lesões Leves"";1;""Masculino"";0;1;0;0;-29",431631;-52,"011932;""SR-RS"";""DEL9/4"";""UOP01/RS"""
"262177;583741;2020-01-11;""sábado"";""17:40:00"";""RS"";386;342","8;""LAJEADO"";""Não"";""Velocidade Incompatível"";2;""Colisão com objeto estático"";""Com Vítimas Feridas"";""Pleno dia"";""Crescente"";""Céu Claro"";""Simples"";""Reta"";""Sim"";467679;""Automóvel"";""GM/ASTRA HB 4P ADVANTAGE"";2009;""Condutor"";""Lesões Leves"";32;""Feminino"";0;1;0;0;-29",431631;-52,"011932;""SR-RS"";""DEL9/4"";""UOP01/RS"""
"262177;583742;2020-01-11;""sábado"";""17:40:00"";""RS"";386;342","8;""LAJEADO"";""Não"";""Velocidade Incompatível"";1;""Saída de leito carroçável"";""Com Vítimas Feridas"";""Pleno dia"";""Crescente"";""Céu Claro"";""Simples"";""Reta"";""Sim"";467679;""Automóvel"";""GM/ASTRA HB 4P ADVANTAGE"";2009;""Passageiro"";""Lesões Leves"";1;""Masculino"";0;1;0;0;-29",431631;-52,"011932;""SR-RS"";""DEL9/4"";""UOP01/RS"""
"262177;583741;2020-01-11;""sábado"";""17:40:00"";""RS"";386;342","8;""LAJEADO"";""Não"";""Velocidade Incompatível"";1;""Saída de leito carroçável"";""Com Vítimas Feridas"";""Pleno dia"";""Crescente"";""Céu Claro"";""Simples"";""Reta"";""Sim"";467679;""Automóvel"";""GM/ASTRA HB 4P ADVANTAGE"";2009;""Condutor"";""Lesões Leves"";32;""Feminino"";0;1;0;0;-29",431631;-52,"011932;""SR-RS"";""DEL9/4"";""UOP01/RS"""
"262177;583742;2020-01-11;""sábado"";""17:40:00"";""RS"";386;342","8;""LAJEADO"";""Não"";""Falta de Atenção à Condução"";4;""Capotamento"";""Com Vítimas Feridas"";""Pleno dia"";""Crescente"";""Céu Claro"";""Simples"";""Reta"";""Sim"";467679;""Automóvel"";""GM/ASTRA HB 4P ADVANTAGE"";2009;""Passageiro"";""Lesões Leves"";1;""Masculino"";0;1;0;0;-29",431631;-52,"011932;""SR-RS"";""DEL9/4"";""UOP01/RS"""
"262177;583741;2020-01-11;""sábado"";""17:40:00"";""RS"";386;342","8;""LAJEADO"";""Não"";""Falta de Atenção à Condução"";4;""Capotamento"";""Com Vítimas Feridas"";""Pleno dia"";""Crescente"";""Céu Claro"";""Simples"";""Reta"";""Sim"";467679;""Automóvel"";""GM/ASTRA HB 4P ADVANTAGE"";2009;""Condutor"";""Lesões Leves"";32;""Feminino"";0;1;0;0;-29",431631;-52,"011932;""SR-RS"";""DEL9/4"";""UOP01/RS"""
"262177;583742;2020-01-11;""sábado"";""17:40:00"";""RS"";386;342","8;""LAJEADO"";""Não"";""Falta de Atenção à Condução"";3;""Colisão com objeto estático"";""Com Vítimas Feridas"";""Pleno dia"";""Crescente"";""Céu Claro"";""Simples"";""Reta"";""Sim"";467679;""Automóvel"";""GM/ASTRA HB 4P ADVANTAGE"";2009;""Passageiro"";""Lesões Leves"";1;""Masculino"";0;1;0;0;-29",431631;-52,"011932;""SR-RS"";""DEL9/4"";""UOP01/RS"""
"262177;583741;2020-01-11;""sábado"";""17:40:00"";""RS"";386;342","8;""LAJEADO"";""Não"";""Falta de Atenção à Condução"";3;""Colisão com objeto estático"";""Com Vítimas Feridas"";""Pleno dia"";""Crescente"";""Céu Claro"";""Simples"";""Reta"";""Sim"";467679;""Automóvel"";""GM/ASTRA HB 4P ADVANTAGE"";2009;""Condutor"";""Lesões Leves"";32;""Feminino"";0;1;0;0;-29",431631;-52,"011932;""SR-RS"";""DEL9/4"";""UOP01/RS"""