"id;""pesid"";""data_inversa"";""dia_semana"";""horario"";""uf"";""br"";""km"";""municipio"";""causa_principal"";""causa_acidente"";""ordem_tipo_acidente"";""tipo_acidente"";""classificacao_acidente"";""fase_dia"";""sentido_via"";""condicao_metereologica"";""tipo_pista"";""tracado_via"";""uso_solo"";""id_veiculo"";""tipo_veiculo"";""marca"";""ano_fabricacao_veiculo"";""tipo_envolvido"";""estado_fisico"";""idade"";""sexo"";""ilesos"";""feridos_leves"";""feridos_graves"";""mortos"";""latitude"";""longitude"";""regional"";""delegacia"";""uop""",,,
"262236;583920;2020-01-11;""sábado"";""20:40:00"";""BA"";116;652;""JEQUIE"";""Sim"";""Desobediência às normas de trânsito pelo condutor"";1;""Colisão frontal"";""Com Vítimas Feridas"";""Plena Noite"";""Crescente"";""Céu Claro"";""Simples"";""Curva"";""Não"";467846;""Camioneta"";""HYUNDAI/IX35 B"";2016;""Passageiro"";""Ileso"";34;""Masculino"";1;0;0;0;-13",62855903;-40,"09262869;""SR-BA"";""DEL10/3"";""UOP01/BA""",
"262236;583919;2020-01-11;""sábado"";""20:40:00"";""BA"";116;652;""JEQUIE"";""Sim"";""Desobediência às normas de trânsito pelo condutor"";1;""Colisão frontal"";""Com Vítimas Feridas"";""Plena Noite"";""Crescente"";""Céu Claro"";""Simples"";""Curva"";""Não"";467846;""Camioneta"";""HYUNDAI/IX35 B"";2016;""Condutor"";""Ileso"";58;""Masculino"";1;0;0;0;-13",62855903;-40,"09262869;""SR-BA"";""DEL10/3"";""UOP01/BA""",
"262237;585553;2020-01-12;""domingo"";""00:00:00"";""RN"";304;32","8;""MOSSORO"";""Sim"";""Desobediência às normas de trânsito pelo condutor"";1;""Colisão traseira"";""Com Vítimas Feridas"";""Plena Noite"";""Decrescente"";""Céu Claro"";""Dupla"";""Reta"";""Sim"";467850;""Automóvel"";""FIAT/PALIO ATTRACTIV 1.0"";2012;""Condutor"";""Ileso"";46;""Masculino"";1;0;0;0;-5",14281975;-37,"34659016;""SR-RN"";""DEL15/4"";""UOP02/RN"""
"262237;585555;2020-01-12;""domingo"";""00:00:00"";""RN"";304;32","8;""MOSSORO"";""Sim"";""Desobediência às normas de trânsito pelo condutor"";1;""Colisão traseira"";""Com Vítimas Feridas"";""Plena Noite"";""Decrescente"";""Céu Claro"";""Dupla"";""Reta"";""Sim"";467850;""Automóvel"";""FIAT/PALIO ATTRACTIV 1.0"";2012;""Testemunha"";""Não Informado"";NA;""Não Informado"";0;0;0;0;-5",14281975;-37,"34659016;""SR-RN"";""DEL15/4"";""UOP02/RN"""
"262237;585758;2020-01-12;""domingo"";""00:00:00"";""RN"";304;32","8;""MOSSORO"";""Sim"";""Desobediência às normas de trânsito pelo condutor"";1;""Colisão traseira"";""Com Vítimas Feridas"";""Plena Noite"";""Decrescente"";""Céu Claro"";""Dupla"";""Reta"";""Sim"";467849;""Ciclomotor"";""I/SHINERAY"";NA;""Condutor"";""Lesões Graves"";49;""Masculino"";0;0;1;0;-5",14281975;-37,"34659016;""SR-RN"";""DEL15/4"";""UOP02/RN"""
"262237;585555;2020-01-12;""domingo"";""00:00:00"";""RN"";304;32","8;""MOSSORO"";""Sim"";""Desobediência às normas de trânsito pelo condutor"";1;""Colisão traseira"";""Com Vítimas Feridas"";""Plena Noite"";""Decrescente"";""Céu Claro"";""Dupla"";""Reta"";""Sim"";467849;""Ciclomotor"";""I/SHINERAY"";NA;""Testemunha"";""Não Informado"";NA;""Não Informado"";0;0;0;0;-5",14281975;-37,"34659016;""SR-RN"";""DEL15/4"";""UOP02/RN"""
"262237;585553;2020-01-12;""domingo"";""00:00:00"";""RN"";304;32","8;""MOSSORO"";""Não"";""Defeito Mecânico no Veículo"";1;""Colisão traseira"";""Com Vítimas Feridas"";""Plena Noite"";""Decrescente"";""Céu Claro"";""Dupla"";""Reta"";""Sim"";467850;""Automóvel"";""FIAT/PALIO ATTRACTIV 1.0"";2012;""Condutor"";""Ileso"";46;""Masculino"";1;0;0;0;-5",14281975;-37,"34659016;""SR-RN"";""DEL15/4"";""UOP02/RN"""
"262237;585555;2020-01-12;""domingo"";""00:00:00"";""RN"";304;32","8;""MOSSORO"";""Não"";""Defeito Mecânico no Veículo"";1;""Colisão traseira"";""Com Vítimas Feridas"";""Plena Noite"";""Decrescente"";""Céu Claro"";""Dupla"";""Reta"";""Sim"";467850;""Automóvel"";""FIAT/PALIO ATTRACTIV 1.0"";2012;""Testemunha"";""Não Informado"";NA;""Não Informado"";0;0;0;0;-5",14281975;-37,"34659016;""SR-RN"";""DEL15/4"";""UOP02/RN"""
"262237;585758;2020-01-12;""domingo"";""00:00:00"";""RN"";304;32","8;""MOSSORO"";""Não"";""Defeito Mecânico no Veículo"";1;""Colisão traseira"";""Com Vítimas Feridas"";""Plena Noite"";""Decrescente"";""Céu Claro"";""Dupla"";""Reta"";""Sim"";467849;""Ciclomotor"";""I/SHINERAY"";NA;""Condutor"";""Lesões Graves"";49;""Masculino"";0;0;1;0;-5",14281975;-37,"34659016;""SR-RN"";""DEL15/4"";""UOP02/RN"""
"262237;585555;2020-01-12;""domingo"";""00:00:00"";""RN"";304;32","8;""MOSSORO"";""Não"";""Defeito Mecânico no Veículo"";1;""Colisão traseira"";""Com Vítimas Feridas"";""Plena Noite"";""Decrescente"";""Céu Claro"";""Dupla"";""Reta"";""Sim"";467849;""Ciclomotor"";""I/SHINERAY"";NA;""Testemunha"";""Não Informado"";NA;""Não Informado"";0;0;0;0;-5",14281975;-37,"34659016;""SR-RN"";""DEL15/4"";""UOP02/RN"""
"262238;583879;2020-01-12;""domingo"";""00:13:00"";""DF"";20;21","4;""BRASILIA"";""Sim"";""Ingestão de Álcool"";1;""Colisão traseira"";""Sem Vítimas"";""Plena Noite"";""Crescente"";""Céu Claro"";""Dupla"";""Reta"";""Sim"";467797;""Caminhonete"";""GM/S10 EXECUTIVE D 4X4"";2010;""Condutor"";""Ileso"";70;""Masculino"";1;0;0;0;-15",603384;-47,"684692;""SR-DF"";""UOP01/DEL02/DF"";"""""
"262238;583876;2020-01-12;""domingo"";""00:13:00"";""DF"";20;21","4;""BRASILIA"";""Sim"";""Ingestão de Álcool"";1;""Colisão traseira"";""Sem Vítimas"";""Plena Noite"";""Crescente"";""Céu Claro"";""Dupla"";""Reta"";""Sim"";467796;""Automóvel"";""I/AUDI A3 LM 122CV I"";2015;""Condutor"";""Ileso"";53;""Masculino"";1;0;0;0;-15",603384;-47,"684692;""SR-DF"";""UOP01/DEL02/DF"";"""""
"262239;585499;2020-01-11;""sábado"";""23:55:00"";""RS"";290;24","7;""SANTO ANTONIO DA PATRULHA"";""Sim"";""Condutor Dormindo"";1;""Saída de leito carroçável"";""Com Vítimas Feridas"";""Pleno dia"";""Decrescente"";""Nublado"";""Dupla"";""Reta"";""Não"";467787;""Ônibus"";""VOLVO/B12 400 6X2"";1997;""Passageiro"";""Ileso"";44;""Masculino"";1;0;0;0;-29",881028;-50,"500003;""SR-RS"";""DEL9/3"";""UOP01/RS"""
"262239;585507;2020-01-11;""sábado"";""23:55:00"";""RS"";290;24","7;""SANTO ANTONIO DA PATRULHA"";""Sim"";""Condutor Dormindo"";1;""Saída de leito carroçável"";""Com Vítimas Feridas"";""Pleno dia"";""Decrescente"";""Nublado"";""Dupla"";""Reta"";""Não"";467787;""Ônibus"";""VOLVO/B12 400 6X2"";1997;""Passageiro"";""Lesões Leves"";71;""Masculino"";0;1;0;0;-29",881028;-50,"500003;""SR-RS"";""DEL9/3"";""UOP01/RS"""
"262239;585506;2020-01-11;""sábado"";""23:55:00"";""RS"";290;24","7;""SANTO ANTONIO DA PATRULHA"";""Sim"";""Condutor Dormindo"";1;""Saída de leito carroçável"";""Com Vítimas Feridas"";""Pleno dia"";""Decrescente"";""Nublado"";""Dupla"";""Reta"";""Não"";467787;""Ônibus"";""VOLVO/B12 400 6X2"";1997;""Passageiro"";""Lesões Leves"";49;""Masculino"";0;1;0;0;-29",881028;-50,"500003;""SR-RS"";""DEL9/3"";""UOP01/RS"""
"262239;585505;2020-01-11;""sábado"";""23:55:00"";""RS"";290;24","7;""SANTO ANTONIO DA PATRULHA"";""Sim"";""Condutor Dormindo"";1;""Saída de leito carroçável"";""Com Vítimas Feridas"";""Pleno dia"";""Decrescente"";""Nublado"";""Dupla"";""Reta"";""Não"";467787;""Ônibus"";""VOLVO/B12 400 6X2"";1997;""Passageiro"";""Lesões Leves"";30;""Masculino"";0;1;0;0;-29",881028;-50,"500003;""SR-RS"";""DEL9/3"";""UOP01/RS"""
"262239;585493;2020-01-11;""sábado"";""23:55:00"";""RS"";290;24","7;""SANTO ANTONIO DA PATRULHA"";""Sim"";""Condutor Dormindo"";1;""Saída de leito carroçável"";""Com Vítimas Feridas"";""Pleno dia"";""Decrescente"";""Nublado"";""Dupla"";""Reta"";""Não"";467787;""Ônibus"";""VOLVO/B12 400 6X2"";1997;""Passageiro"";""Lesões Leves"";64;""Feminino"";0;1;0;0;-29",881028;-50,"500003;""SR-RS"";""DEL9/3"";""UOP01/RS"""
"262239;585483;2020-01-11;""sábado"";""23:55:00"";""RS"";290;24","7;""SANTO ANTONIO DA PATRULHA"";""Sim"";""Condutor Dormindo"";1;""Saída de leito carroçável"";""Com Vítimas Feridas"";""Pleno dia"";""Decrescente"";""Nublado"";""Dupla"";""Reta"";""Não"";467787;""Ônibus"";""VOLVO/B12 400 6X2"";1997;""Passageiro"";""Lesões Leves"";65;""Masculino"";0;1;0;0;-29",881028;-50,"500003;""SR-RS"";""DEL9/3"";""UOP01/RS"""
"262239;585482;2020-01-11;""sábado"";""23:55:00"";""RS"";290;24","7;""SANTO ANTONIO DA PATRULHA"";""Sim"";""Condutor Dormindo"";1;""Saída de leito carroçável"";""Com Vítimas Feridas"";""Pleno dia"";""Decrescente"";""Nublado"";""Dupla"";""Reta"";""Não"";467787;""Ônibus"";""VOLVO/B12 400 6X2"";1997;""Passageiro"";""Lesões Leves"";21;""Masculino"";0;1;0;0;-29",881028;-50,"500003;""SR-RS"";""DEL9/3"";""UOP01/RS"""
"262239;585467;2020-01-11;""sábado"";""23:55:00"";""RS"";290;24","7;""SANTO ANTONIO DA PATRULHA"";""Sim"";""Condutor Dormindo"";1;""Saída de leito carroçável"";""Com Vítimas Feridas"";""Pleno dia"";""Decrescente"";""Nublado"";""Dupla"";""Reta"";""Não"";467787;""Ônibus"";""VOLVO/B12 400 6X2"";1997;""Passageiro"";""Lesões Leves"";44;""Feminino"";0;1;0;0;-29",881028;-50,"500003;""SR-RS"";""DEL9/3"";""UOP01/RS"""
"262239;585471;2020-01-11;""sábado"";""23:55:00"";""RS"";290;24","7;""SANTO ANTONIO DA PATRULHA"";""Sim"";""Condutor Dormindo"";1;""Saída de leito carroçável"";""Com Vítimas Feridas"";""Pleno dia"";""Decrescente"";""Nublado"";""Dupla"";""Reta"";""Não"";467787;""Ônibus"";""VOLVO/B12 400 6X2"";1997;""Passageiro"";""Lesões Leves"";49;""Feminino"";0;1;0;0;-29",881028;-50,"500003;""SR-RS"";""DEL9/3"";""UOP01/RS"""
"262239;585472;2020-01-11;""sábado"";""23:55:00"";""RS"";290;24","7;""SANTO ANTONIO DA PATRULHA"";""Sim"";""Condutor Dormindo"";1;""Saída de leito carroçável"";""Com Vítimas Feridas"";""Pleno dia"";""Decrescente"";""Nublado"";""Dupla"";""Reta"";""Não"";467787;""Ônibus"";""VOLVO/B12 400 6X2"";1997;""Passageiro"";""Lesões Leves"";65;""Feminino"";0;1;0;0;-29",881028;-50,"500003;""SR-RS"";""DEL9/3"";""UOP01/RS"""
"262239;585474;2020-01-11;""sábado"";""23:55:00"";""RS"";290;24","7;""SANTO ANTONIO DA PATRULHA"";""Sim"";""Condutor Dormindo"";1;""Saída de leito carroçável"";""Com Vítimas Feridas"";""Pleno dia"";""Decrescente"";""Nublado"";""Dupla"";""Reta"";""Não"";467787;""Ônibus"";""VOLVO/B12 400 6X2"";1997;""Passageiro"";""Lesões Leves"";65;""Feminino"";0;1;0;0;-29",881028;-50,"500003;""SR-RS"";""DEL9/3"";""UOP01/RS"""
"262239;585466;2020-01-11;""sábado"";""23:55:00"";""RS"";290;24","7;""SANTO ANTONIO DA PATRULHA"";""Sim"";""Condutor Dormindo"";1;""Saída de leito carroçável"";""Com Vítimas Feridas"";""Pleno dia"";""Decrescente"";""Nublado"";""Dupla"";""Reta"";""Não"";467787;""Ônibus"";""VOLVO/B12 400 6X2"";1997;""Condutor"";""Ileso"";50;""Masculino"";1;0;0;0;-29",881028;-50,"500003;""SR-RS"";""DEL9/3"";""UOP01/RS"""
"262239;585484;2020-01-11;""sábado"";""23:55:00"";""RS"";290;24","7;""SANTO ANTONIO DA PATRULHA"";""Sim"";""Condutor Dormindo"";1;""Saída de leito carroçável"";""Com Vítimas Feridas"";""Pleno dia"";""Decrescente"";""Nublado"";""Dupla"";""Reta"";""Não"";467787;""Ônibus"";""VOLVO/B12 400 6X2"";1997;""Passageiro"";""Lesões Graves"";42;""Feminino"";0;0;1;0;-29",881028;-50,"500003;""SR-RS"";""DEL9/3"";""UOP01/RS"""
"262239;585468;2020-01-11;""sábado"";""23:55:00"";""RS"";290;24","7;""SANTO ANTONIO DA PATRULHA"";""Sim"";""Condutor Dormindo"";1;""Saída de leito carroçável"";""Com Vítimas Feridas"";""Pleno dia"";""Decrescente"";""Nublado"";""Dupla"";""Reta"";""Não"";467787;""Ônibus"";""VOLVO/B12 400 6X2"";1997;""Passageiro"";""Lesões Leves"";54;""Feminino"";0;1;0;0;-29",881028;-50,"500003;""SR-RS"";""DEL9/3"";""UOP01/RS"""
"262239;585499;2020-01-11;""sábado"";""23:55:00"";""RS"";290;24","7;""SANTO ANTONIO DA PATRULHA"";""Sim"";""Condutor Dormindo"";2;""Tombamento"";""Com Vítimas Feridas"";""Pleno dia"";""Decrescente"";""Nublado"";""Dupla"";""Reta"";""Não"";467787;""Ônibus"";""VOLVO/B12 400 6X2"";1997;""Passageiro"";""Ileso"";44;""Masculino"";1;0;0;0;-29",881028;-50,"500003;""SR-RS"";""DEL9/3"";""UOP01/RS"""
"262239;585507;2020-01-11;""sábado"";""23:55:00"";""RS"";290;24","7;""SANTO ANTONIO DA PATRULHA"";""Sim"";""Condutor Dormindo"";2;""Tombamento"";""Com Vítimas Feridas"";""Pleno dia"";""Decrescente"";""Nublado"";""Dupla"";""Reta"";""Não"";467787;""Ônibus"";""VOLVO/B12 400 6X2"";1997;""Passageiro"";""Lesões Leves"";71;""Masculino"";0;1;0;0;-29",881028;-50,"500003;""SR-RS"";""DEL9/3"";""UOP01/RS"""
"262239;585506;2020-01-11;""sábado"";""23:55:00"";""RS"";290;24","7;""SANTO ANTONIO DA PATRULHA"";""Sim"";""Condutor Dormindo"";2;""Tombamento"";""Com Vítimas Feridas"";""Pleno dia"";""Decrescente"";""Nublado"";""Dupla"";""Reta"";""Não"";467787;""Ônibus"";""VOLVO/B12 400 6X2"";1997;""Passageiro"";""Lesões Leves"";49;""Masculino"";0;1;0;0;-29",881028;-50,"500003;""SR-RS"";""DEL9/3"";""UOP01/RS"""
"262239;585505;2020-01-11;""sábado"";""23:55:00"";""RS"";290;24","7;""SANTO ANTONIO DA PATRULHA"";""Sim"";""Condutor Dormindo"";2;""Tombamento"";""Com Vítimas Feridas"";""Pleno dia"";""Decrescente"";""Nublado"";""Dupla"";""Reta"";""Não"";467787;""Ônibus"";""VOLVO/B12 400 6X2"";1997;""Passageiro"";""Lesões Leves"";30;""Masculino"";0;1;0;0;-29",881028;-50,"500003;""SR-RS"";""DEL9/3"";""UOP01/RS"""
"262239;585493;2020-01-11;""sábado"";""23:55:00"";""RS"";290;24","7;""SANTO ANTONIO DA PATRULHA"";""Sim"";""Condutor Dormindo"";2;""Tombamento"";""Com Vítimas Feridas"";""Pleno dia"";""Decrescente"";""Nublado"";""Dupla"";""Reta"";""Não"";467787;""Ônibus"";""VOLVO/B12 400 6X2"";1997;""Passageiro"";""Lesões Leves"";64;""Feminino"";0;1;0;0;-29",881028;-50,"500003;""SR-RS"";""DEL9/3"";""UOP01/RS"""
"262239;585483;2020-01-11;""sábado"";""23:55:00"";""RS"";290;24","7;""SANTO ANTONIO DA PATRULHA"";""Sim"";""Condutor Dormindo"";2;""Tombamento"";""Com Vítimas Feridas"";""Pleno dia"";""Decrescente"";""Nublado"";""Dupla"";""Reta"";""Não"";467787;""Ônibus"";""VOLVO/B12 400 6X2"";1997;""Passageiro"";""Lesões Leves"";65;""Masculino"";0;1;0;0;-29",881028;-50,"500003;""SR-RS"";""DEL9/3"";""UOP01/RS"""
"262239;585482;2020-01-11;""sábado"";""23:55:00"";""RS"";290;24","7;""SANTO ANTONIO DA PATRULHA"";""Sim"";""Condutor Dormindo"";2;""Tombamento"";""Com Vítimas Feridas"";""Pleno dia"";""Decrescente"";""Nublado"";""Dupla"";""Reta"";""Não"";467787;""Ônibus"";""VOLVO/B12 400 6X2"";1997;""Passageiro"";""Lesões Leves"";21;""Masculino"";0;1;0;0;-29",881028;-50,"500003;""SR-RS"";""DEL9/3"";""UOP01/RS"""
"262239;585467;2020-01-11;""sábado"";""23:55:00"";""RS"";290;24","7;""SANTO ANTONIO DA PATRULHA"";""Sim"";""Condutor Dormindo"";2;""Tombamento"";""Com Vítimas Feridas"";""Pleno dia"";""Decrescente"";""Nublado"";""Dupla"";""Reta"";""Não"";467787;""Ônibus"";""VOLVO/B12 400 6X2"";1997;""Passageiro"";""Lesões Leves"";44;""Feminino"";0;1;0;0;-29",881028;-50,"500003;""SR-RS"";""DEL9/3"";""UOP01/RS"""
"262239;585471;2020-01-11;""sábado"";""23:55:00"";""RS"";290;24","7;""SANTO ANTONIO DA PATRULHA"";""Sim"";""Condutor Dormindo"";2;""Tombamento"";""Com Vítimas Feridas"";""Pleno dia"";""Decrescente"";""Nublado"";""Dupla"";""Reta"";""Não"";467787;""Ônibus"";""VOLVO/B12 400 6X2"";1997;""Passageiro"";""Lesões Leves"";49;""Feminino"";0;1;0;0;-29",881028;-50,"500003;""SR-RS"";""DEL9/3"";""UOP01/RS"""
"262239;585472;2020-01-11;""sábado"";""23:55:00"";""RS"";290;24","7;""SANTO ANTONIO DA PATRULHA"";""Sim"";""Condutor Dormindo"";2;""Tombamento"";""Com Vítimas Feridas"";""Pleno dia"";""Decrescente"";""Nublado"";""Dupla"";""Reta"";""Não"";467787;""Ônibus"";""VOLVO/B12 400 6X2"";1997;""Passageiro"";""Lesões Leves"";65;""Feminino"";0;1;0;0;-29",881028;-50,"500003;""SR-RS"";""DEL9/3"";""UOP01/RS"""
"262239;585474;2020-01-11;""sábado"";""23:55:00"";""RS"";290;24","7;""SANTO ANTONIO DA PATRULHA"";""Sim"";""Condutor Dormindo"";2;""Tombamento"";""Com Vítimas Feridas"";""Pleno dia"";""Decrescente"";""Nublado"";""Dupla"";""Reta"";""Não"";467787;""Ônibus"";""VOLVO/B12 400 6X2"";1997;""Passageiro"";""Lesões Leves"";65;""Feminino"";0;1;0;0;-29",881028;-50,"500003;""SR-RS"";""DEL9/3"";""UOP01/RS"""
"262239;585466;2020-01-11;""sábado"";""23:55:00"";""RS"";290;24","7;""SANTO ANTONIO DA PATRULHA"";""Sim"";""Condutor Dormindo"";2;""Tombamento"";""Com Vítimas Feridas"";""Pleno dia"";""Decrescente"";""Nublado"";""Dupla"";""Reta"";""Não"";467787;""Ônibus"";""VOLVO/B12 400 6X2"";1997;""Condutor"";""Ileso"";50;""Masculino"";1;0;0;0;-29",881028;-50,"500003;""SR-RS"";""DEL9/3"";""UOP01/RS"""
"262239;585484;2020-01-11;""sábado"";""23:55:00"";""RS"";290;24","7;""SANTO ANTONIO DA PATRULHA"";""Sim"";""Condutor Dormindo"";2;""Tombamento"";""Com Vítimas Feridas"";""Pleno dia"";""Decrescente"";""Nublado"";""Dupla"";""Reta"";""Não"";467787;""Ônibus"";""VOLVO/B12 400 6X2"";1997;""Passageiro"";""Lesões Graves"";42;""Feminino"";0;0;1;0;-29",881028;-50,"500003;""SR-RS"";""DEL9/3"";""UOP01/RS"""
"262239;585468;2020-01-11;""sábado"";""23:55:00"";""RS"";290;24","7;""SANTO ANTONIO DA PATRULHA"";""Sim"";""Condutor Dormindo"";2;""Tombamento"";""Com Vítimas Feridas"";""Pleno dia"";""Decrescente"";""Nublado"";""Dupla"";""Reta"";""Não"";467787;""Ônibus"";""VOLVO/B12 400 6X2"";1997;""Passageiro"";""Lesões Leves"";54;""Feminino"";0;1;0;0;-29",881028;-50,"500003;""SR-RS"";""DEL9/3"";""UOP01/RS"""
"262240;585498;2020-01-11;""sábado"";""14:10:00"";""MG"";381;582;""CARMOPOLIS DE MINAS"";""Sim"";""Velocidade Incompatível"";1;""Capotamento"";""Com Vítimas Feridas"";""Pleno dia"";""Decrescente"";""Sol"";""Dupla"";""Curva"";""Não"";467800;""Automóvel"";""FIAT/PALIO ATTRACTIV 1.0"";2015;""Condutor"";""Ileso"";28;""Masculino"";1;0;0;0;-20",51930642;-44,"62405985;""SR-MG"";""DEL4/4"";""UOP01/MG""",
"262240;585501;2020-01-11;""sábado"";""14:10:00"";""MG"";381;582;""CARMOPOLIS DE MINAS"";""Sim"";""Velocidade Incompatível"";1;""Capotamento"";""Com Vítimas Feridas"";""Pleno dia"";""Decrescente"";""Sol"";""Dupla"";""Curva"";""Não"";467800;""Automóvel"";""FIAT/PALIO ATTRACTIV 1.0"";2015;""Passageiro"";""Lesões Leves"";85;""Masculino"";0;1;0;0;-20",51930642;-44,"62405985;""SR-MG"";""DEL4/4"";""UOP01/MG""",
"262240;585502;2020-01-11;""sábado"";""14:10:00"";""MG"";381;582;""CARMOPOLIS DE MINAS"";""Sim"";""Velocidade Incompatível"";1;""Capotamento"";""Com Vítimas Feridas"";""Pleno dia"";""Decrescente"";""Sol"";""Dupla"";""Curva"";""Não"";467800;""Automóvel"";""FIAT/PALIO ATTRACTIV 1.0"";2015;""Passageiro"";""Lesões Leves"";70;""Feminino"";0;1;0;0;-20",51930642;-44,"62405985;""SR-MG"";""DEL4/4"";""UOP01/MG""",
"262241;585754;2020-01-12;""domingo"";""01:00:00"";""PI"";316;11","5;""TERESINA"";""Sim"";""Falta de Atenção à Condução"";1;""Colisão com objeto estático"";""Sem Vítimas"";""Plena Noite"";""Crescente"";""Céu Claro"";""Simples"";""Não Informado"";""Sim"";467801;""Caminhonete"";"""";NA;""Condutor"";""Ileso"";NA;""Masculino"";1;0;0;0;-5",19487858;-42,"75997108;""SR-PI"";""DEL17/1"";""UOP02/PI"""
"262242;585448;2020-01-12;""domingo"";""01:30:00"";""RS"";116;235;""NOVO HAMBURGO"";""Sim"";""Ingestão de Álcool"";1;""Colisão com objeto estático"";""Com Vítimas Feridas"";""Plena Noite"";""Decrescente"";""Céu Claro"";""Dupla"";""Reta"";""Sim"";467802;""Automóvel"";""GM/CORSA WIND"";1994;""Passageiro"";""Lesões Graves"";15;""Masculino"";0;0;1;0;-29",66037586;-51,"14386509;""SR-RS"";""DEL9/1"";""UOP02/RS""",
"262242;585447;2020-01-12;""domingo"";""01:30:00"";""RS"";116;235;""NOVO HAMBURGO"";""Sim"";""Ingestão de Álcool"";1;""Colisão com objeto estático"";""Com Vítimas Feridas"";""Plena Noite"";""Decrescente"";""Céu Claro"";""Dupla"";""Reta"";""Sim"";467802;""Automóvel"";""GM/CORSA WIND"";1994;""Passageiro"";""Lesões Graves"";50;""Masculino"";0;0;1;0;-29",66037586;-51,"14386509;""SR-RS"";""DEL9/1"";""UOP02/RS""",
"262242;585446;2020-01-12;""domingo"";""01:30:00"";""RS"";116;235;""NOVO HAMBURGO"";""Sim"";""Ingestão de Álcool"";1;""Colisão com objeto estático"";""Com Vítimas Feridas"";""Plena Noite"";""Decrescente"";""Céu Claro"";""Dupla"";""Reta"";""Sim"";467802;""Automóvel"";""GM/CORSA WIND"";1994;""Condutor"";""Ileso"";38;""Masculino"";1;0;0;0;-29",66037586;-51,"14386509;""SR-RS"";""DEL9/1"";""UOP02/RS""",
"262243;583981;2020-01-12;""domingo"";""01:30:00"";""PE"";428;94","1;""SANTA MARIA DA BOA VISTA"";""Sim"";""Animais na Pista"";1;""Atropelamento de Animal"";""Sem Vítimas"";""Plena Noite"";""Decrescente"";""Céu Claro"";""Simples"";""Reta"";""Não"";467891;""Caminhão-trator"";""VOLVO/FH 540 6X4T"";2015;""Condutor"";""Ileso"";37;""Masculino"";1;0;0;0;-8",81058587;-39,"91203508;""SR-PE"";""DEL11/6"";""UOP03/PE"""
"262243;NA;2020-01-12;""domingo"";""01:30:00"";""PE"";428;94","1;""SANTA MARIA DA BOA VISTA"";""Sim"";""Animais na Pista"";1;""Atropelamento de Animal"";""Sem Vítimas"";""Plena Noite"";""Decrescente"";""Céu Claro"";""Simples"";""Reta"";""Não"";467893;""Semireboque"";""SR/FACCHINI SRF CA"";2004;""Não Informado"";""Não Informado"";NA;""Não Informado"";0;0;0;0;-8",81058587;-39,"91203508;""SR-PE"";""DEL11/6"";""UOP03/PE"""
"262243;NA;2020-01-12;""domingo"";""01:30:00"";""PE"";428;94","1;""SANTA MARIA DA BOA VISTA"";""Sim"";""Animais na Pista"";1;""Atropelamento de Animal"";""Sem Vítimas"";""Plena Noite"";""Decrescente"";""Céu Claro"";""Simples"";""Reta"";""Não"";467892;""Semireboque"";""SR/FACCHINI SRF CA"";2004;""Não Informado"";""Não Informado"";NA;""Não Informado"";0;0;0;0;-8",81058587;-39,"91203508;""SR-PE"";""DEL11/6"";""UOP03/PE"""
"262243;583981;2020-01-12;""domingo"";""01:30:00"";""PE"";428;94","1;""SANTA MARIA DA BOA VISTA"";""Sim"";""Animais na Pista"";2;""Capotamento"";""Sem Vítimas"";""Plena Noite"";""Decrescente"";""Céu Claro"";""Simples"";""Reta"";""Não"";467891;""Caminhão-trator"";""VOLVO/FH 540 6X4T"";2015;""Condutor"";""Ileso"";37;""Masculino"";1;0;0;0;-8",81058587;-39,"91203508;""SR-PE"";""DEL11/6"";""UOP03/PE"""
"262243;NA;2020-01-12;""domingo"";""01:30:00"";""PE"";428;94","1;""SANTA MARIA DA BOA VISTA"";""Sim"";""Animais na Pista"";2;""Capotamento"";""Sem Vítimas"";""Plena Noite"";""Decrescente"";""Céu Claro"";""Simples"";""Reta"";""Não"";467893;""Semireboque"";""SR/FACCHINI SRF CA"";2004;""Não Informado"";""Não Informado"";NA;""Não Informado"";0;0;0;0;-8",81058587;-39,"91203508;""SR-PE"";""DEL11/6"";""UOP03/PE"""
"262243;NA;2020-01-12;""domingo"";""01:30:00"";""PE"";428;94","1;""SANTA MARIA DA BOA VISTA"";""Sim"";""Animais na Pista"";2;""Capotamento"";""Sem Vítimas"";""Plena Noite"";""Decrescente"";""Céu Claro"";""Simples"";""Reta"";""Não"";467892;""Semireboque"";""SR/FACCHINI SRF CA"";2004;""Não Informado"";""Não Informado"";NA;""Não Informado"";0;0;0;0;-8",81058587;-39,"91203508;""SR-PE"";""DEL11/6"";""UOP03/PE"""
"262244;583901;2020-01-11;""sábado"";""23:45:00"";""BA"";367;30","9;""PORTO SEGURO"";""Sim"";""Deficiência ou não Acionamento do Sistema de Iluminação/Sinalização do Veículo"";1;""Colisão traseira"";""Com Vítimas Feridas"";""Plena Noite"";""Crescente"";""Céu Claro"";""Simples"";""Reta"";""Não"";467821;""Motoneta"";""HONDA/C100 BIZ ES"";2004;""Passageiro"";""Lesões Leves"";0;""Feminino"";0;1;0;0;-16",41558116;-39,"12658393;""SR-BA"";""DEL10/9"";""UOP01/BA"""
"262244;583900;2020-01-11;""sábado"";""23:45:00"";""BA"";367;30","9;""PORTO SEGURO"";""Sim"";""Deficiência ou não Acionamento do Sistema de Iluminação/Sinalização do Veículo"";1;""Colisão traseira"";""Com Vítimas Feridas"";""Plena Noite"";""Crescente"";""Céu Claro"";""Simples"";""Reta"";""Não"";467821;""Motoneta"";""HONDA/C100 BIZ ES"";2004;""Condutor"";""Lesões Leves"";51;""Masculino"";0;1;0;0;-16",41558116;-39,"12658393;""SR-BA"";""DEL10/9"";""UOP01/BA"""