"id;""pesid"";""data_inversa"";""dia_semana"";""horario"";""uf"";""br"";""km"";""municipio"";""causa_principal"";""causa_acidente"";""ordem_tipo_acidente"";""tipo_acidente"";""classificacao_acidente"";""fase_dia"";""sentido_via"";""condicao_metereologica"";""tipo_pista"";""tracado_via"";""uso_solo"";""id_veiculo"";""tipo_veiculo"";""marca"";""ano_fabricacao_veiculo"";""tipo_envolvido"";""estado_fisico"";""idade"";""sexo"";""ilesos"";""feridos_leves"";""feridos_graves"";""mortos"";""latitude"";""longitude"";""regional"";""delegacia"";""uop""",,,
"262258;585495;2020-01-12;""domingo"";""01:55:00"";""RJ"";116;185;""NOVA IGUACU"";""Sim"";""Falta de Atenção à Condução"";1;""Colisão lateral"";""Sem Vítimas"";""Plena Noite"";""Crescente"";""Céu Claro"";""Dupla"";""Reta"";""Não"";467819;""Automóvel"";""CHEVROLET/ONIX 1.4MT LT"";2013;""Condutor"";""Ileso"";37;""Masculino"";1;0;0;0;-22",74151051;-43,"45351823;""SR-RJ"";""DEL5/1"";""UOP02/RJ""",
"262258;585496;2020-01-12;""domingo"";""01:55:00"";""RJ"";116;185;""NOVA IGUACU"";""Sim"";""Falta de Atenção à Condução"";1;""Colisão lateral"";""Sem Vítimas"";""Plena Noite"";""Crescente"";""Céu Claro"";""Dupla"";""Reta"";""Não"";468953;""Automóvel"";""FIAT/PUNTO ATTRACTIVE"";2017;""Condutor"";""Ileso"";45;""Masculino"";1;0;0;0;-22",74151051;-43,"45351823;""SR-RJ"";""DEL5/1"";""UOP02/RJ""",
"262259;585443;2020-01-12;""domingo"";""02:00:00"";""MG"";40;792;""JUIZ DE FORA"";""Sim"";""Condutor Dormindo"";2;""Incêndio"";""Com Vítimas Feridas"";""Plena Noite"";""Crescente"";""Nublado"";""Dupla"";""Reta"";""Não"";467984;""Automóvel"";""FIAT/PALIO WK ADVENTURE"";2002;""Passageiro"";""Lesões Leves"";42;""Feminino"";0;1;0;0;-21",7848652;-43,"41450125;""SR-MG"";""DEL5"";""UOP01/MG""",
"262259;585441;2020-01-12;""domingo"";""02:00:00"";""MG"";40;792;""JUIZ DE FORA"";""Sim"";""Condutor Dormindo"";2;""Incêndio"";""Com Vítimas Feridas"";""Plena Noite"";""Crescente"";""Nublado"";""Dupla"";""Reta"";""Não"";467984;""Automóvel"";""FIAT/PALIO WK ADVENTURE"";2002;""Condutor"";""Lesões Leves"";53;""Masculino"";0;1;0;0;-21",7848652;-43,"41450125;""SR-MG"";""DEL5"";""UOP01/MG""",
"262259;585443;2020-01-12;""domingo"";""02:00:00"";""MG"";40;792;""JUIZ DE FORA"";""Sim"";""Condutor Dormindo"";1;""Saída de leito carroçável"";""Com Vítimas Feridas"";""Plena Noite"";""Crescente"";""Nublado"";""Dupla"";""Reta"";""Não"";467984;""Automóvel"";""FIAT/PALIO WK ADVENTURE"";2002;""Passageiro"";""Lesões Leves"";42;""Feminino"";0;1;0;0;-21",7848652;-43,"41450125;""SR-MG"";""DEL5"";""UOP01/MG""",
"262259;585441;2020-01-12;""domingo"";""02:00:00"";""MG"";40;792;""JUIZ DE FORA"";""Sim"";""Condutor Dormindo"";1;""Saída de leito carroçável"";""Com Vítimas Feridas"";""Plena Noite"";""Crescente"";""Nublado"";""Dupla"";""Reta"";""Não"";467984;""Automóvel"";""FIAT/PALIO WK ADVENTURE"";2002;""Condutor"";""Lesões Leves"";53;""Masculino"";0;1;0;0;-21",7848652;-43,"41450125;""SR-MG"";""DEL5"";""UOP01/MG""",
"262260;585177;2020-01-12;""domingo"";""03:50:00"";""PR"";376;225;""APUCARANA"";""Sim"";""Ingestão de Álcool"";1;""Colisão com objeto estático"";""Com Vítimas Feridas"";""Plena Noite"";""Decrescente"";""Nublado"";""Dupla"";""Curva"";""Não"";467838;""Automóvel"";""FORD/KA FLEX"";2008;""Condutor"";""Lesões Leves"";32;""Masculino"";0;1;0;0;-23",58555177;-51,"57009244;""SR-PR"";""DEL7/7"";""UOP03/PR""",
"262261;NA;2020-01-12;""domingo"";""03:20:00"";""RO"";364;344","1;""JI-PARANA"";""Sim"";""Falta de Atenção à Condução"";1;""Colisão com objeto estático"";""Com Vítimas Fatais"";""Plena Noite"";""Crescente"";""Chuva"";""Simples"";""Desvio Temporário"";""Sim"";468328;""Semireboque"";""SR/PASTRE SRCAB 2E"";2004;""Não Informado"";""Não Informado"";NA;""Não Informado"";0;0;0;0;-10",87237;-61,"95443;""SR-RO"";""DEL21/2"";""UOP01/RO"""
"262261;NA;2020-01-12;""domingo"";""03:20:00"";""RO"";364;344","1;""JI-PARANA"";""Sim"";""Falta de Atenção à Condução"";1;""Colisão com objeto estático"";""Com Vítimas Fatais"";""Plena Noite"";""Crescente"";""Chuva"";""Simples"";""Desvio Temporário"";""Sim"";468326;""Semireboque"";""SR/PASTRE SRCAB 2EDT"";2004;""Não Informado"";""Não Informado"";NA;""Não Informado"";0;0;0;0;-10",87237;-61,"95443;""SR-RO"";""DEL21/2"";""UOP01/RO"""
"262261;585764;2020-01-12;""domingo"";""03:20:00"";""RO"";364;344","1;""JI-PARANA"";""Sim"";""Falta de Atenção à Condução"";1;""Colisão com objeto estático"";""Com Vítimas Fatais"";""Plena Noite"";""Crescente"";""Chuva"";""Simples"";""Desvio Temporário"";""Sim"";468322;""Caminhão-trator"";""SCANIA/T113 H 4X2 360"";1996;""Condutor"";""Ileso"";37;""Masculino"";1;0;0;0;-10",87237;-61,"95443;""SR-RO"";""DEL21/2"";""UOP01/RO"""
"262261;583930;2020-01-12;""domingo"";""03:20:00"";""RO"";364;344","1;""JI-PARANA"";""Sim"";""Falta de Atenção à Condução"";1;""Colisão com objeto estático"";""Com Vítimas Fatais"";""Plena Noite"";""Crescente"";""Chuva"";""Simples"";""Desvio Temporário"";""Sim"";467860;""Motocicleta"";""HONDA/CG 125 TITAN ES"";2001;""Condutor"";""Óbito"";30;""Masculino"";0;0;0;1;-10",87237;-61,"95443;""SR-RO"";""DEL21/2"";""UOP01/RO"""
"262262;587685;2020-01-11;""sábado"";""12:50:00"";""MA"";135;159;""SAO MATEUS DO MARANHAO"";""Sim"";""Carga excessiva e/ou mal acondicionada"";1;""Derramamento de carga"";""Sem Vítimas"";""Pleno dia"";""Crescente"";""Céu Claro"";""Simples"";""Reta"";""Não"";470675;""Caminhão-trator"";""VOLVO/FH 540 6X4T"";2018;""Condutor"";""Ileso"";36;""Masculino"";1;0;0;0;-3",83869814;-44,"50986831;""SR-MA"";""DEL18/1"";""UOP02/MA""",
"262262;NA;2020-01-11;""sábado"";""12:50:00"";""MA"";135;159;""SAO MATEUS DO MARANHAO"";""Sim"";""Carga excessiva e/ou mal acondicionada"";1;""Derramamento de carga"";""Sem Vítimas"";""Pleno dia"";""Crescente"";""Céu Claro"";""Simples"";""Reta"";""Não"";470716;""Reboque"";""R/RANDON RE DL"";2013;""Não Informado"";""Não Informado"";NA;""Não Informado"";0;0;0;0;-3",83869814;-44,"50986831;""SR-MA"";""DEL18/1"";""UOP02/MA""",
"262262;NA;2020-01-11;""sábado"";""12:50:00"";""MA"";135;159;""SAO MATEUS DO MARANHAO"";""Sim"";""Carga excessiva e/ou mal acondicionada"";1;""Derramamento de carga"";""Sem Vítimas"";""Pleno dia"";""Crescente"";""Céu Claro"";""Simples"";""Reta"";""Não"";470715;""Reboque"";""R/RANDON RE DL"";2013;""Não Informado"";""Não Informado"";NA;""Não Informado"";0;0;0;0;-3",83869814;-44,"50986831;""SR-MA"";""DEL18/1"";""UOP02/MA""",
"262263;583899;2020-01-12;""domingo"";""03:30:00"";""PR"";277;725","1;""FOZ DO IGUACU"";""Sim"";""Ingestão de Álcool"";1;""Capotamento"";""Sem Vítimas"";""Plena Noite"";""Crescente"";""Céu Claro"";""Dupla"";""Reta"";""Sim"";467823;""Caminhonete"";""I/TOYOTA HILUX CD4X4 SRV"";2015;""Condutor"";""Não Informado"";NA;""Não Informado"";0;0;0;0;-25",50823541;-54,"54619865;""SR-PR"";""DEL7/5"";""UOP03/PR"""
"262264;585491;2020-01-12;""domingo"";""05:10:00"";""GO"";153;562;""PROFESSOR JAMIL"";""Sim"";""Defeito Mecânico no Veículo"";1;""Capotamento"";""Sem Vítimas"";""Amanhecer"";""Decrescente"";""Céu Claro"";""Dupla"";""Reta"";""Não"";467839;""Caminhonete"";""VW/SAVEIRO CL 1.6 MI"";1998;""Condutor"";""Não Informado"";NA;""Não Informado"";0;0;0;0;-17",2316;-49,"2328;""SR-GO"";""DEL1/3"";""UOP01/GO""",
"262265;584856;2020-01-12;""domingo"";""04:50:00"";""RS"";290;107","4;""ELDORADO DO SUL"";""Sim"";""Falta de Atenção à Condução"";1;""Colisão com objeto estático"";""Com Vítimas Feridas"";""Plena Noite"";""Decrescente"";""Nublado"";""Simples"";""Curva"";""Sim"";467828;""Automóvel"";""FIAT/PALIO EDX"";1998;""Condutor"";""Lesões Leves"";NA;""Ignorado"";0;1;0;0;-30",001852;-51,"304264;""SR-RS"";""DEL9/2"";""UOP01/RS"""
"262266;586067;2020-01-12;""domingo"";""05:30:00"";""PR"";376;223","3;""CAMBIRA"";""Sim"";""Avarias e/ou desgaste excessivo no pneu"";1;""Saída de leito carroçável"";""Com Vítimas Feridas"";""Amanhecer"";""Crescente"";""Nublado"";""Dupla"";""Não Informado"";""Não"";467840;""Automóvel"";""I/RENAULT SYMBOL EX1616V"";2011;""Passageiro"";""Lesões Leves"";2;""Feminino"";0;1;0;0;-23",59012534;-51,"57481471;""SR-PR"";""DEL7/7"";""UOP03/PR"""
"262266;586065;2020-01-12;""domingo"";""05:30:00"";""PR"";376;223","3;""CAMBIRA"";""Sim"";""Avarias e/ou desgaste excessivo no pneu"";1;""Saída de leito carroçável"";""Com Vítimas Feridas"";""Amanhecer"";""Crescente"";""Nublado"";""Dupla"";""Não Informado"";""Não"";467840;""Automóvel"";""I/RENAULT SYMBOL EX1616V"";2011;""Condutor"";""Lesões Leves"";32;""Feminino"";0;1;0;0;-23",59012534;-51,"57481471;""SR-PR"";""DEL7/7"";""UOP03/PR"""
"262266;586067;2020-01-12;""domingo"";""05:30:00"";""PR"";376;223","3;""CAMBIRA"";""Sim"";""Avarias e/ou desgaste excessivo no pneu"";2;""Colisão com objeto estático"";""Com Vítimas Feridas"";""Amanhecer"";""Crescente"";""Nublado"";""Dupla"";""Não Informado"";""Não"";467840;""Automóvel"";""I/RENAULT SYMBOL EX1616V"";2011;""Passageiro"";""Lesões Leves"";2;""Feminino"";0;1;0;0;-23",59012534;-51,"57481471;""SR-PR"";""DEL7/7"";""UOP03/PR"""
"262266;586065;2020-01-12;""domingo"";""05:30:00"";""PR"";376;223","3;""CAMBIRA"";""Sim"";""Avarias e/ou desgaste excessivo no pneu"";2;""Colisão com objeto estático"";""Com Vítimas Feridas"";""Amanhecer"";""Crescente"";""Nublado"";""Dupla"";""Não Informado"";""Não"";467840;""Automóvel"";""I/RENAULT SYMBOL EX1616V"";2011;""Condutor"";""Lesões Leves"";32;""Feminino"";0;1;0;0;-23",59012534;-51,"57481471;""SR-PR"";""DEL7/7"";""UOP03/PR"""
"262266;586067;2020-01-12;""domingo"";""05:30:00"";""PR"";376;223","3;""CAMBIRA"";""Sim"";""Avarias e/ou desgaste excessivo no pneu"";4;""Colisão com objeto estático"";""Com Vítimas Feridas"";""Amanhecer"";""Crescente"";""Nublado"";""Dupla"";""Não Informado"";""Não"";467840;""Automóvel"";""I/RENAULT SYMBOL EX1616V"";2011;""Passageiro"";""Lesões Leves"";2;""Feminino"";0;1;0;0;-23",59012534;-51,"57481471;""SR-PR"";""DEL7/7"";""UOP03/PR"""
"262266;586065;2020-01-12;""domingo"";""05:30:00"";""PR"";376;223","3;""CAMBIRA"";""Sim"";""Avarias e/ou desgaste excessivo no pneu"";4;""Colisão com objeto estático"";""Com Vítimas Feridas"";""Amanhecer"";""Crescente"";""Nublado"";""Dupla"";""Não Informado"";""Não"";467840;""Automóvel"";""I/RENAULT SYMBOL EX1616V"";2011;""Condutor"";""Lesões Leves"";32;""Feminino"";0;1;0;0;-23",59012534;-51,"57481471;""SR-PR"";""DEL7/7"";""UOP03/PR"""
"262266;586067;2020-01-12;""domingo"";""05:30:00"";""PR"";376;223","3;""CAMBIRA"";""Sim"";""Avarias e/ou desgaste excessivo no pneu"";3;""Capotamento"";""Com Vítimas Feridas"";""Amanhecer"";""Crescente"";""Nublado"";""Dupla"";""Não Informado"";""Não"";467840;""Automóvel"";""I/RENAULT SYMBOL EX1616V"";2011;""Passageiro"";""Lesões Leves"";2;""Feminino"";0;1;0;0;-23",59012534;-51,"57481471;""SR-PR"";""DEL7/7"";""UOP03/PR"""
"262266;586065;2020-01-12;""domingo"";""05:30:00"";""PR"";376;223","3;""CAMBIRA"";""Sim"";""Avarias e/ou desgaste excessivo no pneu"";3;""Capotamento"";""Com Vítimas Feridas"";""Amanhecer"";""Crescente"";""Nublado"";""Dupla"";""Não Informado"";""Não"";467840;""Automóvel"";""I/RENAULT SYMBOL EX1616V"";2011;""Condutor"";""Lesões Leves"";32;""Feminino"";0;1;0;0;-23",59012534;-51,"57481471;""SR-PR"";""DEL7/7"";""UOP03/PR"""
"262267;584382;2020-01-12;""domingo"";""05:50:00"";""PR"";369;150;""LONDRINA"";""Sim"";""Avarias e/ou desgaste excessivo no pneu"";1;""Colisão com objeto estático"";""Sem Vítimas"";""Amanhecer"";""Decrescente"";""Céu Claro"";""Dupla"";""Reta"";""Sim"";467857;""Automóvel"";""VW/GOL CLI"";1995;""Condutor"";""Não Informado"";NA;""Não Informado"";0;0;0;0;-23",29291423;-51,"16191387;""SR-PR"";""DEL7/7"";""UOP01/PR""",
"262268;584476;2020-01-12;""domingo"";""05:00:00"";""RS"";392;17","1;""RIO GRANDE"";""Sim"";""Falta de Atenção à Condução"";1;""Saída de leito carroçável"";""Com Vítimas Feridas"";""Pleno dia"";""Decrescente"";""Céu Claro"";""Dupla"";""Curva"";""Sim"";467848;""Motoneta"";""HONDA/C100 BIZ ES"";2000;""Condutor"";""Lesões Leves"";35;""Masculino"";0;1;0;0;-32",093614;-52,"168128;""SR-RS"";""DEL9/7"";""UOP02/RS"""
"262269;585503;2020-01-12;""domingo"";""05:55:00"";""DF"";40;6","8;""BRASILIA"";""Sim"";""Velocidade Incompatível"";1;""Queda de ocupante de veículo"";""Com Vítimas Feridas"";""Amanhecer"";""Crescente"";""Céu Claro"";""Simples"";""Reta"";""Sim"";467836;""Motocicleta"";""HONDA/CG 125 FAN"";2007;""Passageiro"";""Lesões Leves"";21;""Feminino"";0;1;0;0;-16",029741;-47,"978867;""SR-DF"";""UOP01/DF"";"""""
"262269;585500;2020-01-12;""domingo"";""05:55:00"";""DF"";40;6","8;""BRASILIA"";""Sim"";""Velocidade Incompatível"";1;""Queda de ocupante de veículo"";""Com Vítimas Feridas"";""Amanhecer"";""Crescente"";""Céu Claro"";""Simples"";""Reta"";""Sim"";467836;""Motocicleta"";""HONDA/CG 125 FAN"";2007;""Condutor"";""Lesões Leves"";18;""Masculino"";0;1;0;0;-16",029741;-47,"978867;""SR-DF"";""UOP01/DF"";"""""
"262270;585458;2020-01-12;""domingo"";""04:10:00"";""SP"";116;274","9;""TABOAO DA SERRA"";""Sim"";""Avarias e/ou desgaste excessivo no pneu"";2;""Capotamento"";""Com Vítimas Feridas"";""Pleno dia"";""Decrescente"";""Céu Claro"";""Dupla"";""Reta"";""Sim"";467878;""Automóvel"";""RENAULT/LOGAN EXP 1016V"";2008;""Passageiro"";""Lesões Leves"";26;""Feminino"";0;1;0;0;-23",61824865;-46,"80673155;""SR-SP"";""DEL6/4"";""UOP01/SP"""
"262270;585456;2020-01-12;""domingo"";""04:10:00"";""SP"";116;274","9;""TABOAO DA SERRA"";""Sim"";""Avarias e/ou desgaste excessivo no pneu"";2;""Capotamento"";""Com Vítimas Feridas"";""Pleno dia"";""Decrescente"";""Céu Claro"";""Dupla"";""Reta"";""Sim"";467878;""Automóvel"";""RENAULT/LOGAN EXP 1016V"";2008;""Condutor"";""Lesões Leves"";25;""Masculino"";0;1;0;0;-23",61824865;-46,"80673155;""SR-SP"";""DEL6/4"";""UOP01/SP"""
"262270;585458;2020-01-12;""domingo"";""04:10:00"";""SP"";116;274","9;""TABOAO DA SERRA"";""Sim"";""Avarias e/ou desgaste excessivo no pneu"";1;""Colisão com objeto estático"";""Com Vítimas Feridas"";""Pleno dia"";""Decrescente"";""Céu Claro"";""Dupla"";""Reta"";""Sim"";467878;""Automóvel"";""RENAULT/LOGAN EXP 1016V"";2008;""Passageiro"";""Lesões Leves"";26;""Feminino"";0;1;0;0;-23",61824865;-46,"80673155;""SR-SP"";""DEL6/4"";""UOP01/SP"""
"262270;585456;2020-01-12;""domingo"";""04:10:00"";""SP"";116;274","9;""TABOAO DA SERRA"";""Sim"";""Avarias e/ou desgaste excessivo no pneu"";1;""Colisão com objeto estático"";""Com Vítimas Feridas"";""Pleno dia"";""Decrescente"";""Céu Claro"";""Dupla"";""Reta"";""Sim"";467878;""Automóvel"";""RENAULT/LOGAN EXP 1016V"";2008;""Condutor"";""Lesões Leves"";25;""Masculino"";0;1;0;0;-23",61824865;-46,"80673155;""SR-SP"";""DEL6/4"";""UOP01/SP"""
"262271;584881;2020-01-12;""domingo"";""06:20:00"";""PR"";467;108","7;""CASCAVEL"";""Sim"";""Ingestão de Álcool"";1;""Saída de leito carroçável"";""Com Vítimas Feridas"";""Pleno dia"";""Crescente"";""Céu Claro"";""Dupla"";""Curva"";""Não"";467837;""Automóvel"";""VW/GOL 1.6 POWER"";2003;""Condutor"";""Lesões Leves"";26;""Masculino"";0;1;0;0;-24",92487426;-53,"46585631;""SR-PR"";""DEL7/4"";""UOP01/PR"""
"262271;584881;2020-01-12;""domingo"";""06:20:00"";""PR"";467;108","7;""CASCAVEL"";""Sim"";""Ingestão de Álcool"";2;""Colisão com objeto estático"";""Com Vítimas Feridas"";""Pleno dia"";""Crescente"";""Céu Claro"";""Dupla"";""Curva"";""Não"";467837;""Automóvel"";""VW/GOL 1.6 POWER"";2003;""Condutor"";""Lesões Leves"";26;""Masculino"";0;1;0;0;-24",92487426;-53,"46585631;""SR-PR"";""DEL7/4"";""UOP01/PR"""
"262272;585543;2020-01-12;""domingo"";""06:15:00"";""RS"";285;264","7;""MATO CASTELHANO"";""Não"";""Condutor Dormindo"";1;""Saída de leito carroçável"";""Com Vítimas Fatais"";""Amanhecer"";""Decrescente"";""Sol"";""Simples"";""Reta"";""Não"";467894;""Automóvel"";""GM/KADETT GLS"";1998;""Condutor"";""Ileso"";39;""Masculino"";1;0;0;0;-28",305023;-52,"11805;""SR-RS"";""DEL08"";""UOP03/RS"""
"262272;583982;2020-01-12;""domingo"";""06:15:00"";""RS"";285;264","7;""MATO CASTELHANO"";""Não"";""Condutor Dormindo"";1;""Saída de leito carroçável"";""Com Vítimas Fatais"";""Amanhecer"";""Decrescente"";""Sol"";""Simples"";""Reta"";""Não"";467894;""Automóvel"";""GM/KADETT GLS"";1998;""Passageiro"";""Óbito"";23;""Feminino"";0;0;0;1;-28",305023;-52,"11805;""SR-RS"";""DEL08"";""UOP03/RS"""
"262272;585543;2020-01-12;""domingo"";""06:15:00"";""RS"";285;264","7;""MATO CASTELHANO"";""Não"";""Condutor Dormindo"";2;""Colisão com objeto estático"";""Com Vítimas Fatais"";""Amanhecer"";""Decrescente"";""Sol"";""Simples"";""Reta"";""Não"";467894;""Automóvel"";""GM/KADETT GLS"";1998;""Condutor"";""Ileso"";39;""Masculino"";1;0;0;0;-28",305023;-52,"11805;""SR-RS"";""DEL08"";""UOP03/RS"""
"262272;583982;2020-01-12;""domingo"";""06:15:00"";""RS"";285;264","7;""MATO CASTELHANO"";""Não"";""Condutor Dormindo"";2;""Colisão com objeto estático"";""Com Vítimas Fatais"";""Amanhecer"";""Decrescente"";""Sol"";""Simples"";""Reta"";""Não"";467894;""Automóvel"";""GM/KADETT GLS"";1998;""Passageiro"";""Óbito"";23;""Feminino"";0;0;0;1;-28",305023;-52,"11805;""SR-RS"";""DEL08"";""UOP03/RS"""
"262272;585543;2020-01-12;""domingo"";""06:15:00"";""RS"";285;264","7;""MATO CASTELHANO"";""Sim"";""Ingestão de Álcool"";1;""Saída de leito carroçável"";""Com Vítimas Fatais"";""Amanhecer"";""Decrescente"";""Sol"";""Simples"";""Reta"";""Não"";467894;""Automóvel"";""GM/KADETT GLS"";1998;""Condutor"";""Ileso"";39;""Masculino"";1;0;0;0;-28",305023;-52,"11805;""SR-RS"";""DEL08"";""UOP03/RS"""
"262272;583982;2020-01-12;""domingo"";""06:15:00"";""RS"";285;264","7;""MATO CASTELHANO"";""Sim"";""Ingestão de Álcool"";1;""Saída de leito carroçável"";""Com Vítimas Fatais"";""Amanhecer"";""Decrescente"";""Sol"";""Simples"";""Reta"";""Não"";467894;""Automóvel"";""GM/KADETT GLS"";1998;""Passageiro"";""Óbito"";23;""Feminino"";0;0;0;1;-28",305023;-52,"11805;""SR-RS"";""DEL08"";""UOP03/RS"""
"262272;585543;2020-01-12;""domingo"";""06:15:00"";""RS"";285;264","7;""MATO CASTELHANO"";""Sim"";""Ingestão de Álcool"";2;""Colisão com objeto estático"";""Com Vítimas Fatais"";""Amanhecer"";""Decrescente"";""Sol"";""Simples"";""Reta"";""Não"";467894;""Automóvel"";""GM/KADETT GLS"";1998;""Condutor"";""Ileso"";39;""Masculino"";1;0;0;0;-28",305023;-52,"11805;""SR-RS"";""DEL08"";""UOP03/RS"""
"262272;583982;2020-01-12;""domingo"";""06:15:00"";""RS"";285;264","7;""MATO CASTELHANO"";""Sim"";""Ingestão de Álcool"";2;""Colisão com objeto estático"";""Com Vítimas Fatais"";""Amanhecer"";""Decrescente"";""Sol"";""Simples"";""Reta"";""Não"";467894;""Automóvel"";""GM/KADETT GLS"";1998;""Passageiro"";""Óbito"";23;""Feminino"";0;0;0;1;-28",305023;-52,"11805;""SR-RS"";""DEL08"";""UOP03/RS"""
"262273;585923;2020-01-12;""domingo"";""05:45:00"";""AL"";316;242","6;""ATALAIA"";""Sim"";""Falta de Atenção à Condução"";1;""Colisão traseira"";""Com Vítimas Feridas"";""Amanhecer"";""Crescente"";""Céu Claro"";""Simples"";""Reta"";""Não"";469303;""Motocicleta"";""HONDA/POP 110I"";2019;""Condutor"";""Lesões Graves"";45;""Masculino"";0;0;1;0;-9",50727405;-36,"02113501;""SR-AL"";""DEL13/1"";""UOP01/AL"""
"262273;NA;2020-01-12;""domingo"";""05:45:00"";""AL"";316;242","6;""ATALAIA"";""Sim"";""Falta de Atenção à Condução"";1;""Colisão traseira"";""Com Vítimas Feridas"";""Amanhecer"";""Crescente"";""Céu Claro"";""Simples"";""Reta"";""Não"";469297;""Reboque"";""REB/KRONORTE RC20 7600"";2006;""Não Informado"";""Não Informado"";NA;""Não Informado"";0;0;0;0;-9",50727405;-36,"02113501;""SR-AL"";""DEL13/1"";""UOP01/AL"""
"262273;585921;2020-01-12;""domingo"";""05:45:00"";""AL"";316;242","6;""ATALAIA"";""Sim"";""Falta de Atenção à Condução"";1;""Colisão traseira"";""Com Vítimas Feridas"";""Amanhecer"";""Crescente"";""Céu Claro"";""Simples"";""Reta"";""Não"";467852;""Caminhão"";""FORD/CARGO 2631"";2004;""Condutor"";""Ileso"";61;""Masculino"";1;0;0;0;-9",50727405;-36,"02113501;""SR-AL"";""DEL13/1"";""UOP01/AL"""
"262274;583924;2020-01-12;""domingo"";""06:00:00"";""CE"";222;4","8;""CAUCAIA"";""Sim"";""Desobediência às normas de trânsito pelo condutor"";2;""Tombamento"";""Com Vítimas Feridas"";""Amanhecer"";""Crescente"";""Céu Claro"";""Múltipla"";""Retorno Regulamentado"";""Sim"";467844;""Motocicleta"";""HONDA/CG 125 FAN ES"";2012;""Condutor"";""Lesões Leves"";34;""Masculino"";0;1;0;0;-3",74164754;-38,"60449792;""SR-CE"";""DEL16/1"";""UOP01/CE"""
"262274;583922;2020-01-12;""domingo"";""06:00:00"";""CE"";222;4","8;""CAUCAIA"";""Sim"";""Desobediência às normas de trânsito pelo condutor"";2;""Tombamento"";""Com Vítimas Feridas"";""Amanhecer"";""Crescente"";""Céu Claro"";""Múltipla"";""Retorno Regulamentado"";""Sim"";467843;""Automóvel"";""HONDA/CITY EX FLEX"";2013;""Condutor"";""Ileso"";61;""Masculino"";1;0;0;0;-3",74164754;-38,"60449792;""SR-CE"";""DEL16/1"";""UOP01/CE"""
"262274;583924;2020-01-12;""domingo"";""06:00:00"";""CE"";222;4","8;""CAUCAIA"";""Sim"";""Desobediência às normas de trânsito pelo condutor"";1;""Colisão transversal"";""Com Vítimas Feridas"";""Amanhecer"";""Crescente"";""Céu Claro"";""Múltipla"";""Retorno Regulamentado"";""Sim"";467844;""Motocicleta"";""HONDA/CG 125 FAN ES"";2012;""Condutor"";""Lesões Leves"";34;""Masculino"";0;1;0;0;-3",74164754;-38,"60449792;""SR-CE"";""DEL16/1"";""UOP01/CE"""
"262274;583922;2020-01-12;""domingo"";""06:00:00"";""CE"";222;4","8;""CAUCAIA"";""Sim"";""Desobediência às normas de trânsito pelo condutor"";1;""Colisão transversal"";""Com Vítimas Feridas"";""Amanhecer"";""Crescente"";""Céu Claro"";""Múltipla"";""Retorno Regulamentado"";""Sim"";467843;""Automóvel"";""HONDA/CITY EX FLEX"";2013;""Condutor"";""Ileso"";61;""Masculino"";1;0;0;0;-3",74164754;-38,"60449792;""SR-CE"";""DEL16/1"";""UOP01/CE"""
"262274;583924;2020-01-12;""domingo"";""06:00:00"";""CE"";222;4","8;""CAUCAIA"";""Sim"";""Desobediência às normas de trânsito pelo condutor"";3;""Queda de ocupante de veículo"";""Com Vítimas Feridas"";""Amanhecer"";""Crescente"";""Céu Claro"";""Múltipla"";""Retorno Regulamentado"";""Sim"";467844;""Motocicleta"";""HONDA/CG 125 FAN ES"";2012;""Condutor"";""Lesões Leves"";34;""Masculino"";0;1;0;0;-3",74164754;-38,"60449792;""SR-CE"";""DEL16/1"";""UOP01/CE"""
"262274;583922;2020-01-12;""domingo"";""06:00:00"";""CE"";222;4","8;""CAUCAIA"";""Sim"";""Desobediência às normas de trânsito pelo condutor"";3;""Queda de ocupante de veículo"";""Com Vítimas Feridas"";""Amanhecer"";""Crescente"";""Céu Claro"";""Múltipla"";""Retorno Regulamentado"";""Sim"";467843;""Automóvel"";""HONDA/CITY EX FLEX"";2013;""Condutor"";""Ileso"";61;""Masculino"";1;0;0;0;-3",74164754;-38,"60449792;""SR-CE"";""DEL16/1"";""UOP01/CE"""
"262275;583969;2020-01-12;""domingo"";""00:50:00"";""MT"";364;525;""ROSARIO OESTE"";""Sim"";""Falta de Atenção à Condução"";1;""Saída de leito carroçável"";""Sem Vítimas"";""Plena Noite"";""Crescente"";""Céu Claro"";""Simples"";""Reta"";""Não"";467882;""Automóvel"";""FORD/KA FLEX"";2009;""Condutor"";""Ileso"";NA;""Masculino"";1;0;0;0;-15",04933502;-56,"51627278;""SR-MT"";""DEL2/4"";""UOP01/MT""",
"262276;585608;2020-01-12;""domingo"";""05:50:00"";""MG"";459;14","7;""CALDAS"";""Sim"";""Falta de Atenção do Pedestre"";1;""Atropelamento de Pedestre"";""Com Vítimas Fatais"";""Amanhecer"";""Decrescente"";""Céu Claro"";""Simples"";""Curva"";""Não"";467858;""Automóvel"";"""";NA;""Condutor"";""Não Informado"";NA;""Não Informado"";0;0;0;0;-21",851755;-46,"438443;""SR-MG"";""DEL09"";""UOP04/MG"""